"m_date","m_open_split_adjusted","m_high_split_adjusted","m_low_split_adjusted","m_close_split_adjusted","m_volume_split_adjusted","m_close_dividend_and_split_adjusted"
2016-01-04,25.652500152587890,26.342500686645508,25.500000000000000,26.337499618530273,270597600,23.688673019409180
2016-01-05,26.437500000000000,26.462499618530273,25.602500915527344,25.677499771118164,223164000,23.095052719116210
2016-01-06,25.139999389648438,25.592500686645508,24.967500686645508,25.174999237060547,273829600,22.643087387084960
2016-01-07,24.670000076293945,25.032499313354492,24.107500076293945,24.112499237060547,324377600,21.687440872192383
2016-01-08,24.637500762939453,24.777500152587890,24.190000534057617,24.239999771118164,283192000,21.802122116088867
2016-01-11,24.742500305175780,24.764999389648438,24.334999084472656,24.632499694824220,198957600,22.155145645141600
2016-01-12,25.137500762939453,25.172500610351562,24.709999084472656,24.989999771118164,196616800,22.476692199707030
2016-01-13,25.079999923706055,25.297500610351562,24.325000762939453,24.347499847412110,249758400,21.898817062377930
2016-01-14,24.489999771118164,25.120000839233400,23.934999465942383,24.879999160766600,252680400,22.377759933471680
2016-01-15,24.049999237060547,24.427499771118164,23.840000152587890,24.282499313354492,319335600,21.840353012084960
2016-01-19,24.602500915527344,24.662500381469727,23.875000000000000,24.165000915527344,212350800,21.734670639038086
2016-01-20,23.774999618530273,24.547500610351562,23.354999542236328,24.197500228881836,289337600,21.763906478881836
2016-01-21,24.264999389648438,24.469999313354492,23.735000610351562,24.075000762939453,208646000,21.653724670410156
2016-01-22,24.657499313354492,25.364999771118164,24.592500686645508,25.354999542236328,263202000,22.804985046386720
2016-01-25,25.379999160766600,25.382499694824220,24.802499771118164,24.860000610351562,207178000,22.359773635864258
2016-01-26,24.982500076293945,25.219999313354492,24.517499923706055,24.997499465942383,300308000,22.483438491821290
2016-01-27,24.010000228881836,24.157499313354492,23.334999084472656,23.354999542236328,533478800,21.006130218505860
2016-01-28,23.447500228881836,23.629999160766600,23.097499847412110,23.522499084472656,222715200,21.156782150268555
2016-01-29,23.697500228881836,24.334999084472656,23.587499618530273,24.334999084472656,257666000,21.887573242187500
2016-02-01,24.117500305175780,24.177499771118164,23.850000381469727,24.107500076293945,163774000,21.682956695556640
2016-02-02,23.854999542236328,24.010000228881836,23.569999694824220,23.620000839233400,149428800,21.244482040405273
2016-02-03,23.750000000000000,24.209999084472656,23.520000457763672,24.087499618530273,183857200,21.664962768554688
2016-02-04,23.965000152587890,24.332500457763672,23.797500610351562,24.149999618530273,185886800,21.839035034179688
2016-02-05,24.129999160766600,24.229999542236328,23.422500610351562,23.504999160766600,185672400,21.255758285522460
2016-02-08,23.282499313354492,23.924999237060547,23.260000228881836,23.752500534057617,216085600,21.479579925537110
2016-02-09,23.572500228881836,23.985000610351562,23.482500076293945,23.747499465942383,177324800,21.475053787231445
2016-02-10,23.979999542236328,24.087499618530273,23.524999618530273,23.567499160766600,169374400,21.312276840209960
2016-02-11,23.447500228881836,23.680000305175780,23.147499084472656,23.424999237060547,200298800,21.183420181274414
2016-02-12,23.547500610351562,23.625000000000000,23.252500534057617,23.497499465942383,161405600,21.248979568481445
2016-02-16,23.754999160766600,24.212499618530273,23.652500152587890,24.159999847412110,196231600,21.848083496093750
2016-02-17,24.167499542236328,24.552499771118164,24.037500381469727,24.530000686645508,179452800,22.182680130004883
2016-02-18,24.709999084472656,24.722499847412110,24.022499084472656,24.065000534057617,156084000,21.762174606323242
2016-02-19,24.000000000000000,24.190000534057617,23.950000762939453,24.010000228881836,141496800,21.712432861328125
2016-02-22,24.077499389648438,24.225000381469727,23.979999542236328,24.219999313354492,137123200,21.902343750000000
2016-02-23,24.100000381469727,24.125000000000000,23.637500762939453,23.672500610351562,127770400,21.407234191894530
2016-02-24,23.495000839233400,24.094999313354492,23.329999923706055,24.024999618530273,145022800,21.725999832153320
2016-02-25,24.012500762939453,24.190000534057617,23.812500000000000,24.190000534057617,110330800,21.875211715698242
2016-02-26,24.299999237060547,24.504999160766600,24.145000457763672,24.227500915527344,115964400,21.909124374389650
2016-02-29,24.215000152587890,24.557500839233400,24.162500381469727,24.172500610351562,140865200,21.859388351440430
2016-03-01,24.412500381469727,25.192499160766600,24.354999542236328,25.132499694824220,201628400,22.727518081665040
2016-03-02,25.127500534057617,25.222499847412110,24.909999847412110,25.187500000000000,132678400,22.777259826660156
2016-03-03,25.145000457763672,25.427499771118164,25.112499237060547,25.375000000000000,147822800,22.946819305419922
2016-03-04,25.592500686645508,25.937500000000000,25.342500686645508,25.752500534057617,184220400,23.288194656372070
2016-03-07,25.597499847412110,25.707500457763672,25.239999771118164,25.467500686645508,143315600,23.030469894409180
2016-03-08,25.194999694824220,25.440000534057617,25.100000381469727,25.257499694824220,126247600,22.840562820434570
2016-03-09,25.327499389648438,25.395000457763672,25.067499160766600,25.280000686645508,108806800,22.860904693603516
2016-03-10,25.352500915527344,25.559999465942383,25.037500381469727,25.292499542236328,134054400,22.872209548950195
2016-03-11,25.559999465942383,25.569999694824220,25.375000000000000,25.565000534057617,109632800,23.118637084960938
2016-03-14,25.477500915527344,25.727500915527344,25.444999694824220,25.629999160766600,100304400,23.177410125732422
2016-03-15,25.989999771118164,26.295000076293945,25.962499618530273,26.145000457763672,160270800,23.643133163452150
2016-03-16,26.152500152587890,26.577499389648438,26.147499084472656,26.492500305175780,153214000,23.957376480102540
2016-03-17,26.379999160766600,26.617500305175780,26.239999771118164,26.450000762939453,137682800,23.918949127197266
2016-03-18,26.584999084472656,26.625000000000000,26.297500610351562,26.479999542236328,176820800,23.946075439453125
2016-03-21,26.482500076293945,26.912500381469727,26.284999847412110,26.477500915527344,142010800,23.943817138671875
2016-03-22,26.312500000000000,26.822500228881836,26.302499771118164,26.680000305175780,129777600,24.126937866210938
2016-03-23,26.620000839233400,26.767499923706055,26.475000381469727,26.532499313354492,102814000,23.993551254272460
2016-03-24,26.367500305175780,26.562500000000000,26.222499847412110,26.417499542236328,104532000,23.889560699462890
2016-03-28,26.500000000000000,26.547500610351562,26.264999389648438,26.297500610351562,77645600,23.781040191650390
2016-03-29,26.222499847412110,26.947500228881836,26.219999313354492,26.920000076293945,124760400,24.343973159790040
2016-03-30,27.162500381469727,27.604999542236328,27.149999618530273,27.389999389648438,182404400,24.768991470336914
2016-03-31,27.430000305175780,27.475000381469727,27.219999313354492,27.247499465942383,103553600,24.640130996704100
2016-04-01,27.194999694824220,27.500000000000000,27.049999237060547,27.497499465942383,103496000,24.866209030151367
2016-04-04,27.604999542236328,28.047500610351562,27.567499160766600,27.780000686645508,149424800,25.121677398681640
2016-04-05,27.377500534057617,27.682500839233400,27.354999542236328,27.452499389648438,106314800,24.825521469116210
2016-04-06,27.557500839233400,27.745000839233400,27.299999237060547,27.739999771118164,105616400,25.085504531860350
2016-04-07,27.487499237060547,27.604999542236328,27.030000686645508,27.135000228881836,127207600,24.538400650024414
2016-04-08,27.227500915527344,27.442499160766600,27.042499542236328,27.165000915527344,94326800,24.565532684326172
2016-04-11,27.242500305175780,27.652500152587890,27.207500457763672,27.254999160766600,117630000,24.646907806396484
2016-04-12,27.334999084472656,27.625000000000000,27.165000915527344,27.610000610351562,108929200,24.967948913574220
2016-04-13,27.700000762939453,28.084999084472656,27.700000762939453,28.010000228881836,133029200,25.329666137695312
2016-04-14,27.905000686645508,28.097499847412110,27.832500457763672,28.024999618530273,101895600,25.343229293823242
2016-04-15,28.027500152587890,28.075000762939453,27.432500839233400,27.462499618530273,187756000,24.834554672241210
2016-04-18,27.222499847412110,27.237499237060547,26.735000610351562,26.870000839233400,243286000,24.298761367797850
2016-04-19,26.969999313354492,27.000000000000000,26.557500839233400,26.727500915527344,129539600,24.169887542724610
2016-04-20,26.659999847412110,27.022499084472656,26.514999389648438,26.782499313354492,122444000,24.219627380371094
2016-04-21,26.732500076293945,26.732500076293945,26.379999160766600,26.492500305175780,126210000,23.957376480102540
2016-04-22,26.252500534057617,26.620000839233400,26.155000686645508,26.420000076293945,134732400,23.891817092895508
2016-04-25,26.250000000000000,26.412500381469727,26.127500534057617,26.270000457763672,112126400,23.756168365478516
2016-04-26,25.977500915527344,26.325000762939453,25.977500915527344,26.087499618530273,224064800,23.591131210327150
2016-04-27,24.000000000000000,24.677499771118164,23.920000076293945,24.454999923706055,458408400,22.114849090576172
2016-04-28,24.402500152587890,24.469999313354492,23.562500000000000,23.707500457763672,328970800,21.438888549804688
2016-04-29,23.497499465942383,23.680000305175780,23.127500534057617,23.434999465942383,274126000,21.192457199096680
2016-05-02,23.492500305175780,23.520000457763672,23.100000381469727,23.409999847412110,192640400,21.169857025146484
2016-05-03,23.549999237060547,23.934999465942383,23.420000076293945,23.795000076293945,227325200,21.518014907836914
2016-05-04,23.799999237060547,23.975000381469727,23.454999923706055,23.547500610351562,164102000,21.294189453125000
2016-05-05,23.500000000000000,23.517499923706055,23.170000076293945,23.309999465942383,143562000,21.207757949829100
2016-05-06,23.342500686645508,23.362499237060547,22.962499618530273,23.180000305175780,174799600,21.089483261108400
2016-05-09,23.250000000000000,23.442499160766600,23.147499084472656,23.197500228881836,131745600,21.105415344238280
2016-05-10,23.332500457763672,23.392499923706055,23.027500152587890,23.354999542236328,134747200,21.248704910278320
2016-05-11,23.370000839233400,23.392499923706055,23.114999771118164,23.127500534057617,114876400,21.041719436645508
2016-05-12,23.180000305175780,23.194999694824220,22.367500305175780,22.584999084472656,305258800,20.548145294189453
2016-05-13,22.500000000000000,22.917499542236328,22.500000000000000,22.629999160766600,177571200,20.589082717895508
2016-05-16,23.097499847412110,23.597499847412110,22.912500381469727,23.469999313354492,245039200,21.353328704833984
2016-05-17,23.637500762939453,23.674999237060547,23.252500534057617,23.372499465942383,187667600,21.264623641967773
2016-05-18,23.540000915527344,23.802499771118164,23.472499847412110,23.639999389648438,168249600,21.508001327514650
2016-05-19,23.659999847412110,23.659999847412110,23.392499923706055,23.549999237060547,121768400,21.426118850708008
2016-05-20,23.659999847412110,23.857500076293945,23.629999160766600,23.805000305175780,128104000,21.658117294311523
2016-05-23,23.967500686645508,24.297500610351562,23.917499542236328,24.107500076293945,152074400,21.933340072631836
2016-05-24,24.305000305175780,24.522499084472656,24.209999084472656,24.475000381469727,140560800,22.267694473266600
2016-05-25,24.667499542236328,24.934999465942383,24.527500152587890,24.905000686645508,152675200,22.658912658691406
2016-05-26,24.920000076293945,25.182500839233400,24.659999847412110,25.102500915527344,225324800,22.838605880737305
2016-05-27,24.860000610351562,25.117500305175780,24.812500000000000,25.087499618530273,145364800,22.824960708618164
2016-05-31,24.899999618530273,25.100000381469727,24.704999923706055,24.965000152587890,169228800,22.713502883911133
2016-06-01,24.754999160766600,24.885000228881836,24.582500457763672,24.614999771118164,116693200,22.395061492919922
2016-06-02,24.399999618530273,24.459999084472656,24.157499313354492,24.430000305175780,160766400,22.226751327514650
2016-06-03,24.447500228881836,24.567499160766600,24.362499237060547,24.479999542236328,114019600,22.272241592407227
2016-06-06,24.497499465942383,25.472499847412110,24.387500762939453,24.657499313354492,93170000,22.433732986450195
2016-06-07,24.812500000000000,24.967500686645508,24.739999771118164,24.757499694824220,89638000,22.524721145629883
2016-06-08,24.754999160766600,24.889999389648438,24.670000076293945,24.735000610351562,83392400,22.504245758056640
2016-06-09,24.625000000000000,24.997499465942383,24.614999771118164,24.912500381469727,106405600,22.665737152099610
2016-06-10,24.632499694824220,24.837499618530273,24.620000839233400,24.707500457763672,126851600,22.479227066040040
2016-06-13,24.672500610351562,24.780000686645508,24.274999618530273,24.334999084472656,152082000,22.140321731567383
2016-06-14,24.329999923706055,24.620000839233400,24.187500000000000,24.364999771118164,127727600,22.167617797851562
2016-06-15,24.454999923706055,24.602500915527344,24.257499694824220,24.284999847412110,117780800,22.094827651977540
2016-06-16,24.112499237060547,24.437500000000000,24.017499923706055,24.387500762939453,125307200,22.188087463378906
2016-06-17,24.155000686645508,24.162500381469727,23.825000762939453,23.832500457763672,244032800,21.683135986328125
2016-06-20,24.000000000000000,24.142499923706055,23.757499694824220,23.774999618530273,137647600,21.630825042724610
2016-06-21,23.735000610351562,24.087499618530273,23.670000076293945,23.977500915527344,142185600,21.815063476562500
2016-06-22,24.062500000000000,24.222499847412110,23.837499618530273,23.887500762939453,116876400,21.733179092407227
2016-06-23,23.985000610351562,24.072500228881836,23.812500000000000,24.024999618530273,128960800,21.858274459838867
2016-06-24,23.227500915527344,23.665000915527344,23.162500381469727,23.350000381469727,301245600,21.244152069091797
2016-06-27,23.250000000000000,23.262500762939453,22.875000000000000,23.010000228881836,181958400,20.934812545776367
2016-06-28,23.225000381469727,23.415000915527344,23.034999847412110,23.397499084472656,161779600,21.287363052368164
2016-06-29,23.492500305175780,23.637500762939453,23.407499313354492,23.600000381469727,146124000,21.471607208251953
2016-06-30,23.610000610351562,23.942499160766600,23.575000762939453,23.899999618530273,143345600,21.744543075561523
2016-07-01,23.872499465942383,24.117500305175780,23.832500457763672,23.972499847412110,104106000,21.810512542724610
2016-07-05,23.847499847412110,23.850000381469727,23.614999771118164,23.747499465942383,110820800,21.605806350708008
2016-07-06,23.649999618530273,23.915000915527344,23.592500686645508,23.882499694824220,123796400,21.728631973266600
2016-07-07,23.924999237060547,24.125000000000000,23.905000686645508,23.985000610351562,100558400,21.821887969970703
2016-07-08,24.122499465942383,24.222499847412110,24.012500762939453,24.170000076293945,115648400,21.990200042724610
2016-07-11,24.187500000000000,24.412500381469727,24.182500839233400,24.245000839233400,95179600,22.058441162109375
2016-07-12,24.292499542236328,24.424999237060547,24.280000686645508,24.354999542236328,96670000,22.158521652221680
2016-07-13,24.352500915527344,24.417499542236328,24.209999084472656,24.217500686645508,103568800,22.033420562744140
2016-07-14,24.347499847412110,24.747499465942383,24.329999923706055,24.697500228881836,155676000,22.470127105712890
2016-07-15,24.729999542236328,24.825000762939453,24.625000000000000,24.694999694824220,120548000,22.467847824096680
2016-07-18,24.674999237060547,25.032499313354492,24.649999618530273,24.957500457763672,145975600,22.706680297851562
2016-07-19,24.889999389648438,25.000000000000000,24.834999084472656,24.967500686645508,95119600,22.715780258178710
2016-07-20,25.000000000000000,25.114999771118164,24.934999465942383,24.989999771118164,105104000,22.736253738403320
2016-07-21,24.957500457763672,25.250000000000000,24.782499313354492,24.857500076293945,130808000,22.615697860717773
2016-07-22,24.815000534057617,24.825000762939453,24.577499389648438,24.665000915527344,113254800,22.440555572509766
2016-07-25,24.562500000000000,24.709999084472656,24.229999542236328,24.334999084472656,161531600,22.140321731567383
2016-07-26,24.204999923706055,24.492500305175780,24.104999542236328,24.167499542236328,224959200,21.987928390502930
2016-07-27,26.067499160766600,26.087499618530273,25.687500000000000,25.737499237060547,369379200,23.416336059570312
2016-07-28,25.707500457763672,26.112499237060547,25.704999923706055,26.084999084472656,159479200,23.732498168945312
2016-07-29,26.047500610351562,26.137500762939453,25.920000076293945,26.052499771118164,110934800,23.702930450439453
2016-08-01,26.102500915527344,26.537500381469727,26.102500915527344,26.512500762939453,152671600,24.121446609497070
2016-08-02,26.512500762939453,26.517499923706055,26.000000000000000,26.120000839233400,135266400,23.764345169067383
2016-08-03,26.202499389648438,26.459999084472656,26.192499160766600,26.447500228881836,120810400,24.062305450439453
2016-08-04,26.395000457763672,26.500000000000000,26.319999694824220,26.467500686645508,109634800,24.210950851440430
2016-08-05,26.567499160766600,26.912500381469727,26.545000076293945,26.870000839233400,162213600,24.579130172729492
2016-08-08,26.879999160766600,27.092500686645508,26.790000915527344,27.092500686645508,112148800,24.782661437988280
2016-08-09,27.057500839233400,27.235000610351562,27.002500534057617,27.202499389648438,105260800,24.883283615112305
2016-08-10,27.177499771118164,27.225000381469727,26.940000534057617,27.000000000000000,96034000,24.698049545288086
2016-08-11,27.129999160766600,27.232500076293945,26.962499618530273,26.982500076293945,109938000,24.682039260864258
2016-08-12,26.944999694824220,27.110000610351562,26.944999694824220,27.045000076293945,74641600,24.739215850830078
2016-08-15,27.034999847412110,27.385000228881836,27.020000457763672,27.370000839233400,103472800,25.036506652832030
2016-08-16,27.407499313354492,27.557500839233400,27.302499771118164,27.344999313354492,135177600,25.013633728027344
2016-08-17,27.274999618530273,27.342500686645508,27.084999084472656,27.305000305175780,101424000,24.977043151855470
2016-08-18,27.307500839233400,27.399999618530273,27.254999160766600,27.270000457763672,87938800,24.945030212402344
2016-08-19,27.192499160766600,27.422500610351562,27.090000152587890,27.340000152587890,101472400,25.009057998657227
2016-08-22,27.215000152587890,27.274999618530273,26.962499618530273,27.127500534057617,103280800,24.814672470092773
2016-08-23,27.147499084472656,27.329999923706055,27.132499694824220,27.212499618530273,85030800,24.892427444458008
2016-08-24,27.142499923706055,27.187500000000000,26.920000076293945,27.007499694824220,94700400,24.704908370971680
2016-08-25,26.847499847412110,26.969999313354492,26.670000076293945,26.892499923706055,100344800,24.599720001220703
2016-08-26,26.852500915527344,26.987499237060547,26.577499389648438,26.735000610351562,111065200,24.455636978149414
2016-08-29,26.655000686645508,26.860000610351562,26.572500228881836,26.704999923706055,99881200,24.428195953369140
2016-08-30,26.450000762939453,26.625000000000000,26.375000000000000,26.500000000000000,99455600,24.240678787231445
2016-08-31,26.415000915527344,26.642499923706055,26.409999847412110,26.524999618530273,118649600,24.263545989990234
2016-09-01,26.534999847412110,26.700000762939453,26.405000686645508,26.682500839233400,106806000,24.407617568969727
2016-09-02,26.924999237060547,27.000000000000000,26.704999923706055,26.932500839233400,107210000,24.636308670043945
2016-09-06,26.975000381469727,27.075000762939453,26.877500534057617,26.924999237060547,107521600,24.629440307617188
2016-09-07,26.957500457763672,27.190000534057617,26.767499923706055,27.090000152587890,169457200,24.780372619628906
2016-09-08,26.812500000000000,26.817499160766600,26.309999465942383,26.379999160766600,212008000,24.130907058715820
2016-09-09,26.159999847412110,26.430000305175780,25.782499313354492,25.782499313354492,186228000,23.584344863891600
2016-09-12,25.662500381469727,26.430000305175780,25.632499694824220,26.360000610351562,181171200,24.112615585327150
2016-09-13,26.877500534057617,27.197500228881836,26.809999465942383,26.987499237060547,248704800,24.686614990234375
2016-09-14,27.182500839233400,28.257499694824220,27.149999618530273,27.942499160766600,443554800,25.560195922851562
2016-09-15,28.465000152587890,28.932500839233400,28.372499465942383,28.892499923706055,359934400,26.429197311401367
2016-09-16,28.780000686645508,29.032499313354492,28.510000228881836,28.729999542236328,319547600,26.280551910400390
2016-09-19,28.797500610351562,29.045000076293945,28.312500000000000,28.395000457763672,188092000,25.974113464355470
2016-09-20,28.262500762939453,28.530000686645508,28.127500534057617,28.392499923706055,138057200,25.971834182739258
2016-09-21,28.462499618530273,28.497499465942383,28.110000610351562,28.387500762939453,144012800,25.967252731323242
2016-09-22,28.587499618530273,28.735000610351562,28.500000000000000,28.655000686645508,124296000,26.211948394775390
2016-09-23,28.604999542236328,28.697500228881836,27.887500762939453,28.177499771118164,209924800,25.775156021118164
2016-09-26,27.909999847412110,28.347499847412110,27.887500762939453,28.219999313354492,119477600,25.814033508300780
2016-09-27,28.250000000000000,28.295000076293945,28.084999084472656,28.272499084472656,98429600,25.862054824829100
2016-09-28,28.422500610351562,28.659999847412110,28.357500076293945,28.487499237060547,118564400,26.058721542358400
2016-09-29,28.290000915527344,28.450000762939453,27.950000762939453,28.045000076293945,143548000,25.653957366943360
2016-09-30,28.114999771118164,28.342500686645508,27.950000762939453,28.262500762939453,145516400,25.852909088134766
2016-10-03,28.177499771118164,28.262500762939453,28.069999694824220,28.129999160766600,86807200,25.731704711914062
2016-10-04,28.264999389648438,28.577499389648438,28.157499313354492,28.250000000000000,118947200,25.841472625732422
2016-10-05,28.350000381469727,28.415000915527344,28.172500610351562,28.262500762939453,85812400,25.852909088134766
2016-10-06,28.424999237060547,28.584999084472656,28.282499313354492,28.472499847412110,115117200,26.045001983642578
2016-10-07,28.577499389648438,28.639999389648438,28.377500534057617,28.514999389648438,97433600,26.083879470825195
2016-10-10,28.754999160766600,29.187500000000000,28.680000305175780,29.012500762939453,144944000,26.538974761962890
2016-10-11,29.424999237060547,29.672500610351562,29.049999237060547,29.075000762939453,256164000,26.596141815185547
2016-10-12,29.337499618530273,29.495000839233400,29.187500000000000,29.334999084472656,150347200,26.833969116210938
2016-10-13,29.197500228881836,29.360000610351562,28.930000305175780,29.245000839233400,140769600,26.751644134521484
2016-10-14,29.469999313354492,29.542499542236328,29.282499313354492,29.407499313354492,142608800,26.900291442871094
2016-10-17,29.332500457763672,29.459999084472656,29.194999694824220,29.387500762939453,94499600,26.881996154785156
2016-10-18,29.545000076293945,29.552499771118164,29.362499237060547,29.367500305175780,98214000,26.863706588745117
2016-10-19,29.312500000000000,29.440000534057617,28.450000762939453,29.280000686645508,80138400,26.783662796020508
2016-10-20,29.215000152587890,29.344999313354492,29.082500457763672,29.264999389648438,96503200,26.769941329956055
2016-10-21,29.202499389648438,29.227500915527344,29.069999694824220,29.149999618530273,92770800,26.664745330810547
2016-10-24,29.274999618530273,29.434999465942383,29.250000000000000,29.412500381469727,94154800,26.904865264892578
2016-10-25,29.487499237060547,29.590000152587890,29.327499389648438,29.562500000000000,192516000,27.042076110839844
2016-10-26,28.577499389648438,28.924999237060547,28.327499389648438,28.897499084472656,264536800,26.433767318725586
2016-10-27,28.847499847412110,28.965000152587890,28.524999618530273,28.620000839233400,138248000,26.179929733276367
2016-10-28,28.467500686645508,28.802499771118164,28.362499237060547,28.430000305175780,151446800,26.006134033203125
2016-10-31,28.412500381469727,28.557500839233400,28.299999237060547,28.385000228881836,105677600,25.964969635009766
2016-11-01,28.364999771118164,28.442499160766600,27.632499694824220,27.872499465942383,175303200,25.496158599853516
2016-11-02,27.850000381469727,28.087499618530273,27.807500839233400,27.897499084472656,113326800,25.519029617309570
2016-11-03,27.745000839233400,27.864999771118164,27.387500762939453,27.457500457763672,107730400,25.245498657226562
2016-11-04,27.132499694824220,27.562500000000000,27.027500152587890,27.209999084472656,123348000,25.017944335937500
2016-11-07,27.520000457763672,27.627500534057617,27.364999771118164,27.602500915527344,130240000,25.378810882568360
2016-11-08,27.577499389648438,27.930000305175780,27.424999237060547,27.764999389648438,97016800,25.528223037719727
2016-11-09,27.469999313354492,27.829999923706055,27.012500762939453,27.719999313354492,236705600,25.486848831176758
2016-11-10,27.772499084472656,27.772499084472656,26.457500457763672,26.947500228881836,228538000,24.776590347290040
2016-11-11,26.780000686645508,27.217500686645508,26.637500762939453,27.107500076293945,136575600,24.923700332641600
2016-11-14,26.927499771118164,26.952499389648438,26.020000457763672,26.427499771118164,204702000,24.298479080200195
2016-11-15,26.642499923706055,26.920000076293945,26.540000915527344,26.777500152587890,129058000,24.620275497436523
2016-11-16,26.674999237060547,27.557500839233400,26.649999618530273,27.497499465942383,235362000,25.282274246215820
2016-11-17,27.452499389648438,27.587499618530273,27.207500457763672,27.487499237060547,110528000,25.273082733154297
2016-11-18,27.430000305175780,27.635000228881836,27.415000915527344,27.514999389648438,113715600,25.298364639282227
2016-11-21,27.530000686645508,27.997499465942383,27.502500534057617,27.932500839233400,117058400,25.682233810424805
2016-11-22,27.987499237060547,28.104999542236328,27.850000381469727,27.950000762939453,103862000,25.698316574096680
2016-11-23,27.840000152587890,27.877500534057617,27.582500457763672,27.807500839233400,109705600,25.567300796508790
2016-11-25,27.782499313354492,27.967500686645508,27.737499237060547,27.947500228881836,45903600,25.696023941040040
2016-11-28,27.857500076293945,28.117500305175780,27.847499847412110,27.892499923706055,108776000,25.645456314086914
2016-11-29,27.694999694824220,28.007499694824220,27.517499923706055,27.864999771118164,114115200,25.620170593261720
2016-11-30,27.899999618530273,28.049999237060547,27.567499160766600,27.629999160766600,144649200,25.404100418090820
2016-12-01,27.592500686645508,27.735000610351562,27.257499694824220,27.372499465942383,148347600,25.167341232299805
2016-12-02,27.292499542236328,27.522499084472656,27.212499618530273,27.475000381469727,106112000,25.261589050292970
2016-12-05,27.500000000000000,27.507499694824220,27.062500000000000,27.277500152587890,137298000,25.079998016357422
2016-12-06,27.375000000000000,27.590000152587890,27.297500610351562,27.487499237060547,104782000,25.273082733154297
2016-12-07,27.315000534057617,27.797500610351562,27.290000915527344,27.757499694824220,119994800,25.521327972412110
2016-12-08,27.715000152587890,28.107500076293945,27.649999618530273,28.030000686645508,108273200,25.771881103515625
2016-12-09,28.077499389648438,28.674999237060547,28.077499389648438,28.487499237060547,137610400,26.192516326904297
2016-12-12,28.322500228881836,28.750000000000000,28.122499465942383,28.325000762939453,105497600,26.043111801147460
2016-12-13,28.459999084472656,28.979999542236328,28.437500000000000,28.797500610351562,174935200,26.477544784545900
2016-12-14,28.760000228881836,29.049999237060547,28.745000839233400,28.797500610351562,136127200,26.477544784545900
2016-12-15,28.844999313354492,29.182500839233400,28.807500839233400,28.954999923706055,186098000,26.622362136840820
2016-12-16,29.117500305175780,29.125000000000000,28.912500381469727,28.992500305175780,177404400,26.656841278076172
2016-12-19,28.950000762939453,29.344999313354492,28.937500000000000,29.159999847412110,111117600,26.810840606689453
2016-12-20,29.184999465942383,29.375000000000000,29.170000076293945,29.237499237060547,85700000,26.882091522216797
2016-12-21,29.200000762939453,29.350000381469727,29.194999694824220,29.264999389648438,95132800,26.907375335693360
2016-12-22,29.087499618530273,29.127500534057617,28.909999847412110,29.072500228881836,104343600,26.730384826660156
2016-12-23,28.897499084472656,29.129999160766600,28.897499084472656,29.129999160766600,56998000,26.783252716064453
2016-12-27,29.129999160766600,29.450000762939453,29.122499465942383,29.315000534057617,73187600,26.953357696533203
2016-12-28,29.379999160766600,29.504999160766600,29.049999237060547,29.190000534057617,83623600,26.838424682617188
2016-12-29,29.112499237060547,29.277500152587890,29.100000381469727,29.182500839233400,60158000,26.831523895263672
2016-12-30,29.162500381469727,29.299999237060547,28.857500076293945,28.954999923706055,122345200,26.622362136840820
2017-01-03,28.950000762939453,29.082500457763672,28.690000534057617,29.037500381469727,115127600,26.698205947875977
2017-01-04,28.962499618530273,29.127500534057617,28.937500000000000,29.004999160766600,84472400,26.668329238891600
2017-01-05,28.979999542236328,29.215000152587890,28.952499389648438,29.152500152587890,88774400,26.803945541381836
2017-01-06,29.194999694824220,29.540000915527344,29.117500305175780,29.477500915527344,127007600,27.102762222290040
2017-01-09,29.487499237060547,29.857500076293945,29.485000610351562,29.747499465942383,134247600,27.351013183593750
2017-01-10,29.692499160766600,29.844999313354492,29.575000762939453,29.777500152587890,97848400,27.378593444824220
2017-01-11,29.684999465942383,29.982500076293945,29.649999618530273,29.937500000000000,110354400,27.525712966918945
2017-01-12,29.725000381469727,29.825000762939453,29.552499771118164,29.812500000000000,108344800,27.410774230957030
2017-01-13,29.777500152587890,29.905000686645508,29.702499389648438,29.760000228881836,104447600,27.362504959106445
2017-01-17,29.584999084472656,30.059999465942383,29.555000305175780,30.000000000000000,137759200,27.583168029785156
2017-01-18,30.000000000000000,30.125000000000000,29.927499771118164,29.997499465942383,94852000,27.580871582031250
2017-01-19,29.850000381469727,30.022499084472656,29.842500686645508,29.944999694824220,102389200,27.532600402832030
2017-01-20,30.112499237060547,30.112499237060547,29.932500839233400,30.000000000000000,130391600,27.583168029785156
2017-01-23,30.000000000000000,30.202499389648438,29.942499160766600,30.020000457763672,88200800,27.601558685302734
2017-01-24,29.887500762939453,30.024999618530273,29.875000000000000,29.992500305175780,92844000,27.576276779174805
2017-01-25,30.104999542236328,30.524999618530273,30.069999694824220,30.469999313354492,129510400,28.015304565429688
2017-01-26,30.417499542236328,30.610000610351562,30.399999618530273,30.485000610351562,105350400,28.029102325439453
2017-01-27,30.534999847412110,30.587499618530273,30.399999618530273,30.487499237060547,82251600,28.031396865844727
2017-01-30,30.232500076293945,30.407499313354492,30.165000915527344,30.407499313354492,121510000,27.957841873168945
2017-01-31,30.287500381469727,30.347499847412110,30.155000686645508,30.337499618530273,196804000,27.893480300903320
2017-02-01,31.757499694824220,32.622501373291016,31.752500534057617,32.187500000000000,447940000,29.594440460205078
2017-02-02,31.995000839233400,32.347499847412110,31.944999694824220,32.132499694824220,134841600,29.543872833251953
2017-02-03,32.077499389648440,32.297500610351560,32.040000915527344,32.270000457763670,98029200,29.670299530029297
2017-02-06,32.282501220703125,32.625000000000000,32.224998474121094,32.572498321533200,107383600,29.948427200317383
2017-02-07,32.634998321533200,33.022499084472656,32.612499237060550,32.882499694824220,152735200,30.233461380004883
2017-02-08,32.837501525878906,33.055000305175780,32.805000305175780,33.009998321533200,92016400,30.350679397583008
2017-02-09,32.912498474121094,33.112499237060550,32.779998779296875,33.104999542236330,113399600,30.569995880126953
2017-02-10,33.115001678466800,33.235000610351560,33.012500762939450,33.029998779296875,80262000,30.500736236572266
2017-02-13,33.270000457763670,33.455001831054690,33.187500000000000,33.322498321533200,92141600,30.770843505859375
2017-02-14,33.367500305175780,33.772499084472656,33.312500000000000,33.755001068115234,132904800,31.170225143432617
2017-02-15,33.880001068115234,34.067501068115234,33.654998779296875,33.877498626708984,142492400,31.283346176147460
2017-02-16,33.917499542236330,33.974998474121094,33.709999084472656,33.837501525878906,90338400,31.246406555175780
2017-02-17,33.775001525878906,33.957500457763670,33.775001525878906,33.930000305175780,88792800,31.331823348999023
2017-02-21,34.057498931884766,34.187500000000000,33.994998931884766,34.174999237060550,98028800,31.558069229125977
2017-02-22,34.107498168945310,34.279998779296875,34.027500152587890,34.277500152587890,83347600,31.652709960937500
2017-02-23,34.345001220703125,34.369998931884766,34.075000762939450,34.132499694824220,83152800,31.518814086914062
2017-02-24,33.977500915527344,34.165000915527344,33.819999694824220,34.165000915527344,87106400,31.548822402954100
2017-02-27,34.284999847412110,34.360000610351560,34.069999694824220,34.232498168945310,81029600,31.611166000366210
2017-02-28,34.270000457763670,34.360000610351560,34.174999237060550,34.247501373291016,93931600,31.625009536743164
2017-03-01,34.472499847412110,35.037498474121094,34.400001525878906,34.947498321533200,145658400,32.271411895751950
2017-03-02,35.000000000000000,35.069999694824220,34.689998626708984,34.740001678466800,104844000,32.079792022705080
2017-03-03,34.694999694824220,34.957500457763670,34.647499084472656,34.944999694824220,84432400,32.269100189208984
2017-03-06,34.842498779296875,34.942501068115234,34.650001525878906,34.834999084472656,87000000,32.167526245117190
2017-03-07,34.764999389648440,34.994998931884766,34.697498321533200,34.880001068115234,69785200,32.209072113037110
2017-03-08,34.737499237060550,34.950000762939450,34.705001831054690,34.750000000000000,74828800,32.089035034179690
2017-03-09,34.685001373291016,34.697498321533200,34.262500762939450,34.669998168945310,88623600,32.015155792236330
2017-03-10,34.812500000000000,34.840000152587890,34.659999847412110,34.784999847412110,78451200,32.121356964111330
2017-03-13,34.712501525878906,34.857498168945310,34.705001831054690,34.799999237060550,69686800,32.135204315185550
2017-03-14,34.825000762939450,34.912498474121094,34.709999084472656,34.747501373291016,61236400,32.086723327636720
2017-03-15,34.852500915527344,35.187500000000000,34.757499694824220,35.115001678466800,102767200,32.426078796386720
2017-03-16,35.180000305175780,35.255001068115234,35.064998626708984,35.172500610351560,76928000,32.479183197021484
2017-03-17,35.250000000000000,35.250000000000000,34.972499847412110,34.997501373291016,175540000,32.317569732666016
2017-03-20,35.099998474121094,35.375000000000000,35.057498931884766,35.365001678466800,86168000,32.656940460205080
2017-03-21,35.527500152587890,35.700000762939450,34.932498931884766,34.959999084472656,158119600,32.282947540283200
2017-03-22,34.962501525878906,35.400001525878906,34.939998626708984,35.354999542236330,103440800,32.647708892822266
2017-03-23,35.314998626708984,35.395000457763670,35.152500152587890,35.229999542236330,81385200,32.532272338867190
2017-03-24,35.375000000000000,35.435001373291016,35.087501525878906,35.159999847412110,89582400,32.467643737792970
2017-03-27,34.847499847412110,35.305000305175780,34.654998779296875,35.220001220703125,94300400,32.523056030273440
2017-03-28,35.227500915527344,36.009998321533200,35.154998779296875,35.950000762939450,133499200,33.197135925292970
2017-03-29,35.919998168945310,36.122501373291016,35.797500610351560,36.029998779296875,116760000,33.271015167236330
2017-03-30,36.047500610351560,36.125000000000000,35.875000000000000,35.982498168945310,84829200,33.227138519287110
2017-03-31,35.930000305175780,36.067501068115234,35.752498626708984,35.915000915527344,78646800,33.164821624755860
2017-04-03,35.927501678466800,36.029998779296875,35.762500762939450,35.924999237060550,79942800,33.174068450927734
2017-04-04,35.812500000000000,36.222499847412110,35.792499542236330,36.192501068115234,79565600,33.421081542968750
2017-04-05,36.055000305175780,36.365001678466800,35.952499389648440,36.005001068115234,110871600,33.247932434082030
2017-04-06,36.072498321533200,36.130001068115234,35.862499237060550,35.915000915527344,84596000,33.164821624755860
2017-04-07,35.932498931884766,36.044998168945310,35.817501068115234,35.834999084472656,66688800,33.090957641601560
2017-04-10,35.900001525878906,35.970001220703125,35.724998474121094,35.792499542236330,75733600,33.051692962646484
2017-04-11,35.735000610351560,35.837501525878906,35.014999389648440,35.407501220703125,121517600,32.696189880371094
2017-04-12,35.400001525878906,35.537498474121094,35.252498626708984,35.450000762939450,81400000,32.735412597656250
2017-04-13,35.477500915527344,35.595001220703125,35.262500762939450,35.262500762939450,71291600,32.562290191650390
2017-04-17,35.369998931884766,35.470001220703125,35.217498779296875,35.457500457763670,66328400,32.742359161376950
2017-04-18,35.352500915527344,35.509998321533200,35.277500152587890,35.299999237060550,58790000,32.596908569335940
2017-04-19,35.470001220703125,35.500000000000000,35.112499237060550,35.169998168945310,69313600,32.476852416992190
2017-04-20,35.305000305175780,35.729999542236330,35.290000915527344,35.610000610351560,93278400,32.883167266845700
2017-04-21,35.610000610351560,35.669998168945310,35.462501525878906,35.567501068115234,69283600,32.843929290771484
2017-04-24,35.875000000000000,35.987499237060550,35.794998168945310,35.909999847412110,68537200,33.160209655761720
2017-04-25,35.977500915527344,36.224998474121094,35.967498779296875,36.132499694824220,75486000,33.365661621093750
2017-04-26,36.117500305175780,36.150001525878906,35.845001220703125,35.919998168945310,80164800,33.169433593750000
2017-04-27,35.979999542236330,36.040000915527344,35.827499389648440,35.947498321533200,56985200,33.194835662841800
2017-04-28,36.022499084472656,36.075000762939450,35.817501068115234,35.912498474121094,83441600,33.162498474121094
2017-05-01,36.275001525878906,36.799999237060550,36.240001678466800,36.645000457763670,134411600,33.838916778564450
2017-05-02,36.884998321533200,37.022499084472656,36.709999084472656,36.877498626708984,181408800,34.053627014160156
2017-05-03,36.397499084472656,36.872501373291016,36.067501068115234,36.764999389648440,182788000,33.949733734130860
2017-05-04,36.630001068115234,36.784999847412110,36.452499389648440,36.632499694824220,93487600,33.827377319335940
2017-05-05,36.689998626708984,37.244998931884766,36.689998626708984,37.240001678466800,109310800,34.388362884521484
2017-05-08,37.257499694824220,38.424999237060550,37.257499694824220,38.252498626708984,195009600,35.323333740234375
2017-05-09,38.467498779296875,38.720001220703125,38.362499237060550,38.497501373291016,156521600,35.549575805664060
2017-05-10,38.407501220703125,38.485000610351560,38.027500152587890,38.314998626708984,103222800,35.381046295166016
2017-05-11,38.112499237060550,38.517501831054690,38.077499389648440,38.487499237060550,109020400,35.687026977539060
2017-05-12,38.674999237060550,39.104999542236330,38.667499542236330,39.025001525878906,130108000,36.185413360595700
2017-05-15,39.002498626708984,39.162498474121094,38.762500762939450,38.924999237060550,104038800,36.092681884765625
2017-05-16,38.985000610351560,39.014999389648440,38.680000305175780,38.867500305175780,80194000,36.039382934570310
2017-05-17,38.400001525878906,38.642501831054690,37.427501678466800,37.562500000000000,203070800,34.829334259033200
2017-05-18,37.817501068115234,38.334999084472656,37.782501220703125,38.134998321533200,134272800,35.360183715820310
2017-05-19,38.345001220703125,38.494998931884766,38.157501220703125,38.264999389648440,107843200,35.480712890625000
2017-05-22,38.500000000000000,38.645000457763670,38.227500915527344,38.497501373291016,91865600,35.696308135986330
2017-05-23,38.724998474121094,38.724998474121094,38.327499389648440,38.450000762939450,79675600,35.652256011962890
2017-05-24,38.459999084472656,38.542499542236330,38.167499542236330,38.334999084472656,76712000,35.545631408691406
2017-05-25,38.432498931884766,38.587501525878906,38.257499694824220,38.467498779296875,76942400,35.668487548828125
2017-05-26,38.500000000000000,38.560001373291016,38.327499389648440,38.402500152587890,87710400,35.608222961425780
2017-05-30,38.354999542236330,38.607498168945310,38.332500457763670,38.417499542236330,80507600,35.622116088867190
2017-05-31,38.492500305175780,38.542499542236330,38.095001220703125,38.189998626708984,97804800,35.411178588867190
2017-06-01,38.292499542236330,38.332500457763670,38.055000305175780,38.294998168945310,65616400,35.508537292480470
2017-06-02,38.395000457763670,38.862499237060550,38.222499847412110,38.862499237060550,111082800,36.034744262695310
2017-06-05,38.584999084472656,38.612499237060550,38.365001678466800,38.482498168945310,101326800,35.682388305664060
2017-06-06,38.474998474121094,38.952499389648440,38.444999694824220,38.612499237060550,106499600,35.802936553955080
2017-06-07,38.755001068115234,38.994998931884766,38.619998931884766,38.842498779296875,84278400,36.016197204589844
2017-06-08,38.812500000000000,38.884998321533200,38.599998474121094,38.747501373291016,85003200,35.928112030029300
2017-06-09,38.797500610351560,38.797500610351560,36.505001068115234,37.244998931884766,259530800,34.534942626953125
2017-06-12,36.435001373291016,36.522499084472656,35.627498626708984,36.354999542236330,289229200,33.709701538085940
2017-06-13,36.790000915527344,36.862499237060550,36.287498474121094,36.647499084472656,136661600,33.980918884277344
2017-06-14,36.875000000000000,36.875000000000000,35.959999084472656,36.290000915527344,126124800,33.649421691894530
2017-06-15,35.830001831054690,36.119998931884766,35.552501678466800,36.072498321533200,128661600,33.447742462158200
2017-06-16,35.944999694824220,36.125000000000000,35.549999237060550,35.567501068115234,201444400,32.979499816894530
2017-06-19,35.915000915527344,36.685001373291016,35.915000915527344,36.584999084472656,130165600,33.922962188720700
2017-06-20,36.717498779296875,36.717498779296875,36.235000610351560,36.252498626708984,99600400,33.614650726318360
2017-06-21,36.380001068115234,36.517501831054690,36.152500152587890,36.467498779296875,85063200,33.814006805419920
2017-06-22,36.442501068115234,36.674999237060550,36.279998779296875,36.407501220703125,76425200,33.758365631103516
2017-06-23,36.282501220703125,36.790000915527344,36.277500152587890,36.569999694824220,141757600,33.909061431884766
2017-06-26,36.792499542236330,37.069999694824220,36.345001220703125,36.455001831054690,102769600,33.802425384521484
2017-06-27,36.252498626708984,36.540000915527344,35.904998779296875,35.932498931884766,99047600,33.317947387695310
2017-06-28,36.122501373291016,36.527500152587890,35.790000915527344,36.457500457763670,88329600,33.804744720458984
2017-06-29,36.177501678466800,36.282501220703125,35.569999694824220,35.919998168945310,125997600,33.306339263916016
2017-06-30,36.112499237060550,36.240001678466800,35.944999694824220,36.005001068115234,92096400,33.385162353515625
2017-07-03,36.220001220703125,36.325000762939450,35.775001525878906,35.875000000000000,57111200,33.264617919921875
2017-07-05,35.922500610351560,36.197498321533200,35.680000305175780,36.022499084472656,86278400,33.401390075683594
2017-07-06,35.755001068115234,35.875000000000000,35.602500915527344,35.682498931884766,96515200,33.086132049560550
2017-07-07,35.724998474121094,36.187500000000000,35.724998474121094,36.044998168945310,76806800,33.422256469726560
2017-07-10,36.027500152587890,36.487499237060550,35.842498779296875,36.264999389648440,84362400,33.626239776611330
2017-07-11,36.182498931884766,36.462501525878906,36.095001220703125,36.382499694824220,79127200,33.735191345214844
2017-07-12,36.467498779296875,36.544998168945310,36.205001831054690,36.435001373291016,99538000,33.783870697021484
2017-07-13,36.375000000000000,37.122501373291016,36.360000610351560,36.942501068115234,100797600,34.254451751708984
2017-07-14,36.992500305175780,37.332500457763670,36.832500457763670,37.259998321533200,80528400,34.548851013183594
2017-07-17,37.205001831054690,37.724998474121094,37.142501831054690,37.389999389648440,95174000,34.669395446777344
2017-07-18,37.299999237060550,37.532501220703125,37.167499542236330,37.520000457763670,71475200,34.789916992187500
2017-07-19,37.619998931884766,37.854999542236330,37.487499237060550,37.755001068115234,83692000,35.007827758789060
2017-07-20,37.875000000000000,37.935001373291016,37.547500610351560,37.584999084472656,68974800,34.850196838378906
2017-07-21,37.497501373291016,37.610000610351560,37.220001220703125,37.567501068115234,105010400,34.833980560302734
2017-07-24,37.645000457763670,38.110000610351560,37.474998474121094,38.022499084472656,85972800,35.255863189697266
2017-07-25,37.950000762939450,38.459999084472656,37.950000762939450,38.185001373291016,75415600,35.406547546386720
2017-07-26,38.337501525878906,38.482498168945310,38.264999389648440,38.365001678466800,63124000,35.573451995849610
2017-07-27,38.437500000000000,38.497501373291016,36.825000762939450,37.639999389648440,129905200,34.901199340820310
2017-07-28,37.472499847412110,37.557498931884766,37.297500610351560,37.375000000000000,68854800,34.655475616455080
2017-07-31,37.474998474121094,37.582500457763670,37.032501220703125,37.182498931884766,79383600,34.476978302001950
2017-08-01,37.275001525878906,37.555000305175780,37.102500915527344,37.512500762939450,141474400,34.782974243164060
2017-08-02,39.819999694824220,39.937500000000000,39.040000915527344,39.284999847412110,279747200,36.426506042480470
2017-08-03,39.262500762939450,39.302501678466800,38.755001068115234,38.892501831054690,108389200,36.062564849853516
2017-08-04,39.017501831054690,39.349998474121094,38.922500610351560,39.097499847412110,82239600,36.252643585205080
2017-08-07,39.264999389648440,39.729999542236330,39.167499542236330,39.702499389648440,87481200,36.813629150390625
2017-08-08,39.650001525878906,40.457500457763670,39.567501068115234,40.020000457763670,144823600,37.108020782470700
2017-08-09,39.814998626708984,40.317501068115234,39.777500152587890,40.264999389648440,104526000,37.335189819335940
2017-08-10,39.974998474121094,40.000000000000000,38.657501220703125,38.830001831054690,163217200,36.146003723144530
2017-08-11,39.150001525878906,39.642501831054690,39.017501831054690,39.369998931884766,105028400,36.648674011230470
2017-08-14,39.830001831054690,40.052501678466800,39.687500000000000,39.962501525878906,88490800,37.200222015380860
2017-08-15,40.165000915527344,40.549999237060550,40.034999847412110,40.400001525878906,117862000,37.607482910156250
2017-08-16,40.485000610351560,40.627498626708984,40.037498474121094,40.237499237060550,110686400,37.456207275390625
2017-08-17,40.130001068115234,40.177501678466800,39.459999084472656,39.465000152587890,111762400,36.737106323242190
2017-08-18,39.465000152587890,39.875000000000000,39.180000305175780,39.375000000000000,109712400,36.653327941894530
2017-08-21,39.375000000000000,39.472499847412110,38.777500152587890,39.302501678466800,105474000,36.585834503173830
2017-08-22,39.557498931884766,40.000000000000000,39.505001068115234,39.944999694824220,86418400,37.183929443359375
2017-08-23,39.767501831054690,40.117500305175780,39.720001220703125,39.994998931884766,77596400,37.230468750000000
2017-08-24,40.107498168945310,40.185001373291016,39.637500762939450,39.817501068115234,79275600,37.065242767333984
2017-08-25,39.912498474121094,40.139999389648440,39.817501068115234,39.965000152587890,101920400,37.202541351318360
2017-08-28,40.034999847412110,40.500000000000000,39.982498168945310,40.367500305175780,103864000,37.577209472656250
2017-08-29,40.025001525878906,40.779998779296875,40.000000000000000,40.727500915527344,118067600,37.912345886230470
2017-08-30,40.950000762939450,40.972499847412110,40.652500152587890,40.837501525878906,109078400,38.014739990234375
2017-08-31,40.909999847412110,41.130001068115234,40.869998931884766,41.000000000000000,107140400,38.166004180908200
2017-09-01,41.200000762939450,41.235000610351560,40.907501220703125,41.012500762939450,66364400,38.177639007568360
2017-09-05,40.937500000000000,41.062500000000000,40.139999389648440,40.520000457763670,117874000,37.719177246093750
2017-09-06,40.677501678466800,40.747501373291016,40.130001068115234,40.477500915527344,86606800,37.679618835449220
2017-09-07,40.522499084472656,40.560001373291016,40.090000152587890,40.314998626708984,87714000,37.528358459472656
2017-09-08,40.215000152587890,40.287498474121094,39.632499694824220,39.657501220703125,114446000,36.916297912597656
2017-09-11,40.125000000000000,40.512500762939450,39.972499847412110,40.375000000000000,126323200,37.584205627441406
2017-09-12,40.652500152587890,40.990001678466800,39.692501068115234,40.215000152587890,286856000,37.435264587402344
2017-09-13,39.967498779296875,39.990001678466800,39.477500915527344,39.912498474121094,179629600,37.153667449951170
2017-09-14,39.747501373291016,39.849998474121094,39.522499084472656,39.569999694824220,95042800,36.834838867187500
2017-09-15,39.617500305175780,40.242500305175780,39.500000000000000,39.970001220703125,196458400,37.207191467285156
2017-09-18,40.027500152587890,40.125000000000000,39.500000000000000,39.667499542236330,113077600,36.925605773925780
2017-09-19,39.877498626708984,39.942501068115234,39.610000610351560,39.682498931884766,83242400,36.939567565917970
2017-09-20,39.474998474121094,39.564998626708984,38.457500457763670,39.017501831054690,211805600,36.320533752441406
2017-09-21,38.950000762939450,38.950000762939450,38.187500000000000,38.347499847412110,150046800,35.696849822998050
2017-09-22,37.884998321533200,38.067501068115234,37.639999389648440,37.972499847412110,186581600,35.347778320312500
2017-09-25,37.497501373291016,37.957500457763670,37.290000915527344,37.637500762939450,177549200,35.035923004150390
2017-09-26,37.944999694824220,38.479999542236330,37.922500610351560,38.284999847412110,146640000,35.638675689697266
2017-09-27,38.450000762939450,38.680000305175780,38.384998321533200,38.557498931884766,102016800,35.892330169677734
2017-09-28,38.472499847412110,38.569999694824220,38.174999237060550,38.319999694824220,88022000,35.671249389648440
2017-09-29,38.302501678466800,38.532501220703125,38.000000000000000,38.529998779296875,105199200,35.866733551025390
2017-10-02,38.564998626708984,38.612499237060550,38.180000305175780,38.452499389648440,74795200,35.794589996337890
2017-10-03,38.502498626708984,38.772499084472656,38.477500915527344,38.619998931884766,64921200,35.950511932373050
2017-10-04,38.407501220703125,38.465000152587890,38.115001678466800,38.369998931884766,80655200,35.717800140380860
2017-10-05,38.544998168945310,38.860000610351560,38.512500762939450,38.847499847412110,85135200,36.162284851074220
2017-10-06,38.742500305175780,38.872501373291016,38.639999389648440,38.825000762939450,69630400,36.141330718994140
2017-10-09,38.952499389648440,39.182498931884766,38.872501373291016,38.959999084472656,65051600,36.267002105712890
2017-10-10,39.014999389648440,39.500000000000000,38.775001525878906,38.974998474121094,62468000,36.280979156494140
2017-10-11,38.992500305175780,39.244998931884766,38.937500000000000,39.137500762939450,67622400,36.432250976562500
2017-10-12,39.087501525878906,39.342498779296875,38.932498931884766,39.000000000000000,64500400,36.304248809814450
2017-10-13,39.182498931884766,39.319999694824220,39.102500915527344,39.247501373291016,65576800,36.534633636474610
2017-10-16,39.474998474121094,40.000000000000000,39.412498474121094,39.970001220703125,96486000,37.207191467285156
2017-10-17,39.944999694824220,40.217498779296875,39.807498931884766,40.117500305175780,75989200,37.344501495361330
2017-10-18,40.104999542236330,40.177501678466800,39.900001525878906,39.939998626708984,65496800,37.179283142089844
2017-10-19,39.187500000000000,39.270000457763670,38.755001068115234,38.994998931884766,170336800,36.299591064453125
2017-10-20,39.152500152587890,39.437500000000000,38.990001678466800,39.062500000000000,95896400,36.362426757812500
2017-10-23,39.222499847412110,39.422500610351560,38.875000000000000,39.042499542236330,87937200,36.343807220458984
2017-10-24,39.072498321533200,39.354999542236330,39.049999237060550,39.275001525878906,71028800,36.560237884521484
2017-10-25,39.227500915527344,39.387500762939450,38.817501068115234,39.102500915527344,84828400,36.399662017822266
2017-10-26,39.307498931884766,39.457500457763670,39.194999694824220,39.352500915527344,68002000,36.632392883300780
2017-10-27,39.822498321533200,40.900001525878906,39.674999237060550,40.762500762939450,177816800,37.944915771484375
2017-10-30,40.972499847412110,42.017501831054690,40.930000305175780,41.680000305175780,178803200,38.798999786376950
2017-10-31,41.974998474121094,42.412498474121094,41.735000610351560,42.259998321533200,144187200,39.338905334472656
2017-11-01,42.467498779296875,42.485000610351560,41.402500152587890,41.722499847412110,134551200,38.838573455810550
2017-11-02,41.650001525878906,42.125000000000000,41.319999694824220,42.027500152587890,165573600,39.122489929199220
2017-11-03,43.500000000000000,43.564998626708984,42.779998779296875,43.125000000000000,237594400,40.144123077392580
2017-11-06,43.092498779296875,43.747501373291016,42.930000305175780,43.562500000000000,140105200,40.551380157470700
2017-11-07,43.477500915527344,43.812500000000000,43.400001525878906,43.702499389648440,97446000,40.681701660156250
2017-11-08,43.665000915527344,44.060001373291016,43.582500457763670,44.060001373291016,97638000,41.014492034912110
2017-11-09,43.777500152587890,44.025001525878906,43.284999847412110,43.970001220703125,117930400,40.930732727050780
2017-11-10,43.777500152587890,43.845001220703125,43.567501068115234,43.667499542236330,100582000,40.795253753662110
2017-11-13,43.375000000000000,43.625000000000000,43.349998474121094,43.492500305175780,67928400,40.631763458251950
2017-11-14,43.259998321533200,43.369998931884766,42.794998168945310,42.834999084472656,99130000,40.017498016357420
2017-11-15,42.492500305175780,42.580001831054690,42.095001220703125,42.270000457763670,116632400,39.489669799804690
2017-11-16,42.794998168945310,42.967498779296875,42.575000762939450,42.775001525878906,94550000,39.961452484130860
2017-11-17,42.759998321533200,42.847499847412110,42.409999847412110,42.537498474121094,87598000,39.739582061767580
2017-11-20,42.572498321533200,42.639999389648440,42.389999389648440,42.494998931884766,65049600,39.699863433837890
2017-11-21,42.694999694824220,43.424999237060550,42.694999694824220,43.284999847412110,100525200,40.437915802001950
2017-11-22,43.340000152587890,43.750000000000000,43.262500762939450,43.740001678466800,102355600,40.862983703613280
2017-11-24,43.775001525878906,43.875000000000000,43.662498474121094,43.742500305175780,56106800,40.865314483642580
2017-11-27,43.762500762939450,43.770000457763670,43.334999084472656,43.522499084472656,82867200,40.659790039062500
2017-11-28,43.575000762939450,43.717498779296875,42.965000152587890,43.267501831054690,105715200,40.421562194824220
2017-11-29,43.157501220703125,43.229999542236330,41.790000915527344,42.369998931884766,166665600,39.583080291748050
2017-11-30,42.607498168945310,43.034999847412110,42.110000610351560,42.962501525878906,166108800,40.136631011962890
2017-12-01,42.487499237060550,42.917499542236330,42.125000000000000,42.762500762939450,159037200,39.949779510498050
2017-12-04,43.119998931884766,43.154998779296875,42.407501220703125,42.450000762939450,130169600,39.657836914062500
2017-12-05,42.264999389648440,42.880001068115234,42.099998474121094,42.409999847412110,109400800,39.620456695556640
2017-12-06,41.875000000000000,42.549999237060550,41.615001678466800,42.252498626708984,114240000,39.473320007324220
2017-12-07,42.257499694824220,42.610000610351560,42.227500915527344,42.330001831054690,102693200,39.545730590820310
2017-12-08,42.622501373291016,42.750000000000000,42.205001831054690,42.342498779296875,93420800,39.557403564453125
2017-12-11,42.299999237060550,43.222499847412110,42.197498321533200,43.167499542236330,141095200,40.328147888183594
2017-12-12,43.037498474121094,43.097499847412110,42.865001678466800,42.924999237060550,77636800,40.101577758789060
2017-12-13,43.125000000000000,43.384998321533200,43.000000000000000,43.067501068115234,95273600,40.234718322753906
2017-12-14,43.099998474121094,43.282501220703125,42.912498474121094,43.055000305175780,81906000,40.223045349121094
2017-12-15,43.407501220703125,43.542499542236330,43.115001678466800,43.492500305175780,160677200,40.631763458251950
2017-12-18,43.720001220703125,44.299999237060550,43.715000152587890,44.104999542236330,117684400,41.203971862792970
2017-12-19,43.757499694824220,43.847499847412110,43.522499084472656,43.634998321533200,109745600,40.764881134033200
2017-12-20,43.717498779296875,43.854999542236330,43.312500000000000,43.587501525878906,93902400,40.720504760742190
2017-12-21,43.542499542236330,44.005001068115234,43.525001525878906,43.752498626708984,83799600,40.874660491943360
2017-12-22,43.669998168945310,43.854999542236330,43.625000000000000,43.752498626708984,65397600,40.874660491943360
2017-12-26,42.700000762939450,42.867500305175780,42.419998168945310,42.642501831054690,132742000,39.837680816650390
2017-12-27,42.525001525878906,42.694999694824220,42.427501678466800,42.650001525878906,85992800,39.844676971435550
2017-12-28,42.750000000000000,42.962501525878906,42.619998931884766,42.770000457763670,65920800,39.956783294677734
2017-12-29,42.630001068115234,42.647499084472656,42.305000305175780,42.307498931884766,103999600,39.524700164794920
2018-01-02,42.540000915527344,43.075000762939450,42.314998626708984,43.064998626708984,102223600,40.232376098632810
2018-01-03,43.132499694824220,43.637500762939450,42.990001678466800,43.057498931884766,118071600,40.225368499755860
2018-01-04,43.134998321533200,43.367500305175780,43.020000457763670,43.257499694824220,89738400,40.412208557128906
2018-01-05,43.360000610351560,43.842498779296875,43.262500762939450,43.750000000000000,94640000,40.872310638427734
2018-01-08,43.587501525878906,43.902500152587890,43.482498168945310,43.587501525878906,82271200,40.720504760742190
2018-01-09,43.637500762939450,43.764999389648440,43.352500915527344,43.582500457763670,86336000,40.715843200683594
2018-01-10,43.290000915527344,43.575000762939450,43.250000000000000,43.572498321533200,95839600,40.706489562988280
2018-01-11,43.647499084472656,43.872501373291016,43.622501373291016,43.819999694824220,74670800,40.937721252441406
2018-01-12,44.044998168945310,44.340000152587890,43.912498474121094,44.272499084472656,101672400,41.360454559326170
2018-01-16,44.474998474121094,44.847499847412110,44.034999847412110,44.047500610351560,118263600,41.150245666503906
2018-01-17,44.037498474121094,44.812500000000000,43.767501831054690,44.775001525878906,137547200,41.829902648925780
2018-01-18,44.842498779296875,45.025001525878906,44.562500000000000,44.814998626708984,124773600,41.867271423339844
2018-01-19,44.652500152587890,44.895000457763670,44.352500915527344,44.615001678466800,129700400,41.680416107177734
2018-01-22,44.325000762939450,44.444999694824220,44.150001525878906,44.250000000000000,108434400,41.339435577392580
2018-01-23,44.325000762939450,44.860000610351560,44.205001831054690,44.259998321533200,130756400,41.348781585693360
2018-01-24,44.312500000000000,44.325000762939450,43.299999237060550,43.555000305175780,204420400,40.690143585205080
2018-01-25,43.627498626708984,43.737499237060550,42.632499694824220,42.777500152587890,166116000,39.963790893554690
2018-01-26,43.000000000000000,43.000000000000000,42.514999389648440,42.877498626708984,156572000,40.057205200195310
2018-01-29,42.540000915527344,42.540000915527344,41.767501831054690,41.990001678466800,202561600,39.228096008300780
2018-01-30,41.382499694824220,41.842498779296875,41.174999237060550,41.742500305175780,184192800,38.996871948242190
2018-01-31,41.717498779296875,42.110000610351560,41.625000000000000,41.857498168945310,129915600,39.104309082031250
2018-02-01,41.792499542236330,42.154998779296875,41.689998626708984,41.944999694824220,188923200,39.186042785644530
2018-02-02,41.500000000000000,41.700000762939450,40.025001525878906,40.125000000000000,346375200,37.485767364501950
2018-02-05,39.775001525878906,40.970001220703125,39.000000000000000,39.122501373291016,290954000,36.549201965332030
2018-02-06,38.707500457763670,40.930000305175780,38.500000000000000,40.757499694824220,272975200,38.076656341552734
2018-02-07,40.772499084472656,40.849998474121094,39.767501831054690,39.884998321533200,206434400,37.261539459228516
2018-02-08,40.072498321533200,40.250000000000000,38.757499694824220,38.787498474121094,217562000,36.236236572265625
2018-02-09,39.267501831054690,39.472499847412110,37.560001373291016,39.102500915527344,282690400,36.679454803466800
2018-02-12,39.625000000000000,40.972499847412110,39.377498626708984,40.677501678466800,243278000,38.156852722167970
2018-02-13,40.487499237060550,41.187500000000000,40.412498474121094,41.084999084472656,130196800,38.539104461669920
2018-02-14,40.759998321533200,41.884998321533200,40.720001220703125,41.842498779296875,162579600,39.249671936035156
2018-02-15,42.447498321533200,43.272499084472656,42.250000000000000,43.247501373291016,204588800,40.567604064941406
2018-02-16,43.090000152587890,43.705001831054690,42.942501068115234,43.107498168945310,160704400,40.436275482177734
2018-02-20,43.012500762939450,43.564998626708984,42.854999542236330,42.962501525878906,135722000,40.300273895263670
2018-02-21,43.207500457763670,43.529998779296875,42.752498626708984,42.767501831054690,149886400,40.117347717285156
2018-02-22,42.950000762939450,43.487499237060550,42.927501678466800,43.125000000000000,123967600,40.452693939208984
2018-02-23,43.417499542236330,43.912498474121094,43.384998321533200,43.875000000000000,135249600,41.156227111816406
2018-02-26,44.087501525878906,44.847499847412110,44.052501678466800,44.742500305175780,152648800,41.969978332519530
2018-02-27,44.775001525878906,45.119998931884766,44.540000915527344,44.597499847412110,155712400,41.833950042724610
2018-02-28,44.814998626708984,45.154998779296875,44.512500762939450,44.529998779296875,151128400,41.770633697509766
2018-03-01,44.634998321533200,44.944999694824220,43.165000915527344,43.750000000000000,195208000,41.038951873779300
2018-03-02,43.200000762939450,44.075000762939450,43.112499237060550,44.052501678466800,153816000,41.322723388671875
2018-03-05,43.802501678466800,44.435001373291016,43.630001068115234,44.205001831054690,113605600,41.465774536132810
2018-03-06,44.477500915527344,44.562500000000000,44.032501220703125,44.167499542236330,95154000,41.430595397949220
2018-03-07,43.735000610351560,43.962501525878906,43.567501068115234,43.757499694824220,126814000,41.046009063720700
2018-03-08,43.869998931884766,44.279998779296875,43.767501831054690,44.235000610351560,95096400,41.493904113769530
2018-03-09,44.490001678466800,45.000000000000000,44.347499847412110,44.994998931884766,128740800,42.206806182861330
2018-03-12,45.072498321533200,45.597499847412110,45.052501678466800,45.430000305175780,128828400,42.614852905273440
2018-03-13,45.647499084472656,45.875000000000000,44.810001373291016,44.992500305175780,126774000,42.204475402832030
2018-03-14,45.080001831054690,45.130001068115234,44.452499389648440,44.610000610351560,117473600,41.845668792724610
2018-03-15,44.625000000000000,45.060001373291016,44.517501831054690,44.662498474121094,90975200,41.894912719726560
2018-03-16,44.662498474121094,44.779998779296875,44.404998779296875,44.505001068115234,157618800,41.747188568115234
2018-03-19,44.330001831054690,44.367500305175780,43.415000915527344,43.825000762939450,133787200,41.109310150146484
2018-03-20,43.810001373291016,44.200000762939450,43.735000610351560,43.810001373291016,78597600,41.095233917236330
2018-03-21,43.759998321533200,43.772499084472656,42.814998626708984,42.817501068115234,148219600,40.164245605468750
2018-03-22,42.500000000000000,43.169998168945310,42.150001525878906,42.212501525878906,165963200,39.596736907958984
2018-03-23,42.097499847412110,42.479999542236330,41.235000610351560,41.235000610351560,164115200,38.679821014404300
2018-03-26,42.017501831054690,43.275001525878906,41.610000610351560,43.192501068115234,150164800,40.516010284423830
2018-03-27,43.419998168945310,43.787498474121094,41.729999542236330,42.084999084472656,163690400,39.477134704589844
2018-03-28,41.812500000000000,42.505001068115234,41.297500610351560,41.619998931884766,166674000,39.040946960449220
2018-03-29,41.952499389648440,42.937500000000000,41.724998474121094,41.944999694824220,153594000,39.345809936523440
2018-04-02,41.659999847412110,42.235000610351560,41.117500305175780,41.669998168945310,150347200,39.087856292724610
2018-04-03,41.909999847412110,42.187500000000000,41.220001220703125,42.097499847412110,121112000,39.488842010498050
2018-04-04,41.220001220703125,43.002498626708984,41.192501068115234,42.902500152587890,138422000,40.243976593017580
2018-04-05,43.145000457763670,43.557498931884766,43.020000457763670,43.200000762939450,107732800,40.523044586181640
2018-04-06,42.742500305175780,43.119998931884766,42.049999237060550,42.095001220703125,140021200,39.486522674560550
2018-04-09,42.470001220703125,43.272499084472656,42.462501525878906,42.512500762939450,116070800,39.878143310546875
2018-04-10,43.250000000000000,43.500000000000000,42.882499694824220,43.312500000000000,113634400,40.628570556640625
2018-04-11,43.057498931884766,43.479999542236330,42.924999237060550,43.110000610351560,89726400,40.438621520996094
2018-04-12,43.352500915527344,43.750000000000000,43.259998321533200,43.534999847412110,91557200,40.837287902832030
2018-04-13,43.694999694824220,43.959999084472656,43.462501525878906,43.682498931884766,100497200,40.975654602050780
2018-04-16,43.757499694824220,44.047500610351560,43.707500457763670,43.955001831054690,86313600,41.231250762939450
2018-04-17,44.122501373291016,44.735000610351560,44.102500915527344,44.560001373291016,106421600,41.798789978027344
2018-04-18,44.452499389648440,44.705001831054690,44.220001220703125,44.459999084472656,83018000,41.704956054687500
2018-04-19,43.439998626708984,43.847499847412110,43.165000915527344,43.200000762939450,139235200,40.523044586181640
2018-04-20,42.650001525878906,42.805000305175780,41.357498168945310,41.430000305175780,261964400,38.862720489501950
2018-04-23,41.707500457763670,41.729999542236330,41.022499084472656,41.310001373291016,146062000,38.750167846679690
2018-04-24,41.417499542236330,41.582500457763670,40.305000305175780,40.735000610351560,134768000,38.210781097412110
2018-04-25,40.654998779296875,41.354999542236330,40.602500915527344,40.912498474121094,113528400,38.377292633056640
2018-04-26,41.029998779296875,41.432498931884766,40.842498779296875,41.055000305175780,111852000,38.510967254638670
2018-04-27,41.000000000000000,41.082500457763670,40.157501220703125,40.580001831054690,142623200,38.065399169921875
2018-04-30,40.532501220703125,41.814998626708984,40.459999084472656,41.314998626708984,169709600,38.754856109619140
2018-05-01,41.602500915527344,42.299999237060550,41.317501068115234,42.275001525878906,214277600,39.655364990234375
2018-05-02,43.807498931884766,44.437500000000000,43.450000762939450,44.142501831054690,266157600,41.407135009765625
2018-05-03,43.970001220703125,44.375000000000000,43.610000610351560,44.222499847412110,136272800,41.482177734375000
2018-05-04,44.562500000000000,46.062500000000000,44.542499542236330,45.957500457763670,224805200,43.109672546386720
2018-05-07,46.294998168945310,46.917499542236330,46.187500000000000,46.290000915527344,169805600,43.421569824218750
2018-05-08,46.247501373291016,46.555000305175780,45.917499542236330,46.512500762939450,113611200,43.630287170410156
2018-05-09,46.637500762939450,46.849998474121094,46.305000305175780,46.840000152587890,92844800,43.937484741210940
2018-05-10,46.935001373291016,47.592498779296875,46.912498474121094,47.509998321533200,111957200,44.565967559814450
2018-05-11,47.372501373291016,47.514999389648440,46.862499237060550,47.147499084472656,104848800,44.396469116210940
2018-05-14,47.252498626708984,47.382499694824220,46.965000152587890,47.037498474121094,83115200,44.292881011962890
2018-05-15,46.694999694824220,46.767501831054690,46.275001525878906,46.610000610351560,94780800,43.890342712402344
2018-05-16,46.517501831054690,47.115001678466800,46.500000000000000,47.044998168945310,76732400,44.299957275390625
2018-05-17,47.000000000000000,47.227500915527344,46.590000152587890,46.747501373291016,69176000,44.019809722900390
2018-05-18,46.797500610351560,46.952499389648440,46.532501220703125,46.577499389648440,73190800,43.859733581542970
2018-05-21,47.000000000000000,47.317501068115234,46.727500915527344,46.907501220703125,73603200,44.170482635498050
2018-05-22,47.095001220703125,47.220001220703125,46.694999694824220,46.790000915527344,60962800,44.059825897216800
2018-05-23,46.587501525878906,47.125000000000000,46.439998626708984,47.090000152587890,80233600,44.342319488525390
2018-05-24,47.192501068115234,47.209999084472656,46.552501678466800,47.037498474121094,92936000,44.292881011962890
2018-05-25,47.057498931884766,47.412498474121094,46.912498474121094,47.145000457763670,69844000,44.394115447998050
2018-05-29,46.900001525878906,47.187500000000000,46.717498779296875,46.974998474121094,90056400,44.234043121337890
2018-05-30,46.930000305175780,47.000000000000000,46.694999694824220,46.875000000000000,74762000,44.139873504638670
2018-05-31,46.805000305175780,47.057498931884766,46.534999847412110,46.717498779296875,109931200,43.991561889648440
2018-06-01,46.997501373291016,47.564998626708984,46.937500000000000,47.560001373291016,93770000,44.784900665283200
2018-06-04,47.909999847412110,48.354999542236330,47.837501525878906,47.957500457763670,105064800,45.159206390380860
2018-06-05,48.267501831054690,48.485000610351560,48.090000152587890,48.327499389648440,86264000,45.507625579833984
2018-06-06,48.407501220703125,48.520000457763670,47.979999542236330,48.494998931884766,83734400,45.665344238281250
2018-06-07,48.534999847412110,48.549999237060550,48.084999084472656,48.365001678466800,85388800,45.542942047119140
2018-06-08,47.792499542236330,48.000000000000000,47.442501068115234,47.924999237060550,106627200,45.128608703613280
2018-06-11,47.837501525878906,47.992500305175780,47.552501678466800,47.807498931884766,73234000,45.017963409423830
2018-06-12,47.847499847412110,48.152500152587890,47.787498474121094,48.069999694824220,67644400,45.265148162841800
2018-06-13,48.104999542236330,48.220001220703125,47.610000610351560,47.674999237060550,86553600,44.893199920654300
2018-06-14,47.887500762939450,47.892501831054690,47.555000305175780,47.700000762939450,86440400,44.916717529296875
2018-06-15,47.507499694824220,47.540000915527344,47.064998626708984,47.209999084472656,246876800,44.455341339111330
2018-06-18,46.970001220703125,47.305000305175780,46.799999237060550,47.185001373291016,73939600,44.431785583496094
2018-06-19,46.284999847412110,46.582500457763670,45.862499237060550,46.422500610351560,134314000,43.713779449462890
2018-06-20,46.587501525878906,46.799999237060550,46.432498931884766,46.625000000000000,82514800,43.904453277587890
2018-06-21,46.812500000000000,47.087501525878906,46.235000610351560,46.365001678466800,102847600,43.659629821777344
2018-06-22,46.529998779296875,46.537498474121094,46.174999237060550,46.229999542236330,108801600,43.532497406005860
2018-06-25,45.849998474121094,46.229999542236330,45.182498931884766,45.542499542236330,126652400,42.885128021240234
2018-06-26,45.747501373291016,46.632499694824220,45.634998321533200,46.107498168945310,98276800,43.417156219482420
2018-06-27,46.307498931884766,46.819999694824220,46.007499694824220,46.040000915527344,101141200,43.353595733642580
2018-06-28,46.025001525878906,46.552501678466800,45.950000762939450,46.375000000000000,69460800,43.669044494628906
2018-06-29,46.572498321533200,46.797500610351560,45.727500915527344,46.277500152587890,90950800,43.577247619628906
2018-07-02,45.955001831054690,46.825000762939450,45.854999542236330,46.794998168945310,70925200,44.064540863037110
2018-07-03,46.947498321533200,46.987499237060550,45.884998321533200,45.979999542236330,55819200,43.297096252441406
2018-07-05,46.314998626708984,46.602500915527344,46.069999694824220,46.349998474121094,66416800,43.645503997802734
2018-07-06,46.354999542236330,47.107498168945310,46.299999237060550,46.992500305175780,69940800,44.250511169433594
2018-07-09,47.375000000000000,47.669998168945310,47.325000762939450,47.645000457763670,79026400,44.864948272705080
2018-07-10,47.677501678466800,47.819999694824220,47.544998168945310,47.587501525878906,63756400,44.810798645019530
2018-07-11,47.125000000000000,47.444999694824220,46.902500152587890,46.970001220703125,75326000,44.229324340820310
2018-07-12,47.382499694824220,47.852500915527344,47.327499389648440,47.757499694824220,72164400,44.970867156982420
2018-07-13,47.770000457763670,47.959999084472656,47.724998474121094,47.832500457763670,50055600,45.041492462158200
2018-07-16,47.880001068115234,48.162498474121094,47.604999542236330,47.727500915527344,60172400,44.942634582519530
2018-07-17,47.437500000000000,47.967498779296875,47.299999237060550,47.862499237060550,62138000,45.069763183593750
2018-07-18,47.944999694824220,47.950000762939450,47.482498168945310,47.599998474121094,65573600,44.822563171386720
2018-07-19,47.422500610351560,48.137500762939450,47.422500610351560,47.970001220703125,81147200,45.170974731445310
2018-07-20,47.944999694824220,48.107498168945310,47.542499542236330,47.860000610351560,82704800,45.067405700683594
2018-07-23,47.669998168945310,47.990001678466800,47.389999389648440,47.902500152587890,63957600,45.107410430908200
2018-07-24,48.112499237060550,48.415000915527344,48.012500762939450,48.250000000000000,74791600,45.434638977050780
2018-07-25,48.264999389648440,48.712501525878906,48.107498168945310,48.705001831054690,66839600,45.863079071044920
2018-07-26,48.652500152587890,48.990001678466800,48.402500152587890,48.552501678466800,76304000,45.719490051269530
2018-07-27,48.747501373291016,48.797500610351560,47.525001525878906,47.744998931884766,96096000,44.959106445312500
2018-07-30,47.974998474121094,48.049999237060550,47.267501831054690,47.477500915527344,84118000,44.707218170166016
2018-07-31,47.575000762939450,48.034999847412110,47.334999084472656,47.572498321533200,157492000,44.796684265136720
2018-08-01,49.782501220703125,50.439998626708984,49.327499389648440,50.375000000000000,271742800,47.435646057128906
2018-08-02,50.145000457763670,52.095001220703125,50.087501525878906,51.847499847412110,249616000,48.822216033935550
2018-08-03,51.757499694824220,52.185001373291016,51.369998931884766,51.997501373291016,133789600,48.963481903076170
2018-08-06,52.000000000000000,52.312500000000000,51.767501831054690,52.267501831054690,101701600,49.217727661132810
2018-08-07,52.330001831054690,52.375000000000000,51.689998626708984,51.777500152587890,102349600,48.756309509277344
2018-08-08,51.512500762939450,51.952499389648440,51.130001068115234,51.812500000000000,90102000,48.789276123046875
2018-08-09,52.382499694824220,52.444999694824220,51.799999237060550,52.220001220703125,93970400,49.172992706298830
2018-08-10,51.840000152587890,52.275001525878906,51.667499542236330,51.882499694824220,98444800,49.026527404785156
2018-08-13,52.327499389648440,52.737499237060550,51.924999237060550,52.217498779296875,103563600,49.343082427978516
2018-08-14,52.540000915527344,52.639999389648440,52.064998626708984,52.437500000000000,82992000,49.550979614257810
2018-08-15,52.305000305175780,52.685001373291016,52.082500457763670,52.560001373291016,115230400,49.666736602783200
2018-08-16,52.937500000000000,53.452499389648440,52.867500305175780,53.330001831054690,114001600,50.394351959228516
2018-08-17,53.360000610351560,54.487499237060550,53.290000915527344,54.395000457763670,141708000,51.400718688964844
2018-08-20,54.525001525878906,54.794998168945310,53.777500152587890,53.865001678466800,121150800,50.899894714355470
2018-08-21,54.200000762939450,54.297500610351560,53.507499694824220,53.759998321533200,104639200,50.800670623779300
2018-08-22,53.525001525878906,54.090000152587890,53.459999084472656,53.762500762939450,76072400,50.803043365478516
2018-08-23,53.662498474121094,54.262500762939450,53.650001525878906,53.872501373291016,75532800,50.906982421875000
2018-08-24,54.150001525878906,54.224998474121094,53.777500152587890,54.040000915527344,73905600,51.065265655517580
2018-08-27,54.287498474121094,54.685001373291016,54.082500457763670,54.485000610351560,82100400,51.485767364501950
2018-08-28,54.752498626708984,55.134998321533200,54.729999542236330,54.924999237060550,91107200,51.901550292968750
2018-08-29,55.037498474121094,55.872501373291016,54.852500915527344,55.744998931884766,109019200,52.676410675048830
2018-08-30,55.812500000000000,57.064998626708984,55.599998474121094,56.257499694824220,195175200,53.160701751708984
2018-08-31,56.627498626708984,57.217498779296875,56.500000000000000,56.907501220703125,173360400,53.774913787841800
2018-09-04,57.102500915527344,57.294998168945310,56.657501220703125,57.090000152587890,109560400,53.947364807128906
2018-09-05,57.247501373291016,57.417499542236330,56.275001525878906,56.717498779296875,133332000,53.595367431640625
2018-09-06,56.557498931884766,56.837501525878906,55.325000762939450,55.775001525878906,137160000,52.704757690429690
2018-09-07,55.462501525878906,56.342498779296875,55.177501678466800,55.325000762939450,150479200,52.279537200927734
2018-09-10,55.237499237060550,55.462501525878906,54.117500305175780,54.582500457763670,158066000,51.577899932861330
2018-09-11,54.502498626708984,56.075000762939450,54.139999389648440,55.962501525878906,142996000,52.881942749023440
2018-09-12,56.235000610351560,56.250000000000000,54.959999084472656,55.267501831054690,197114800,52.225196838378906
2018-09-13,55.880001068115234,57.087501525878906,55.642501831054690,56.602500915527344,166825600,53.486701965332030
2018-09-14,56.437500000000000,56.709999084472656,55.630001068115234,55.959999084472656,127997200,52.879566192626950
2018-09-17,55.537498474121094,55.737499237060550,54.317501068115234,54.470001220703125,148780400,51.471591949462890
2018-09-18,54.447498321533200,55.462501525878906,54.279998779296875,54.560001373291016,126286800,51.556640625000000
2018-09-19,54.625000000000000,54.904998779296875,53.825000762939450,54.592498779296875,108495200,51.587348937988280
2018-09-20,55.060001373291016,55.569999694824220,54.787498474121094,55.007499694824220,106435200,51.979492187500000
2018-09-21,55.194999694824220,55.340000152587890,54.322498321533200,54.415000915527344,384986800,51.419620513916016
2018-09-24,54.205001831054690,55.314998626708984,54.157501220703125,55.197498321533200,110773600,52.159049987792970
2018-09-25,54.937500000000000,55.705001831054690,54.924999237060550,55.547500610351560,98217600,52.489784240722656
2018-09-26,55.250000000000000,55.937500000000000,54.939998626708984,55.104999542236330,95938800,52.071632385253906
2018-09-27,55.955001831054690,56.610000610351560,55.884998321533200,56.237499237060550,120724800,53.141796112060550
2018-09-28,56.197498321533200,56.459999084472656,56.005001068115234,56.435001373291016,91717600,53.328418731689450
2018-10-01,56.987499237060550,57.354999542236330,56.587501525878906,56.814998626708984,94403200,53.687507629394530
2018-10-02,56.812500000000000,57.500000000000000,56.657501220703125,57.319999694824220,99152800,54.164695739746094
2018-10-03,57.512500762939450,58.367500305175780,57.444999694824220,58.017501831054690,114619200,54.823825836181640
2018-10-04,57.694999694824220,58.087501525878906,56.682498931884766,56.997501373291016,128168000,53.859954833984375
2018-10-05,56.990001678466800,57.102500915527344,55.145000457763670,56.072498321533200,134322000,52.985885620117190
2018-10-08,55.552501678466800,56.200000762939450,55.049999237060550,55.942501068115234,118655600,52.863044738769530
2018-10-09,55.909999847412110,56.817501068115234,55.562500000000000,56.717498779296875,107564000,53.595367431640625
2018-10-10,56.365001678466800,56.587501525878906,54.012500762939450,54.090000152587890,167962400,51.112510681152344
2018-10-11,53.630001068115234,54.875000000000000,53.080001831054690,53.612499237060550,212497600,50.661304473876950
2018-10-12,55.104999542236330,55.720001220703125,54.209999084472656,55.527500152587890,161351600,52.470882415771484
2018-10-15,55.290000915527344,55.457500457763670,54.317501068115234,54.340000152587890,123164000,51.348754882812500
2018-10-16,54.732498168945310,55.747501373291016,54.189998626708984,55.537498474121094,116736000,52.480331420898440
2018-10-17,55.575000762939450,55.659999847412110,54.834999084472656,55.297500610351560,91541600,52.253536224365234
2018-10-18,54.465000152587890,54.935001373291016,53.250000000000000,54.005001068115234,130325200,51.032184600830080
2018-10-19,54.514999389648440,55.314998626708984,54.357498168945310,54.827499389648440,132314800,51.809417724609375
2018-10-22,54.947498321533200,55.840000152587890,54.735000610351560,55.162498474121094,115168400,52.125968933105470
2018-10-23,53.957500457763670,55.812500000000000,53.674999237060550,55.682498931884766,155071200,52.617343902587890
2018-10-24,55.650001525878906,56.057498931884766,53.634998321533200,53.772499084472656,163702000,50.812484741210940
2018-10-25,54.427501678466800,55.345001220703125,54.187500000000000,54.950000762939450,119423200,51.925174713134766
2018-10-26,53.974998474121094,55.047500610351560,53.167499542236330,54.075000762939450,189033600,51.098331451416016
2018-10-29,54.797500610351560,54.922500610351560,51.522499084472656,53.060001373291016,183742000,50.139213562011720
2018-10-30,52.787498474121094,53.794998168945310,52.317501068115234,53.325000762939450,146640000,50.389621734619140
2018-10-31,54.220001220703125,55.112499237060550,54.154998779296875,54.715000152587890,153435600,51.703098297119140
2018-11-01,54.762500762939450,55.590000152587890,54.202499389648440,55.555000305175780,233292800,52.496868133544920
2018-11-02,52.387500762939450,53.412498474121094,51.357498168945310,51.869998931884766,365314800,49.014717102050780
2018-11-05,51.075000762939450,51.097499847412110,49.542499542236330,50.397499084472656,264654800,47.623287200927734
2018-11-06,50.479999542236330,51.180000305175780,50.422500610351560,50.942501068115234,127531600,48.138275146484375
2018-11-07,51.492500305175780,52.514999389648440,51.032501220703125,52.487499237060550,133697600,49.598228454589844
2018-11-08,52.494998931884766,52.529998779296875,51.687500000000000,52.122501373291016,101450400,49.425174713134766
2018-11-09,51.387500762939450,51.502498626708984,50.562500000000000,51.117500305175780,137463200,48.472175598144530
2018-11-12,49.750000000000000,49.962501525878906,48.447498321533200,48.542499542236330,204542000,46.030433654785156
2018-11-13,47.907501220703125,49.294998168945310,47.862499237060550,48.057498931884766,187531600,45.570526123046875
2018-11-14,48.474998474121094,48.619998931884766,46.482498168945310,46.700000762939450,243204000,44.283271789550780
2018-11-15,47.097499847412110,47.992500305175780,46.724998474121094,47.852500915527344,185915200,45.376136779785156
2018-11-16,47.625000000000000,48.742500305175780,47.365001678466800,48.382499694824220,147713200,45.878711700439450
2018-11-19,47.500000000000000,47.674999237060550,46.247501373291016,46.465000152587890,167701200,44.060432434082030
2018-11-20,44.592498779296875,45.367500305175780,43.877498626708984,44.244998931884766,271300800,41.955322265625000
2018-11-21,44.932498931884766,45.067501068115234,44.137500762939450,44.194999694824220,124496800,41.907924652099610
2018-11-23,43.735000610351560,44.150001525878906,43.025001525878906,43.072498321533200,94496000,40.843505859375000
2018-11-26,43.560001373291016,43.737499237060550,42.564998626708984,43.654998779296875,179994000,41.395858764648440
2018-11-27,42.877498626708984,43.692501068115234,42.720001220703125,43.560001373291016,165549600,41.305782318115234
2018-11-28,44.182498931884766,45.322498321533200,43.732498168945310,45.235000610351560,184250000,42.894104003906250
2018-11-29,45.665000915527344,45.700000762939450,44.424999237060550,44.887500762939450,167080000,42.564579010009766
2018-11-30,45.072498321533200,45.082500457763670,44.257499694824220,44.645000457763670,158126000,42.334625244140625
2018-12-03,46.115001678466800,46.235000610351560,45.302501678466800,46.205001831054690,163210000,43.813911437988280
2018-12-04,45.237499237060550,45.597499847412110,44.067501068115234,44.172500610351560,165377200,41.886581420898440
2018-12-06,42.939998626708984,43.694999694824220,42.604999542236330,43.680000305175780,172393600,41.419567108154300
2018-12-07,43.372501373291016,43.622501373291016,42.075000762939450,42.122501373291016,169126400,39.942676544189450
2018-12-10,41.250000000000000,42.522499084472656,40.832500457763670,42.400001525878906,248104000,40.205818176269530
2018-12-11,42.915000915527344,42.947498321533200,41.750000000000000,42.157501220703125,189126800,39.975856781005860
2018-12-12,42.599998474121094,42.979999542236330,42.255001068115234,42.275001525878906,142510800,40.087268829345700
2018-12-13,42.622501373291016,43.142501831054690,42.387500762939450,42.737499237060550,127594400,40.525836944580080
2018-12-14,42.250000000000000,42.270000457763670,41.319999694824220,41.369998931884766,162814800,39.229110717773440
2018-12-17,41.362499237060550,42.087501525878906,40.682498931884766,40.985000610351560,177151600,38.864028930664060
2018-12-18,41.345001220703125,41.882499694824220,41.097499847412110,41.517501831054690,135366000,39.368991851806640
2018-12-19,41.500000000000000,41.862499237060550,39.772499084472656,40.222499847412110,196189200,38.140995025634766
2018-12-20,40.099998474121094,40.527500152587890,38.825000762939450,39.207500457763670,259092000,37.178527832031250
2018-12-21,39.215000152587890,39.540000915527344,37.407501220703125,37.682498931884766,382978400,35.732440948486330
2018-12-24,37.037498474121094,37.887500762939450,36.647499084472656,36.707500457763670,148676800,34.807895660400390
2018-12-26,37.075000762939450,39.307498931884766,36.680000305175780,39.292499542236330,234330000,37.259120941162110
2018-12-27,38.959999084472656,39.192501068115234,37.517501831054690,39.037498474121094,212468400,37.017314910888670
2018-12-28,39.375000000000000,39.630001068115234,38.637500762939450,39.057498931884766,169165600,37.036285400390625
2018-12-31,39.632499694824220,39.840000152587890,39.119998931884766,39.435001373291016,140014000,37.394252777099610
2019-01-02,38.722499847412110,39.712501525878906,38.557498931884766,39.479999542236330,148158800,37.436916351318360
2019-01-03,35.994998931884766,36.430000305175780,35.500000000000000,35.547500610351560,365248800,33.707927703857420
2019-01-04,36.132499694824220,37.137500762939450,35.950000762939450,37.064998626708984,234428400,35.146896362304690
2019-01-07,37.174999237060550,37.207500457763670,36.474998474121094,36.982498168945310,219111200,35.068668365478516
2019-01-08,37.389999389648440,37.955001831054690,37.130001068115234,37.687500000000000,164101200,35.737174987792970
2019-01-09,37.822498321533200,38.632499694824220,37.407501220703125,38.327499389648440,180396400,36.344051361083984
2019-01-10,38.125000000000000,38.492500305175780,37.715000152587890,38.450000762939450,143122800,36.460216522216800
2019-01-11,38.220001220703125,38.424999237060550,37.877498626708984,38.072498321533200,108092800,36.102260589599610
2019-01-14,37.712501525878906,37.817501068115234,37.305000305175780,37.500000000000000,129756800,35.559391021728516
2019-01-15,37.567501068115234,38.347499847412110,37.512500762939450,38.267501831054690,114843600,36.287162780761720
2019-01-16,38.270000457763670,38.970001220703125,38.250000000000000,38.735000610351560,122278800,36.730472564697266
2019-01-17,38.549999237060550,39.415000915527344,38.314998626708984,38.965000152587890,119284800,36.948566436767580
2019-01-18,39.375000000000000,39.470001220703125,38.994998931884766,39.205001831054690,135004000,37.176139831542970
2019-01-22,39.102500915527344,39.182498931884766,38.154998779296875,38.325000762939450,121576000,36.341690063476560
2019-01-23,38.537498474121094,38.784999847412110,37.924999237060550,38.479999542236330,92522400,36.488655090332030
2019-01-24,38.527500152587890,38.619998931884766,37.935001373291016,38.174999237060550,101766000,36.199451446533200
2019-01-25,38.869998931884766,39.532501220703125,38.580001831054690,39.439998626708984,134142000,37.398983001708984
2019-01-28,38.947498321533200,39.082500457763670,38.415000915527344,39.075000762939450,104768400,37.052875518798830
2019-01-29,39.062500000000000,39.532501220703125,38.527500152587890,38.669998168945310,166348800,36.668827056884766
2019-01-30,40.812500000000000,41.537498474121094,40.057498931884766,41.312500000000000,244439200,39.174575805664060
2019-01-31,41.527500152587890,42.250000000000000,41.139999389648440,41.610000610351560,162958400,39.456695556640625
2019-02-01,41.740001678466800,42.244998931884766,41.482498168945310,41.630001068115234,130672400,39.475650787353516
2019-02-04,41.852500915527344,42.915000915527344,41.819999694824220,42.812500000000000,125982000,40.596958160400390
2019-02-05,43.215000152587890,43.770000457763670,43.087501525878906,43.544998168945310,144406400,41.291553497314450
2019-02-06,43.662498474121094,43.892501831054690,43.212501525878906,43.560001373291016,112958400,41.305782318115234
2019-02-07,43.099998474121094,43.485000610351560,42.584999084472656,42.735000610351560,126966800,40.523471832275390
2019-02-08,42.247501373291016,42.665000915527344,42.104999542236330,42.602500915527344,95280000,40.571075439453125
2019-02-11,42.762500762939450,42.802501678466800,42.312500000000000,42.357498168945310,83973600,40.337768554687500
2019-02-12,42.525001525878906,42.750000000000000,42.424999237060550,42.722499847412110,89134000,40.685367584228516
2019-02-13,42.847499847412110,43.119998931884766,42.479999542236330,42.544998168945310,89960800,40.516330718994140
2019-02-14,42.427501678466800,42.814998626708984,42.345001220703125,42.700000762939450,87342800,40.663948059082030
2019-02-15,42.812500000000000,42.924999237060550,42.437500000000000,42.604999542236330,98507200,40.573459625244140
2019-02-19,42.427501678466800,42.860000610351560,42.372501373291016,42.732498168945310,75891200,40.694892883300780
2019-02-20,42.797500610351560,43.330001831054690,42.747501373291016,43.007499694824220,104457600,40.956768035888670
2019-02-21,42.950000762939450,43.092498779296875,42.575000762939450,42.764999389648440,68998800,40.725845336914060
2019-02-22,42.895000457763670,43.250000000000000,42.845001220703125,43.242500305175780,75652800,41.180572509765625
2019-02-25,43.540000915527344,43.967498779296875,43.487499237060550,43.557498931884766,87493600,41.480548858642580
2019-02-26,43.427501678466800,43.825000762939450,43.292499542236330,43.582500457763670,68280800,41.504356384277344
2019-02-27,43.302501678466800,43.750000000000000,43.182498931884766,43.717498779296875,111341600,41.632926940917970
2019-02-28,43.580001831054690,43.727500915527344,43.229999542236330,43.287498474121094,112861600,41.223423004150390
2019-03-01,43.569999694824220,43.787498474121094,43.222499847412110,43.742500305175780,103544800,41.656723022460940
2019-03-04,43.922500610351560,44.437500000000000,43.492500305175780,43.962501525878906,109744800,41.866245269775390
2019-03-05,43.985000610351560,44.000000000000000,43.634998321533200,43.882499694824220,78949600,41.790054321289060
2019-03-06,43.667499542236330,43.872501373291016,43.485000610351560,43.630001068115234,83241600,41.549591064453125
2019-03-07,43.467498779296875,43.610000610351560,43.005001068115234,43.125000000000000,99185600,41.068668365478516
2019-03-08,42.580001831054690,43.267501831054690,42.375000000000000,43.227500915527344,95997600,41.166286468505860
2019-03-11,43.872501373291016,44.779998779296875,43.837501525878906,44.724998474121094,128044000,42.592380523681640
2019-03-12,45.000000000000000,45.667499542236330,44.842498779296875,45.227500915527344,129870400,43.070911407470700
2019-03-13,45.562500000000000,45.825000762939450,45.229999542236330,45.427501678466800,124130000,43.261383056640625
2019-03-14,45.974998474121094,46.025001525878906,45.639999389648440,45.932498931884766,94318000,43.742301940917970
2019-03-15,46.212501525878906,46.832500457763670,45.935001373291016,46.529998779296875,156171600,44.311302185058594
2019-03-18,46.450000762939450,47.097499847412110,46.447498321533200,47.005001068115234,104879200,44.763668060302734
2019-03-19,47.087501525878906,47.247501373291016,46.479999542236330,46.632499694824220,126585600,44.408924102783200
2019-03-20,46.557498931884766,47.372501373291016,46.182498931884766,47.040000915527344,124140800,44.796993255615234
2019-03-21,47.505001068115234,49.082500457763670,47.452499389648440,48.772499084472656,204136800,46.446872711181640
2019-03-22,48.834999084472656,49.422500610351560,47.694999694824220,47.762500762939450,169630800,45.485046386718750
2019-03-25,47.877498626708984,47.994998931884766,46.650001525878906,47.185001373291016,175381200,44.935096740722656
2019-03-26,47.915000915527344,48.220001220703125,46.145000457763670,46.697498321533200,199202000,44.470817565917970
2019-03-27,47.187500000000000,47.439998626708984,46.637500762939450,47.117500305175780,119393600,44.870803833007810
2019-03-28,47.237499237060550,47.389999389648440,46.882499694824220,47.180000305175780,83121600,44.930309295654300
2019-03-29,47.457500457763670,47.520000457763670,47.134998321533200,47.487499237060550,94256000,45.223155975341800
2019-04-01,47.909999847412110,47.919998168945310,47.095001220703125,47.810001373291016,111448000,45.530273437500000
2019-04-02,47.772499084472656,48.615001678466800,47.762500762939450,48.505001068115234,91062800,46.192138671875000
2019-04-03,48.312500000000000,49.125000000000000,48.287498474121094,48.837501525878906,93087200,46.508789062500000
2019-04-04,48.697498321533200,49.092498779296875,48.284999847412110,48.922500610351560,76457200,46.589736938476560
2019-04-05,49.112499237060550,49.275001525878906,48.982498168945310,49.250000000000000,74106400,46.901607513427734
2019-04-08,49.104999542236330,50.057498931884766,49.084999084472656,50.025001525878906,103526800,47.639652252197266
2019-04-09,50.080001831054690,50.712501525878906,49.807498931884766,49.875000000000000,143072800,47.496807098388670
2019-04-10,49.669998168945310,50.185001373291016,49.544998168945310,50.154998779296875,86781200,47.763458251953125
2019-04-11,50.212501525878906,50.250000000000000,49.610000610351560,49.737499237060550,83603200,47.365863800048830
2019-04-12,49.799999237060550,50.034999847412110,49.052501678466800,49.717498779296875,111042800,47.346836090087890
2019-04-15,49.645000457763670,49.962501525878906,49.502498626708984,49.807498931884766,70146400,47.432518005371094
2019-04-16,49.865001678466800,50.342498779296875,49.639999389648440,49.812500000000000,102785600,47.437290191650390
2019-04-17,49.884998321533200,50.845001220703125,49.652500152587890,50.782501220703125,115627200,48.361034393310550
2019-04-18,50.779998779296875,51.037498474121094,50.630001068115234,50.965000152587890,96783200,48.534832000732420
2019-04-22,50.707500457763670,51.235000610351560,50.584999084472656,51.132499694824220,77758000,48.694351196289060
2019-04-23,51.107498168945310,51.937500000000000,50.974998474121094,51.869998931884766,93292000,49.396686553955080
2019-04-24,51.840000152587890,52.119998931884766,51.762500762939450,51.790000915527344,70162400,49.320514678955080
2019-04-25,51.707500457763670,51.939998626708984,51.279998779296875,51.319999694824220,74172800,48.872913360595700
2019-04-26,51.224998474121094,51.250000000000000,50.529998779296875,51.075000762939450,74596400,48.639602661132810
2019-04-29,51.099998474121094,51.492500305175780,50.965000152587890,51.152500152587890,88818800,48.713390350341800
2019-04-30,50.764999389648440,50.849998474121094,49.777500152587890,50.167499542236330,186139600,47.775371551513670
2019-05-01,52.470001220703125,53.827499389648440,52.307498931884766,52.630001068115234,259309200,50.120449066162110
2019-05-02,52.459999084472656,53.162498474121094,52.032501220703125,52.287498474121094,127985200,49.794284820556640
2019-05-03,52.722499847412110,52.959999084472656,52.557498931884766,52.937500000000000,83569600,50.413299560546875
2019-05-06,51.072498321533200,52.209999084472656,50.875000000000000,52.119998931884766,129772400,49.634769439697266
2019-05-07,51.470001220703125,51.854999542236330,50.207500457763670,50.715000152587890,155054800,48.296760559082030
2019-05-08,50.474998474121094,51.334999084472656,50.437500000000000,50.724998474121094,105358000,48.306285858154300
2019-05-09,50.099998474121094,50.419998168945310,49.165000915527344,50.180000305175780,139634400,47.787265777587890
2019-05-10,49.354999542236330,49.712501525878906,48.192501068115234,49.294998168945310,164834800,47.125247955322266
2019-05-13,46.927501678466800,47.369998931884766,45.712501525878906,46.430000305175780,229722400,44.386352539062500
2019-05-14,46.602500915527344,47.424999237060550,46.352500915527344,47.165000915527344,146118800,45.088996887207030
2019-05-15,46.567501068115234,47.937500000000000,46.505001068115234,47.729999542236330,106178800,45.629135131835940
2019-05-16,47.477500915527344,48.117500305175780,47.209999084472656,47.520000457763670,132125600,45.428386688232420
2019-05-17,46.732498168945310,47.724998474121094,46.689998626708984,47.250000000000000,131516400,45.170272827148440
2019-05-20,45.880001068115234,46.087501525878906,45.069999694824220,45.772499084472656,154449200,43.757793426513670
2019-05-21,46.305000305175780,47.000000000000000,46.174999237060550,46.650001525878906,113459200,44.596683502197266
2019-05-22,46.165000915527344,46.427501678466800,45.637500762939450,45.694999694824220,118994400,43.683715820312500
2019-05-23,44.950000762939450,45.134998321533200,44.452499389648440,44.915000915527344,146118800,42.938037872314450
2019-05-24,45.049999237060550,45.534999847412110,44.654998779296875,44.742500305175780,94858800,42.773132324218750
2019-05-28,44.729999542236330,45.147499084472656,44.477500915527344,44.557498931884766,111792800,42.596279144287110
2019-05-29,44.104999542236330,44.837501525878906,44.000000000000000,44.345001220703125,113924800,42.393123626708984
2019-05-30,44.487499237060550,44.807498931884766,44.167499542236330,44.575000762939450,84873600,42.613010406494140
2019-05-31,44.057498931884766,44.497501373291016,43.747501373291016,43.767501831054690,108174400,41.841041564941406
2019-06-03,43.900001525878906,44.479999542236330,42.567501068115234,43.325000762939450,161584400,41.418014526367190
2019-06-04,43.860000610351560,44.957500457763670,43.630001068115234,44.909999847412110,123872000,42.933269500732420
2019-06-05,46.069999694824220,46.247501373291016,45.284999847412110,45.634998321533200,119093600,43.626335144042970
2019-06-06,45.770000457763670,46.367500305175780,45.537498474121094,46.305000305175780,90105200,44.266857147216800
2019-06-07,46.627498626708984,47.979999542236330,46.442501068115234,47.537498474121094,122737600,45.445102691650390
2019-06-10,47.952499389648440,48.842498779296875,47.904998779296875,48.145000457763670,104883600,46.025867462158200
2019-06-11,48.715000152587890,49.000000000000000,48.400001525878906,48.702499389648440,107731600,46.558830261230470
2019-06-12,48.487499237060550,48.992500305175780,48.347499847412110,48.547500610351560,73012800,46.410659790039060
2019-06-13,48.674999237060550,49.197498321533200,48.400001525878906,48.537498474121094,86698400,46.401100158691406
2019-06-14,47.887500762939450,48.397499084472656,47.575000762939450,48.185001373291016,75046000,46.064117431640625
2019-06-17,48.224998474121094,48.740001678466800,48.042499542236330,48.472499847412110,58676400,46.338951110839844
2019-06-18,49.012500762939450,50.072498321533200,48.802501678466800,49.612499237060550,106204000,47.428779602050780
2019-06-19,49.919998168945310,49.970001220703125,49.327499389648440,49.467498779296875,84496800,47.290161132812500
2019-06-20,50.092498779296875,50.152500152587890,49.507499694824220,49.865001678466800,86056000,47.670173645019530
2019-06-21,49.700000762939450,50.212501525878906,49.537498474121094,49.694999694824220,191202400,47.507644653320310
2019-06-24,49.634998321533200,50.040000915527344,49.542499542236330,49.645000457763670,72881600,47.459850311279300
2019-06-25,49.607498168945310,49.814998626708984,48.822498321533200,48.892501831054690,84281200,46.740467071533200
2019-06-26,49.442501068115234,50.247501373291016,49.337501525878906,49.950000762939450,104270000,47.751419067382810
2019-06-27,50.072498321533200,50.392501831054690,49.892501831054690,49.935001373291016,83598800,47.737087249755860
2019-06-28,49.669998168945310,49.875000000000000,49.262500762939450,49.479999542236330,124442400,47.302104949951170
2019-07-01,50.792499542236330,51.122501373291016,50.162498474121094,50.387500762939450,109012000,48.169666290283200
2019-07-02,50.352500915527344,50.782501220703125,50.340000152587890,50.682498931884766,67740800,48.451675415039060
2019-07-03,50.819999694824220,51.110000610351560,50.672500610351560,51.102500915527344,45448000,48.853199005126950
2019-07-05,50.837501525878906,51.270000457763670,50.724998474121094,51.057498931884766,69062000,48.810184478759766
2019-07-08,50.202499389648440,50.349998474121094,49.602500915527344,50.005001068115234,101354400,47.804004669189450
2019-07-09,49.799999237060550,50.377498626708984,49.702499389648440,50.310001373291016,82312000,48.095577239990234
2019-07-10,50.462501525878906,50.932498931884766,50.389999389648440,50.807498931884766,71588400,48.571186065673830
2019-07-11,50.827499389648440,51.097499847412110,50.427501678466800,50.437500000000000,80767200,48.217456817626950
2019-07-12,50.612499237060550,51.000000000000000,50.549999237060550,50.825000762939450,70380800,48.587913513183594
2019-07-15,51.022499084472656,51.467498779296875,51.000000000000000,51.302501678466800,67789600,49.044384002685550
2019-07-16,51.147499084472656,51.527500152587890,50.875000000000000,51.125000000000000,67467200,48.874702453613280
2019-07-17,51.012500762939450,51.272499084472656,50.817501068115234,50.837501525878906,56430000,48.599857330322266
2019-07-18,51.000000000000000,51.470001220703125,50.924999237060550,51.415000915527344,74162400,49.151935577392580
2019-07-19,51.447498321533200,51.625000000000000,50.590000152587890,50.647499084472656,83717200,48.418209075927734
2019-07-22,50.912498474121094,51.807498931884766,50.902500152587890,51.805000305175780,89111600,49.524772644042970
2019-07-23,52.115001678466800,52.227500915527344,51.822498321533200,52.209999084472656,73420800,49.911941528320310
2019-07-24,51.917499542236330,52.287498474121094,51.792499542236330,52.167499542236330,59966400,49.871307373046875
2019-07-25,52.222499847412110,52.310001373291016,51.682498931884766,51.755001068115234,55638400,49.476970672607420
2019-07-26,51.869998931884766,52.432498931884766,51.784999847412110,51.935001373291016,70475600,49.649040222167970
2019-07-29,52.115001678466800,52.659999847412110,52.110000610351560,52.419998168945310,86693600,50.112697601318360
2019-07-30,52.189998626708984,52.540000915527344,51.827499389648440,52.194999694824220,135742800,49.897602081298830
2019-07-31,54.104999542236330,55.342498779296875,52.825000762939450,53.259998321533200,277125600,50.915729522705080
2019-08-01,53.474998474121094,54.507499694824220,51.685001373291016,52.107498168945310,216071600,49.813961029052734
2019-08-02,51.382499694824220,51.607498168945310,50.407501220703125,51.005001068115234,163448400,48.759979248046875
2019-08-05,49.497501373291016,49.662498474121094,48.145000457763670,48.334999084472656,209572000,46.207508087158200
2019-08-06,49.077499389648440,49.517501831054690,48.509998321533200,49.250000000000000,143299200,47.082237243652344
2019-08-07,48.852500915527344,49.889999389648440,48.455001831054690,49.759998321533200,133457600,47.569782257080080
2019-08-08,50.049999237060550,50.882499694824220,49.847499847412110,50.857498168945310,108038000,48.618965148925780
2019-08-09,50.325000762939450,50.689998626708984,49.822498321533200,50.247501373291016,98478800,48.218341827392580
2019-08-12,49.904998779296875,50.512500762939450,49.787498474121094,50.119998931884766,89927600,48.095981597900390
2019-08-13,50.255001068115234,53.034999847412110,50.119998931884766,52.242500305175780,188874000,50.132766723632810
2019-08-14,50.790000915527344,51.610000610351560,50.647499084472656,50.687500000000000,146189600,48.640571594238280
2019-08-15,50.865001678466800,51.284999847412110,49.917499542236330,50.435001373291016,108909600,48.398265838623050
2019-08-16,51.069999694824220,51.790000915527344,50.959999084472656,51.625000000000000,110481600,49.540203094482420
2019-08-19,52.654998779296875,53.182498931884766,52.507499694824220,52.587501525878906,97654400,50.463844299316406
2019-08-20,52.720001220703125,53.337501525878906,52.580001831054690,52.590000152587890,107537200,50.466239929199220
2019-08-21,53.247501373291016,53.412498474121094,52.900001525878906,53.159999847412110,86141600,51.013217926025390
2019-08-22,53.297500610351560,53.610000610351560,52.687500000000000,53.115001678466800,89014800,50.970039367675780
2019-08-23,52.357498168945310,53.012500762939450,50.250000000000000,50.659999847412110,187272000,48.614177703857420
2019-08-26,51.465000152587890,51.797500610351560,51.264999389648440,51.622501373291016,104174400,49.537807464599610
2019-08-27,51.965000152587890,52.137500762939450,50.882499694824220,51.040000915527344,103493200,48.978836059570310
2019-08-28,51.025001525878906,51.430000305175780,50.830001831054690,51.382499694824220,63755200,49.307498931884766
2019-08-29,52.125000000000000,52.330001831054690,51.665000915527344,52.252498626708984,83962000,50.142368316650390
2019-08-30,52.540000915527344,52.612499237060550,51.799999237060550,52.185001373291016,84573600,50.077598571777344
2019-09-03,51.607498168945310,51.744998931884766,51.055000305175780,51.424999237060550,80092000,49.348285675048830
2019-09-04,52.097499847412110,52.369998931884766,51.830001831054690,52.297500610351560,76752400,50.185554504394530
2019-09-05,53.000000000000000,53.492500305175780,52.877498626708984,53.319999694824220,95654800,51.166774749755860
2019-09-06,53.512500762939450,53.604999542236330,53.127498626708984,53.314998626708984,77449200,51.161964416503906
2019-09-09,53.709999084472656,54.110000610351560,52.767501831054690,53.542499542236330,109237600,51.380271911621094
2019-09-10,53.465000152587890,54.194999694824220,52.927501678466800,54.174999237060550,127111600,51.987224578857420
2019-09-11,54.517501831054690,55.927501678466800,54.432498931884766,55.897499084472656,177158400,53.640167236328125
2019-09-12,56.200000762939450,56.604999542236330,55.715000152587890,55.772499084472656,128906800,53.520214080810550
2019-09-13,55.000000000000000,55.197498321533200,54.255001068115234,54.687500000000000,159053200,52.479030609130860
2019-09-16,54.432498931884766,55.032501220703125,54.389999389648440,54.974998474121094,84632400,52.754920959472656
2019-09-17,54.990001678466800,55.205001831054690,54.779998779296875,55.174999237060550,73274800,52.946842193603516
2019-09-18,55.264999389648440,55.712501525878906,54.860000610351560,55.692501068115234,101360000,53.443450927734375
2019-09-19,55.502498626708984,55.939998626708984,55.092498779296875,55.240001678466800,88242400,53.009223937988280
2019-09-20,55.345001220703125,55.639999389648440,54.367500305175780,54.432498931884766,221652400,52.234336853027344
2019-09-23,54.737499237060550,54.959999084472656,54.412498474121094,54.680000305175780,76662000,52.471843719482420
2019-09-24,55.257499694824220,55.622501373291016,54.297500610351560,54.419998168945310,124763200,52.222332000732420
2019-09-25,54.637500762939450,55.375000000000000,54.284999847412110,55.257499694824220,87613600,53.026027679443360
2019-09-26,55.000000000000000,55.235000610351560,54.707500457763670,54.972499847412110,75334000,52.752521514892580
2019-09-27,55.134998321533200,55.240001678466800,54.319999694824220,54.705001831054690,101408000,52.495834350585940
2019-09-30,55.224998474121094,56.145000457763670,55.197498321533200,55.992500305175780,103909600,53.731338500976560
2019-10-01,56.267501831054690,57.055000305175780,56.049999237060550,56.147499084472656,139223200,53.880077362060550
2019-10-02,55.764999389648440,55.895000457763670,54.482498168945310,54.740001678466800,138449200,52.529407501220700
2019-10-03,54.607498168945310,55.240001678466800,53.782501220703125,55.205001831054690,114426000,52.975631713867190
2019-10-04,56.409999847412110,56.872501373291016,55.972499847412110,56.752498626708984,138478800,54.460639953613280
2019-10-07,56.567501068115234,57.482498168945310,56.459999084472656,56.764999389648440,122306000,54.472633361816406
2019-10-08,56.455001831054690,57.014999389648440,56.082500457763670,56.099998474121094,111820000,53.834491729736330
2019-10-09,56.757499694824220,56.947498321533200,56.409999847412110,56.757499694824220,74770400,54.465446472167970
2019-10-10,56.982498168945310,57.610000610351560,56.825000762939450,57.522499084472656,113013600,55.199546813964844
2019-10-11,58.237499237060550,59.409999847412110,58.077499389648440,59.052501678466800,166795600,56.667751312255860
2019-10-14,58.724998474121094,59.532501220703125,58.667499542236330,58.967498779296875,96427600,56.586204528808594
2019-10-15,59.097499847412110,59.412498474121094,58.720001220703125,58.830001831054690,87360000,56.454250335693360
2019-10-16,58.342498779296875,58.810001373291016,58.299999237060550,58.592498779296875,73903200,56.226337432861330
2019-10-17,58.772499084472656,59.037498474121094,58.380001068115234,58.819999694824220,67585200,56.444648742675780
2019-10-18,58.647499084472656,59.395000457763670,58.572498321533200,59.102500915527344,97433600,56.715740203857420
2019-10-21,59.380001068115234,60.247501373291016,59.330001831054690,60.127498626708984,87247200,57.699348449707030
2019-10-22,60.290000915527344,60.549999237060550,59.904998779296875,59.990001678466800,82293600,57.567405700683594
2019-10-23,60.525001525878906,60.810001373291016,60.305000305175780,60.794998168945310,75828800,58.339881896972656
2019-10-24,61.127498626708984,61.200000762939450,60.452499389648440,60.895000457763670,69275200,58.435848236083984
2019-10-25,60.790000915527344,61.682498931884766,60.720001220703125,61.645000457763670,73477200,59.155563354492190
2019-10-28,61.854999542236330,62.312500000000000,61.680000305175780,62.262500762939450,96572800,59.748126983642580
2019-10-29,62.242500305175780,62.437500000000000,60.642501831054690,60.822498321533200,142839600,58.366279602050780
2019-10-30,61.189998626708984,61.325000762939450,60.302501678466800,60.814998626708984,124522000,58.359085083007810
2019-10-31,61.810001373291016,62.292499542236330,59.314998626708984,62.189998626708984,139162000,59.678550720214844
2019-11-01,62.384998321533200,63.982498168945310,62.290000915527344,63.955001831054690,151125200,61.372272491455080
2019-11-04,64.332496643066400,64.462501525878900,63.845001220703125,64.375000000000000,103272000,61.775318145751950
2019-11-05,64.262496948242190,64.547500610351560,64.080001831054690,64.282501220703120,79897600,61.686561584472656
2019-11-06,64.192497253417970,64.372497558593750,63.842498779296875,64.309997558593750,75864400,61.712947845458984
2019-11-07,64.684997558593750,65.087501525878900,64.527496337890620,64.857498168945310,94940400,62.425189971923830
2019-11-08,64.672500610351560,65.110000610351560,64.212501525878900,65.035003662109380,69986400,62.596038818359375
2019-11-11,64.574996948242190,65.617500305175780,64.569999694824220,65.550003051757810,81821200,63.091724395751950
2019-11-12,65.387496948242190,65.697502136230470,65.230003356933600,65.489997863769530,87388800,63.033973693847656
2019-11-13,65.282501220703120,66.194999694824220,65.267501831054690,66.117500305175780,102734400,63.637947082519530
2019-11-14,65.937500000000000,66.220001220703120,65.525001525878900,65.660003662109380,89182800,63.197589874267580
2019-11-15,65.919998168945310,66.444999694824220,65.752502441406250,66.440002441406250,100206400,63.948360443115234
2019-11-18,66.449996948242190,66.857498168945310,66.057502746582030,66.775001525878900,86703200,64.270790100097660
2019-11-19,66.974998474121100,67.000000000000000,66.347503662109380,66.572502136230470,76167200,64.075874328613280
2019-11-20,66.385002136230470,66.519996643066400,65.099998474121100,65.797500610351560,106234400,63.329940795898440
2019-11-21,65.922500610351560,66.002502441406250,65.294998168945310,65.502502441406250,121395200,63.045997619628906
2019-11-22,65.647499084472660,65.794998168945310,65.209999084472660,65.444999694824220,65325200,62.990665435791016
2019-11-25,65.677497863769530,66.610000610351560,65.629997253417970,66.592498779296880,84020400,64.095115661621100
2019-11-26,66.735000610351560,66.790000915527340,65.625000000000000,66.072502136230470,105207600,63.594638824462890
2019-11-27,66.394996643066400,66.995002746582030,66.327499389648440,66.959999084472660,65235600,64.448837280273440
2019-11-29,66.650001525878900,67.000000000000000,66.474998474121100,66.812500000000000,46617600,64.306861877441400
2019-12-02,66.817497253417970,67.062500000000000,65.862503051757810,66.040000915527340,94487200,63.563331604003906
2019-12-03,64.577499389648440,64.882499694824220,64.072502136230470,64.862503051757810,114430400,62.430007934570310
2019-12-04,65.267501831054690,65.827499389648440,65.169998168945310,65.434997558593750,67181600,62.981029510498050
2019-12-05,65.947502136230470,66.472503662109380,65.682502746582030,66.394996643066400,74424400,63.905006408691406
2019-12-06,66.870002746582030,67.750000000000000,66.824996948242190,67.677497863769530,106075600,65.139411926269530
2019-12-09,67.500000000000000,67.699996948242190,66.227500915527340,66.730003356933600,128042400,64.227447509765620
2019-12-10,67.150001525878900,67.517501831054690,66.464996337890620,67.120002746582030,90420400,64.602821350097660
2019-12-11,67.202499389648440,67.775001525878900,67.125000000000000,67.692497253417970,78756800,65.153877258300780
2019-12-12,66.944999694824220,68.139999389648440,66.830001831054690,67.864997863769530,137310400,65.319908142089840
2019-12-13,67.864997863769530,68.824996948242190,67.732498168945310,68.787498474121100,133587600,66.207794189453120
2019-12-16,69.250000000000000,70.197502136230470,69.245002746582030,69.964996337890620,128186000,67.341148376464840
2019-12-17,69.892501831054690,70.442497253417970,69.699996948242190,70.102500915527340,114158400,67.473480224609380
2019-12-18,69.949996948242190,70.474998474121100,69.779998779296880,69.934997558593750,116028400,67.312263488769530
2019-12-19,69.875000000000000,70.294998168945310,69.737503051757810,70.004997253417970,98369200,67.379653930664060
2019-12-20,70.557502746582030,70.662498474121100,69.639999389648440,69.860000610351560,275978000,67.240089416503900
2019-12-23,70.132499694824220,71.062500000000000,70.092498779296880,71.000000000000000,98572000,68.337341308593750
2019-12-24,71.172500610351560,71.222503662109380,70.730003356933600,71.067497253417970,48478800,68.402297973632810
2019-12-26,71.205001831054690,72.495002746582030,71.175003051757810,72.477500915527340,93121200,69.759414672851560
2019-12-27,72.779998779296880,73.492500305175780,72.029998779296880,72.449996948242190,146266000,69.732955932617190
2019-12-30,72.364997863769530,73.172500610351560,71.305000305175780,72.879997253417970,144114400,70.146827697753900
2019-12-31,72.482498168945310,73.419998168945310,72.379997253417970,73.412498474121100,100805600,70.659347534179690
2020-01-02,74.059997558593750,75.150001525878900,73.797500610351560,75.087501525878900,135480400,72.271545410156250
2020-01-03,74.287498474121100,75.144996643066400,74.125000000000000,74.357498168945310,146322800,71.568923950195310
2020-01-06,73.447502136230470,74.989997863769530,73.187500000000000,74.949996948242190,118387200,72.139198303222660
2020-01-07,74.959999084472660,75.224998474121100,74.370002746582030,74.597503662109380,108872000,71.799919128417970
2020-01-08,74.290000915527340,76.110000610351560,74.290000915527340,75.797500610351560,132079200,72.954887390136720
2020-01-09,76.809997558593750,77.607498168945310,76.550003051757810,77.407501220703120,170108400,74.504539489746100
2020-01-10,77.650001525878900,78.167503356933600,77.062500000000000,77.582496643066400,140644800,74.672966003417970
2020-01-13,77.910003662109380,79.267501831054690,77.787498474121100,79.239997863769530,121532000,76.268310546875000
2020-01-14,79.175003051757810,79.392501831054690,78.042503356933600,78.169998168945310,161954400,75.238449096679690
2020-01-15,77.962501525878900,78.875000000000000,77.387496948242190,77.834999084472660,121923600,74.915992736816400
2020-01-16,78.397499084472660,78.925003051757810,78.022499084472660,78.809997558593750,108829200,75.854431152343750
2020-01-17,79.067497253417970,79.684997558593750,78.750000000000000,79.682502746582030,137816400,76.694213867187500
2020-01-21,79.297500610351560,79.754997253417970,79.000000000000000,79.142501831054690,110843200,76.174461364746100
2020-01-22,79.644996643066400,79.997497558593750,79.327499389648440,79.425003051757810,101832400,76.446388244628900
2020-01-23,79.480003356933600,79.889999389648440,78.912498474121100,79.807502746582030,104472000,76.814521789550780
2020-01-24,80.062500000000000,80.832496643066400,79.379997253417970,79.577499389648440,146537600,76.593170166015620
2020-01-27,77.514999389648440,77.942497253417970,76.220001220703120,77.237503051757810,161940000,74.340927124023440
2020-01-28,78.150001525878900,79.599998474121100,78.047500610351560,79.422500610351560,162234000,76.443962097167970
2020-01-29,81.112503051757810,81.962501525878900,80.345001220703120,81.084999084472660,216229200,78.044120788574220
2020-01-30,80.135002136230470,81.022499084472660,79.687500000000000,80.967498779296880,126743200,77.931022644042970
2020-01-31,80.232498168945310,80.669998168945310,77.072502136230470,77.377502441406250,199588400,74.475669860839840
2020-02-03,76.074996948242190,78.372497558593750,75.555000305175780,77.165000915527340,173788400,74.271133422851560
2020-02-04,78.827499389648440,79.910003662109380,78.407501220703120,79.712501525878900,136616400,76.723098754882810
2020-02-05,80.879997253417970,81.190002441406250,79.737503051757810,80.362503051757810,118826800,77.348716735839840
2020-02-06,80.642501831054690,81.305000305175780,80.065002441406250,81.302497863769530,105425600,78.253448486328120
2020-02-07,80.592498779296880,80.849998474121100,79.500000000000000,80.007499694824220,117684000,77.189781188964840
2020-02-10,78.544998168945310,80.387496948242190,78.462501525878900,80.387496948242190,109348800,77.556396484375000
2020-02-11,80.900001525878900,80.974998474121100,79.677497863769530,79.902496337890620,94323200,77.088500976562500
2020-02-12,80.367500305175780,81.805000305175780,80.367500305175780,81.800003051757810,113730400,78.919158935546880
2020-02-13,81.047500610351560,81.555000305175780,80.837501525878900,81.217498779296880,94747600,78.357185363769530
2020-02-14,81.184997558593750,81.495002746582030,80.712501525878900,81.237503051757810,80113600,78.376472473144530
2020-02-18,78.839996337890620,79.937500000000000,78.652496337890620,79.750000000000000,152531200,76.941383361816400
2020-02-19,80.000000000000000,81.142501831054690,80.000000000000000,80.904998779296880,93984000,78.055679321289060
2020-02-20,80.657501220703120,81.162498474121100,79.552497863769530,80.074996948242190,100566000,77.254920959472660
2020-02-21,79.654998779296880,80.112503051757810,77.625000000000000,78.262496948242190,129554000,75.506263732910160
2020-02-24,74.315002441406250,76.044998168945310,72.307502746582030,74.544998168945310,222195200,71.919654846191400
2020-02-25,75.237503051757810,75.632499694824220,71.532501220703120,72.019996643066400,230673600,69.483596801757810
2020-02-26,71.632499694824220,74.470001220703120,71.625000000000000,73.162498474121100,198054800,70.585853576660160
2020-02-27,70.275001525878900,71.500000000000000,68.239997863769530,68.379997253417970,320605600,65.971778869628900
2020-02-28,64.315002441406250,69.602500915527340,64.092498779296880,68.339996337890620,426510000,65.933197021484380
2020-03-02,70.569999694824220,75.360000610351560,69.430000305175780,74.702499389648440,341397200,72.071632385253900
2020-03-03,75.917503356933600,76.000000000000000,71.449996948242190,72.330001831054690,319475600,69.782676696777340
2020-03-04,74.110000610351560,75.849998474121100,73.282501220703120,75.684997558593750,219178400,73.019508361816400
2020-03-05,73.879997253417970,74.887496948242190,72.852500915527340,73.230003356933600,187572800,70.650970458984380
2020-03-06,70.500000000000000,72.705001831054690,70.307502746582030,72.257499694824220,226176800,69.712738037109380
2020-03-09,65.937500000000000,69.522499084472660,65.750000000000000,66.542503356933600,286744800,64.199012756347660
2020-03-10,69.285003662109380,71.610000610351560,67.342498779296880,71.334999084472660,285290000,68.822715759277340
2020-03-11,69.347503662109380,70.305000305175780,67.964996337890620,68.857498168945310,255598800,66.432479858398440
2020-03-12,63.985000610351560,67.500000000000000,62.000000000000000,62.057498931884766,418474000,59.871959686279300
2020-03-13,66.222503662109380,69.980003356933600,63.237499237060550,69.492500305175780,370732000,67.045112609863280
2020-03-16,60.487499237060550,64.769996643066400,60.000000000000000,60.552501678466800,322423600,58.419956207275390
2020-03-17,61.877498626708984,64.402496337890620,59.599998474121094,63.215000152587890,324056000,60.988697052001950
2020-03-18,59.942501068115234,62.500000000000000,59.279998779296875,61.667499542236330,300233600,59.495689392089844
2020-03-19,61.847499847412110,63.209999084472656,60.652500152587890,61.194999694824220,271857200,59.039833068847656
2020-03-20,61.794998168945310,62.957500457763670,57.000000000000000,57.310001373291016,401693200,55.291652679443360
2020-03-23,57.020000457763670,57.125000000000000,53.152500152587890,56.092498779296875,336752800,54.117034912109375
2020-03-24,59.090000152587890,61.922500610351560,58.575000762939450,61.720001220703125,287531200,59.546340942382810
2020-03-25,62.687500000000000,64.562500000000000,61.075000762939450,61.380001068115234,303602000,59.218315124511720
2020-03-26,61.630001068115234,64.669998168945310,61.590000152587890,64.610000610351560,252087200,62.334571838378906
2020-03-27,63.187500000000000,63.967498779296875,61.762500762939450,61.935001373291016,204216800,59.753784179687500
2020-03-30,62.685001373291016,63.880001068115234,62.349998474121094,63.702499389648440,167976400,61.459022521972656
2020-03-31,63.900001525878906,65.622497558593750,63.000000000000000,63.572498321533200,197002000,61.333599090576170
2020-04-01,61.625000000000000,62.180000305175780,59.782501220703125,60.227500915527344,176218400,58.106407165527344
2020-04-02,60.084999084472656,61.287498474121094,59.224998474121094,61.232498168945310,165934000,59.075996398925780
2020-04-03,60.700000762939450,61.424999237060550,59.742500305175780,60.352500915527344,129880000,58.227001190185550
2020-04-06,62.724998474121094,65.777496337890620,62.345001220703125,65.617500305175780,201820400,63.306583404541016
2020-04-07,67.699996948242190,67.925003051757810,64.750000000000000,64.857498168945310,202887200,62.573345184326170
2020-04-08,65.684997558593750,66.842498779296880,65.307502746582030,66.517501831054690,168895200,64.174888610839840
2020-04-09,67.175003051757810,67.517501831054690,66.175003051757810,66.997497558593750,161834800,64.637977600097660
2020-04-13,67.077499389648440,68.425003051757810,66.457496643066400,68.312500000000000,131022800,65.906677246093750
2020-04-14,70.000000000000000,72.062500000000000,69.512496948242190,71.762496948242190,194994800,69.235160827636720
2020-04-15,70.599998474121100,71.582496643066400,70.157501220703120,71.107498168945310,131154400,68.603225708007810
2020-04-16,71.845001220703120,72.050003051757810,70.587501525878900,71.672500610351560,157125200,69.148330688476560
2020-04-17,71.172500610351560,71.737503051757810,69.214996337890620,70.699996948242190,215250000,68.210060119628900
2020-04-20,69.487503051757810,70.419998168945310,69.212501525878900,69.232498168945310,130015200,66.794265747070310
2020-04-21,69.069999694824220,69.312500000000000,66.357498168945310,67.092498779296880,180991600,64.729629516601560
2020-04-22,68.402496337890620,69.474998474121100,68.050003051757810,69.025001525878900,116862400,66.594062805175780
2020-04-23,68.967498779296880,70.437500000000000,68.717498779296880,68.757499694824220,124814400,66.335983276367190
2020-04-24,69.300003051757810,70.752502441406250,69.250000000000000,70.742500305175780,126161200,68.251068115234380
2020-04-27,70.449996948242190,71.135002136230470,69.987503051757810,70.792503356933600,117087600,68.299324035644530
2020-04-28,71.269996643066400,71.457496643066400,69.550003051757810,69.644996643066400,112004800,67.192237854003900
2020-04-29,71.182502746582030,72.417503356933600,70.972503662109380,71.932502746582030,137280800,69.399177551269530
2020-04-30,72.489997863769530,73.632499694824220,72.087501525878900,73.449996948242190,183064000,70.863235473632810
2020-05-01,71.562500000000000,74.750000000000000,71.462501525878900,72.267501831054690,240616800,69.722366333007810
2020-05-04,72.292503356933600,73.422500610351560,71.580001831054690,73.290000915527340,133568000,70.708869934082030
2020-05-05,73.764999389648440,75.250000000000000,73.614997863769530,74.389999389648440,147751200,71.770141601562500
2020-05-06,75.114997863769530,75.809997558593750,74.717498779296880,75.157501220703120,142333600,72.510604858398440
2020-05-07,75.805000305175780,76.292503356933600,75.492500305175780,75.934997558593750,115215200,73.260719299316400
2020-05-08,76.410003662109380,77.587501525878900,76.072502136230470,77.532501220703120,133838400,75.004440307617190
2020-05-11,77.025001525878900,79.262496948242190,76.809997558593750,78.752502441406250,145946400,76.184684753417970
2020-05-12,79.457496643066400,79.922500610351560,77.727500915527340,77.852500915527340,162301200,75.314010620117190
2020-05-13,78.037498474121100,78.987503051757810,75.802497863769530,76.912498474121100,200622400,74.404647827148440
2020-05-14,76.127502441406250,77.447502136230470,75.382499694824220,77.385002136230470,158929200,74.861755371093750
2020-05-15,75.087501525878900,76.974998474121100,75.052497863769530,76.927497863769530,166348400,74.419158935546880
2020-05-18,78.292503356933600,79.125000000000000,77.580001831054690,78.739997863769530,135178400,76.172576904296880
2020-05-19,78.757499694824220,79.629997253417970,78.252502441406250,78.285003662109380,101729600,75.732429504394530
2020-05-20,79.169998168945310,79.879997253417970,79.129997253417970,79.807502746582030,111504800,77.205253601074220
2020-05-21,79.665000915527340,80.222503662109380,78.967498779296880,79.212501525878900,102688800,76.629676818847660
2020-05-22,78.942497253417970,79.807502746582030,78.837501525878900,79.722503662109380,81803200,77.123054504394530
2020-05-26,80.875000000000000,81.059997558593750,79.125000000000000,79.182502746582030,125522000,76.600631713867190
2020-05-27,79.035003662109380,79.677497863769530,78.272499084472660,79.527496337890620,112945200,76.934410095214840
2020-05-28,79.192497253417970,80.860000610351560,78.907501220703120,79.562500000000000,133560800,76.968246459960940
2020-05-29,79.812500000000000,80.287498474121100,79.117500305175780,79.485000610351560,153532400,76.893272399902340
2020-06-01,79.437500000000000,80.587501525878900,79.302497863769530,80.462501525878900,80791200,77.838920593261720
2020-06-02,80.187500000000000,80.860000610351560,79.732498168945310,80.834999084472660,87642800,78.199272155761720
2020-06-03,81.165000915527340,81.550003051757810,80.574996948242190,81.279998779296880,104491200,78.629745483398440
2020-06-04,81.097503662109380,81.404998779296880,80.194999694824220,80.580001831054690,87560400,77.952575683593750
2020-06-05,80.837501525878900,82.937500000000000,80.807502746582030,82.875000000000000,137250400,80.172721862792970
2020-06-08,82.562500000000000,83.400001525878900,81.830001831054690,83.364997863769530,95654400,80.646766662597660
2020-06-09,83.035003662109380,86.402496337890620,83.002502441406250,85.997497558593750,147712400,83.193435668945310
2020-06-10,86.974998474121100,88.692497253417970,86.522499084472660,88.209999084472660,166651600,85.333808898925780
2020-06-11,87.327499389648440,87.764999389648440,83.870002746582030,83.974998474121100,201662400,81.236877441406250
2020-06-12,86.180000305175780,86.949996948242190,83.555000305175780,84.699996948242190,200146000,81.938240051269530
2020-06-15,83.312500000000000,86.419998168945310,83.144996643066400,85.747497558593750,138808800,82.951591491699220
2020-06-16,87.864997863769530,88.300003051757810,86.180000305175780,88.019996643066400,165428800,85.150009155273440
2020-06-17,88.787498474121100,88.849998474121100,87.772499084472660,87.897499084472660,114406400,85.031471252441400
2020-06-18,87.852500915527340,88.362503051757810,87.305000305175780,87.932502746582030,96820400,85.065338134765620
2020-06-19,88.660003662109380,89.139999389648440,86.287498474121100,87.430000305175780,264476000,84.579231262207030
2020-06-22,87.834999084472660,89.864997863769530,87.787498474121100,89.717498779296880,135445200,86.792137145996100
2020-06-23,91.000000000000000,93.095001220703120,90.567497253417970,91.632499694824220,212155600,88.644683837890620
2020-06-24,91.250000000000000,92.197502136230470,89.629997253417970,90.014999389648440,192623200,87.079933166503900
2020-06-25,90.175003051757810,91.250000000000000,89.392501831054690,91.209999084472660,137522400,88.235954284667970
2020-06-26,91.102500915527340,91.330001831054690,88.254997253417970,88.407501220703120,205256800,85.524841308593750
2020-06-29,88.312500000000000,90.542503356933600,87.819999694824220,90.444999694824220,130646000,87.495903015136720
2020-06-30,90.019996643066400,91.495002746582030,90.000000000000000,91.199996948242190,140223200,88.226310729980470
2020-07-01,91.279998779296880,91.839996337890620,90.977500915527340,91.027496337890620,110737200,88.059417724609380
2020-07-02,91.962501525878900,92.617500305175780,90.910003662109380,91.027496337890620,114041600,88.059417724609380
2020-07-06,92.500000000000000,93.944999694824220,92.467498779296880,93.462501525878900,118655600,90.415039062500000
2020-07-07,93.852500915527340,94.654998779296880,93.057502746582030,93.172500610351560,112424400,90.134483337402340
2020-07-08,94.180000305175780,95.375000000000000,94.089996337890620,95.342498779296880,117092000,92.233726501464840
2020-07-09,96.262496948242190,96.317497253417970,94.672500610351560,95.752502441406250,125642800,92.630348205566400
2020-07-10,95.334999084472660,95.980003356933600,94.705001831054690,95.919998168945310,90257200,92.792396545410160
2020-07-13,97.264999389648440,99.955001831054690,95.257499694824220,95.477500915527340,191649200,92.364334106445310
2020-07-14,94.839996337890620,97.254997253417970,93.877502441406250,97.057502746582030,170989200,93.892814636230470
2020-07-15,98.989997863769530,99.247497558593750,96.489997863769530,97.724998474121100,153198000,94.538536071777340
2020-07-16,96.562500000000000,97.404998779296880,95.904998779296880,96.522499084472660,110577600,93.375267028808600
2020-07-17,96.987503051757810,97.147499084472660,95.839996337890620,96.327499389648440,92186800,93.186614990234380
2020-07-20,96.417503356933600,98.500000000000000,96.062500000000000,98.357498168945310,90318000,95.150421142578120
2020-07-21,99.172500610351560,99.250000000000000,96.742500305175780,97.000000000000000,103433200,93.837181091308600
2020-07-22,96.692497253417970,97.974998474121100,96.602500915527340,97.272499084472660,89001600,94.100784301757810
2020-07-23,96.997497558593750,97.077499389648440,92.010002136230470,92.845001220703120,197004400,89.817649841308600
2020-07-24,90.987503051757810,92.970001220703120,89.144996643066400,92.614997863769530,185438800,89.595153808593750
2020-07-27,93.709999084472660,94.904998779296880,93.480003356933600,94.809997558593750,121214000,91.718566894531250
2020-07-28,94.367500305175780,94.550003051757810,93.247497558593750,93.252502441406250,103625600,90.211845397949220
2020-07-29,93.750000000000000,95.230003356933600,93.712501525878900,95.040000915527340,90329200,91.941062927246100
2020-07-30,94.187500000000000,96.297500610351560,93.767501831054690,96.190002441406250,158130000,93.053611755371100
2020-07-31,102.885002136230470,106.415000915527340,100.824996948242190,106.260002136230470,374336800,102.795234680175780
2020-08-03,108.199996948242190,111.637496948242190,107.892501831054690,108.937500000000000,308151200,105.385444641113280
2020-08-04,109.132499694824220,110.790000915527340,108.387496948242190,109.665000915527340,173071600,106.089195251464840
2020-08-05,109.377502441406250,110.392501831054690,108.897499084472660,110.062500000000000,121776800,106.473754882812500
2020-08-06,110.404998779296880,114.412498474121100,109.797500610351560,113.902496337890620,202428800,110.188537597656250
2020-08-07,113.205001831054690,113.675003051757810,110.292503356933600,111.112503051757810,198045600,107.683341979980470
2020-08-10,112.599998474121100,113.775001525878900,110.000000000000000,112.727500915527340,212403600,109.248489379882810
2020-08-11,111.970001220703120,112.482498168945310,109.107498168945310,109.375000000000000,187902400,105.999427795410160
2020-08-12,110.497497558593750,113.275001525878900,110.297500610351560,113.010002136230470,165598000,109.522285461425780
2020-08-13,114.430000305175780,116.042503356933600,113.927497863769530,115.010002136230470,210082000,111.460533142089840
2020-08-14,114.830001831054690,115.000000000000000,113.044998168945310,114.907501220703120,165565200,111.361213684082030
2020-08-17,116.062500000000000,116.087501525878900,113.962501525878900,114.607498168945310,119561600,111.070480346679690
2020-08-18,114.352500915527340,116.000000000000000,114.007499694824220,115.562500000000000,105633600,111.995979309082030
2020-08-19,115.982498168945310,117.162498474121100,115.610000610351560,115.707496643066400,145538000,112.136512756347660
2020-08-20,115.750000000000000,118.392501831054690,115.732498168945310,118.275001525878900,126907200,114.624763488769530
2020-08-21,119.262496948242190,124.867500305175780,119.250000000000000,124.370002746582030,338054800,120.531677246093750
2020-08-24,128.697494506835940,128.785003662109380,123.937500000000000,125.857498168945310,345937600,121.973274230957030
2020-08-25,124.697502136230470,125.180000305175780,123.052497863769530,124.824996948242190,211495600,120.972625732421880
2020-08-26,126.180000305175780,126.992500305175780,125.082496643066400,126.522499084472660,163022400,122.617713928222660
2020-08-27,127.142501831054690,127.485000610351560,123.832496643066400,125.010002136230470,155552400,121.151916503906250
2020-08-28,126.012496948242190,126.442497253417970,124.577499389648440,124.807502746582030,187630000,120.955665588378900
2020-08-31,127.580001831054690,131.000000000000000,126.000000000000000,129.039993286132800,225702700,125.057556152343750
2020-09-01,132.759994506835940,134.800003051757800,130.529998779296880,134.179992675781250,151948100,130.038909912109380
2020-09-02,137.589996337890620,137.979995727539060,127.000000000000000,131.399993896484380,200119000,127.344734191894530
2020-09-03,126.910003662109380,128.839996337890620,120.500000000000000,120.879997253417970,257599600,117.149383544921880
2020-09-04,120.069999694824220,123.699996948242190,110.889999389648440,120.959999084472660,332607200,117.226898193359380
2020-09-08,113.949996948242190,118.989997863769530,112.680000305175780,112.819999694824220,231366600,109.338111877441400
2020-09-09,117.260002136230470,119.139999389648440,115.260002136230470,117.319999694824220,176940500,113.699241638183600
2020-09-10,120.360000610351560,120.500000000000000,112.500000000000000,113.489997863769530,182274400,109.987442016601560
2020-09-11,114.569999694824220,115.230003356933600,110.000000000000000,112.000000000000000,180860300,108.543434143066400
2020-09-14,114.720001220703120,115.930000305175780,112.800003051757810,115.360000610351560,140150100,111.799728393554690
2020-09-15,118.330001831054690,118.830001831054690,113.610000610351560,115.540000915527340,184642000,111.974182128906250
2020-09-16,115.230003356933600,116.000000000000000,112.040000915527340,112.129997253417970,154679000,108.669403076171880
2020-09-17,109.720001220703120,112.199996948242190,108.709999084472660,110.339996337890620,178011000,106.934661865234380
2020-09-18,110.400001525878900,110.879997253417970,106.089996337890620,106.839996337890620,287104900,103.542678833007810
2020-09-21,104.540000915527340,110.190002441406250,103.099998474121100,110.080001831054690,195713800,106.682708740234380
2020-09-22,112.680000305175780,112.860000610351560,109.160003662109380,111.809997558593750,183055400,108.359306335449220
2020-09-23,111.620002746582030,112.110000610351560,106.769996643066400,107.120002746582030,150718700,103.814033508300780
2020-09-24,105.169998168945310,110.250000000000000,105.000000000000000,108.220001220703120,167743300,104.880081176757810
2020-09-25,108.430000305175780,112.440002441406250,107.669998168945310,112.279998779296880,149981400,108.814796447753900
2020-09-28,115.010002136230470,115.319999694824220,112.779998779296880,114.959999084472660,137672400,111.412078857421880
2020-09-29,114.550003051757810,115.309997558593750,113.569999694824220,114.089996337890620,99382200,110.568923950195310
2020-09-30,113.790000915527340,117.260002136230470,113.620002746582030,115.809997558593750,142675200,112.235855102539060
2020-10-01,117.639999389648440,117.720001220703120,115.830001831054690,116.790000915527340,116120400,113.185607910156250
2020-10-02,112.889999389648440,115.370002746582030,112.220001220703120,113.019996643066400,144712000,109.531944274902340
2020-10-05,113.910003662109380,116.650001525878900,113.550003051757810,116.500000000000000,106243800,112.904548645019530
2020-10-06,115.699996948242190,116.120002746582030,112.250000000000000,113.160003662109380,161498200,109.667648315429690
2020-10-07,114.620002746582030,115.550003051757810,114.129997253417970,115.080001831054690,96849000,111.528388977050780
2020-10-08,116.250000000000000,116.400001525878900,114.589996337890620,114.970001220703120,83477200,111.421775817871100
2020-10-09,115.279998779296880,117.000000000000000,114.919998168945310,116.970001220703120,100506900,113.360054016113280
2020-10-12,120.059997558593750,125.180000305175780,119.279998779296880,124.400001525878900,240226800,120.560729980468750
2020-10-13,125.269996643066400,125.389999389648440,119.650001525878900,121.099998474121100,262330500,117.362594604492190
2020-10-14,121.000000000000000,123.029998779296880,119.620002746582030,121.190002441406250,150712000,117.449813842773440
2020-10-15,118.720001220703120,121.199996948242190,118.150001525878900,120.709999084472660,112559200,116.984634399414060
2020-10-16,121.279998779296880,121.550003051757810,118.809997558593750,119.019996643066400,115393800,115.346755981445310
2020-10-19,119.959999084472660,120.419998168945310,115.660003662109380,115.980003356933600,120639300,112.400634765625000
2020-10-20,116.199996948242190,118.980003356933600,115.629997253417970,117.510002136230470,124423700,113.883384704589840
2020-10-21,116.669998168945310,118.709999084472660,116.449996948242190,116.870002746582030,89946000,113.263145446777340
2020-10-22,117.449996948242190,118.040000915527340,114.589996337890620,115.750000000000000,101988000,112.177726745605470
2020-10-23,116.389999389648440,116.550003051757810,114.279998779296880,115.040000915527340,82572600,111.489608764648440
2020-10-26,114.010002136230470,116.550003051757810,112.879997253417970,115.050003051757810,111850700,111.499298095703120
2020-10-27,115.489997863769530,117.279998779296880,114.540000915527340,116.599998474121100,92276800,113.001457214355470
2020-10-28,115.050003051757810,115.430000305175780,111.099998474121100,111.199996948242190,143937800,107.768150329589840
2020-10-29,112.370002746582030,116.930000305175780,112.199996948242190,115.319999694824220,146129200,111.760971069335940
2020-10-30,111.059997558593750,111.989997863769530,107.720001220703120,108.860000610351560,190272600,105.500343322753900
2020-11-02,109.110000610351560,110.680000305175780,107.319999694824220,108.769996643066400,122866900,105.413108825683600
2020-11-03,109.660003662109380,111.489997863769530,108.730003356933600,110.440002441406250,107624400,107.031593322753900
2020-11-04,114.139999389648440,115.589996337890620,112.349998474121100,114.949996948242190,138235500,111.402381896972660
2020-11-05,117.949996948242190,119.620002746582030,116.870002746582030,119.029998779296880,126387100,115.356475830078120
2020-11-06,118.319999694824220,119.199996948242190,116.129997253417970,118.690002441406250,114457900,115.225410461425780
2020-11-09,120.500000000000000,121.989997863769530,116.050003051757810,116.319999694824220,154515300,112.924598693847660
2020-11-10,115.550003051757810,117.589996337890620,114.129997253417970,115.970001220703120,138023400,112.584815979003900
2020-11-11,117.190002441406250,119.629997253417970,116.440002441406250,119.489997863769530,112295000,116.002082824707030
2020-11-12,119.620002746582030,120.529998779296880,118.569999694824220,119.209999084472660,103162300,115.730239868164060
2020-11-13,119.440002441406250,119.669998168945310,117.870002746582030,119.260002136230470,81581900,115.778785705566400
2020-11-16,118.919998168945310,120.989997863769530,118.150001525878900,120.300003051757810,91183000,116.788421630859380
2020-11-17,119.550003051757810,120.669998168945310,118.959999084472660,119.389999389648440,74271000,115.904998779296880
2020-11-18,118.610000610351560,119.819999694824220,118.000000000000000,118.029998779296880,76322100,114.584663391113280
2020-11-19,117.589996337890620,119.059997558593750,116.809997558593750,118.639999389648440,74113000,115.176872253417970
2020-11-20,118.639999389648440,118.769996643066400,117.290000915527340,117.339996337890620,73604300,113.914817810058600
2020-11-23,117.180000305175780,117.620002746582030,113.750000000000000,113.849998474121100,127959300,110.526710510253900
2020-11-24,113.910003662109380,115.849998474121100,112.589996337890620,115.169998168945310,113874200,111.808143615722660
2020-11-25,115.550003051757810,116.750000000000000,115.169998168945310,116.029998779296880,76499200,112.643066406250000
2020-11-27,116.569999694824220,117.489997863769530,116.220001220703120,116.589996337890620,46691300,113.186706542968750
2020-11-30,116.970001220703120,120.970001220703120,116.809997558593750,119.050003051757810,169410200,115.574897766113280
2020-12-01,121.010002136230470,123.470001220703120,120.010002136230470,122.720001220703120,127728200,119.137786865234380
2020-12-02,122.019996643066400,123.370002746582030,120.889999389648440,123.080001831054690,89004200,119.487274169921880
2020-12-03,123.519996643066400,123.779998779296880,122.209999084472660,122.940002441406250,78967600,119.351333618164060
2020-12-04,122.599998474121100,122.860000610351560,121.519996643066400,122.250000000000000,78260400,118.681503295898440
2020-12-07,122.309997558593750,124.569999694824220,122.250000000000000,123.750000000000000,86712000,120.137725830078120
2020-12-08,124.370002746582030,124.980003356933600,123.089996337890620,124.379997253417970,82225500,120.749328613281250
2020-12-09,124.529998779296880,125.949996948242190,121.000000000000000,121.779998779296880,115089200,118.225212097167970
2020-12-10,120.500000000000000,123.870002746582030,120.150001525878900,123.239997863769530,81312200,119.642593383789060
2020-12-11,122.430000305175780,122.760002136230470,120.550003051757810,122.410003662109380,86939800,118.836830139160160
2020-12-14,122.599998474121100,123.349998474121100,121.540000915527340,121.779998779296880,79184500,118.225212097167970
2020-12-15,124.339996337890620,127.900001525878900,124.129997253417970,127.879997253417970,157243700,124.147155761718750
2020-12-16,127.410003662109380,128.369995117187500,126.559997558593750,127.809997558593750,98208600,124.079193115234380
2020-12-17,128.899993896484380,129.580001831054700,128.039993286132800,128.699996948242200,94359800,124.943214416503900
2020-12-18,128.960006713867200,129.100006103515620,126.120002746582030,126.660003662109380,192541500,122.962768554687500
2020-12-21,125.019996643066400,128.309997558593750,123.449996948242190,128.229995727539060,121251600,124.486923217773440
2020-12-22,131.610000610351560,134.410003662109380,129.649993896484380,131.880004882812500,168904800,128.030410766601560
2020-12-23,132.160003662109380,132.429992675781250,130.779998779296880,130.960006713867200,88223700,127.137229919433600
2020-12-24,131.320007324218750,133.460006713867200,131.100006103515620,131.970001220703120,54930100,128.117767333984380
2020-12-28,133.990005493164060,137.339996337890620,133.509994506835940,136.690002441406250,124486200,132.699981689453120
2020-12-29,138.050003051757800,138.789993286132800,134.339996337890620,134.869995117187500,121047300,130.933105468750000
2020-12-30,135.580001831054700,135.990005493164060,133.399993896484380,133.720001220703120,96452100,129.816696166992200
2020-12-31,134.080001831054700,134.740005493164060,131.720001220703120,132.690002441406250,99116600,128.816711425781250
2021-01-04,133.520004272460940,133.610000610351560,126.760002136230470,129.410003662109380,143301900,125.632492065429690
2021-01-05,128.889999389648440,131.740005493164060,128.429992675781250,131.009994506835940,97664900,127.185798645019530
2021-01-06,127.720001220703120,131.050003051757800,126.379997253417970,126.599998474121100,155088000,122.904563903808600
2021-01-07,128.360000610351560,131.630004882812500,127.860000610351560,130.919998168945300,109578200,127.098403930664060
2021-01-08,132.429992675781250,132.630004882812500,130.229995727539060,132.050003051757800,105158200,128.195465087890620
2021-01-11,129.190002441406250,130.169998168945300,128.500000000000000,128.979995727539060,100384500,125.215026855468750
2021-01-12,128.500000000000000,129.690002441406250,126.860000610351560,128.800003051757800,91951100,125.040313720703120
2021-01-13,128.759994506835940,131.449996948242200,128.490005493164060,130.889999389648440,88636800,127.069313049316400
2021-01-14,130.800003051757800,131.000000000000000,128.759994506835940,128.910003662109380,90221800,125.147109985351560
2021-01-15,128.779998779296880,130.220001220703120,127.000000000000000,127.139999389648440,111598500,123.428756713867190
2021-01-19,127.779998779296880,128.710006713867200,126.940002441406250,127.830001831054690,90757300,124.098617553710940
2021-01-20,128.660003662109380,132.490005493164060,128.550003051757800,132.029998779296880,104319500,128.175994873046880
2021-01-21,133.800003051757800,139.669998168945300,133.589996337890620,136.869995117187500,120150900,132.874786376953120
2021-01-22,136.279998779296880,139.850006103515620,135.020004272460940,139.070007324218750,114459400,135.010513305664060
2021-01-25,143.070007324218750,145.089996337890620,136.539993286132800,142.919998168945300,157611700,138.748153686523440
2021-01-26,143.600006103515620,144.300003051757800,141.369995117187500,143.160003662109380,98390600,138.981140136718750
2021-01-27,143.429992675781250,144.300003051757800,140.410003662109380,142.059997558593750,140843800,137.913269042968750
2021-01-28,139.520004272460940,141.990005493164060,136.699996948242200,137.089996337890620,142621100,133.088317871093750
2021-01-29,135.830001831054700,136.740005493164060,130.210006713867200,131.960006713867200,177523800,128.108047485351560
2021-02-01,133.750000000000000,135.380004882812500,130.929992675781250,134.139999389648440,106239800,130.224411010742200
2021-02-02,135.729995727539060,136.309997558593750,134.610000610351560,134.990005493164060,83305400,131.049606323242200
2021-02-03,135.759994506835940,135.770004272460940,133.610000610351560,133.940002441406250,89880900,130.030288696289060
2021-02-04,136.300003051757800,137.399993896484380,134.589996337890620,137.389999389648440,84183100,133.379531860351560
2021-02-05,137.350006103515620,137.419998168945300,135.860000610351560,136.759994506835940,75693800,132.966339111328120
2021-02-08,136.029998779296880,136.960006713867200,134.919998168945300,136.910003662109380,71297200,133.112152099609380
2021-02-09,136.619995117187500,137.880004882812500,135.850006103515620,136.009994506835940,76774200,132.237152099609380
2021-02-10,136.479995727539060,136.990005493164060,134.399993896484380,135.389999389648440,73046600,131.634323120117200
2021-02-11,135.899993896484380,136.389999389648440,133.770004272460940,135.130004882812500,64280000,131.381561279296880
2021-02-12,134.350006103515620,135.529998779296880,133.690002441406250,135.369995117187500,60145100,131.614883422851560
2021-02-16,135.490005493164060,136.009994506835940,132.789993286132800,133.190002441406250,80576300,129.495391845703120
2021-02-17,131.250000000000000,132.220001220703120,129.470001220703120,130.839996337890620,97918500,127.210578918457030
2021-02-18,129.199996948242200,130.000000000000000,127.410003662109380,129.710006713867200,96856700,126.111915588378900
2021-02-19,130.240005493164060,130.710006713867200,128.800003051757800,129.869995117187500,87668800,126.267471313476560
2021-02-22,128.009994506835940,129.720001220703120,125.599998474121100,126.000000000000000,103916400,122.504821777343750
2021-02-23,123.760002136230470,126.709999084472660,118.389999389648440,125.860000610351560,158273000,122.368713378906250
2021-02-24,124.940002441406250,125.559997558593750,122.230003356933600,125.349998474121100,111039900,121.872840881347660
2021-02-25,124.680000305175780,126.459999084472660,120.540000915527340,120.989997863769530,148199500,117.633796691894530
2021-02-26,122.589996337890620,124.849998474121100,121.199996948242190,121.260002136230470,164560400,117.896316528320310
2021-03-01,123.750000000000000,127.930000305175780,122.790000915527340,127.790000915527340,116307900,124.245178222656250
2021-03-02,128.410003662109380,128.720001220703120,125.010002136230470,125.120002746582030,102260900,121.649238586425780
2021-03-03,124.809997558593750,125.709999084472660,121.839996337890620,122.059997558593750,112966300,118.674118041992190
2021-03-04,121.750000000000000,123.599998474121100,118.620002746582030,120.129997253417970,178155000,116.797645568847660
2021-03-05,120.980003356933600,121.940002441406250,117.569999694824220,121.419998168945310,153766600,118.051856994628900
2021-03-08,120.930000305175780,121.000000000000000,116.209999084472660,116.360000610351560,154376600,113.132217407226560
2021-03-09,119.029998779296880,122.059997558593750,118.790000915527340,121.089996337890620,129525800,117.731033325195310
2021-03-10,121.690002441406250,122.169998168945310,119.449996948242190,119.980003356933600,111943300,116.651809692382810
2021-03-11,122.540000915527340,123.209999084472660,121.260002136230470,121.959999084472660,103026500,118.576904296875000
2021-03-12,120.400001525878900,121.169998168945310,119.160003662109380,121.029998779296880,88105100,117.672676086425780
2021-03-15,121.410003662109380,124.000000000000000,120.419998168945310,123.989997863769530,92403800,120.550575256347660
2021-03-16,125.699996948242190,127.220001220703120,124.720001220703120,125.569999694824220,115227900,122.086776733398440
2021-03-17,124.050003051757810,125.860000610351560,122.339996337890620,124.760002136230470,111932600,121.299224853515620
2021-03-18,122.879997253417970,123.180000305175780,120.319999694824220,120.529998779296880,121229700,117.186561584472660
2021-03-19,119.900001525878900,121.430000305175780,119.680000305175780,119.989997863769530,185549500,116.661537170410160
2021-03-22,120.330001831054690,123.870002746582030,120.260002136230470,123.389999389648440,111912300,119.967224121093750
2021-03-23,123.330001831054690,124.239997863769530,122.139999389648440,122.540000915527340,95467100,119.140808105468750
2021-03-24,122.819999694824220,122.900001525878900,120.069999694824220,120.089996337890620,88530500,116.758758544921880
2021-03-25,119.540000915527340,121.660003662109380,119.000000000000000,120.589996337890620,98844700,117.244888305664060
2021-03-26,120.349998474121100,121.480003356933600,118.919998168945310,121.209999084472660,94071200,117.847694396972660
2021-03-29,121.650001525878900,122.580001831054690,120.730003356933600,121.389999389648440,80819200,118.022712707519530
2021-03-30,120.110000610351560,120.400001525878900,118.860000610351560,119.900001525878900,85671900,116.574043273925780
2021-03-31,121.650001525878900,123.519996643066400,121.150001525878900,122.150001525878900,118323800,118.761604309082030
2021-04-01,123.660003662109380,124.180000305175780,122.489997863769530,123.000000000000000,75089100,119.588020324707030
2021-04-05,123.870002746582030,126.160003662109380,123.069999694824220,125.900001525878900,88651200,122.407608032226560
2021-04-06,126.500000000000000,127.129997253417970,125.650001525878900,126.209999084472660,80171300,122.709007263183600
2021-04-07,125.830001831054690,127.919998168945310,125.139999389648440,127.900001525878900,83466700,124.352111816406250
2021-04-08,128.949996948242200,130.389999389648440,128.520004272460940,130.360000610351560,88844600,126.743865966796880
2021-04-09,129.800003051757800,133.039993286132800,129.470001220703120,133.000000000000000,106686700,129.310638427734380
2021-04-12,132.520004272460940,132.850006103515620,130.630004882812500,131.240005493164060,91420000,127.599487304687500
2021-04-13,132.440002441406250,134.660003662109380,131.929992675781250,134.429992675781250,91266500,130.700988769531250
2021-04-14,134.940002441406250,135.000000000000000,131.660003662109380,132.029998779296880,87222800,128.367553710937500
2021-04-15,133.820007324218750,135.000000000000000,133.639999389648440,134.500000000000000,89347100,130.769027709960940
2021-04-16,134.300003051757800,134.669998168945300,133.279998779296880,134.160003662109380,84922400,130.438430786132800
2021-04-19,133.509994506835940,135.470001220703120,133.339996337890620,134.839996337890620,94264200,131.099624633789060
2021-04-20,135.020004272460940,135.529998779296880,131.809997558593750,133.110000610351560,94812300,129.417587280273440
2021-04-21,132.360000610351560,133.750000000000000,131.300003051757800,133.500000000000000,68847100,129.796768188476560
2021-04-22,133.039993286132800,134.149993896484380,131.410003662109380,131.940002441406250,84566500,128.280059814453120
2021-04-23,132.160003662109380,135.119995117187500,132.160003662109380,134.320007324218750,78657500,130.594085693359380
2021-04-26,134.830001831054700,135.059997558593750,133.559997558593750,134.720001220703120,66905100,130.982910156250000
2021-04-27,135.009994506835940,135.410003662109380,134.110000610351560,134.389999389648440,66015800,130.662124633789060
2021-04-28,134.309997558593750,135.020004272460940,133.080001831054700,133.580001831054700,107760100,129.874511718750000
2021-04-29,136.470001220703120,137.070007324218750,132.449996948242200,133.479995727539060,151101000,129.777313232421880
2021-04-30,131.779998779296880,133.559997558593750,131.070007324218750,131.460006713867200,109839500,127.813392639160160
2021-05-03,132.039993286132800,134.070007324218750,131.830001831054700,132.539993286132800,75135100,128.863418579101560
2021-05-04,131.190002441406250,131.490005493164060,126.699996948242190,127.849998474121100,137564700,124.303504943847660
2021-05-05,129.199996948242200,130.449996948242200,127.970001220703120,128.100006103515620,84000900,124.546554565429690
2021-05-06,127.889999389648440,129.750000000000000,127.129997253417970,129.740005493164060,78128300,126.141098022460940
2021-05-07,130.850006103515620,131.259994506835940,129.479995727539060,130.210006713867200,78973300,126.813072204589840
2021-05-10,129.410003662109380,129.539993286132800,126.809997558593750,126.849998474121100,88071200,123.540748596191400
2021-05-11,123.500000000000000,126.269996643066400,122.769996643066400,125.910003662109380,126142800,122.625251770019530
2021-05-12,123.400001525878900,124.639999389648440,122.250000000000000,122.769996643066400,112172300,119.567153930664060
2021-05-13,124.580001831054690,126.150001525878900,124.260002136230470,124.970001220703120,105861300,121.709777832031250
2021-05-14,126.250000000000000,127.889999389648440,125.849998474121100,127.449996948242190,81918000,124.125076293945310
2021-05-17,126.819999694824220,126.930000305175780,125.169998168945310,126.269996643066400,74244600,122.975852966308600
2021-05-18,126.559997558593750,126.989997863769530,124.779998779296880,124.849998474121100,63342900,121.592903137207030
2021-05-19,123.160003662109380,124.919998168945310,122.860000610351560,124.690002441406250,92612000,121.437080383300780
2021-05-20,125.230003356933600,127.720001220703120,125.099998474121100,127.309997558593750,76857100,123.988739013671880
2021-05-21,127.819999694824220,128.000000000000000,125.209999084472660,125.430000305175780,79295400,122.157775878906250
2021-05-24,126.010002136230470,127.940002441406250,125.940002441406250,127.099998474121100,63092900,123.784202575683600
2021-05-25,127.819999694824220,128.320007324218750,126.319999694824220,126.900001525878900,72009500,123.589424133300780
2021-05-26,126.959999084472660,127.389999389648440,126.419998168945310,126.849998474121100,56575900,123.540748596191400
2021-05-27,126.440002441406250,127.639999389648440,125.080001831054690,125.279998779296880,94625600,122.011695861816400
2021-05-28,125.569999694824220,125.800003051757810,124.550003051757810,124.610000610351560,71311100,121.359169006347660
2021-06-01,125.080001831054690,125.349998474121100,123.940002441406250,124.279998779296880,67637100,121.037773132324220
2021-06-02,124.279998779296880,125.239997863769530,124.050003051757810,125.059997558593750,59278900,121.797431945800780
2021-06-03,124.680000305175780,124.849998474121100,123.129997253417970,123.540000915527340,76229200,120.317062377929690
2021-06-04,124.069999694824220,126.160003662109380,123.849998474121100,125.889999389648440,75169300,122.605789184570310
2021-06-07,126.169998168945310,126.319999694824220,124.830001831054690,125.900001525878900,71057600,122.615516662597660
2021-06-08,126.599998474121100,128.460006713867200,126.209999084472660,126.739997863769530,74403800,123.433609008789060
2021-06-09,127.209999084472660,127.750000000000000,126.519996643066400,127.129997253417970,56877900,123.813430786132810
2021-06-10,127.019996643066400,128.190002441406250,125.940002441406250,126.110000610351560,71186400,122.820022583007810
2021-06-11,126.529998779296880,127.440002441406250,126.099998474121100,127.349998474121100,53522400,124.027702331542970
2021-06-14,127.819999694824220,130.539993286132800,127.069999694824220,130.479995727539060,96906500,127.076019287109380
2021-06-15,129.940002441406250,130.600006103515620,129.389999389648440,129.639999389648440,62746300,126.257965087890620
2021-06-16,130.369995117187500,130.889999389648440,128.460006713867200,130.149993896484380,91815000,126.754631042480470
2021-06-17,129.800003051757800,132.550003051757800,129.649993896484380,131.789993286132800,96721700,128.351898193359380
2021-06-18,130.710006713867200,131.509994506835940,130.240005493164060,130.460006713867200,108953300,127.056564331054690
2021-06-21,130.300003051757800,132.410003662109380,129.210006713867200,132.300003051757800,79663300,128.848541259765620
2021-06-22,132.130004882812500,134.080001831054700,131.619995117187500,133.979995727539060,74783600,130.484695434570300
2021-06-23,133.770004272460940,134.320007324218750,133.229995727539060,133.699996948242200,60214200,130.212020874023440
2021-06-24,134.449996948242200,134.639999389648440,132.929992675781250,133.410003662109380,68711000,129.929565429687500
2021-06-25,133.460006713867200,133.889999389648440,132.809997558593750,133.110000610351560,70783700,129.637420654296880
2021-06-28,133.410003662109380,135.250000000000000,133.350006103515620,134.779998779296880,62111300,131.263900756835940
2021-06-29,134.800003051757800,136.490005493164060,134.350006103515620,136.330001831054700,64556100,132.773406982421880
2021-06-30,136.169998168945300,137.410003662109380,135.869995117187500,136.960006713867200,63261400,133.387023925781250
2021-07-01,136.600006103515620,137.330001831054700,135.759994506835940,137.270004272460940,52485800,133.688903808593750
2021-07-02,137.899993896484380,140.000000000000000,137.750000000000000,139.960006713867200,78852600,136.308700561523440
2021-07-06,140.070007324218750,143.149993896484380,140.070007324218750,142.020004272460940,108181800,138.314956665039060
2021-07-07,143.539993286132800,144.889999389648440,142.660003662109380,144.570007324218750,104911600,140.798431396484380
2021-07-08,141.580001831054700,144.059997558593750,140.669998168945300,143.240005493164060,105575500,139.503158569335940
2021-07-09,142.750000000000000,145.649993896484380,142.649993896484380,145.110000610351560,99890800,141.324356079101560
2021-07-12,146.210006713867200,146.320007324218750,144.000000000000000,144.500000000000000,76299700,140.730285644531250
2021-07-13,144.029998779296880,147.460006713867200,143.630004882812500,145.639999389648440,100827100,141.840545654296880
2021-07-14,148.100006103515620,149.570007324218750,147.679992675781250,149.149993896484380,127050800,145.259033203125000
2021-07-15,149.240005493164060,150.000000000000000,147.089996337890620,148.479995727539060,106820300,144.606445312500000
2021-07-16,148.460006713867200,149.759994506835940,145.880004882812500,146.389999389648440,93251400,142.570953369140620
2021-07-19,143.750000000000000,144.070007324218750,141.669998168945300,142.449996948242200,121434600,138.733764648437500
2021-07-20,143.460006713867200,147.100006103515620,142.960006713867200,146.149993896484380,96350000,142.337203979492200
2021-07-21,145.529998779296880,146.130004882812500,144.630004882812500,145.399993896484380,74993500,141.606796264648440
2021-07-22,145.940002441406250,148.199996948242200,145.809997558593750,146.800003051757800,77338200,142.970260620117200
2021-07-23,147.550003051757800,148.720001220703120,146.919998168945300,148.559997558593750,71447400,144.684310913085940
2021-07-26,148.270004272460940,149.830001831054700,147.699996948242200,148.990005493164060,72434100,145.103118896484380
2021-07-27,149.119995117187500,149.210006713867200,145.550003051757800,146.770004272460940,104818600,142.941101074218750
2021-07-28,144.809997558593750,146.970001220703120,142.539993286132800,144.979995727539060,118931200,141.197753906250000
2021-07-29,144.690002441406250,146.550003051757800,144.580001831054700,145.639999389648440,56699500,141.840545654296880
2021-07-30,144.380004882812500,146.330001831054700,144.110000610351560,145.860000610351560,70440600,142.054809570312500
2021-08-02,146.360000610351560,146.949996948242200,145.250000000000000,145.520004272460940,62880000,141.723663330078120
2021-08-03,145.809997558593750,148.039993286132800,145.179992675781250,147.360000610351560,64786600,143.515655517578120
2021-08-04,147.270004272460940,147.789993286132800,146.279998779296880,146.949996948242200,56368300,143.116378784179700
2021-08-05,146.979995727539060,147.839996337890620,146.169998168945300,147.059997558593750,46397700,143.223464965820300
2021-08-06,146.350006103515620,147.110000610351560,145.630004882812500,146.139999389648440,54126800,142.540740966796880
2021-08-09,146.199996948242200,146.699996948242200,145.520004272460940,146.089996337890620,48908700,142.491973876953120
2021-08-10,146.440002441406250,147.710006713867200,145.300003051757800,145.600006103515620,69023100,142.014053344726560
2021-08-11,146.050003051757800,146.720001220703120,145.529998779296880,145.860000610351560,48493500,142.267639160156250
2021-08-12,146.190002441406250,149.050003051757800,145.839996337890620,148.889999389648440,72282600,145.223007202148440
2021-08-13,148.970001220703120,149.440002441406250,148.270004272460940,149.100006103515620,59375000,145.427841186523440
2021-08-16,148.539993286132800,151.190002441406250,146.470001220703120,151.119995117187500,103296000,147.398071289062500
2021-08-17,150.229995727539060,151.679992675781250,149.089996337890620,150.190002441406250,92229700,146.490951538085940
2021-08-18,149.800003051757800,150.720001220703120,146.149993896484380,146.360000610351560,86326000,142.755310058593750
2021-08-19,145.029998779296880,148.000000000000000,144.500000000000000,146.699996948242200,86960300,143.086975097656250
2021-08-20,147.440002441406250,148.500000000000000,146.779998779296880,148.190002441406250,60549600,144.540222167968750
2021-08-23,148.309997558593750,150.190002441406250,147.889999389648440,149.710006713867200,60131800,146.022827148437500
2021-08-24,149.449996948242200,150.860000610351560,149.149993896484380,149.619995117187500,48606400,145.935043334960940
2021-08-25,149.809997558593750,150.320007324218750,147.800003051757800,148.360000610351560,58991300,144.706069946289060
2021-08-26,148.350006103515620,149.119995117187500,147.509994506835940,147.539993286132800,48597200,143.906311035156250
2021-08-27,147.479995727539060,148.750000000000000,146.830001831054700,148.600006103515620,55802400,144.940124511718750
2021-08-30,149.000000000000000,153.490005493164060,148.610000610351560,153.119995117187500,90956700,149.348815917968750
2021-08-31,152.660003662109380,152.800003051757800,151.289993286132800,151.830001831054700,86453100,148.090606689453120
2021-09-01,152.830001831054700,154.979995727539060,152.339996337890620,152.509994506835940,80313700,148.753814697265620
2021-09-02,153.869995117187500,154.720001220703120,152.399993896484380,153.649993896484380,71115500,149.865768432617200
2021-09-03,153.759994506835940,154.630004882812500,153.089996337890620,154.300003051757800,57808700,150.499801635742200
2021-09-07,154.970001220703120,157.259994506835940,154.389999389648440,156.690002441406250,82278300,152.830902099609380
2021-09-08,156.979995727539060,157.039993286132800,153.979995727539060,155.110000610351560,74420200,151.289855957031250
2021-09-09,155.490005493164060,156.110000610351560,153.949996948242200,154.070007324218750,57305700,150.275390625000000
2021-09-10,155.000000000000000,155.479995727539060,148.699996948242200,148.970001220703120,140893200,145.301040649414060
2021-09-13,150.630004882812500,151.419998168945300,148.750000000000000,149.550003051757800,102404300,145.866775512695300
2021-09-14,150.350006103515620,151.070007324218750,146.910003662109380,148.119995117187500,109296300,144.471954345703120
2021-09-15,148.559997558593750,149.440002441406250,146.369995117187500,149.029998779296880,83281300,145.359588623046880
2021-09-16,148.440002441406250,148.970001220703120,147.220001220703120,148.789993286132800,68034100,145.125488281250000
2021-09-17,148.820007324218750,148.820007324218750,145.759994506835940,146.059997558593750,129868800,142.462677001953120
2021-09-20,143.800003051757800,144.839996337890620,141.270004272460940,142.940002441406250,123478900,139.419570922851560
2021-09-21,143.929992675781250,144.600006103515620,142.779998779296880,143.429992675781250,75834000,139.897491455078120
2021-09-22,144.449996948242200,146.429992675781250,143.699996948242200,145.850006103515620,76404300,142.257873535156250
2021-09-23,146.649993896484380,147.080001831054700,145.639999389648440,146.830001831054700,64838200,143.213775634765620
2021-09-24,145.660003662109380,147.470001220703120,145.559997558593750,146.919998168945300,53477900,143.301513671875000
2021-09-27,145.470001220703120,145.960006713867200,143.820007324218750,145.369995117187500,74150700,141.789688110351560
2021-09-28,143.250000000000000,144.750000000000000,141.690002441406250,141.910003662109380,108972300,138.414932250976560
2021-09-29,142.470001220703120,144.449996948242200,142.029998779296880,142.830001831054700,74602000,139.312255859375000
2021-09-30,143.660003662109380,144.380004882812500,141.279998779296880,141.500000000000000,89056700,138.014984130859380
2021-10-01,141.899993896484380,142.919998168945300,139.110000610351560,142.649993896484380,94639600,139.136688232421880
2021-10-04,141.759994506835940,142.210006713867200,138.270004272460940,139.139999389648440,98322000,135.713119506835940
2021-10-05,139.490005493164060,142.240005493164060,139.360000610351560,141.110000610351560,80861100,137.634613037109380
2021-10-06,139.470001220703120,142.149993896484380,138.369995117187500,142.000000000000000,83221100,138.502716064453120
2021-10-07,143.059997558593750,144.220001220703120,142.720001220703120,143.289993286132800,61732700,139.760894775390620
2021-10-08,144.029998779296880,144.179992675781250,142.559997558593750,142.899993896484380,58773200,139.380523681640620
2021-10-11,142.270004272460940,144.809997558593750,141.809997558593750,142.809997558593750,64452200,139.292770385742200
2021-10-12,143.229995727539060,143.250000000000000,141.039993286132800,141.509994506835940,73035900,138.024780273437500
2021-10-13,141.240005493164060,141.399993896484380,139.199996948242200,140.910003662109380,78762700,137.439544677734380
2021-10-14,142.110000610351560,143.880004882812500,141.509994506835940,143.759994506835940,69907100,140.219345092773440
2021-10-15,143.770004272460940,144.899993896484380,143.509994506835940,144.839996337890620,67940300,141.272720336914060
2021-10-18,143.449996948242200,146.839996337890620,143.160003662109380,146.550003051757800,85589200,142.940658569335940
2021-10-19,147.009994506835940,149.169998168945300,146.550003051757800,148.759994506835940,76378900,145.096206665039060
2021-10-20,148.699996948242200,149.750000000000000,148.119995117187500,149.259994506835940,58418800,145.583892822265620
2021-10-21,148.809997558593750,149.639999389648440,147.869995117187500,149.479995727539060,61421000,145.798431396484380
2021-10-22,149.690002441406250,150.179992675781250,148.639999389648440,148.690002441406250,58883400,145.027954101562500
2021-10-25,148.679992675781250,149.369995117187500,147.619995117187500,148.639999389648440,50720600,144.979156494140620
2021-10-26,149.330001831054700,150.839996337890620,149.009994506835940,149.320007324218750,60893400,145.642425537109380
2021-10-27,149.360000610351560,149.729995727539060,148.490005493164060,148.850006103515620,56094900,145.184005737304700
2021-10-28,149.820007324218750,153.169998168945300,149.720001220703120,152.570007324218750,100077900,148.812393188476560
2021-10-29,147.220001220703120,149.940002441406250,146.410003662109380,149.800003051757800,124953200,146.110595703125000
2021-11-01,148.990005493164060,149.699996948242200,147.800003051757800,148.960006713867200,74588300,145.291275024414060
2021-11-02,148.660003662109380,151.570007324218750,148.649993896484380,150.020004272460940,69122000,146.325180053710940
2021-11-03,150.389999389648440,151.970001220703120,149.820007324218750,151.490005493164060,54511500,147.758972167968750
2021-11-04,151.580001831054700,152.429992675781250,150.639999389648440,150.960006713867200,60394600,147.241989135742200
2021-11-05,151.889999389648440,152.199996948242200,150.059997558593750,151.279998779296880,65463900,147.769515991210940
2021-11-08,151.410003662109380,151.570007324218750,150.160003662109380,150.440002441406250,55020900,146.949020385742200
2021-11-09,150.199996948242200,151.429992675781250,150.059997558593750,150.809997558593750,56787900,147.310394287109380
2021-11-10,150.020004272460940,150.130004882812500,147.850006103515620,147.919998168945300,65187100,144.487457275390620
2021-11-11,148.960006713867200,149.429992675781250,147.679992675781250,147.869995117187500,41000000,144.438598632812500
2021-11-12,148.429992675781250,150.399993896484380,147.479995727539060,149.990005493164060,63804000,146.509399414062500
2021-11-15,150.369995117187500,151.880004882812500,149.429992675781250,150.000000000000000,59222800,146.519195556640620
2021-11-16,149.940002441406250,151.490005493164060,149.339996337890620,151.000000000000000,59256200,147.495986938476560
2021-11-17,151.000000000000000,155.000000000000000,150.990005493164060,153.490005493164060,88807000,149.928222656250000
2021-11-18,153.710006713867200,158.669998168945300,153.050003051757800,157.869995117187500,137827700,154.206588745117200
2021-11-19,157.649993896484380,161.020004272460940,156.529998779296880,160.550003051757800,117305600,156.824371337890620
2021-11-22,161.679992675781250,165.699996948242200,161.000000000000000,161.020004272460940,117467900,157.283493041992200
2021-11-23,161.119995117187500,161.800003051757800,159.059997558593750,161.410003662109380,96041900,157.664443969726560
2021-11-24,160.750000000000000,162.139999389648440,159.639999389648440,161.940002441406250,69463600,158.182144165039060
2021-11-26,159.570007324218750,160.449996948242200,156.360000610351560,156.809997558593750,76959800,153.171173095703120
2021-11-29,159.369995117187500,161.190002441406250,158.789993286132800,160.240005493164060,88748200,156.521591186523440
2021-11-30,159.990005493164060,165.520004272460940,159.919998168945300,165.300003051757800,174048100,161.464187622070300
2021-12-01,167.479995727539060,170.300003051757800,164.529998779296880,164.770004272460940,152052500,160.946456909179700
2021-12-02,158.740005493164060,164.199996948242200,157.800003051757800,163.759994506835940,136739200,159.959884643554700
2021-12-03,164.020004272460940,164.960006713867200,159.720001220703120,161.839996337890620,118023100,158.084472656250000
2021-12-06,164.289993286132800,167.880004882812500,164.279998779296880,165.320007324218750,107497000,161.483673095703120
2021-12-07,169.080001831054700,171.580001831054700,168.339996337890620,171.179992675781250,120405400,167.207687377929700
2021-12-08,172.130004882812500,175.960006713867200,170.699996948242200,175.080001831054700,116998900,171.017242431640620
2021-12-09,174.910003662109380,176.750000000000000,173.919998168945300,174.559997558593750,108923700,170.509246826171880
2021-12-10,175.210006713867200,179.630004882812500,174.690002441406250,179.449996948242200,115402700,175.285827636718750
2021-12-13,181.119995117187500,182.130004882812500,175.529998779296880,175.740005493164060,153237000,171.661880493164060
2021-12-14,175.250000000000000,177.740005493164060,172.210006713867200,174.330001831054700,139380400,170.284606933593750
2021-12-15,175.110000610351560,179.500000000000000,172.309997558593750,179.300003051757800,131063300,175.139282226562500
2021-12-16,179.279998779296880,181.139999389648440,170.750000000000000,172.259994506835940,150185800,168.262649536132800
2021-12-17,169.929992675781250,173.470001220703120,169.690002441406250,171.139999389648440,195432700,167.168640136718750
2021-12-20,168.279998779296880,170.580001831054700,167.460006713867200,169.750000000000000,107499100,165.810897827148440
2021-12-21,171.559997558593750,173.199996948242200,169.119995117187500,172.990005493164060,91185900,168.975723266601560
2021-12-22,173.039993286132800,175.860000610351560,172.149993896484380,175.639999389648440,92135300,171.564193725585940
2021-12-23,175.850006103515620,176.850006103515620,175.270004272460940,176.279998779296880,68356600,172.189407348632800
2021-12-27,177.089996337890620,180.419998168945300,177.070007324218750,180.330001831054700,74919600,176.145401000976560
2021-12-28,180.160003662109380,181.330001831054700,178.529998779296880,179.289993286132800,79144300,175.129531860351560
2021-12-29,179.330001831054700,180.630004882812500,178.139999389648440,179.380004882812500,62348900,175.217453002929700
2021-12-30,179.470001220703120,180.570007324218750,178.089996337890620,178.199996948242200,59773000,174.064804077148440
2021-12-31,178.089996337890620,179.229995727539060,177.259994506835940,177.570007324218750,64062300,173.449462890625000
2022-01-03,177.830001831054700,182.880004882812500,177.710006713867200,182.009994506835940,104487900,177.786392211914060
2022-01-04,182.630004882812500,182.940002441406250,179.119995117187500,179.699996948242200,99310400,175.529983520507800
2022-01-05,179.610000610351560,180.169998168945300,174.639999389648440,174.919998168945300,94537600,170.860916137695300
2022-01-06,172.699996948242200,175.300003051757800,171.639999389648440,172.000000000000000,96904000,168.008682250976560
2022-01-07,172.889999389648440,174.139999389648440,171.029998779296880,172.169998168945300,86709100,168.174728393554700
2022-01-10,169.080001831054700,172.500000000000000,168.169998168945300,172.190002441406250,106765600,168.194274902343750
2022-01-11,172.320007324218750,175.179992675781250,170.820007324218750,175.080001831054700,76138300,171.017242431640620
2022-01-12,176.119995117187500,177.179992675781250,174.820007324218750,175.529998779296880,74805200,171.456756591796880
2022-01-13,175.779998779296880,176.619995117187500,171.789993286132800,172.190002441406250,84505800,168.194274902343750
2022-01-14,171.339996337890620,173.779998779296880,171.089996337890620,173.070007324218750,80440800,169.053863525390620
2022-01-18,171.509994506835940,172.539993286132800,169.410003662109380,169.800003051757800,90956700,165.859725952148440
2022-01-19,170.000000000000000,171.080001831054700,165.940002441406250,166.229995727539060,94815000,162.372589111328120
2022-01-20,166.979995727539060,169.679992675781250,164.179992675781250,164.509994506835940,91420500,160.692474365234380
2022-01-21,164.419998168945300,166.330001831054700,162.300003051757800,162.410003662109380,122848900,158.641204833984380
2022-01-24,160.020004272460940,162.300003051757800,154.699996948242200,161.619995117187500,162294600,157.869552612304700
2022-01-25,158.979995727539060,162.759994506835940,157.020004272460940,159.779998779296880,115798400,156.072280883789060
2022-01-26,163.500000000000000,164.389999389648440,157.820007324218750,159.690002441406250,108275300,155.984329223632800
2022-01-27,162.449996948242200,163.839996337890620,158.279998779296880,159.220001220703120,121954600,155.525238037109380
2022-01-28,165.710006713867200,170.350006103515620,162.800003051757800,170.330001831054700,179935700,166.377441406250000
2022-01-31,170.160003662109380,175.000000000000000,169.509994506835940,174.779998779296880,115541600,170.724182128906250
2022-02-01,174.009994506835940,174.839996337890620,172.309997558593750,174.610000610351560,86213900,170.558120727539060
2022-02-02,174.750000000000000,175.880004882812500,173.330001831054700,175.839996337890620,84914300,171.759567260742200
2022-02-03,174.479995727539060,176.240005493164060,172.119995117187500,172.899993896484380,89418100,168.887802124023440
2022-02-04,171.679992675781250,174.100006103515620,170.679992675781250,172.389999389648440,82465400,168.604202270507800
2022-02-07,172.860000610351560,173.949996948242200,170.949996948242200,171.660003662109380,77251200,167.890213012695300
2022-02-08,171.729995727539060,175.350006103515620,171.429992675781250,174.830001831054700,74829200,170.990570068359380
2022-02-09,176.050003051757800,176.649993896484380,174.899993896484380,176.279998779296880,71285000,172.408737182617200
2022-02-10,174.139999389648440,175.479995727539060,171.550003051757800,172.119995117187500,90865900,168.340087890625000
2022-02-11,172.330001831054700,173.080001831054700,168.039993286132800,168.639999389648440,98670700,164.936523437500000
2022-02-14,167.369995117187500,169.580001831054700,166.559997558593750,168.880004882812500,86185500,165.171264648437500
2022-02-15,170.970001220703120,172.949996948242200,170.250000000000000,172.789993286132800,62527400,168.995376586914060
2022-02-16,171.850006103515620,173.339996337890620,170.050003051757800,172.550003051757800,61177400,168.760665893554700
2022-02-17,171.029998779296880,171.910003662109380,168.470001220703120,168.880004882812500,69589300,165.171264648437500
2022-02-18,169.820007324218750,170.539993286132800,166.190002441406250,167.300003051757800,82772700,163.625961303710940
2022-02-22,164.979995727539060,166.690002441406250,162.149993896484380,164.320007324218750,91162800,160.711425781250000
2022-02-23,165.539993286132800,166.149993896484380,159.750000000000000,160.070007324218750,90009200,156.554702758789060
2022-02-24,152.580001831054700,162.850006103515620,152.000000000000000,162.740005493164060,141147500,159.166076660156250
2022-02-25,163.839996337890620,165.119995117187500,160.869995117187500,164.850006103515620,91974200,161.229751586914060
2022-02-28,163.059997558593750,165.419998168945300,162.429992675781250,165.119995117187500,95056600,161.493820190429700
2022-03-01,164.699996948242200,166.600006103515620,161.970001220703120,163.199996948242200,83474400,159.615982055664060
2022-03-02,164.389999389648440,167.360000610351560,162.949996948242200,166.559997558593750,79724800,162.902206420898440
2022-03-03,168.470001220703120,168.910003662109380,165.550003051757800,166.229995727539060,76678400,162.579467773437500
2022-03-04,164.490005493164060,165.550003051757800,162.100006103515620,163.169998168945300,83737200,159.586624145507800
2022-03-07,163.360000610351560,165.020004272460940,159.039993286132800,159.300003051757800,96418800,155.801620483398440
2022-03-08,158.820007324218750,162.880004882812500,155.800003051757800,157.440002441406250,131148300,153.982467651367200
2022-03-09,161.479995727539060,163.410003662109380,159.410003662109380,162.949996948242200,91454900,159.371475219726560
2022-03-10,160.199996948242200,160.389999389648440,155.979995727539060,158.520004272460940,105342000,155.038772583007800
2022-03-11,158.929992675781250,159.279998779296880,154.500000000000000,154.729995727539060,96970100,151.332000732421880
2022-03-14,151.449996948242200,154.119995117187500,150.100006103515620,150.619995117187500,108732100,147.312225341796880
2022-03-15,150.899993896484380,155.570007324218750,150.380004882812500,155.089996337890620,92964300,151.684082031250000
2022-03-16,157.050003051757800,160.000000000000000,154.460006713867200,159.589996337890620,102300200,156.085266113281250
2022-03-17,158.610000610351560,161.000000000000000,157.630004882812500,160.619995117187500,75615400,157.092666625976560
2022-03-18,160.509994506835940,164.479995727539060,159.759994506835940,163.979995727539060,123511700,160.378829956054700
2022-03-21,163.509994506835940,166.350006103515620,163.009994506835940,165.380004882812500,95811400,161.748107910156250
2022-03-22,165.509994506835940,169.419998168945300,164.910003662109380,168.820007324218750,81532000,165.112594604492200
2022-03-23,167.990005493164060,172.639999389648440,167.649993896484380,170.210006713867200,98062700,166.472061157226560
2022-03-24,171.059997558593750,174.139999389648440,170.210006713867200,174.070007324218750,90131400,170.247268676757800
2022-03-25,173.880004882812500,175.279998779296880,172.750000000000000,174.720001220703120,80546200,170.883010864257800
2022-03-28,172.169998168945300,175.729995727539060,172.000000000000000,175.600006103515620,90371900,171.743698120117200
2022-03-29,176.690002441406250,179.009994506835940,176.339996337890620,178.960006713867200,100589400,175.029907226562500
2022-03-30,178.550003051757800,179.610000610351560,176.699996948242200,177.770004272460940,92633200,173.866027832031250
2022-03-31,177.839996337890620,178.029998779296880,174.399993896484380,174.610000610351560,103049300,170.775436401367200
2022-04-01,174.029998779296880,174.880004882812500,171.940002441406250,174.309997558593750,78751300,170.482040405273440
2022-04-04,174.570007324218750,178.490005493164060,174.440002441406250,178.440002441406250,76468400,174.521301269531250
2022-04-05,177.500000000000000,178.300003051757800,174.419998168945300,175.059997558593750,73401800,171.215499877929700
2022-04-06,172.360000610351560,173.630004882812500,170.130004882812500,171.830001831054700,89058800,168.056472778320300
2022-04-07,171.160003662109380,173.360000610351560,169.850006103515620,172.139999389648440,77594700,168.359649658203120
2022-04-08,171.779998779296880,171.779998779296880,169.199996948242200,170.089996337890620,76575500,166.354660034179700
2022-04-11,168.710006713867200,169.029998779296880,165.500000000000000,165.750000000000000,72246700,162.110015869140620
2022-04-12,168.020004272460940,169.869995117187500,166.639999389648440,167.660003662109380,79265200,163.978057861328120
2022-04-13,167.389999389648440,171.039993286132800,166.770004272460940,170.399993896484380,70618900,166.657882690429700
2022-04-14,170.619995117187500,171.270004272460940,165.039993286132800,165.289993286132800,75329400,161.660049438476560
2022-04-18,163.919998168945300,166.600006103515620,163.570007324218750,165.070007324218750,69023900,161.444946289062500
2022-04-19,165.020004272460940,167.820007324218750,163.910003662109380,167.399993896484380,67723800,163.723724365234380
2022-04-20,168.759994506835940,168.880004882812500,166.100006103515620,167.229995727539060,67929800,163.557510375976560
2022-04-21,168.910003662109380,171.529998779296880,165.910003662109380,166.419998168945300,87227800,162.765258789062500
2022-04-22,166.460006713867200,167.869995117187500,161.500000000000000,161.789993286132800,84882400,158.236907958984380
2022-04-25,161.119995117187500,163.169998168945300,158.460006713867200,162.880004882812500,96046400,159.303009033203120
2022-04-26,162.250000000000000,162.339996337890620,156.720001220703120,156.800003051757800,95623200,153.356552124023440
2022-04-27,155.910003662109380,159.789993286132800,155.380004882812500,156.570007324218750,88063200,153.131637573242200
2022-04-28,159.250000000000000,164.520004272460940,158.929992675781250,163.639999389648440,130216800,160.046325683593750
2022-04-29,161.839996337890620,166.199996948242200,157.250000000000000,157.649993896484380,131747600,154.187896728515620
2022-05-02,156.710006713867200,158.229995727539060,153.270004272460940,157.960006713867200,123055300,154.491073608398440
2022-05-03,158.149993896484380,160.710006713867200,156.320007324218750,159.479995727539060,88966500,155.977691650390620
2022-05-04,159.669998168945300,166.479995727539060,159.259994506835940,166.020004272460940,108256500,162.374069213867200
2022-05-05,163.850006103515620,164.080001831054700,154.949996948242200,156.770004272460940,130525300,153.327209472656250
2022-05-06,156.009994506835940,159.440002441406250,154.179992675781250,157.279998779296880,116124600,154.052017211914060
2022-05-09,154.929992675781250,155.830001831054700,151.490005493164060,152.059997558593750,131577900,148.939147949218750
2022-05-10,155.520004272460940,156.740005493164060,152.929992675781250,154.509994506835940,115366700,151.338867187500000
2022-05-11,153.500000000000000,155.449996948242200,145.809997558593750,146.500000000000000,142689800,143.493240356445300
2022-05-12,142.770004272460940,146.199996948242200,138.800003051757800,142.559997558593750,182602000,139.634124755859380
2022-05-13,144.589996337890620,148.100006103515620,143.110000610351560,147.110000610351560,113990900,144.090759277343750
2022-05-16,145.550003051757800,147.520004272460940,144.179992675781250,145.539993286132800,86643800,142.552963256835940
2022-05-17,148.860000610351560,149.770004272460940,146.679992675781250,149.240005493164060,78336300,146.177032470703120
2022-05-18,146.850006103515620,147.360000610351560,139.899993896484380,140.820007324218750,109742900,137.929824829101560
2022-05-19,139.880004882812500,141.660003662109380,136.600006103515620,137.350006103515620,136095600,134.531066894531250
2022-05-20,139.089996337890620,140.699996948242200,132.610000610351560,137.589996337890620,137426100,134.766128540039060
2022-05-23,137.789993286132800,143.259994506835940,137.649993896484380,143.110000610351560,117726300,140.172866821289060
2022-05-24,140.809997558593750,141.970001220703120,137.330001831054700,140.360000610351560,104132700,137.479278564453120
2022-05-25,138.429992675781250,141.789993286132800,138.339996337890620,140.520004272460940,92482700,137.635986328125000
2022-05-26,137.389999389648440,144.339996337890620,137.139999389648440,143.779998779296880,90601500,140.829086303710940
2022-05-27,145.389999389648440,149.679992675781250,145.259994506835940,149.639999389648440,90978500,146.568832397460940
2022-05-31,149.070007324218750,150.660003662109380,146.839996337890620,148.839996337890620,103718400,145.785232543945300
2022-06-01,149.899993896484380,151.740005493164060,147.679992675781250,148.710006713867200,74286600,145.657913208007800
2022-06-02,147.830001831054700,151.270004272460940,146.860000610351560,151.210006713867200,72348100,148.106597900390620
2022-06-03,146.899993896484380,147.970001220703120,144.460006713867200,145.380004882812500,88570300,142.396224975585940
2022-06-06,147.029998779296880,148.570007324218750,144.899993896484380,146.139999389648440,71598400,143.140640258789060
2022-06-07,144.350006103515620,149.000000000000000,144.100006103515620,148.710006713867200,67808200,145.657913208007800
2022-06-08,148.580001831054700,149.869995117187500,147.460006713867200,147.960006713867200,53950200,144.923278808593750
2022-06-09,147.080001831054700,147.949996948242200,142.529998779296880,142.639999389648440,69473000,139.712493896484380
2022-06-10,140.279998779296880,140.759994506835940,137.059997558593750,137.130004882812500,91437900,134.315536499023440
2022-06-13,132.869995117187500,135.199996948242200,131.440002441406250,131.880004882812500,122207100,129.173309326171880
2022-06-14,133.130004882812500,133.889999389648440,131.479995727539060,132.759994506835940,84784300,130.035247802734380
2022-06-15,134.289993286132800,137.339996337890620,132.160003662109380,135.429992675781250,91533000,132.650466918945300
2022-06-16,132.080001831054700,132.389999389648440,129.039993286132800,130.059997558593750,108123900,127.390663146972660
2022-06-17,130.070007324218750,133.080001831054700,129.809997558593750,131.559997558593750,134520300,128.859863281250000
2022-06-21,133.419998168945300,137.059997558593750,133.320007324218750,135.869995117187500,81000500,133.081436157226560
2022-06-22,134.789993286132800,137.759994506835940,133.910003662109380,135.350006103515620,73409200,132.572097778320300
2022-06-23,136.820007324218750,138.589996337890620,135.630004882812500,138.270004272460940,72433800,135.432144165039060
2022-06-24,139.899993896484380,141.910003662109380,139.770004272460940,141.660003662109380,89116800,138.752563476562500
2022-06-27,142.699996948242200,143.490005493164060,140.970001220703120,141.660003662109380,70207900,138.752563476562500
2022-06-28,142.130004882812500,143.419998168945300,137.320007324218750,137.440002441406250,67083400,134.619216918945300
2022-06-29,137.460006713867200,140.669998168945300,136.669998168945300,139.229995727539060,66242400,136.372482299804700
2022-06-30,137.250000000000000,138.369995117187500,133.770004272460940,136.720001220703120,98964500,133.913955688476560
2022-07-01,136.039993286132800,139.039993286132800,135.660003662109380,138.929992675781250,71051600,136.078582763671880
2022-07-05,137.770004272460940,141.610000610351560,136.929992675781250,141.559997558593750,73353800,138.654632568359380
2022-07-06,141.350006103515620,144.119995117187500,141.080001831054700,142.919998168945300,74064300,139.986724853515620
2022-07-07,143.289993286132800,146.550003051757800,143.279998779296880,146.350006103515620,66253700,143.346313476562500
2022-07-08,145.259994506835940,147.550003051757800,145.000000000000000,147.039993286132800,64547800,144.022155761718750
2022-07-11,145.669998168945300,146.639999389648440,143.779998779296880,144.869995117187500,63141600,141.896713256835940
2022-07-12,145.759994506835940,148.449996948242200,145.050003051757800,145.860000610351560,77588800,142.866394042968750
2022-07-13,142.990005493164060,146.449996948242200,142.119995117187500,145.490005493164060,71185600,142.503997802734380
2022-07-14,144.080001831054700,148.949996948242200,143.250000000000000,148.470001220703120,78140700,145.422805786132800
2022-07-15,149.779998779296880,150.860000610351560,148.199996948242200,150.169998168945300,76259900,147.087936401367200
2022-07-18,150.740005493164060,151.570007324218750,146.699996948242200,147.070007324218750,81420900,144.051544189453120
2022-07-19,147.919998168945300,151.229995727539060,146.910003662109380,151.000000000000000,82982400,147.900878906250000
2022-07-20,151.119995117187500,153.720001220703120,150.369995117187500,153.039993286132800,64823400,149.899032592773440
2022-07-21,154.500000000000000,155.570007324218750,151.940002441406250,155.350006103515620,65086600,152.161636352539060
2022-07-22,155.389999389648440,156.279998779296880,153.410003662109380,154.089996337890620,66675400,150.927474975585940
2022-07-25,154.009994506835940,155.039993286132800,152.279998779296880,152.949996948242200,53623900,149.810882568359380
2022-07-26,152.259994506835940,153.089996337890620,150.800003051757800,151.600006103515620,55138700,148.488586425781250
2022-07-27,152.580001831054700,157.330001831054700,152.160003662109380,156.789993286132800,78620700,153.572067260742200
2022-07-28,156.979995727539060,157.639999389648440,154.410003662109380,157.350006103515620,81378700,154.120590209960940
2022-07-29,161.240005493164060,163.630004882812500,159.500000000000000,162.509994506835940,101786900,159.174697875976560
2022-08-01,161.009994506835940,163.589996337890620,160.889999389648440,161.509994506835940,67829400,158.195190429687500
2022-08-02,160.100006103515620,162.410003662109380,159.630004882812500,160.009994506835940,59907000,156.725982666015620
2022-08-03,160.839996337890620,166.589996337890620,160.750000000000000,166.130004882812500,82507500,162.720397949218750
2022-08-04,166.009994506835940,167.190002441406250,164.429992675781250,165.809997558593750,55474100,162.406951904296880
2022-08-05,163.210006713867200,165.850006103515620,163.000000000000000,165.350006103515620,56697000,162.181365966796880
2022-08-08,166.369995117187500,167.809997558593750,164.199996948242200,164.869995117187500,60276900,161.710556030273440
2022-08-09,164.020004272460940,165.820007324218750,163.250000000000000,164.919998168945300,63135500,161.759597778320300
2022-08-10,167.679992675781250,169.339996337890620,166.899993896484380,169.240005493164060,70170500,165.996810913085940
2022-08-11,170.059997558593750,170.990005493164060,168.190002441406250,168.490005493164060,57149200,165.261169433593750
2022-08-12,169.820007324218750,172.169998168945300,169.399993896484380,172.100006103515620,68039400,168.802001953125000
2022-08-15,171.520004272460940,173.389999389648440,171.350006103515620,173.190002441406250,54091700,169.871124267578120
2022-08-16,172.779998779296880,173.710006713867200,171.660003662109380,173.029998779296880,56377100,169.714157104492200
2022-08-17,172.770004272460940,176.149993896484380,172.570007324218750,174.550003051757800,79542000,171.205032348632800
2022-08-18,173.750000000000000,174.899993896484380,173.119995117187500,174.149993896484380,62290100,170.812698364257800
2022-08-19,173.029998779296880,173.740005493164060,171.309997558593750,171.520004272460940,70346300,168.233093261718750
2022-08-22,169.690002441406250,169.860000610351560,167.139999389648440,167.570007324218750,69026800,164.358795166015620
2022-08-23,167.080001831054700,168.710006713867200,166.649993896484380,167.229995727539060,54147100,164.025329589843750
2022-08-24,167.320007324218750,168.110000610351560,166.250000000000000,167.529998779296880,53841500,164.319564819335940
2022-08-25,168.779998779296880,170.139999389648440,168.350006103515620,170.029998779296880,51218200,166.771652221679700
2022-08-26,170.570007324218750,171.050003051757800,163.559997558593750,163.619995117187500,78961000,160.484497070312500
2022-08-29,161.149993896484380,162.899993896484380,159.820007324218750,161.380004882812500,73314000,158.287429809570300
2022-08-30,162.130004882812500,162.559997558593750,157.720001220703120,158.910003662109380,77906200,155.864776611328120
2022-08-31,160.309997558593750,160.580001831054700,157.139999389648440,157.220001220703120,87991100,154.207138061523440
2022-09-01,156.639999389648440,158.419998168945300,154.669998168945300,157.960006713867200,74229900,154.932952880859380
2022-09-02,159.750000000000000,160.360000610351560,154.970001220703120,155.809997558593750,76957800,152.824172973632800
2022-09-06,156.470001220703120,157.089996337890620,153.690002441406250,154.529998779296880,73714800,151.568664550781250
2022-09-07,154.820007324218750,156.669998168945300,153.610000610351560,155.960006713867200,87449600,152.971298217773440
2022-09-08,154.639999389648440,156.360000610351560,152.679992675781250,154.460006713867200,84923800,151.500061035156250
2022-09-09,155.470001220703120,157.820007324218750,154.750000000000000,157.369995117187500,68028800,154.354278564453120
2022-09-12,159.589996337890620,164.259994506835940,159.300003051757800,163.429992675781250,104956000,160.298141479492200
2022-09-13,159.899993896484380,160.539993286132800,153.369995117187500,153.839996337890620,122656600,150.891906738281250
2022-09-14,154.789993286132800,157.100006103515620,153.610000610351560,155.309997558593750,87965400,152.333740234375000
2022-09-15,154.649993896484380,155.240005493164060,151.380004882812500,152.369995117187500,90481100,149.450073242187500
2022-09-16,151.210006713867200,151.350006103515620,148.369995117187500,150.699996948242200,162278800,147.812042236328120
2022-09-19,149.309997558593750,154.559997558593750,149.100006103515620,154.479995727539060,81474200,151.519653320312500
2022-09-20,153.399993896484380,158.080001831054700,153.080001831054700,156.899993896484380,107689800,153.893264770507800
2022-09-21,157.339996337890620,158.740005493164060,153.600006103515620,153.720001220703120,101696800,150.774200439453120
2022-09-22,152.380004882812500,154.470001220703120,150.910003662109380,152.740005493164060,86652500,149.813003540039060
2022-09-23,151.190002441406250,151.470001220703120,148.559997558593750,150.429992675781250,96029900,147.547241210937500
2022-09-26,149.660003662109380,153.770004272460940,149.639999389648440,150.770004272460940,93339400,147.880706787109380
2022-09-27,152.740005493164060,154.720001220703120,149.949996948242200,151.759994506835940,84442700,148.851776123046880
2022-09-28,147.639999389648440,150.639999389648440,144.839996337890620,149.839996337890620,146691400,146.968551635742200
2022-09-29,146.100006103515620,146.720001220703120,140.679992675781250,142.479995727539060,128138200,139.749633789062500
2022-09-30,141.279998779296880,143.100006103515620,138.000000000000000,138.199996948242200,124925300,135.551605224609380
2022-10-03,138.210006713867200,143.070007324218750,137.690002441406250,142.449996948242200,114311700,139.720138549804700
2022-10-04,145.029998779296880,146.220001220703120,144.259994506835940,146.100006103515620,87830100,143.300247192382800
2022-10-05,144.070007324218750,147.380004882812500,143.009994506835940,146.399993896484380,79471000,143.594497680664060
2022-10-06,145.809997558593750,147.539993286132800,145.220001220703120,145.429992675781250,68402200,142.643066406250000
2022-10-07,142.539993286132800,143.100006103515620,139.449996948242200,140.089996337890620,85925600,137.405426025390620
2022-10-10,140.419998168945300,141.889999389648440,138.570007324218750,140.419998168945300,74899000,137.729125976562500
2022-10-11,139.899993896484380,141.350006103515620,138.220001220703120,138.979995727539060,77033700,136.316665649414060
2022-10-12,139.130004882812500,140.360000610351560,138.160003662109380,138.339996337890620,70433700,135.688949584960940
2022-10-13,134.990005493164060,143.589996337890620,134.369995117187500,142.990005493164060,113224000,140.249862670898440
2022-10-14,144.309997558593750,144.520004272460940,138.190002441406250,138.380004882812500,88598000,135.728195190429700
2022-10-17,141.070007324218750,142.899993896484380,140.270004272460940,142.410003662109380,85250900,139.680938720703120
2022-10-18,145.490005493164060,146.699996948242200,140.610000610351560,143.750000000000000,99136600,140.995239257812500
2022-10-19,141.690002441406250,144.949996948242200,141.500000000000000,143.860000610351560,61758300,141.103179931640620
2022-10-20,143.020004272460940,145.889999389648440,142.649993896484380,143.389999389648440,64522000,140.642166137695300
2022-10-21,142.869995117187500,147.850006103515620,142.649993896484380,147.270004272460940,86548600,144.447845458984380
2022-10-24,147.190002441406250,150.229995727539060,146.000000000000000,149.449996948242200,75981900,146.586044311523440
2022-10-25,150.089996337890620,152.490005493164060,149.360000610351560,152.339996337890620,74732300,149.420654296875000
2022-10-26,150.960006713867200,151.990005493164060,148.039993286132800,149.350006103515620,88194300,146.487976074218750
2022-10-27,148.070007324218750,149.050003051757800,144.130004882812500,144.800003051757800,109180200,142.025161743164060
2022-10-28,148.199996948242200,157.500000000000000,147.820007324218750,155.740005493164060,164762400,152.755508422851560
2022-10-31,153.160003662109380,154.240005493164060,151.919998168945300,153.339996337890620,97943200,150.401489257812500
2022-11-01,155.080001831054700,155.449996948242200,149.130004882812500,150.649993896484380,80379300,147.763046264648440
2022-11-02,148.949996948242200,152.169998168945300,145.000000000000000,145.029998779296880,93604600,142.250717163085940
2022-11-03,142.059997558593750,142.800003051757800,138.750000000000000,138.880004882812500,97918500,136.218582153320300
2022-11-04,142.089996337890620,142.669998168945300,134.380004882812500,138.380004882812500,140814800,135.953338623046880
2022-11-07,137.110000610351560,139.149993896484380,135.669998168945300,138.919998168945300,83374600,136.483886718750000
2022-11-08,140.410003662109380,141.429992675781250,137.490005493164060,139.500000000000000,89908500,137.053680419921880
2022-11-09,138.500000000000000,138.550003051757800,134.589996337890620,134.869995117187500,74917800,132.504867553710940
2022-11-10,141.240005493164060,146.869995117187500,139.500000000000000,146.869995117187500,118854000,144.294448852539060
2022-11-11,145.820007324218750,150.009994506835940,144.369995117187500,149.699996948242200,93979700,147.074813842773440
2022-11-14,148.970001220703120,150.279998779296880,147.429992675781250,148.279998779296880,73374100,145.679702758789060
2022-11-15,152.220001220703120,153.589996337890620,148.559997558593750,150.039993286132800,89868300,147.408828735351560
2022-11-16,149.130004882812500,149.869995117187500,147.289993286132800,148.789993286132800,64218300,146.180770874023440
2022-11-17,146.429992675781250,151.479995727539060,146.149993896484380,150.720001220703120,80389400,148.076919555664060
2022-11-18,152.309997558593750,152.699996948242200,149.970001220703120,151.289993286132800,74829600,148.636962890625000
2022-11-21,150.160003662109380,150.369995117187500,147.720001220703120,148.009994506835940,58724100,145.414474487304700
2022-11-22,148.130004882812500,150.419998168945300,146.929992675781250,150.179992675781250,51804100,147.546386718750000
2022-11-23,149.449996948242200,151.830001831054700,149.339996337890620,151.070007324218750,58301400,148.420791625976560
2022-11-25,148.309997558593750,148.880004882812500,147.119995117187500,148.110000610351560,35195900,145.512664794921880
2022-11-28,145.139999389648440,146.639999389648440,143.380004882812500,144.220001220703120,69246000,141.690902709960940
2022-11-29,144.289993286132800,144.809997558593750,140.350006103515620,141.169998168945300,83763800,138.694427490234380
2022-11-30,141.399993896484380,148.720001220703120,140.550003051757800,148.029998779296880,111380900,145.434112548828120
2022-12-01,148.210006713867200,149.130004882812500,146.610000610351560,148.309997558593750,71250400,145.709197998046880
2022-12-02,145.960006713867200,148.000000000000000,145.649993896484380,147.809997558593750,65447400,145.218002319335940
2022-12-05,147.770004272460940,150.919998168945300,145.770004272460940,146.630004882812500,68826400,144.058670043945300
2022-12-06,147.070007324218750,147.300003051757800,141.919998168945300,142.910003662109380,64727200,140.403884887695300
2022-12-07,142.190002441406250,143.369995117187500,140.000000000000000,140.940002441406250,69721100,138.468429565429700
2022-12-08,142.360000610351560,143.520004272460940,141.100006103515620,142.649993896484380,62128300,140.148468017578120
2022-12-09,142.339996337890620,145.570007324218750,140.899993896484380,142.160003662109380,76097000,139.667037963867200
2022-12-12,142.699996948242200,144.500000000000000,141.059997558593750,144.490005493164060,70462700,141.956207275390620
2022-12-13,149.500000000000000,149.970001220703120,144.240005493164060,145.470001220703120,93886200,142.919006347656250
2022-12-14,145.350006103515620,146.660003662109380,141.160003662109380,143.210006713867200,82291200,140.698684692382800
2022-12-15,141.110000610351560,141.800003051757800,136.029998779296880,136.500000000000000,98931900,134.106307983398440
2022-12-16,136.690002441406250,137.649993896484380,133.729995727539060,134.509994506835940,160156900,132.151214599609380
2022-12-19,135.110000610351560,135.199996948242200,131.320007324218750,132.369995117187500,79592600,130.048721313476560
2022-12-20,131.389999389648440,133.250000000000000,129.889999389648440,132.300003051757800,77432800,129.979934692382800
2022-12-21,132.979995727539060,136.809997558593750,132.750000000000000,135.449996948242200,85928000,133.074707031250000
2022-12-22,134.350006103515620,134.559997558593750,130.300003051757800,132.229995727539060,77852100,129.911193847656250
2022-12-23,130.919998168945300,132.419998168945300,129.639999389648440,131.860000610351560,63814900,129.547668457031250
2022-12-27,131.380004882812500,131.410003662109380,128.720001220703120,130.029998779296880,69007800,127.749771118164060
2022-12-28,129.669998168945300,131.029998779296880,125.870002746582030,126.040000915527340,85438400,123.829734802246100
2022-12-29,127.989997863769530,130.479995727539060,127.730003356933600,129.610000610351560,75703700,127.337112426757810
2022-12-30,128.410003662109380,129.949996948242200,127.430000305175780,129.929992675781250,77034200,127.651496887207030
2023-01-03,130.279998779296880,130.899993896484380,124.169998168945310,125.069999694824220,112117500,122.876747131347660
2023-01-04,126.889999389648440,128.660003662109380,125.080001831054690,126.360000610351560,89113600,124.144104003906250
2023-01-05,127.129997253417970,127.769996643066400,124.760002136230470,125.019996643066400,80962700,122.827629089355470
2023-01-06,126.010002136230470,130.289993286132800,124.889999389648440,129.619995117187500,87754700,127.346923828125000
2023-01-09,130.470001220703120,133.410003662109380,129.889999389648440,130.149993896484380,70790800,127.867652893066400
2023-01-10,130.259994506835940,131.259994506835940,128.119995117187500,130.729995727539060,63896200,128.437469482421880
2023-01-11,131.250000000000000,133.509994506835940,130.460006713867200,133.490005493164060,69458900,131.149063110351560
2023-01-12,133.880004882812500,134.259994506835940,131.440002441406250,133.410003662109380,71379600,131.070510864257800
2023-01-13,132.029998779296880,134.919998168945300,131.660003662109380,134.759994506835940,57809700,132.396835327148440
2023-01-17,134.830001831054700,137.289993286132800,134.130004882812500,135.940002441406250,63646600,133.556137084960940
2023-01-18,136.820007324218750,138.610000610351560,135.029998779296880,135.210006713867200,69672800,132.838897705078120
2023-01-19,134.080001831054700,136.250000000000000,133.770004272460940,135.270004272460940,58280400,132.897888183593750
2023-01-20,135.279998779296880,138.020004272460940,134.220001220703120,137.869995117187500,80223600,135.452270507812500
2023-01-23,138.119995117187500,143.320007324218750,137.899993896484380,141.110000610351560,81760300,138.635482788085940
2023-01-24,140.309997558593750,143.160003662109380,140.300003051757800,142.529998779296880,66435100,140.030563354492200
2023-01-25,140.889999389648440,142.429992675781250,138.809997558593750,141.860000610351560,65799300,139.372314453125000
2023-01-26,143.169998168945300,144.250000000000000,141.899993896484380,143.960006713867200,54105100,141.435485839843750
2023-01-27,143.160003662109380,147.229995727539060,143.080001831054700,145.929992675781250,70555800,143.370910644531250
2023-01-30,144.960006713867200,145.550003051757800,142.850006103515620,143.000000000000000,64015300,140.492324829101560
2023-01-31,142.699996948242200,144.339996337890620,142.279998779296880,144.289993286132800,65874500,141.759689331054700
2023-02-01,143.970001220703120,146.610000610351560,141.320007324218750,145.429992675781250,77663600,142.879730224609380
2023-02-02,148.899993896484380,151.179992675781250,148.169998168945300,150.820007324218750,118339000,148.175186157226560
2023-02-03,148.029998779296880,157.380004882812500,147.830001831054700,154.500000000000000,154357300,151.790634155273440
2023-02-06,152.570007324218750,153.100006103515620,150.779998779296880,151.729995727539060,69858300,149.069213867187500
2023-02-07,150.639999389648440,155.229995727539060,150.639999389648440,154.649993896484380,83322600,151.938003540039060
2023-02-08,153.880004882812500,154.580001831054700,151.169998168945300,151.919998168945300,64120100,149.255889892578120
2023-02-09,153.779998779296880,154.330001831054700,150.419998168945300,150.869995117187500,56007100,148.224319458007800
2023-02-10,149.460006713867200,151.339996337890620,149.220001220703120,151.009994506835940,57450700,148.588378906250000
2023-02-13,150.949996948242200,154.259994506835940,150.919998168945300,153.850006103515620,62199000,151.382827758789060
2023-02-14,152.119995117187500,153.770004272460940,150.860000610351560,153.199996948242200,61707600,150.743240356445300
2023-02-15,153.110000610351560,155.500000000000000,152.880004882812500,155.330001831054700,65573800,152.839096069335940
2023-02-16,153.509994506835940,156.330001831054700,153.350006103515620,153.710006713867200,68167900,151.245071411132800
2023-02-17,152.350006103515620,153.000000000000000,150.850006103515620,152.550003051757800,59144100,150.103683471679700
2023-02-21,150.199996948242200,151.300003051757800,148.410003662109380,148.479995727539060,58867200,146.098953247070300
2023-02-22,148.869995117187500,149.949996948242200,147.160003662109380,148.910003662109380,51011300,146.522048950195300
2023-02-23,150.089996337890620,150.339996337890620,147.240005493164060,149.399993896484380,48394200,147.004211425781250
2023-02-24,147.110000610351560,147.190002441406250,145.720001220703120,146.710006713867200,55469600,144.357360839843750
2023-02-27,147.710006713867200,149.169998168945300,147.449996948242200,147.919998168945300,44998500,145.547912597656250
2023-02-28,147.050003051757800,149.080001831054700,146.830001831054700,147.410003662109380,50547000,145.046127319335940
2023-03-01,146.830001831054700,147.229995727539060,145.009994506835940,145.309997558593750,55479000,142.979782104492200
2023-03-02,144.380004882812500,146.710006713867200,143.899993896484380,145.910003662109380,52238100,143.570190429687500
2023-03-03,148.039993286132800,151.110000610351560,147.330001831054700,151.029998779296880,70732300,148.608062744140620
2023-03-06,153.789993286132800,156.300003051757800,153.460006713867200,153.830001831054700,87558000,151.363159179687500
2023-03-07,153.699996948242200,154.029998779296880,151.130004882812500,151.600006103515620,56182000,149.168914794921880
2023-03-08,152.809997558593750,153.470001220703120,151.830001831054700,152.869995117187500,47204800,150.418533325195300
2023-03-09,153.559997558593750,154.539993286132800,150.229995727539060,150.589996337890620,53833600,148.175109863281250
2023-03-10,150.210006713867200,150.940002441406250,147.610000610351560,148.500000000000000,68572400,146.118652343750000
2023-03-13,147.809997558593750,153.139999389648440,147.699996948242200,150.470001220703120,84457100,148.057052612304700
2023-03-14,151.279998779296880,153.399993896484380,150.100006103515620,152.589996337890620,73695900,150.143051147460940
2023-03-15,151.190002441406250,153.250000000000000,149.919998168945300,152.990005493164060,77167900,150.536636352539060
2023-03-16,152.160003662109380,156.460006713867200,151.639999389648440,155.850006103515620,76161100,153.350784301757800
2023-03-17,156.080001831054700,156.740005493164060,154.279998779296880,155.000000000000000,98944600,152.514373779296880
2023-03-20,155.070007324218750,157.820007324218750,154.149993896484380,157.399993896484380,73641400,154.875900268554700
2023-03-21,157.320007324218750,159.399993896484380,156.539993286132800,159.279998779296880,73938300,156.725769042968750
2023-03-22,159.300003051757800,162.139999389648440,157.809997558593750,157.830001831054700,75701800,155.299026489257800
2023-03-23,158.830001831054700,161.550003051757800,157.679992675781250,158.929992675781250,67622100,156.381362915039060
2023-03-24,158.860000610351560,160.339996337890620,157.850006103515620,160.250000000000000,59196500,157.680175781250000
2023-03-27,159.940002441406250,160.770004272460940,157.869995117187500,158.279998779296880,52390300,155.741790771484380
2023-03-28,157.970001220703120,158.490005493164060,155.979995727539060,157.649993896484380,45992200,155.121902465820300
2023-03-29,159.369995117187500,161.050003051757800,159.350006103515620,160.770004272460940,51305700,158.191848754882800
2023-03-30,161.529998779296880,162.470001220703120,161.270004272460940,162.360000610351560,49501700,159.756347656250000
2023-03-31,162.440002441406250,165.000000000000000,161.910003662109380,164.899993896484380,68749800,162.255630493164060
2023-04-03,164.270004272460940,166.289993286132800,164.220001220703120,166.169998168945300,56976200,163.505264282226560
2023-04-04,166.600006103515620,166.839996337890620,165.110000610351560,165.630004882812500,46278300,162.973937988281250
2023-04-05,164.740005493164060,165.050003051757800,161.800003051757800,163.759994506835940,51511700,161.133911132812500
2023-04-06,162.429992675781250,164.960006713867200,162.000000000000000,164.660003662109380,45390100,162.019470214843750
2023-04-10,161.419998168945300,162.029998779296880,160.080001831054700,162.029998779296880,47716900,159.431655883789060
2023-04-11,162.350006103515620,162.360000610351560,160.509994506835940,160.800003051757800,47644200,158.221389770507800
2023-04-12,161.220001220703120,162.059997558593750,159.779998779296880,160.100006103515620,50133100,157.532638549804700
2023-04-13,161.630004882812500,165.800003051757800,161.419998168945300,165.559997558593750,68445600,162.905029296875000
2023-04-14,164.589996337890620,166.320007324218750,163.820007324218750,165.210006713867200,49386500,162.560668945312500
2023-04-17,165.089996337890620,165.389999389648440,164.029998779296880,165.229995727539060,41516200,162.580337524414060
2023-04-18,166.100006103515620,167.410003662109380,165.649993896484380,166.470001220703120,49923000,163.800445556640620
2023-04-19,165.800003051757800,168.160003662109380,165.539993286132800,167.630004882812500,47720200,164.941879272460940
2023-04-20,166.089996337890620,167.869995117187500,165.559997558593750,166.649993896484380,52456400,163.977584838867200
2023-04-21,165.050003051757800,166.449996948242200,164.490005493164060,165.020004272460940,58337300,162.373733520507800
2023-04-24,165.000000000000000,165.600006103515620,163.889999389648440,165.330001831054700,41949600,162.678726196289060
2023-04-25,165.190002441406250,166.309997558593750,163.729995727539060,163.770004272460940,48714100,161.143768310546880
2023-04-26,163.059997558593750,165.279998779296880,162.800003051757800,163.759994506835940,45498800,161.133911132812500
2023-04-27,165.190002441406250,168.559997558593750,165.190002441406250,168.410003662109380,64902300,165.709335327148440
2023-04-28,168.490005493164060,169.850006103515620,167.880004882812500,169.679992675781250,55275900,166.958984375000000
2023-05-01,169.279998779296880,170.449996948242200,168.639999389648440,169.589996337890620,52472900,166.870422363281250
2023-05-02,170.089996337890620,170.350006103515620,167.539993286132800,168.539993286132800,48425700,165.837249755859380
2023-05-03,169.500000000000000,170.919998168945300,167.160003662109380,167.449996948242200,65136000,164.764755249023440
2023-05-04,164.889999389648440,167.039993286132800,164.309997558593750,165.789993286132800,81235400,163.131362915039060
2023-05-05,170.979995727539060,174.300003051757800,170.759994506835940,173.570007324218750,113453200,170.786621093750000
2023-05-08,172.479995727539060,173.850006103515620,172.110000610351560,173.500000000000000,55962800,170.717712402343750
2023-05-09,173.050003051757800,173.539993286132800,171.600006103515620,171.770004272460940,45326900,169.015472412109380
2023-05-10,173.020004272460940,174.029998779296880,171.899993896484380,173.559997558593750,53724500,170.776779174804700
2023-05-11,173.850006103515620,174.589996337890620,172.169998168945300,173.750000000000000,49514700,170.963714599609380
2023-05-12,173.619995117187500,174.059997558593750,171.000000000000000,172.570007324218750,45533100,170.037521362304700
2023-05-15,173.160003662109380,173.210006713867200,171.470001220703120,172.070007324218750,37266700,169.544845581054700
2023-05-16,171.990005493164060,173.139999389648440,171.800003051757800,172.070007324218750,42110300,169.544845581054700
2023-05-17,171.710006713867200,172.929992675781250,170.419998168945300,172.690002441406250,57951600,170.155731201171880
2023-05-18,173.000000000000000,175.240005493164060,172.580001831054700,175.050003051757800,65496700,172.481109619140620
2023-05-19,176.389999389648440,176.389999389648440,174.940002441406250,175.160003662109380,55809500,172.589508056640620
2023-05-22,173.979995727539060,174.710006713867200,173.449996948242200,174.199996948242200,43570900,171.643569946289060
2023-05-23,173.130004882812500,173.380004882812500,171.279998779296880,171.559997558593750,50747300,169.042327880859380
2023-05-24,171.089996337890620,172.419998168945300,170.520004272460940,171.839996337890620,45143500,169.318206787109380
2023-05-25,172.410003662109380,173.899993896484380,171.690002441406250,172.990005493164060,56058300,170.451339721679700
2023-05-26,173.320007324218750,175.770004272460940,173.110000610351560,175.429992675781250,54835000,172.855545043945300
2023-05-30,176.960006713867200,178.990005493164060,176.570007324218750,177.300003051757800,55964400,174.698104858398440
2023-05-31,177.330001831054700,179.350006103515620,176.759994506835940,177.250000000000000,99625300,174.648834228515620
2023-06-01,177.699996948242200,180.119995117187500,176.929992675781250,180.089996337890620,68901800,177.447158813476560
2023-06-02,181.029998779296880,181.779998779296880,179.259994506835940,180.949996948242200,61996900,178.294509887695300
2023-06-05,182.630004882812500,184.949996948242200,178.039993286132800,179.580001831054700,121946500,176.944641113281250
2023-06-06,179.970001220703120,180.119995117187500,177.429992675781250,179.210006713867200,64848400,176.580047607421880
2023-06-07,178.440002441406250,181.210006713867200,177.320007324218750,177.820007324218750,61944600,175.210449218750000
2023-06-08,177.899993896484380,180.839996337890620,177.460006713867200,180.570007324218750,50214900,177.920089721679700
2023-06-09,181.500000000000000,182.229995727539060,180.630004882812500,180.960006713867200,48900000,178.304382324218750
2023-06-12,181.270004272460940,183.889999389648440,180.970001220703120,183.789993286132800,54274900,181.092834472656250
2023-06-13,182.800003051757800,184.149993896484380,182.440002441406250,183.309997558593750,54929100,180.619888305664060
2023-06-14,183.369995117187500,184.389999389648440,182.020004272460940,183.949996948242200,57462900,181.250488281250000
2023-06-15,183.960006713867200,186.520004272460940,183.779998779296880,186.009994506835940,65433200,183.280258178710940
2023-06-16,186.729995727539060,186.990005493164060,184.270004272460940,184.919998168945300,101256200,182.206237792968750
2023-06-20,184.410003662109380,186.100006103515620,184.410003662109380,185.009994506835940,49799100,182.294921875000000
2023-06-21,184.899993896484380,185.410003662109380,182.589996337890620,183.960006713867200,49515700,181.260345458984380
2023-06-22,183.740005493164060,187.050003051757800,183.669998168945300,187.000000000000000,51245300,184.255722045898440
2023-06-23,185.550003051757800,187.559997558593750,185.009994506835940,186.679992675781250,53117000,183.940414428710940
2023-06-26,186.830001831054700,188.050003051757800,185.229995727539060,185.270004272460940,48088700,182.551132202148440
2023-06-27,185.889999389648440,188.389999389648440,185.669998168945300,188.059997558593750,50730800,185.300186157226560
2023-06-28,187.929992675781250,189.899993896484380,187.600006103515620,189.250000000000000,51216800,186.472732543945300
2023-06-29,189.080001831054700,190.070007324218750,188.940002441406250,189.589996337890620,46347300,186.807708740234380
2023-06-30,191.630004882812500,194.479995727539060,191.259994506835940,193.970001220703120,85213200,191.123458862304700
2023-07-03,193.779998779296880,193.880004882812500,191.759994506835940,192.460006713867200,31458200,189.635635375976560
2023-07-05,191.570007324218750,192.979995727539060,190.619995117187500,191.330001831054700,46920300,188.522186279296880
2023-07-06,189.839996337890620,192.020004272460940,189.199996948242200,191.809997558593750,45094300,188.995178222656250
2023-07-07,191.410003662109380,192.669998168945300,190.240005493164060,190.679992675781250,46815000,187.881744384765620
2023-07-10,189.259994506835940,189.990005493164060,187.039993286132800,188.610000610351560,59922200,185.842117309570300
2023-07-11,189.160003662109380,189.300003051757800,186.600006103515620,188.080001831054700,46638100,185.319900512695300
2023-07-12,189.679992675781250,191.699996948242200,188.470001220703120,189.770004272460940,60750200,186.985122680664060
2023-07-13,190.500000000000000,191.190002441406250,189.779998779296880,190.539993286132800,41342300,187.743774414062500
2023-07-14,190.229995727539060,191.179992675781250,189.630004882812500,190.690002441406250,41616200,187.891555786132800
2023-07-17,191.899993896484380,194.320007324218750,191.809997558593750,193.990005493164060,50520200,191.143142700195300
2023-07-18,193.350006103515620,194.330001831054700,192.419998168945300,193.729995727539060,48288200,190.886978149414060
2023-07-19,193.100006103515620,198.229995727539060,192.649993896484380,195.100006103515620,80507300,192.236877441406250
2023-07-20,195.089996337890620,196.470001220703120,192.500000000000000,193.130004882812500,59581200,190.295791625976560
2023-07-21,194.100006103515620,194.970001220703120,191.229995727539060,191.940002441406250,71951700,189.123260498046880
2023-07-24,193.410003662109380,194.910003662109380,192.250000000000000,192.750000000000000,45377800,189.921356201171880
2023-07-25,193.330001831054700,194.440002441406250,192.919998168945300,193.619995117187500,37283200,190.778564453125000
2023-07-26,193.669998168945300,195.639999389648440,193.320007324218750,194.500000000000000,47471900,191.645675659179700
2023-07-27,196.020004272460940,197.199996948242200,192.550003051757800,193.220001220703120,47460200,190.384475708007800
2023-07-28,194.669998168945300,196.630004882812500,194.139999389648440,195.830001831054700,48291400,192.956161499023440
2023-07-31,196.059997558593750,196.490005493164060,195.259994506835940,196.449996948242200,38824100,193.567062377929700
2023-08-01,196.240005493164060,196.729995727539060,195.279998779296880,195.610000610351560,35175100,192.739395141601560
2023-08-02,195.039993286132800,195.179992675781250,191.850006103515620,192.580001831054700,50389300,189.753829956054700
2023-08-03,191.570007324218750,192.369995117187500,190.690002441406250,191.169998168945300,61235200,188.364517211914060
2023-08-04,185.520004272460940,187.380004882812500,181.919998168945300,181.990005493164060,115956800,179.319259643554700
2023-08-07,182.130004882812500,183.130004882812500,177.350006103515620,178.850006103515620,97576100,176.225341796875000
2023-08-08,179.690002441406250,180.270004272460940,177.580001831054700,179.800003051757800,67823000,177.161407470703120
2023-08-09,180.869995117187500,180.929992675781250,177.009994506835940,178.190002441406250,60378500,175.575027465820300
2023-08-10,179.479995727539060,180.750000000000000,177.600006103515620,177.970001220703120,54686900,175.358261108398440
2023-08-11,177.320007324218750,178.619995117187500,176.550003051757800,177.789993286132800,52036700,175.417434692382800
2023-08-14,177.970001220703120,179.690002441406250,177.309997558593750,179.460006713867200,43675600,177.065170288085940
2023-08-15,178.880004882812500,179.479995727539060,177.050003051757800,177.449996948242200,43622600,175.081985473632800
2023-08-16,177.130004882812500,178.539993286132800,176.500000000000000,176.570007324218750,46964900,174.213775634765620
2023-08-17,177.139999389648440,177.509994506835940,173.479995727539060,174.000000000000000,66062900,171.678039550781250
2023-08-18,172.300003051757800,175.100006103515620,171.960006713867200,174.490005493164060,61172200,172.161499023437500
2023-08-21,175.070007324218750,176.130004882812500,173.740005493164060,175.839996337890620,46311900,173.493499755859380
2023-08-22,177.059997558593750,177.679992675781250,176.250000000000000,177.229995727539060,42038900,174.864944458007800
2023-08-23,178.520004272460940,181.550003051757800,178.330001831054700,181.119995117187500,52722800,178.703002929687500
2023-08-24,180.669998168945300,181.100006103515620,176.009994506835940,176.380004882812500,54945800,174.026260375976560
2023-08-25,177.380004882812500,179.149993896484380,175.820007324218750,178.610000610351560,51449600,176.226516723632800
2023-08-28,180.089996337890620,180.589996337890620,178.550003051757800,180.190002441406250,43820700,177.785446166992200
2023-08-29,179.699996948242200,184.899993896484380,179.500000000000000,184.119995117187500,53003900,181.662963867187500
2023-08-30,184.940002441406250,187.850006103515620,184.740005493164060,187.649993896484380,60813900,185.145874023437500
2023-08-31,187.839996337890620,189.119995117187500,187.479995727539060,187.869995117187500,60794500,185.362960815429700
2023-09-01,189.490005493164060,189.919998168945300,188.279998779296880,189.460006713867200,45766500,186.931747436523440
2023-09-05,188.279998779296880,189.979995727539060,187.610000610351560,189.699996948242200,45280000,187.168487548828120
2023-09-06,188.399993896484380,188.850006103515620,181.470001220703120,182.910003662109380,81755800,180.469131469726560
2023-09-07,175.179992675781250,178.210006713867200,173.539993286132800,177.559997558593750,112488800,175.190536499023440
2023-09-08,178.350006103515620,180.240005493164060,177.789993286132800,178.179992675781250,65551300,175.802215576171880
2023-09-11,180.070007324218750,180.300003051757800,177.339996337890620,179.360000610351560,58953100,176.966491699218750
2023-09-12,179.490005493164060,180.130004882812500,174.820007324218750,176.300003051757800,90370200,173.947341918945300
2023-09-13,176.509994506835940,177.300003051757800,173.979995727539060,174.210006713867200,84267900,171.885238647460940
2023-09-14,174.000000000000000,176.100006103515620,173.580001831054700,175.740005493164060,60895800,173.394851684570300
2023-09-15,176.479995727539060,176.500000000000000,173.820007324218750,175.009994506835940,109259500,172.674560546875000
2023-09-18,176.479995727539060,179.380004882812500,176.169998168945300,177.970001220703120,67257600,175.595062255859380
2023-09-19,177.520004272460940,179.630004882812500,177.130004882812500,179.070007324218750,51826900,176.680389404296880
2023-09-20,179.259994506835940,179.699996948242200,175.399993896484380,175.490005493164060,58436200,173.148178100585940
2023-09-21,174.550003051757800,176.300003051757800,173.860000610351560,173.929992675781250,63149100,171.609008789062500
2023-09-22,174.669998168945300,177.080001831054700,174.050003051757800,174.789993286132800,56725400,172.457489013671880
2023-09-25,174.199996948242200,176.970001220703120,174.149993896484380,176.080001831054700,46172700,173.730285644531250
2023-09-26,174.820007324218750,175.199996948242200,171.660003662109380,171.960006713867200,64588900,169.665267944335940
2023-09-27,172.619995117187500,173.039993286132800,169.050003051757800,170.429992675781250,66921800,168.155639648437500
2023-09-28,169.339996337890620,172.029998779296880,167.619995117187500,170.690002441406250,56294400,168.412216186523440
2023-09-29,172.020004272460940,173.070007324218750,170.339996337890620,171.210006713867200,51861100,168.925277709960940
2023-10-02,171.220001220703120,174.300003051757800,170.929992675781250,173.750000000000000,52164500,171.431381225585940
2023-10-03,172.259994506835940,173.630004882812500,170.820007324218750,172.399993896484380,49594600,170.099380493164060
2023-10-04,171.089996337890620,174.210006713867200,170.970001220703120,173.660003662109380,53020300,171.342575073242200
2023-10-05,173.789993286132800,175.449996948242200,172.679992675781250,174.910003662109380,48527900,172.575912475585940
2023-10-06,173.800003051757800,177.990005493164060,173.179992675781250,177.490005493164060,57266700,175.121475219726560
2023-10-09,176.809997558593750,179.050003051757800,175.800003051757800,178.990005493164060,42390800,176.601455688476560
2023-10-10,178.100006103515620,179.720001220703120,177.949996948242200,178.389999389648440,43698000,176.009490966796880
2023-10-11,178.199996948242200,179.850006103515620,177.600006103515620,179.800003051757800,47551100,177.400634765625000
2023-10-12,180.070007324218750,182.339996337890620,179.039993286132800,180.710006713867200,56743100,178.298507690429700
2023-10-13,181.419998168945300,181.929992675781250,178.139999389648440,178.850006103515620,51427100,176.463333129882800
2023-10-16,176.750000000000000,179.080001831054700,176.509994506835940,178.720001220703120,52517000,176.335067749023440
2023-10-17,176.649993896484380,178.419998168945300,174.800003051757800,177.149993896484380,57549400,174.785995483398440
2023-10-18,175.580001831054700,177.580001831054700,175.110000610351560,175.839996337890620,54764400,173.493499755859380
2023-10-19,176.039993286132800,177.839996337890620,175.190002441406250,175.460006713867200,59302900,173.118560791015620
2023-10-20,175.309997558593750,175.419998168945300,172.639999389648440,172.880004882812500,64244000,170.572998046875000
2023-10-23,170.910003662109380,174.009994506835940,169.929992675781250,173.000000000000000,55980100,170.691375732421880
2023-10-24,173.050003051757800,173.669998168945300,171.449996948242200,173.440002441406250,43816600,171.125503540039060
2023-10-25,171.880004882812500,173.059997558593750,170.649993896484380,171.100006103515620,57157000,168.816741943359380
2023-10-26,170.369995117187500,171.380004882812500,165.669998168945300,166.889999389648440,70625300,164.662887573242200
2023-10-27,166.910003662109380,168.960006713867200,166.830001831054700,168.220001220703120,58499100,165.975189208984380
2023-10-30,169.020004272460940,171.169998168945300,168.869995117187500,170.289993286132800,51131000,168.017532348632800
2023-10-31,169.350006103515620,170.899993896484380,167.899993896484380,170.770004272460940,44846000,168.491119384765620
2023-11-01,171.000000000000000,174.229995727539060,170.119995117187500,173.970001220703120,56934900,171.648437500000000
2023-11-02,175.520004272460940,177.779998779296880,175.460006713867200,177.570007324218750,77334800,175.200408935546880
2023-11-03,174.240005493164060,176.820007324218750,173.350006103515620,176.649993896484380,79829200,174.292678833007800
2023-11-06,176.380004882812500,179.429992675781250,176.210006713867200,179.229995727539060,63841300,176.838256835937500
2023-11-07,179.179992675781250,182.440002441406250,178.970001220703120,181.820007324218750,70530000,179.393707275390620
2023-11-08,182.350006103515620,183.449996948242200,181.589996337890620,182.889999389648440,49340300,180.449386596679700
2023-11-09,182.960006713867200,184.119995117187500,181.809997558593750,182.410003662109380,53763500,179.975830078125000
2023-11-10,183.970001220703120,186.570007324218750,183.529998779296880,186.399993896484380,66133400,184.154861450195300
2023-11-13,185.820007324218750,186.029998779296880,184.210006713867200,184.800003051757800,43627500,182.574142456054700
2023-11-14,187.699996948242200,188.110000610351560,186.300003051757800,187.440002441406250,60108400,185.182342529296880
2023-11-15,187.850006103515620,189.500000000000000,187.779998779296880,188.009994506835940,53790500,185.745452880859380
2023-11-16,189.570007324218750,190.960006713867200,188.649993896484380,189.710006713867200,54412900,187.425003051757800
2023-11-17,190.250000000000000,190.380004882812500,188.570007324218750,189.690002441406250,50922700,187.405227661132800
2023-11-20,189.889999389648440,191.910003662109380,189.880004882812500,191.449996948242200,46505100,189.143997192382800
2023-11-21,191.410003662109380,191.520004272460940,189.740005493164060,190.639999389648440,38134500,188.343795776367200
2023-11-22,191.490005493164060,192.929992675781250,190.830001831054700,191.309997558593750,39617700,189.005691528320300
2023-11-24,190.869995117187500,190.899993896484380,189.250000000000000,189.970001220703120,24048300,187.681854248046880
2023-11-27,189.919998168945300,190.669998168945300,188.899993896484380,189.789993286132800,40552600,187.503997802734380
2023-11-28,189.779998779296880,191.080001831054700,189.399993896484380,190.399993896484380,38415400,188.106674194335940
2023-11-29,190.899993896484380,192.089996337890620,188.970001220703120,189.369995117187500,43014200,187.089080810546880
2023-11-30,189.839996337890620,190.320007324218750,188.190002441406250,189.949996948242200,48794400,187.662094116210940
2023-12-01,190.330001831054700,191.559997558593750,189.229995727539060,191.240005493164060,45704800,188.936553955078120
2023-12-04,189.979995727539060,190.050003051757800,187.449996948242200,189.429992675781250,43389500,187.148361206054700
2023-12-05,190.210006713867200,194.399993896484380,190.179992675781250,193.419998168945300,66628400,191.090316772460940
2023-12-06,194.449996948242200,194.759994506835940,192.110000610351560,192.320007324218750,41089700,190.003540039062500
2023-12-07,193.630004882812500,195.000000000000000,193.589996337890620,194.270004272460940,47477700,191.930053710937500
2023-12-08,194.199996948242200,195.990005493164060,193.669998168945300,195.710006713867200,53406400,193.352722167968750
2023-12-11,193.110000610351560,193.490005493164060,191.419998168945300,193.179992675781250,60943700,190.853179931640620
2023-12-12,193.080001831054700,194.720001220703120,191.720001220703120,194.710006713867200,52696900,192.364761352539060
2023-12-13,195.089996337890620,198.000000000000000,194.850006103515620,197.960006713867200,70404200,195.575607299804700
2023-12-14,198.020004272460940,199.619995117187500,196.160003662109380,198.110000610351560,66831600,195.723815917968750
2023-12-15,197.529998779296880,198.399993896484380,197.000000000000000,197.570007324218750,128538400,195.190322875976560
2023-12-18,196.089996337890620,196.630004882812500,194.389999389648440,195.889999389648440,55751900,193.530532836914060
2023-12-19,196.160003662109380,196.949996948242200,195.889999389648440,196.940002441406250,40714100,194.567901611328120
2023-12-20,196.899993896484380,197.679992675781250,194.830001831054700,194.830001831054700,52242800,192.483322143554700
2023-12-21,196.100006103515620,197.080001831054700,193.500000000000000,194.679992675781250,46482500,192.335113525390620
2023-12-22,195.179992675781250,195.410003662109380,192.970001220703120,193.600006103515620,37149600,191.268142700195300
2023-12-26,193.610000610351560,193.889999389648440,192.830001831054700,193.050003051757800,28919300,190.724761962890620
2023-12-27,192.490005493164060,193.500000000000000,191.089996337890620,193.149993896484380,48087700,190.823577880859380
2023-12-28,194.139999389648440,194.660003662109380,193.169998168945300,193.580001831054700,34049900,191.248367309570300
2023-12-29,193.899993896484380,194.399993896484380,191.729995727539060,192.529998779296880,42672100,190.211029052734380
2024-01-02,187.149993896484380,188.440002441406250,183.889999389648440,185.639999389648440,82488700,183.404022216796880
2024-01-03,184.220001220703120,185.880004882812500,183.429992675781250,184.250000000000000,58414500,182.030746459960940
2024-01-04,182.149993896484380,183.089996337890620,180.880004882812500,181.910003662109380,71983600,179.718902587890620
2024-01-05,181.990005493164060,182.759994506835940,180.169998168945300,181.179992675781250,62379700,178.997726440429700
2024-01-08,182.089996337890620,185.600006103515620,181.500000000000000,185.559997558593750,59144500,183.324966430664060
2024-01-09,183.919998168945300,185.149993896484380,182.729995727539060,185.139999389648440,42841800,182.910018920898440
2024-01-10,184.350006103515620,186.399993896484380,183.919998168945300,186.190002441406250,46792900,183.947372436523440
2024-01-11,186.539993286132800,187.050003051757800,183.619995117187500,185.589996337890620,49128400,183.354598999023440
2024-01-12,186.059997558593750,186.740005493164060,185.190002441406250,185.919998168945300,40477800,183.680633544921880
2024-01-16,182.160003662109380,184.259994506835940,180.929992675781250,183.630004882812500,65603000,181.418228149414060
2024-01-17,181.270004272460940,182.929992675781250,180.300003051757800,182.679992675781250,47317400,180.479629516601560
2024-01-18,186.089996337890620,189.139999389648440,185.830001831054700,188.630004882812500,78005800,186.358001708984380
2024-01-19,189.330001831054700,191.949996948242200,188.820007324218750,191.559997558593750,68903000,189.252716064453120
2024-01-22,192.300003051757800,195.330001831054700,192.259994506835940,193.889999389648440,60133900,191.554626464843750
2024-01-23,195.020004272460940,195.750000000000000,193.830001831054700,195.179992675781250,42355600,192.829101562500000
2024-01-24,195.419998168945300,196.380004882812500,194.339996337890620,194.500000000000000,53631300,192.157287597656250
2024-01-25,195.220001220703120,196.270004272460940,193.110000610351560,194.169998168945300,54822100,191.831283569335940
2024-01-26,194.270004272460940,194.759994506835940,191.940002441406250,192.419998168945300,44594000,190.102325439453120
2024-01-29,192.009994506835940,192.199996948242200,189.580001831054700,191.729995727539060,47145600,189.420639038085940
2024-01-30,190.940002441406250,191.800003051757800,187.470001220703120,188.039993286132800,55859400,185.775100708007800
2024-01-31,187.039993286132800,187.100006103515620,184.350006103515620,184.399993896484380,55467800,182.178924560546880
2024-02-01,183.990005493164060,186.949996948242200,183.820007324218750,186.860000610351560,64885400,184.609329223632800
2024-02-02,179.860000610351560,187.330001831054700,179.250000000000000,185.850006103515620,102551700,183.611480712890620
2024-02-05,188.149993896484380,189.250000000000000,185.839996337890620,187.679992675781250,69668800,185.419433593750000
2024-02-06,186.860000610351560,189.309997558593750,186.770004272460940,189.300003051757800,43490800,187.019943237304700
2024-02-07,190.639999389648440,191.050003051757800,188.610000610351560,189.410003662109380,53439000,187.128616333007800
2024-02-08,189.389999389648440,189.539993286132800,187.350006103515620,188.320007324218750,40962000,186.051727294921880
2024-02-09,188.649993896484380,189.990005493164060,188.000000000000000,188.850006103515620,45155200,186.813446044921880
2024-02-12,188.419998168945300,188.669998168945300,186.789993286132800,187.149993896484380,41781900,185.131759643554700
2024-02-13,185.770004272460940,186.210006713867200,183.509994506835940,185.039993286132800,56529500,183.044509887695300
2024-02-14,185.320007324218750,185.529998779296880,182.440002441406250,184.149993896484380,54630500,182.164093017578120
2024-02-15,183.550003051757800,184.490005493164060,181.350006103515620,183.860000610351560,65434500,181.877243041992200
2024-02-16,183.419998168945300,184.850006103515620,181.669998168945300,182.309997558593750,49752500,180.343933105468750
2024-02-20,181.789993286132800,182.429992675781250,180.000000000000000,181.559997558593750,53665600,179.602050781250000
2024-02-21,181.940002441406250,182.889999389648440,180.660003662109380,182.320007324218750,41371400,180.353820800781250
2024-02-22,183.479995727539060,184.960006713867200,182.460006713867200,184.369995117187500,52292200,182.381729125976560
2024-02-23,185.009994506835940,185.039993286132800,182.229995727539060,182.520004272460940,45119700,180.551696777343750
2024-02-26,182.240005493164060,182.759994506835940,180.649993896484380,181.160003662109380,40867400,179.206359863281250
2024-02-27,181.100006103515620,183.919998168945300,179.559997558593750,182.630004882812500,54318900,180.660507202148440
2024-02-28,182.509994506835940,183.119995117187500,180.130004882812500,181.419998168945300,48953900,179.463562011718750
2024-02-29,181.270004272460940,182.570007324218750,179.529998779296880,180.750000000000000,136682600,178.800765991210940
2024-03-01,179.550003051757800,180.529998779296880,177.380004882812500,179.660003662109380,73563100,177.722534179687500
2024-03-04,176.149993896484380,176.899993896484380,173.789993286132800,175.100006103515620,81510100,173.211730957031250
2024-03-05,170.759994506835940,172.039993286132800,169.619995117187500,170.119995117187500,95132400,168.285400390625000
2024-03-06,171.059997558593750,171.240005493164060,168.679992675781250,169.119995117187500,68587700,167.296188354492200
2024-03-07,169.149993896484380,170.729995727539060,168.490005493164060,169.000000000000000,71765100,167.177474975585940
2024-03-08,169.000000000000000,173.699996948242200,168.940002441406250,170.729995727539060,76267000,168.888870239257800
2024-03-11,172.940002441406250,174.380004882812500,172.050003051757800,172.750000000000000,60139500,170.887069702148440
2024-03-12,173.149993896484380,174.029998779296880,171.009994506835940,173.229995727539060,59825400,171.361877441406250
2024-03-13,172.770004272460940,173.190002441406250,170.759994506835940,171.130004882812500,52488700,169.284515380859380
2024-03-14,172.910003662109380,174.309997558593750,172.050003051757800,173.000000000000000,72913500,171.134368896484380
2024-03-15,171.169998168945300,172.619995117187500,170.289993286132800,172.619995117187500,121752700,170.758453369140620
2024-03-18,175.570007324218750,177.710006713867200,173.520004272460940,173.720001220703120,75604200,171.846572875976560
2024-03-19,174.339996337890620,176.610000610351560,173.029998779296880,176.080001831054700,55215200,174.181152343750000
2024-03-20,175.720001220703120,178.669998168945300,175.089996337890620,178.669998168945300,53423100,176.743209838867200
2024-03-21,177.050003051757800,177.490005493164060,170.839996337890620,171.369995117187500,106181300,169.521896362304700
2024-03-22,171.759994506835940,173.050003051757800,170.059997558593750,172.279998779296880,71160100,170.422103881835940
2024-03-25,170.570007324218750,171.940002441406250,169.449996948242200,170.850006103515620,54288300,169.007553100585940
2024-03-26,170.000000000000000,171.419998168945300,169.580001831054700,169.710006713867200,57388400,167.879837036132800
2024-03-27,170.410003662109380,173.600006103515620,170.110000610351560,173.309997558593750,60273300,171.440994262695300
2024-03-28,171.750000000000000,172.229995727539060,170.509994506835940,171.479995727539060,65672700,169.630737304687500
2024-04-01,171.190002441406250,171.250000000000000,169.479995727539060,170.029998779296880,46240500,168.196380615234380
2024-04-02,169.080001831054700,169.339996337890620,168.229995727539060,168.839996337890620,49329500,167.019226074218750
2024-04-03,168.789993286132800,170.679992675781250,168.580001831054700,169.649993896484380,47691700,167.820480346679700
2024-04-04,170.289993286132800,171.919998168945300,168.820007324218750,168.820007324218750,53704400,166.999435424804700
2024-04-05,169.589996337890620,170.389999389648440,168.949996948242200,169.580001831054700,42104800,167.751235961914060
2024-04-08,169.029998779296880,169.199996948242200,168.240005493164060,168.449996948242200,37425500,166.633407592773440
2024-04-09,168.699996948242200,170.080001831054700,168.350006103515620,169.669998168945300,42373800,167.840255737304700
2024-04-10,168.800003051757800,169.089996337890620,167.110000610351560,167.779998779296880,49709300,165.970672607421880
2024-04-11,168.339996337890620,175.460006713867200,168.160003662109380,175.039993286132800,91070300,173.152343750000000
2024-04-12,174.259994506835940,178.360000610351560,174.210006713867200,176.550003051757800,101670900,174.646041870117200
2024-04-15,175.360000610351560,176.630004882812500,172.500000000000000,172.690002441406250,73531800,170.827697753906250
2024-04-16,171.750000000000000,173.759994506835940,168.270004272460940,169.380004882812500,73711200,167.553405761718750
2024-04-17,169.610000610351560,170.649993896484380,168.000000000000000,168.000000000000000,50901200,166.188262939453120
2024-04-18,168.029998779296880,168.639999389648440,166.550003051757800,167.039993286132800,43122900,165.238632202148440
2024-04-19,166.210006713867200,166.399993896484380,164.080001831054700,165.000000000000000,68149400,163.220642089843750
2024-04-22,165.520004272460940,167.259994506835940,164.770004272460940,165.839996337890620,48116400,164.051574707031250
2024-04-23,165.350006103515620,167.050003051757800,164.919998168945300,166.899993896484380,49537800,165.100143432617200
2024-04-24,166.539993286132800,169.300003051757800,166.210006713867200,169.020004272460940,48251800,167.197265625000000
2024-04-25,169.529998779296880,170.610000610351560,168.149993896484380,169.889999389648440,50558300,168.057876586914060
2024-04-26,169.880004882812500,171.339996337890620,169.179992675781250,169.300003051757800,44838400,167.474258422851560
2024-04-29,173.369995117187500,176.029998779296880,173.100006103515620,173.500000000000000,68169400,171.628936767578120
2024-04-30,173.330001831054700,174.990005493164060,170.000000000000000,170.330001831054700,65934800,168.493133544921880
2024-05-01,169.580001831054700,172.710006713867200,169.110000610351560,169.300003051757800,50383100,167.474258422851560
2024-05-02,172.509994506835940,173.419998168945300,170.889999389648440,173.029998779296880,94214900,171.164031982421880
2024-05-03,186.649993896484380,187.000000000000000,182.660003662109380,183.380004882812500,163224100,181.402435302734380
2024-05-06,182.350006103515620,184.199996948242200,180.419998168945300,181.710006713867200,78569700,179.750427246093750
2024-05-07,183.449996948242200,184.899993896484380,181.320007324218750,182.399993896484380,77305800,180.432968139648440
2024-05-08,182.850006103515620,183.070007324218750,181.449996948242200,182.740005493164060,45057100,180.769317626953120
2024-05-09,182.559997558593750,184.660003662109380,182.110000610351560,184.570007324218750,48983000,182.579574584960940
2024-05-10,184.899993896484380,185.089996337890620,182.130004882812500,183.050003051757800,50759500,181.321578979492200
2024-05-13,185.440002441406250,187.100006103515620,184.619995117187500,186.279998779296880,72044800,184.521072387695300
2024-05-14,187.509994506835940,188.300003051757800,186.289993286132800,187.429992675781250,52393600,185.660217285156250
2024-05-15,187.910003662109380,190.649993896484380,187.369995117187500,189.720001220703120,70400000,187.928573608398440
2024-05-16,190.470001220703120,191.100006103515620,189.660003662109380,189.839996337890620,52845200,188.047454833984380
2024-05-17,189.509994506835940,190.809997558593750,189.179992675781250,189.869995117187500,41282900,188.077178955078120
2024-05-20,189.330001831054700,191.919998168945300,189.009994506835940,191.039993286132800,44361300,189.236114501953120
2024-05-21,191.089996337890620,192.729995727539060,190.919998168945300,192.350006103515620,42309400,190.533752441406250
2024-05-22,192.270004272460940,192.820007324218750,190.270004272460940,190.899993896484380,34648500,189.097427368164060
2024-05-23,190.979995727539060,191.000000000000000,186.630004882812500,186.880004882812500,51005900,185.115417480468750
2024-05-24,188.820007324218750,190.580001831054700,188.039993286132800,189.979995727539060,36327000,188.186141967773440
2024-05-28,191.509994506835940,193.000000000000000,189.100006103515620,189.990005493164060,52280100,188.196060180664060
2024-05-29,189.610000610351560,192.250000000000000,189.509994506835940,190.289993286132800,53068000,188.493209838867200
2024-05-30,190.759994506835940,192.179992675781250,190.630004882812500,191.289993286132800,49889100,189.483779907226560
2024-05-31,191.440002441406250,192.570007324218750,189.910003662109380,192.250000000000000,75158300,190.434722900390620
2024-06-03,192.899993896484380,194.990005493164060,192.520004272460940,194.029998779296880,50080500,192.197891235351560
2024-06-04,194.639999389648440,195.320007324218750,193.029998779296880,194.350006103515620,47471400,192.514892578125000
2024-06-05,195.399993896484380,196.899993896484380,194.869995117187500,195.869995117187500,54156800,194.020507812500000
2024-06-06,195.690002441406250,196.500000000000000,194.169998168945300,194.479995727539060,41181800,192.643646240234380
2024-06-07,194.649993896484380,196.940002441406250,194.139999389648440,196.889999389648440,53103900,195.030883789062500
2024-06-10,196.899993896484380,197.300003051757800,192.149993896484380,193.119995117187500,97010200,191.296478271484380
2024-06-11,193.649993896484380,207.160003662109380,193.630004882812500,207.149993896484380,172373300,205.194046020507800
2024-06-12,207.369995117187500,220.199996948242200,206.899993896484380,213.070007324218750,198134300,211.058135986328120
2024-06-13,214.740005493164060,216.750000000000000,211.600006103515620,214.240005493164060,97862700,212.217071533203120
2024-06-14,213.850006103515620,215.169998168945300,211.300003051757800,212.490005493164060,70122700,210.483596801757800
2024-06-17,213.369995117187500,218.949996948242200,212.720001220703120,216.669998168945300,93728300,214.624114990234380
2024-06-18,217.589996337890620,218.630004882812500,213.000000000000000,214.289993286132800,79943300,212.266601562500000
2024-06-20,213.929992675781250,214.240005493164060,208.850006103515620,209.679992675781250,86172500,207.700103759765620
2024-06-21,210.389999389648440,211.889999389648440,207.110000610351560,207.490005493164060,241805100,205.530792236328120
2024-06-24,207.720001220703120,212.699996948242200,206.589996337890620,208.139999389648440,80727000,206.174667358398440
2024-06-25,209.149993896484380,211.380004882812500,208.610000610351560,209.070007324218750,55549700,207.095901489257800
2024-06-26,211.500000000000000,214.860000610351560,210.639999389648440,213.250000000000000,66213200,211.236389160156250
2024-06-27,214.690002441406250,215.740005493164060,212.350006103515620,214.100006103515620,49772700,212.078414916992200
2024-06-28,215.770004272460940,216.070007324218750,210.300003051757800,210.619995117187500,82542700,208.631240844726560
2024-07-01,212.089996337890620,217.509994506835940,211.919998168945300,216.750000000000000,60402900,214.703369140625000
2024-07-02,216.149993896484380,220.380004882812500,215.100006103515620,220.270004272460940,58046200,218.190124511718750
2024-07-03,220.000000000000000,221.550003051757800,219.029998779296880,221.550003051757800,37369800,219.458053588867200
2024-07-05,221.649993896484380,226.449996948242200,221.649993896484380,226.339996337890620,60412400,224.202819824218750
2024-07-08,227.089996337890620,227.850006103515620,223.250000000000000,227.820007324218750,59085900,225.668838500976560
2024-07-09,227.929992675781250,229.399993896484380,226.369995117187500,228.679992675781250,48076100,226.520721435546880
2024-07-10,229.300003051757800,233.080001831054700,229.250000000000000,232.979995727539060,62627700,230.780120849609380
2024-07-11,231.389999389648440,232.389999389648440,225.770004272460940,227.570007324218750,64710600,225.421203613281250
2024-07-12,228.919998168945300,232.639999389648440,228.679992675781250,230.539993286132800,53046500,228.363159179687500
2024-07-15,236.479995727539060,237.229995727539060,233.089996337890620,234.399993896484380,62631300,232.186721801757800
2024-07-16,235.000000000000000,236.270004272460940,232.330001831054700,234.820007324218750,43234300,232.602752685546880
2024-07-17,229.449996948242200,231.460006713867200,226.639999389648440,228.880004882812500,57345900,226.718841552734380
2024-07-18,230.279998779296880,230.440002441406250,222.270004272460940,224.179992675781250,66034600,222.063217163085940
2024-07-19,224.820007324218750,226.800003051757800,223.279998779296880,224.309997558593750,49151500,222.192001342773440
2024-07-22,227.009994506835940,227.779998779296880,223.089996337890620,223.960006713867200,48201800,221.845306396484380
2024-07-23,224.369995117187500,226.940002441406250,222.679992675781250,225.009994506835940,39960300,222.885360717773440
2024-07-24,224.000000000000000,224.800003051757800,217.130004882812500,218.539993286132800,61777600,216.476470947265620
2024-07-25,218.929992675781250,220.850006103515620,214.619995117187500,217.490005493164060,51391200,215.436386108398440
2024-07-26,218.699996948242200,219.490005493164060,216.009994506835940,217.960006713867200,41601300,215.901962280273440
2024-07-29,216.960006713867200,219.300003051757800,215.750000000000000,218.240005493164060,36311800,216.179321289062500
2024-07-30,219.190002441406250,220.330001831054700,216.119995117187500,218.800003051757800,41643800,216.734024047851560
2024-07-31,221.440002441406250,223.820007324218750,220.630004882812500,222.080001831054700,50036300,219.983047485351560
2024-08-01,224.369995117187500,224.479995727539060,217.020004272460940,218.360000610351560,62501000,216.298141479492200
2024-08-02,219.149993896484380,225.600006103515620,217.710006713867200,219.860000610351560,105568600,217.783996582031250
2024-08-05,199.089996337890620,213.500000000000000,196.000000000000000,209.270004272460940,119548600,207.293991088867200
2024-08-06,205.300003051757800,209.990005493164060,201.070007324218750,207.229995727539060,69660500,205.273284912109380
2024-08-07,206.899993896484380,213.639999389648440,206.389999389648440,209.820007324218750,63516400,207.838821411132800
2024-08-08,213.110000610351560,214.199996948242200,208.830001831054700,213.309997558593750,47161100,211.295852661132800
2024-08-09,212.100006103515620,216.779998779296880,211.970001220703120,216.240005493164060,42201600,214.198196411132800
2024-08-12,216.070007324218750,219.509994506835940,215.600006103515620,217.529998779296880,38028100,215.725433349609380
2024-08-13,219.009994506835940,221.889999389648440,219.009994506835940,221.270004272460940,44155300,219.434387207031250
2024-08-14,220.570007324218750,223.029998779296880,219.699996948242200,221.720001220703120,41960600,219.880645751953120
2024-08-15,224.600006103515620,225.350006103515620,222.759994506835940,224.720001220703120,46414000,222.855758666992200
2024-08-16,223.919998168945300,226.830001831054700,223.649993896484380,226.050003051757800,44340200,224.174743652343750
2024-08-19,225.720001220703120,225.990005493164060,223.039993286132800,225.889999389648440,40687800,224.016067504882800
2024-08-20,225.770004272460940,227.169998168945300,225.449996948242200,226.509994506835940,30299000,224.630920410156250
2024-08-21,226.520004272460940,227.979995727539060,225.050003051757800,226.399993896484380,34765500,224.521804809570300
2024-08-22,227.789993286132800,228.339996337890620,223.899993896484380,224.529998779296880,43695300,222.667343139648440
2024-08-23,225.660003662109380,228.220001220703120,224.330001831054700,226.839996337890620,38677300,224.958175659179700
2024-08-26,226.759994506835940,227.279998779296880,223.889999389648440,227.179992675781250,30602200,225.295364379882800
2024-08-27,226.000000000000000,228.850006103515620,224.889999389648440,228.029998779296880,35934600,226.138320922851560
2024-08-28,227.919998168945300,229.860000610351560,225.679992675781250,226.490005493164060,38052200,224.611083984375000
2024-08-29,230.100006103515620,232.919998168945300,228.880004882812500,229.789993286132800,51906300,227.883712768554700
2024-08-30,230.190002441406250,230.399993896484380,227.479995727539060,229.000000000000000,52990800,227.100250244140620
2024-09-03,228.550003051757800,229.000000000000000,221.169998168945300,222.770004272460940,50190600,220.921936035156250
2024-09-04,221.660003662109380,221.779998779296880,217.479995727539060,220.850006103515620,43840200,219.017868041992200
2024-09-05,221.630004882812500,225.479995727539060,221.520004272460940,222.380004882812500,36615400,220.535171508789060
2024-09-06,223.949996948242200,225.240005493164060,219.770004272460940,220.820007324218750,48423000,218.988128662109380
2024-09-09,220.820007324218750,221.270004272460940,216.710006713867200,220.910003662109380,67180000,219.077377319335940
2024-09-10,218.919998168945300,221.479995727539060,216.729995727539060,220.110000610351560,51591000,218.284011840820300
2024-09-11,221.460006713867200,223.089996337890620,217.889999389648440,222.660003662109380,44587100,220.812866210937500
2024-09-12,222.500000000000000,223.550003051757800,219.820007324218750,222.770004272460940,37455600,220.921936035156250
2024-09-13,223.580001831054700,224.039993286132800,221.910003662109380,222.500000000000000,36766600,220.654190063476560
2024-09-16,216.539993286132800,217.220001220703120,213.919998168945300,216.320007324218750,59357400,214.525466918945300
2024-09-17,215.750000000000000,216.899993896484380,214.500000000000000,216.789993286132800,45519300,214.991546630859380
2024-09-18,217.550003051757800,222.710006713867200,217.539993286132800,220.690002441406250,59894900,218.859191894531250
2024-09-19,224.990005493164060,229.820007324218750,224.630004882812500,228.869995117187500,66781300,226.971343994140620
2024-09-20,229.970001220703120,233.089996337890620,227.619995117187500,228.199996948242200,318679900,226.306884765625000
2024-09-23,227.339996337890620,229.449996948242200,225.809997558593750,226.470001220703120,54146000,224.591232299804700
2024-09-24,228.649993896484380,229.350006103515620,225.729995727539060,227.369995117187500,43556100,225.483764648437500
2024-09-25,224.929992675781250,227.289993286132800,224.020004272460940,226.369995117187500,42308700,224.492065429687500
2024-09-26,227.300003051757800,228.500000000000000,225.410003662109380,227.520004272460940,36636700,225.632537841796880
2024-09-27,228.460006713867200,229.520004272460940,227.300003051757800,227.789993286132800,34026000,225.900299072265620
2024-09-30,230.039993286132800,233.000000000000000,229.649993896484380,233.000000000000000,54541900,231.067047119140620
2024-10-01,229.520004272460940,229.649993896484380,223.740005493164060,226.210006713867200,63285000,224.333404541015620
2024-10-02,225.889999389648440,227.369995117187500,223.020004272460940,226.779998779296880,32880600,224.898681640625000
2024-10-03,225.139999389648440,226.809997558593750,223.320007324218750,225.669998168945300,34044200,223.797882080078120
2024-10-04,227.899993896484380,228.000000000000000,224.130004882812500,226.800003051757800,37245100,224.918502807617200
2024-10-07,224.500000000000000,225.690002441406250,221.330001831054700,221.690002441406250,39505400,219.850875854492200
2024-10-08,224.300003051757800,225.979995727539060,223.250000000000000,225.770004272460940,31855700,223.897064208984380
2024-10-09,225.229995727539060,229.750000000000000,224.830001831054700,229.539993286132800,33591100,227.635757446289060
2024-10-10,227.779998779296880,229.500000000000000,227.169998168945300,229.039993286132800,28183500,227.139907836914060
2024-10-11,229.300003051757800,229.410003662109380,227.339996337890620,227.550003051757800,31759200,225.662292480468750
2024-10-14,228.699996948242200,231.729995727539060,228.600006103515620,231.300003051757800,39882100,229.381179809570300
2024-10-15,233.610000610351560,237.490005493164060,232.369995117187500,233.850006103515620,64751400,231.910034179687500
2024-10-16,231.600006103515620,232.119995117187500,229.839996337890620,231.779998779296880,34082200,229.857192993164060
2024-10-17,233.429992675781250,233.850006103515620,230.520004272460940,232.149993896484380,32993800,230.224121093750000
2024-10-18,236.179992675781250,236.179992675781250,234.009994506835940,235.000000000000000,46431500,233.050491333007800
2024-10-21,234.449996948242200,236.850006103515620,234.449996948242200,236.479995727539060,36254500,234.518218994140620
2024-10-22,233.889999389648440,236.220001220703120,232.600006103515620,235.860000610351560,38846600,233.903350830078120
2024-10-23,234.080001831054700,235.139999389648440,227.759994506835940,230.759994506835940,52287000,228.845672607421880
2024-10-24,229.979995727539060,230.820007324218750,228.410003662109380,230.570007324218750,31109500,228.657226562500000
2024-10-25,229.740005493164060,233.220001220703120,229.570007324218750,231.410003662109380,38802300,229.490264892578120
2024-10-28,233.320007324218750,234.729995727539060,232.550003051757800,233.399993896484380,36087100,231.463745117187500
2024-10-29,233.100006103515620,234.330001831054700,232.320007324218750,233.669998168945300,35417200,231.731521606445300
2024-10-30,232.610000610351560,233.470001220703120,229.550003051757800,230.100006103515620,47070900,228.191146850585940
2024-10-31,229.339996337890620,229.830001831054700,225.369995117187500,225.910003662109380,64370100,224.035888671875000
2024-11-01,220.970001220703120,225.350006103515620,220.270004272460940,222.910003662109380,65276700,221.060791015625000
2024-11-04,220.990005493164060,222.789993286132800,219.710006713867200,222.009994506835940,44944500,220.168243408203120
2024-11-05,221.800003051757800,223.949996948242200,221.139999389648440,223.449996948242200,28111300,221.596298217773440
2024-11-06,222.610000610351560,226.070007324218750,221.190002441406250,222.720001220703120,54561100,220.872344970703120
2024-11-07,224.630004882812500,227.880004882812500,224.570007324218750,227.479995727539060,42137700,225.592849731445300
2024-11-08,227.169998168945300,228.660003662109380,226.410003662109380,226.960006713867200,38328800,225.324798583984380
2024-11-11,225.000000000000000,225.699996948242200,221.500000000000000,224.229995727539060,42005600,222.614471435546880
2024-11-12,224.550003051757800,225.589996337890620,223.360000610351560,224.229995727539060,40398300,222.614471435546880
2024-11-13,224.009994506835940,226.649993896484380,222.759994506835940,225.119995117187500,48566200,223.498062133789060
2024-11-14,225.020004272460940,228.869995117187500,225.000000000000000,228.220001220703120,44923900,226.575744628906250
2024-11-15,226.399993896484380,226.919998168945300,224.270004272460940,225.000000000000000,47923700,223.378921508789060
2024-11-18,225.250000000000000,229.740005493164060,225.169998168945300,228.020004272460940,44633700,226.377166748046880
2024-11-19,226.979995727539060,230.160003662109380,226.660003662109380,228.279998779296880,36211800,226.635299682617200
2024-11-20,228.059997558593750,229.929992675781250,225.889999389648440,229.000000000000000,35169600,227.350112915039060
2024-11-21,228.880004882812500,230.160003662109380,225.710006713867200,228.520004272460940,42108300,226.873596191406250
2024-11-22,228.059997558593750,230.720001220703120,228.059997558593750,229.869995117187500,38168300,228.213851928710940
2024-11-25,231.460006713867200,233.250000000000000,229.740005493164060,232.869995117187500,90152800,231.192230224609380
2024-11-26,233.330001831054700,235.570007324218750,233.330001831054700,235.059997558593750,45986200,233.366470336914060
2024-11-27,234.470001220703120,235.690002441406250,233.809997558593750,234.929992675781250,33498400,233.237396240234380
2024-11-29,234.809997558593750,237.809997558593750,233.970001220703120,237.330001831054700,28481400,235.620101928710940
2024-12-02,237.270004272460940,240.789993286132800,237.160003662109380,239.589996337890620,48137100,237.863815307617200
2024-12-03,239.809997558593750,242.759994506835940,238.899993896484380,242.649993896484380,38861000,240.901763916015620
2024-12-04,242.869995117187500,244.110000610351560,241.250000000000000,243.009994506835940,44383900,241.259185791015620
2024-12-05,243.990005493164060,244.539993286132800,242.130004882812500,243.039993286132800,40033900,241.288955688476560
2024-12-06,242.910003662109380,244.630004882812500,242.080001831054700,242.839996337890620,36870600,241.090408325195300
2024-12-09,241.830001831054700,247.240005493164060,241.750000000000000,246.750000000000000,44649200,244.972213745117200
2024-12-10,246.889999389648440,248.210006713867200,245.339996337890620,247.770004272460940,36914800,245.984863281250000
2024-12-11,247.960006713867200,250.800003051757800,246.259994506835940,246.490005493164060,45205800,244.714111328125000
2024-12-12,246.889999389648440,248.740005493164060,245.679992675781250,247.960006713867200,32777500,246.173507690429700
2024-12-13,247.820007324218750,249.289993286132800,246.240005493164060,248.130004882812500,33155300,246.342315673828120
2024-12-16,247.990005493164060,251.380004882812500,247.649993896484380,251.039993286132800,51694800,249.231307983398440
2024-12-17,250.080001831054700,253.830001831054700,249.779998779296880,253.479995727539060,51356400,251.653747558593750
2024-12-18,252.160003662109380,254.279998779296880,247.740005493164060,248.050003051757800,56774100,246.262878417968750
2024-12-19,247.500000000000000,252.000000000000000,247.089996337890620,249.789993286132800,60882300,247.990341186523440
2024-12-20,248.039993286132800,255.000000000000000,245.690002441406250,254.490005493164060,147495300,252.656478881835940
2024-12-23,254.770004272460940,255.649993896484380,253.449996948242200,255.270004272460940,40858800,253.430862426757800
2024-12-24,255.490005493164060,258.209991455078100,255.289993286132800,258.200012207031250,23234700,256.339721679687500
2024-12-26,258.190002441406250,260.100006103515600,257.630004882812500,259.019989013671900,27237100,257.153778076171900
2024-12-27,257.829986572265600,258.700012207031250,253.059997558593750,255.589996337890620,42355300,253.748550415039060
2024-12-30,252.229995727539060,253.500000000000000,250.750000000000000,252.199996948242200,35557500,250.382965087890620
2024-12-31,252.440002441406250,253.279998779296880,249.429992675781250,250.419998168945300,39480700,248.615798950195300
2025-01-02,248.929992675781250,249.100006103515620,241.820007324218750,243.850006103515620,55740700,242.093139648437500
2025-01-03,243.360000610351560,244.179992675781250,241.889999389648440,243.360000610351560,40244100,241.606658935546880
2025-01-06,244.309997558593750,247.330001831054700,243.199996948242200,245.000000000000000,45045600,243.234832763671880
2025-01-07,242.979995727539060,245.550003051757800,241.350006103515620,242.210006713867200,40856000,240.464950561523440
2025-01-08,241.919998168945300,243.710006713867200,240.050003051757800,242.699996948242200,37628900,240.951400756835940
2025-01-10,240.009994506835940,240.160003662109380,233.000000000000000,236.850006103515620,61710900,235.143569946289060
2025-01-13,233.529998779296880,234.669998168945300,229.720001220703120,234.399993896484380,49630700,232.711212158203120
2025-01-14,234.750000000000000,236.119995117187500,232.470001220703120,233.279998779296880,39435300,231.599288940429700
2025-01-15,234.639999389648440,238.960006713867200,234.429992675781250,237.869995117187500,39832000,236.156204223632800
2025-01-16,237.350006103515620,238.009994506835940,228.029998779296880,228.259994506835940,71759100,226.615432739257800
2025-01-17,232.119995117187500,232.289993286132800,228.479995727539060,229.979995727539060,68488300,228.323059082031250
2025-01-21,224.000000000000000,224.419998168945300,219.380004882812500,222.639999389648440,98070400,221.035934448242200
2025-01-22,219.789993286132800,224.119995117187500,219.789993286132800,223.830001831054700,64126500,222.217376708984380
2025-01-23,224.740005493164060,227.029998779296880,222.300003051757800,223.660003662109380,60234800,222.048583984375000
2025-01-24,224.779998779296880,225.630004882812500,221.410003662109380,222.779998779296880,54697900,221.174942016601560
2025-01-27,224.020004272460940,232.149993896484380,223.979995727539060,229.860000610351560,94863400,228.203933715820300
2025-01-28,230.850006103515620,240.190002441406250,230.809997558593750,238.259994506835940,75707600,236.543380737304700
2025-01-29,234.119995117187500,239.860000610351560,234.009994506835940,239.360000610351560,45486100,237.635467529296880
2025-01-30,238.669998168945300,240.789993286132800,237.210006713867200,237.589996337890620,55658300,235.878234863281250
2025-01-31,247.190002441406250,247.190002441406250,233.440002441406250,236.000000000000000,100959800,234.299682617187500
2025-02-03,229.990005493164060,231.830001831054700,225.699996948242200,228.009994506835940,73063300,226.367233276367200
2025-02-04,227.250000000000000,233.130004882812500,226.649993896484380,232.800003051757800,45067300,231.122756958007800
2025-02-05,228.529998779296880,232.669998168945300,228.270004272460940,232.470001220703120,39620300,230.795104980468750
2025-02-06,231.289993286132800,233.800003051757800,230.429992675781250,233.220001220703120,29925300,231.539703369140620
2025-02-07,232.600006103515620,234.000000000000000,227.259994506835940,227.630004882812500,39707200,225.989990234375000
2025-02-10,229.570007324218750,230.589996337890620,227.199996948242200,227.649993896484380,33115600,226.258331298828120
2025-02-11,228.199996948242200,235.229995727539060,228.130004882812500,232.619995117187500,53718400,231.197937011718750
2025-02-12,231.199996948242200,236.960006713867200,230.679992675781250,236.869995117187500,45243300,235.421981811523440
2025-02-13,236.910003662109380,242.339996337890620,235.570007324218750,241.529998779296880,53614100,240.053466796875000
2025-02-14,241.250000000000000,245.550003051757800,240.990005493164060,244.600006103515620,40896200,243.104721069335940
2025-02-18,244.149993896484380,245.179992675781250,241.839996337890620,244.470001220703120,48822500,242.975540161132800
2025-02-19,244.660003662109380,246.009994506835940,243.160003662109380,244.869995117187500,32204200,243.373046875000000
2025-02-20,244.940002441406250,246.779998779296880,244.289993286132800,245.830001831054700,32316900,244.327194213867200
2025-02-21,245.949996948242200,248.690002441406250,245.220001220703120,245.550003051757800,53197400,244.048919677734380
2025-02-24,244.929992675781250,248.860000610351560,244.419998168945300,247.100006103515620,51326400,245.589447021484380
2025-02-25,248.000000000000000,250.000000000000000,244.910003662109380,247.039993286132800,48013300,245.529800415039060
2025-02-26,244.330001831054700,244.979995727539060,239.130004882812500,240.360000610351560,44433600,238.890625000000000
2025-02-27,239.410003662109380,242.460006713867200,237.059997558593750,237.300003051757800,41153600,235.849334716796880
2025-02-28,236.949996948242200,242.089996337890620,230.199996948242200,241.839996337890620,56833400,240.361587524414060
2025-03-03,241.789993286132800,244.029998779296880,236.110000610351560,238.029998779296880,47184000,236.574859619140620
2025-03-04,237.710006713867200,240.070007324218750,234.679992675781250,235.929992675781250,53798100,234.487731933593750
2025-03-05,235.419998168945300,236.550003051757800,229.229995727539060,235.740005493164060,47227600,234.298889160156250
2025-03-06,234.440002441406250,237.860000610351560,233.160003662109380,235.330001831054700,45170400,233.891387939453120
2025-03-07,235.110000610351560,241.369995117187500,234.759994506835940,239.070007324218750,46273600,237.608535766601560
2025-03-10,235.539993286132800,236.160003662109380,224.220001220703120,227.479995727539060,72071200,226.089355468750000
2025-03-11,223.809997558593750,225.839996337890620,217.449996948242200,220.839996337890620,76137400,219.489959716796880
2025-03-12,220.139999389648440,221.750000000000000,214.910003662109380,216.979995727539060,62547500,215.653549194335940
2025-03-13,215.949996948242200,216.839996337890620,208.419998168945300,209.679992675781250,61368300,208.398162841796880
2025-03-14,211.250000000000000,213.949996948242200,209.580001831054700,213.490005493164060,60107600,212.184906005859380
2025-03-17,213.309997558593750,215.220001220703120,209.970001220703120,214.000000000000000,48073400,212.691787719726560
2025-03-18,214.160003662109380,215.149993896484380,211.490005493164060,212.690002441406250,42432400,211.389785766601560
2025-03-19,214.220001220703120,218.759994506835940,213.750000000000000,215.240005493164060,54385400,213.924194335937500
2025-03-20,213.990005493164060,217.490005493164060,212.220001220703120,214.100006103515620,48862900,212.791168212890620
2025-03-21,211.559997558593750,218.839996337890620,211.279998779296880,218.270004272460940,94127800,216.935684204101560
2025-03-24,221.000000000000000,221.479995727539060,218.580001831054700,220.729995727539060,44299500,219.380645751953120
2025-03-25,220.770004272460940,224.100006103515620,220.080001831054700,223.750000000000000,34493600,222.382171630859380
2025-03-26,223.509994506835940,225.020004272460940,220.470001220703120,221.529998779296880,34466100,220.175735473632800
2025-03-27,221.389999389648440,224.990005493164060,220.559997558593750,223.850006103515620,37094800,222.481567382812500
2025-03-28,221.669998168945300,223.809997558593750,217.679992675781250,217.899993896484380,39818600,216.567932128906250
2025-03-31,217.009994506835940,225.619995117187500,216.229995727539060,222.130004882812500,65299300,220.772079467773440
2025-04-01,219.809997558593750,223.679992675781250,218.899993896484380,223.190002441406250,36412700,221.825607299804700
2025-04-02,221.320007324218750,225.190002441406250,221.020004272460940,223.889999389648440,35905900,222.521316528320300
2025-04-03,205.539993286132800,207.490005493164060,201.250000000000000,203.190002441406250,103419000,201.947875976562500
2025-04-04,193.889999389648440,199.880004882812500,187.339996337890620,188.380004882812500,125910900,187.228408813476560
2025-04-07,177.199996948242200,194.149993896484380,174.619995117187500,181.460006713867200,160466300,180.350723266601560
2025-04-08,186.699996948242200,190.339996337890620,169.210006713867200,172.419998168945300,120859500,171.365966796875000
2025-04-09,171.949996948242200,200.610000610351560,171.889999389648440,198.850006103515620,184395900,197.634399414062500
2025-04-10,189.070007324218750,194.779998779296880,183.000000000000000,190.419998168945300,121880000,189.255935668945300
2025-04-11,186.100006103515620,199.539993286132800,186.059997558593750,198.149993896484380,87435900,196.938659667968750
2025-04-14,211.440002441406250,212.940002441406250,201.160003662109380,202.520004272460940,101352900,201.281967163085940
2025-04-15,201.860000610351560,203.509994506835940,199.800003051757800,202.139999389648440,51343900,200.904281616210940
2025-04-16,198.360000610351560,200.699996948242200,192.369995117187500,194.270004272460940,59732400,193.082397460937500
2025-04-17,197.199996948242200,198.830001831054700,194.419998168945300,196.979995727539060,52164700,195.775817871093750
2025-04-21,193.270004272460940,193.800003051757800,189.809997558593750,193.160003662109380,46742500,191.979187011718750
2025-04-22,196.119995117187500,201.589996337890620,195.970001220703120,199.740005493164060,52976400,198.518951416015620
2025-04-23,206.000000000000000,208.000000000000000,202.800003051757800,204.600006103515620,52929200,203.349258422851560
2025-04-24,204.889999389648440,208.830001831054700,202.940002441406250,208.369995117187500,47311000,207.096191406250000
2025-04-25,206.369995117187500,209.750000000000000,206.199996948242200,209.279998779296880,38222300,208.000625610351560
2025-04-28,210.000000000000000,211.500000000000000,207.460006713867200,210.139999389648440,38743100,208.855361938476560
2025-04-29,208.690002441406250,212.240005493164060,208.369995117187500,211.210006713867200,36827600,209.918853759765620
2025-04-30,209.300003051757800,213.580001831054700,206.669998168945300,212.500000000000000,52286500,211.200942993164060
2025-05-01,209.080001831054700,214.559997558593750,208.899993896484380,213.320007324218750,57365700,212.015960693359380
2025-05-02,206.089996337890620,206.990005493164060,202.160003662109380,205.350006103515620,101010600,204.094650268554700
2025-05-05,203.100006103515620,204.100006103515620,198.210006713867200,198.889999389648440,69018500,197.674148559570300
2025-05-06,198.210006713867200,200.649993896484380,197.020004272460940,198.509994506835940,51216500,197.296463012695300
2025-05-07,199.169998168945300,199.440002441406250,193.250000000000000,196.250000000000000,68536700,195.050277709960940
2025-05-08,197.720001220703120,200.050003051757800,194.679992675781250,197.490005493164060,50478900,196.282714843750000
2025-05-09,199.000000000000000,200.539993286132800,197.539993286132800,198.529998779296880,36453900,197.316345214843750
2025-05-12,210.970001220703120,211.270004272460940,206.750000000000000,210.789993286132800,63775800,209.776123046875000
2025-05-13,210.429992675781250,213.399993896484380,209.000000000000000,212.929992675781250,51909300,211.905853271484380
2025-05-14,212.429992675781250,213.940002441406250,210.580001831054700,212.330001831054700,49325800,211.308700561523440
2025-05-15,210.949996948242200,212.960006713867200,209.539993286132800,211.449996948242200,45029500,210.432937622070300
2025-05-16,212.360000610351560,212.570007324218750,209.770004272460940,211.259994506835940,54737900,210.243865966796880
2025-05-19,207.910003662109380,209.479995727539060,204.259994506835940,208.779998779296880,46140500,207.775817871093750
2025-05-20,207.669998168945300,208.470001220703120,205.029998779296880,206.860000610351560,42496600,205.865020751953120
2025-05-21,205.169998168945300,207.039993286132800,200.710006713867200,202.089996337890620,59211800,201.117980957031250
2025-05-22,200.710006713867200,202.750000000000000,199.699996948242200,201.360000610351560,46742400,200.391494750976560
2025-05-23,193.669998168945300,197.699996948242200,193.460006713867200,195.270004272460940,78432900,194.330780029296880
2025-05-27,198.300003051757800,200.740005493164060,197.429992675781250,200.210006713867200,56288500,199.247024536132800
2025-05-28,200.589996337890620,202.729995727539060,199.899993896484380,200.419998168945300,45339700,199.456024169921880
2025-05-29,203.580001831054700,203.809997558593750,198.509994506835940,199.949996948242200,51396800,198.988250732421880
2025-05-30,199.369995117187500,201.960006713867200,196.779998779296880,200.850006103515620,70819900,199.883956909179700
2025-06-02,200.279998779296880,202.130004882812500,200.119995117187500,201.699996948242200,35423300,200.729873657226560
2025-06-03,201.350006103515620,203.770004272460940,200.960006713867200,203.270004272460940,46381600,202.292297363281250
2025-06-04,202.910003662109380,206.240005493164060,202.100006103515620,202.820007324218750,43604000,201.844482421875000
2025-06-05,203.500000000000000,204.750000000000000,200.149993896484380,200.630004882812500,55126100,199.665008544921880
2025-06-06,203.000000000000000,205.699996948242200,202.050003051757800,203.919998168945300,46607700,202.939163208007800
2025-06-09,204.389999389648440,206.000000000000000,200.020004272460940,201.449996948242200,72862600,200.481048583984380
2025-06-10,200.600006103515620,204.350006103515620,200.570007324218750,202.669998168945300,54672600,201.695190429687500
2025-06-11,203.500000000000000,204.500000000000000,198.410003662109380,198.779998779296880,60989900,197.823898315429700
2025-06-12,199.080001831054700,199.679992675781250,197.360000610351560,199.199996948242200,43904600,198.241882324218750
2025-06-13,199.729995727539060,200.369995117187500,195.699996948242200,196.449996948242200,51447300,195.505111694335940
2025-06-16,197.300003051757800,198.690002441406250,196.559997558593750,198.419998168945300,43020700,197.465621948242200
2025-06-17,197.199996948242200,198.389999389648440,195.210006713867200,195.639999389648440,38856200,194.699005126953120
2025-06-18,195.940002441406250,197.570007324218750,195.070007324218750,196.580001831054700,45394700,195.634460449218750
2025-06-20,198.240005493164060,201.699996948242200,196.860000610351560,201.000000000000000,96813500,200.033233642578120
2025-06-23,201.630004882812500,202.300003051757800,198.960006713867200,201.500000000000000,55814300,200.530822753906250
2025-06-24,202.589996337890620,203.440002441406250,200.199996948242200,200.300003051757800,54064000,199.336608886718750
2025-06-25,201.449996948242200,203.669998168945300,200.619995117187500,201.559997558593750,39525700,200.590515136718750
2025-06-26,201.429992675781250,202.639999389648440,199.460006713867200,201.000000000000000,50799100,200.033233642578120
2025-06-27,201.889999389648440,203.220001220703120,200.000000000000000,201.080001831054700,73188600,200.112854003906250
2025-06-30,202.009994506835940,207.389999389648440,199.259994506835940,205.169998168945300,91912800,204.183166503906250
2025-07-01,206.669998168945300,210.190002441406250,206.139999389648440,207.820007324218750,78788900,206.820419311523440
2025-07-02,208.910003662109380,213.339996337890620,208.139999389648440,212.440002441406250,67941800,211.418212890625000
2025-07-03,212.149993896484380,214.649993896484380,211.809997558593750,213.550003051757800,34955800,212.522872924804700
2025-07-07,212.679992675781250,216.229995727539060,208.800003051757800,209.949996948242200,50229000,208.940185546875000
2025-07-08,210.100006103515620,211.429992675781250,208.449996948242200,210.009994506835940,42848900,208.999862670898440
2025-07-09,209.529998779296880,211.330001831054700,207.220001220703120,211.139999389648440,48749400,210.124435424804700
2025-07-10,210.509994506835940,213.479995727539060,210.029998779296880,212.410003662109380,44443600,211.388351440429700
2025-07-11,210.570007324218750,212.130004882812500,209.860000610351560,211.160003662109380,39765800,210.144348144531250
2025-07-14,209.929992675781250,210.910003662109380,207.539993286132800,208.619995117187500,38840100,207.616577148437500
2025-07-15,209.220001220703120,211.889999389648440,208.919998168945300,209.110000610351560,42296300,208.104232788085940
2025-07-16,210.300003051757800,212.399993896484380,208.639999389648440,210.160003662109380,47490500,209.149169921875000
2025-07-17,210.570007324218750,211.800003051757800,209.589996337890620,210.020004272460940,48068100,209.009857177734380
2025-07-18,210.869995117187500,211.789993286132800,209.699996948242200,211.179992675781250,48974600,210.164245605468750
2025-07-21,212.100006103515620,215.779998779296880,211.630004882812500,212.479995727539060,51377400,211.457992553710940
2025-07-22,213.139999389648440,214.949996948242200,212.229995727539060,214.399993896484380,46404100,213.368774414062500
2025-07-23,215.000000000000000,215.149993896484380,212.410003662109380,214.149993896484380,46989300,213.119964599609380
2025-07-24,213.899993896484380,215.690002441406250,213.529998779296880,213.759994506835940,46022600,212.731842041015620
2025-07-25,214.699996948242200,215.240005493164060,213.399993896484380,213.880004882812500,40268800,212.851272583007800
2025-07-28,214.029998779296880,214.850006103515620,213.059997558593750,214.050003051757800,37858000,213.020462036132800
2025-07-29,214.179992675781250,214.809997558593750,210.820007324218750,211.270004272460940,51411700,210.253829956054700
2025-07-30,211.899993896484380,212.389999389648440,207.720001220703120,209.050003051757800,45512500,208.044494628906250
2025-07-31,208.490005493164060,209.839996337890620,207.160003662109380,207.570007324218750,80698400,206.571640014648440
2025-08-01,210.869995117187500,213.580001831054700,201.500000000000000,202.380004882812500,104434500,201.406585693359380
2025-08-04,204.509994506835940,207.880004882812500,201.679992675781250,203.350006103515620,75109300,202.371932983398440
2025-08-05,203.399993896484380,205.339996337890620,202.160003662109380,202.919998168945300,44155100,201.943969726562500
2025-08-06,205.630004882812500,215.380004882812500,205.589996337890620,213.250000000000000,108483100,212.224304199218750
2025-08-07,218.880004882812500,220.850006103515620,216.580001831054700,220.029998779296880,90224800,218.971694946289060
2025-08-08,220.830001831054700,231.000000000000000,219.250000000000000,229.350006103515620,113854000,228.246871948242200
2025-08-11,227.919998168945300,229.559997558593750,224.759994506835940,227.179992675781250,61806100,226.343872070312500
2025-08-12,228.009994506835940,230.800003051757800,227.070007324218750,229.649993896484380,55626200,228.804794311523440
2025-08-13,231.070007324218750,235.000000000000000,230.429992675781250,233.330001831054700,69878500,232.471267700195300
2025-08-14,234.059997558593750,235.119995117187500,230.850006103515620,232.779998779296880,51916300,231.923294067382800
2025-08-15,234.000000000000000,234.279998779296880,229.339996337890620,231.589996337890620,56038700,230.737670898437500
2025-08-18,231.699996948242200,233.119995117187500,230.110000610351560,230.889999389648440,37476200,230.040222167968750
2025-08-19,231.279998779296880,232.869995117187500,229.350006103515620,230.559997558593750,39402600,229.711456298828120
2025-08-20,229.979995727539060,230.470001220703120,225.770004272460940,226.009994506835940,42263900,225.178176879882800
2025-08-21,226.270004272460940,226.520004272460940,223.779998779296880,224.899993896484380,30621200,224.072280883789060
2025-08-22,226.169998168945300,229.089996337890620,225.410003662109380,227.759994506835940,42477800,226.921768188476560
2025-08-25,226.479995727539060,229.300003051757800,226.229995727539060,227.160003662109380,30983100,226.323974609375000
2025-08-26,226.869995117187500,229.490005493164060,224.690002441406250,229.309997558593750,54575100,228.466033935546880
2025-08-27,228.610000610351560,230.899993896484380,228.259994506835940,230.490005493164060,31259500,229.641723632812500
2025-08-28,230.820007324218750,233.410003662109380,229.339996337890620,232.559997558593750,38074700,231.704086303710940
2025-08-29,232.509994506835940,233.380004882812500,231.369995117187500,232.139999389648440,39418400,231.285629272460940
2025-09-02,229.250000000000000,230.850006103515620,226.970001220703120,229.720001220703120,44075600,228.874542236328120
2025-09-03,237.210006713867200,238.850006103515620,234.360000610351560,238.470001220703120,66427800,237.592330932617200
2025-09-04,238.449996948242200,239.899993896484380,236.740005493164060,239.779998779296880,47549400,238.897506713867200
2025-09-05,240.000000000000000,241.320007324218750,238.490005493164060,239.690002441406250,54870400,238.807846069335940
2025-09-08,239.300003051757800,240.149993896484380,236.339996337890620,237.880004882812500,48999500,237.004516601562500
2025-09-09,237.000000000000000,238.779998779296880,233.360000610351560,234.350006103515620,66313900,233.487503051757800
2025-09-10,232.190002441406250,232.419998168945300,225.949996948242200,226.789993286132800,83440800,225.955307006835940
2025-09-11,226.880004882812500,230.449996948242200,226.649993896484380,230.029998779296880,50208600,229.183410644531250
2025-09-12,229.220001220703120,234.509994506835940,229.020004272460940,234.070007324218750,55824200,233.208541870117200
2025-09-15,237.000000000000000,238.190002441406250,235.029998779296880,236.699996948242200,42699500,235.828857421875000
2025-09-16,237.179992675781250,241.220001220703120,236.320007324218750,238.149993896484380,63421100,237.273513793945300
2025-09-17,238.970001220703120,240.100006103515620,237.729995727539060,238.990005493164060,46508000,238.110443115234380
2025-09-18,239.970001220703120,241.199996948242200,236.649993896484380,237.880004882812500,44249600,237.004516601562500
2025-09-19,241.229995727539060,246.300003051757800,240.210006713867200,245.500000000000000,163741300,244.596466064453120
2025-09-22,248.300003051757800,256.640014648437500,248.119995117187500,256.079986572265600,105517400,255.137512207031250
2025-09-23,255.880004882812500,257.339996337890600,253.580001831054700,254.429992675781250,60275200,253.493591308593750
2025-09-24,255.220001220703120,255.740005493164060,251.039993286132800,252.309997558593750,42303700,251.381408691406250
2025-09-25,253.210006713867200,257.170013427734400,251.710006713867200,256.869995117187500,55202100,255.924606323242200
2025-09-26,254.100006103515620,257.600006103515600,253.779998779296880,255.460006713867200,46076300,254.519805908203120
2025-09-29,254.559997558593750,255.000000000000000,253.009994506835940,254.429992675781250,40127700,253.493591308593750
2025-09-30,254.860000610351560,255.919998168945300,253.110000610351560,254.630004882812500,37704300,253.692871093750000
2025-10-01,255.039993286132800,258.790008544921900,254.929992675781250,255.449996948242200,48713900,254.509841918945300
2025-10-02,256.579986572265600,258.179992675781250,254.149993896484380,257.130004882812500,42630200,256.183654785156250
2025-10-03,254.669998168945300,259.239990234375000,253.949996948242200,258.019989013671900,49155600,257.070373535156250
2025-10-06,257.989990234375000,259.070007324218750,255.050003051757800,256.690002441406250,44664100,255.745285034179700
2025-10-07,256.809997558593750,257.399993896484400,255.429992675781250,256.480010986328100,31955800,255.536087036132800
2025-10-08,256.519989013671900,258.519989013671900,256.109985351562500,258.059997558593750,36496900,257.110229492187500
2025-10-09,257.809997558593750,258.000000000000000,253.139999389648440,254.039993286132800,38322000,253.105010986328120
2025-10-10,254.940002441406250,256.380004882812500,244.000000000000000,245.270004272460940,61999100,244.367309570312500
2025-10-13,249.380004882812500,249.690002441406250,245.559997558593750,247.660003662109380,38142900,246.748519897460940
2025-10-14,246.600006103515620,248.850006103515620,244.699996948242200,247.770004272460940,35478000,246.858108520507800
2025-10-15,249.490005493164060,251.820007324218750,247.470001220703120,249.339996337890620,33893600,248.422332763671880
2025-10-16,248.250000000000000,249.039993286132800,245.130004882812500,247.449996948242200,39777000,246.539291381835940
2025-10-17,248.020004272460940,253.380004882812500,247.270004272460940,252.289993286132800,49147000,251.361480712890620
2025-10-20,255.889999389648440,264.380004882812500,255.630004882812500,262.239990234375000,90483000,261.274841308593750
2025-10-21,261.880004882812500,265.290008544921900,261.829986572265600,262.769989013671900,46695900,261.802886962890600
2025-10-22,262.649993896484400,262.850006103515600,255.429992675781250,258.450012207031250,45015300,257.498840332031250
2025-10-23,259.940002441406250,260.619995117187500,258.010009765625000,259.579986572265600,32754900,258.624664306640600
2025-10-24,261.190002441406250,264.130004882812500,259.179992675781250,262.820007324218750,38253700,261.852722167968750
2025-10-27,264.880004882812500,269.119995117187500,264.649993896484400,268.809997558593750,44888200,267.820678710937500
2025-10-28,268.989990234375000,269.890014648437500,268.149993896484400,269.000000000000000,41534800,268.009979248046900
2025-10-29,269.279998779296900,271.410003662109400,267.109985351562500,269.700012207031250,51086700,268.707397460937500
2025-10-30,271.989990234375000,274.140014648437500,268.480010986328100,271.399993896484400,69886500,270.401153564453100
2025-10-31,276.989990234375000,277.320007324218750,269.160003662109400,270.369995117187500,86167100,269.374908447265600
2025-11-03,270.420013427734400,270.850006103515600,266.250000000000000,269.049987792968750,50194600,268.059783935546900
2025-11-04,268.329986572265600,271.489990234375000,267.619995117187500,270.040008544921900,49274800,269.046173095703100
2025-11-05,268.609985351562500,271.700012207031250,266.929992675781250,270.140014648437500,43683100,269.145782470703100
2025-11-06,267.890014648437500,273.399993896484400,267.890014648437500,269.769989013671900,51204000,268.777130126953100
2025-11-07,269.799987792968750,272.290008544921900,266.769989013671900,268.470001220703100,48227400,267.481903076171900
2025-11-10,268.959991455078100,273.730010986328100,267.459991455078100,269.429992675781250,41312400,268.698577880859400
2025-11-11,269.809997558593750,275.910003662109400,269.799987792968750,275.250000000000000,46208300,274.502807617187500
2025-11-12,275.000000000000000,275.730010986328100,271.700012207031250,273.470001220703100,48398000,272.727691650390600
2025-11-13,274.109985351562500,276.700012207031250,272.089996337890600,272.950012207031250,49602800,272.209045410156250
2025-11-14,271.049987792968750,275.959991455078100,269.600006103515600,272.410003662109400,47431300,271.670532226562500
2025-11-17,268.820007324218750,270.489990234375000,265.730010986328100,267.459991455078100,45018300,266.733947753906250
2025-11-18,269.989990234375000,270.709991455078100,265.320007324218750,267.440002441406250,45677300,266.713989257812500
2025-11-19,265.529998779296900,272.209991455078100,265.500000000000000,268.559997558593750,40424500,267.830993652343750
2025-11-20,270.829986572265600,275.429992675781250,265.920013427734400,266.250000000000000,45823600,265.527252197265600
2025-11-21,265.950012207031250,273.329986572265600,265.670013427734400,271.489990234375000,59030800,270.752990722656250
2025-11-24,270.899993896484400,277.000000000000000,270.899993896484400,275.920013427734400,65585800,275.171020507812500
2025-11-25,275.269989013671900,280.380004882812500,275.250000000000000,276.970001220703100,46914200,276.218139648437500
2025-11-26,276.959991455078100,279.529998779296900,276.630004882812500,277.549987792968750,33431400,276.796600341796900
2025-11-28,277.260009765625000,279.000000000000000,275.989990234375000,278.850006103515600,20135600,278.093048095703100
2025-12-01,278.010009765625000,283.420013427734400,276.140014648437500,283.100006103515600,46587700,282.331512451171900
2025-12-02,283.000000000000000,287.399993896484400,282.630004882812500,286.190002441406250,53669500,285.413116455078100
2025-12-03,286.200012207031250,288.619995117187500,283.299987792968750,284.149993896484400,43538700,283.378662109375000
2025-12-04,284.100006103515600,284.730010986328100,278.589996337890600,280.700012207031250,43989100,279.938018798828100
2025-12-05,280.540008544921900,281.140014648437500,278.049987792968750,278.779998779296900,47265800,278.023223876953100
2025-12-08,278.130004882812500,279.670013427734400,276.149993896484400,277.890014648437500,38211800,277.135650634765600
2025-12-09,278.160003662109400,280.029998779296900,276.920013427734400,277.179992675781250,32193300,276.427581787109400
2025-12-10,277.750000000000000,279.750000000000000,276.440002441406250,278.779998779296900,33038300,278.023223876953100
2025-12-11,279.100006103515600,279.589996337890600,273.809997558593750,278.029998779296900,33248000,277.275268554687500
2025-12-12,277.899993896484400,279.220001220703100,276.820007324218750,278.279998779296900,39532900,277.524566650390600
2025-12-15,280.149993896484400,280.149993896484400,272.839996337890600,274.109985351562500,50409100,273.365875244140600
2025-12-16,272.820007324218750,275.500000000000000,271.790008544921900,274.609985351562500,37648600,273.864532470703100
2025-12-17,275.010009765625000,276.160003662109400,271.640014648437500,271.839996337890600,50138700,271.102050781250000
2025-12-18,273.609985351562500,273.630004882812500,266.950012207031250,272.190002441406250,51630700,271.451141357421900
2025-12-19,272.149993896484400,274.600006103515600,269.899993896484400,273.670013427734400,144632000,272.927124023437500
2025-12-22,272.859985351562500,273.880004882812500,270.510009765625000,270.970001220703100,36571800,270.234436035156250
2025-12-23,270.839996337890600,272.500000000000000,269.559997558593750,272.359985351562500,29642000,271.620666503906250
2025-12-24,272.339996337890600,275.429992675781250,272.200012207031250,273.809997558593750,17910600,273.066711425781250
2025-12-26,274.160003662109400,275.369995117187500,272.859985351562500,273.399993896484400,21521800,272.657867431640600
2025-12-29,272.690002441406250,274.359985351562500,272.350006103515600,273.760009765625000,23715200,273.016876220703100
2025-12-30,272.809997558593750,274.079986572265600,272.279998779296900,273.079986572265600,22139600,272.338684082031250
2025-12-31,273.059997558593750,273.679992675781250,271.750000000000000,271.859985351562500,27293600,271.122009277343750
2026-01-02,272.260009765625000,277.839996337890600,269.000000000000000,271.010009765625000,37838100,270.274353027343750
2026-01-05,270.640014648437500,271.510009765625000,266.140014648437500,267.260009765625000,45647200,266.534545898437500
2026-01-06,267.000000000000000,267.549987792968750,262.119995117187500,262.359985351562500,52352100,261.647827148437500
2026-01-07,263.200012207031250,263.679992675781250,259.809997558593750,260.329986572265600,48309800,259.623321533203100
2026-01-08,257.019989013671900,259.290008544921900,255.699996948242200,259.040008544921900,50419300,258.336822509765600
2026-01-09,259.079986572265600,260.209991455078100,256.220001220703100,259.369995117187500,39997000,258.665924072265600
2026-01-12,259.160003662109400,261.299987792968750,256.799987792968750,260.250000000000000,45263800,259.543518066406250
2026-01-13,258.720001220703100,261.809997558593750,258.390014648437500,261.049987792968750,45730800,260.341369628906250
2026-01-14,259.489990234375000,261.820007324218750,256.709991455078100,259.959991455078100,40019400,259.254302978515600
2026-01-15,260.649993896484400,261.040008544921900,257.049987792968750,258.209991455078100,39388600,257.509094238281250
2026-01-16,257.899993896484400,258.899993896484400,254.929992675781250,255.529998779296880,72142800,254.836334228515620
2026-01-20,252.729995727539060,254.789993286132800,243.419998168945300,246.699996948242200,80267500,246.030319213867200
2026-01-21,248.699996948242200,251.559997558593750,245.179992675781250,247.649993896484380,54641700,246.977737426757800
2026-01-22,249.199996948242200,251.000000000000000,248.149993896484380,248.350006103515620,39708300,247.675842285156250
2026-01-23,247.320007324218750,249.410003662109380,244.679992675781250,248.039993286132800,41689000,247.366668701171880
2026-01-26,251.479995727539060,256.559997558593750,249.800003051757800,255.410003662109380,55969200,254.716690063476560
2026-01-27,259.170013427734400,261.950012207031250,258.209991455078100,258.269989013671900,49648300,257.568908691406250
2026-01-28,257.649993896484400,258.859985351562500,254.509994506835940,256.440002441406250,41288000,255.743881225585940
2026-01-29,258.000000000000000,259.649993896484400,254.410003662109380,258.279998779296900,67253000,257.578887939453100
2026-01-30,255.169998168945300,261.899993896484400,252.179992675781250,259.480010986328100,92443400,258.775665283203100
2026-02-02,260.029998779296900,270.489990234375000,259.209991455078100,270.010009765625000,73913400,269.277038574218750
2026-02-03,269.200012207031250,271.880004882812500,267.609985351562500,269.480010986328100,64394700,268.748504638671900
2026-02-04,272.290008544921900,278.950012207031250,272.290008544921900,276.489990234375000,90545700,275.739410400390600
2026-02-05,278.130004882812500,279.500000000000000,273.230010986328100,275.910003662109400,52977400,275.161041259765600
2026-02-06,277.119995117187500,280.910003662109400,276.929992675781250,278.119995117187500,50453400,277.364990234375000
2026-02-09,277.910003662109400,278.200012207031250,271.700012207031250,274.619995117187500,44623400,274.130798339843750
2026-02-10,274.890014648437500,275.369995117187500,272.940002441406250,273.679992675781250,34376900,273.192443847656250
2026-02-11,274.700012207031250,280.179992675781250,274.450012207031250,275.500000000000000,51931300,275.009216308593750
2026-02-12,275.589996337890600,275.720001220703100,260.179992675781250,261.730010986328100,81077200,261.263793945312500
2026-02-13,262.010009765625000,262.230010986328100,255.449996948242200,255.779998779296880,56290700,255.324356079101560
2026-02-17,258.049987792968750,266.290008544921900,255.539993286132800,263.880004882812500,58469100,263.409942626953100
2026-02-18,263.600006103515600,266.820007324218750,262.450012207031250,264.350006103515600,34203300,263.879119873046900
2026-02-19,262.600006103515600,264.480010986328100,260.049987792968750,260.579986572265600,30845300,260.115783691406250
2026-02-20,258.970001220703100,264.750000000000000,258.160003662109400,264.579986572265600,42070500,264.108673095703100
2026-02-23,263.489990234375000,269.429992675781250,263.380004882812500,266.179992675781250,37308200,265.705810546875000
2026-02-24,267.859985351562500,274.890014648437500,267.709991455078100,272.140014648437500,47014600,271.655242919921900
2026-02-25,271.779998779296900,274.940002441406250,271.049987792968750,274.230010986328100,33714300,273.741516113281250
2026-02-26,274.950012207031250,276.109985351562500,270.799987792968750,272.950012207031250,32345100,272.463775634765600
2026-02-27,272.809997558593750,272.809997558593750,262.890014648437500,264.179992675781250,72366500,263.709381103515600
2026-03-02,262.410003662109400,266.529998779296900,260.200012207031250,264.720001220703100,41827900,264.248413085937500
2026-03-03,263.480010986328100,265.559997558593750,260.130004882812500,263.750000000000000,38568900,263.280181884765600
2026-03-04,264.649993896484400,266.149993896484400,261.420013427734400,262.519989013671900,39803100,262.052337646484400
2026-03-05,260.790008544921900,261.559997558593750,257.250000000000000,260.290008544921900,49658600,259.826324462890600
2026-03-06,258.630004882812500,258.769989013671900,254.369995117187500,257.459991455078100,41120000,257.001342773437500
2026-03-09,255.690002441406250,261.149993896484400,253.679992675781250,259.880004882812500,38218500,259.417053222656250
2026-03-10,257.649993896484400,262.480010986328100,256.950012207031250,260.829986572265600,30590800,260.365356445312500
2026-03-11,261.089996337890600,262.130004882812500,259.549987792968750,260.809997558593750,26218900,260.345367431640600
2026-03-12,258.660003662109400,258.950012207031250,254.179992675781250,255.759994506835940,40794000,255.304382324218750
2026-03-13,255.479995727539060,256.329986572265600,249.520004272460940,250.119995117187500,36930000,249.674438476562500
2026-03-16,252.110000610351560,253.889999389648440,249.880004882812500,252.820007324218750,32074200,252.369644165039060
2026-03-17,252.960006713867200,255.130004882812500,252.179992675781250,254.229995727539060,32361600,253.777114868164060
2026-03-18,252.630004882812500,254.940002441406250,249.000000000000000,249.940002441406250,35757900,249.494766235351560
2026-03-19,249.399993896484380,251.830001831054700,247.300003051757800,248.960006713867200,34864100,248.516525268554700
2026-03-20,247.979995727539060,249.199996948242200,246.000000000000000,247.990005493164060,88331100,247.548233032226560
2026-03-23,253.970001220703120,254.600006103515620,250.279998779296880,251.490005493164060,40546100,251.042007446289060
2026-03-24,250.350006103515620,254.830001831054700,249.550003051757800,251.639999389648440,45152300,251.191726684570300
2026-03-25,254.100006103515620,255.000000000000000,251.600006103515620,252.619995117187500,28476700,252.169982910156250
2026-03-26,252.119995117187500,257.000000000000000,250.770004272460940,252.889999389648440,41796700,252.439514160156250
2026-03-27,253.899993896484380,255.490005493164060,248.070007324218750,248.800003051757800,47900000,248.356796264648440
2026-03-30,250.070007324218750,250.869995117187500,245.509994506835940,246.630004882812500,39446200,246.190658569335940
2026-03-31,247.910003662109380,255.479995727539060,247.100006103515620,253.789993286132800,49598100,253.337890625000000
2026-04-01,254.080001831054700,256.179992675781250,253.330001831054700,255.630004882812500,40059400,255.174621582031250
2026-04-02,254.199996948242200,256.130004882812500,250.649993896484380,255.919998168945300,31289400,255.464111328125000
2026-04-06,256.510009765625000,262.160003662109400,256.459991455078100,258.859985351562500,29329900,258.398834228515600
2026-04-07,256.160003662109400,256.200012207031250,245.699996948242200,253.500000000000000,62148000,253.048416137695300
2026-04-08,258.450012207031250,259.750000000000000,256.529998779296900,258.899993896484400,41032800,258.438781738281250
2026-04-09,259.000000000000000,261.119995117187500,256.070007324218750,260.489990234375000,28121600,260.025939941406250
2026-04-10,259.980010986328100,262.190002441406250,259.019989013671900,260.480010986328100,31291500,260.015991210937500
2026-04-13,259.730010986328100,260.179992675781250,256.660003662109400,259.200012207031250,36234700,258.738281250000000
2026-04-14,259.250000000000000,261.929992675781250,257.190002441406250,258.829986572265600,48370700,258.368896484375000
2026-04-15,258.160003662109400,266.559997558593750,257.809997558593750,266.429992675781250,49913500,265.955383300781250
2026-04-16,266.799987792968750,267.160003662109400,261.269989013671900,263.399993896484400,43323100,262.930755615234400
2026-04-17,266.959991455078100,272.299987792968750,266.720001220703100,270.230010986328100,61436200,269.748626708984400
2026-04-20,270.329986572265600,274.279998779296900,270.290008544921900,273.049987792968750,36590200,272.563568115234400
2026-04-21,271.500000000000000,272.799987792968750,265.399993896484400,266.170013427734400,50209800,265.695861816406250
2026-04-22,267.820007324218750,273.739990234375000,266.869995117187500,273.170013427734400,43249200,272.683410644531250
2026-04-23,275.049987792968750,275.769989013671900,271.649993896484400,273.429992675781250,33399600,272.942901611328100
2026-04-24,272.760009765625000,273.059997558593750,269.649993896484400,271.059997558593750,38157100,270.577117919921900
2026-04-27,266.089996337890600,268.359985351562500,265.070007324218750,267.609985351562500,41466800,267.133270263671900
2026-04-28,272.339996337890600,273.230010986328100,268.660003662109400,270.709991455078100,40018900,270.227752685546900
2026-04-29,267.549987792968750,271.040008544921900,267.040008544921900,270.170013427734400,30047900,269.688720703125000
2026-04-30,270.500000000000000,276.000000000000000,268.140014648437500,271.350006103515600,91848200,270.866638183593750
2026-05-01,278.859985351562500,287.220001220703100,278.369995117187500,280.140014648437500,79915400,279.640960693359400
2026-05-04,279.660003662109400,280.630004882812500,274.859985351562500,276.829986572265600,46668400,276.336853027343750
2026-05-05,276.929992675781250,284.570007324218750,276.500000000000000,284.179992675781250,49311700,283.673767089843750
2026-05-06,281.920013427734400,288.029998779296900,281.070007324218750,287.510009765625000,58336100,286.997833251953100
2026-05-07,289.269989013671900,292.130004882812500,285.779998779296900,287.440002441406250,45224300,286.927947998046900
2026-05-08,290.010009765625000,294.760009765625000,290.000000000000000,293.320007324218750,52692800,292.797485351562500
2026-05-11,291.980010986328100,293.880004882812500,290.230010986328100,292.679992675781250,42247300,292.427795410156250
2026-05-12,292.559997558593750,295.269989013671900,292.559997558593750,294.799987792968750,45748100,294.545959472656250
2026-05-13,293.500000000000000,300.920013427734400,293.500000000000000,298.869995117187500,52684300,298.612457275390600
2026-05-14,299.820007324218750,300.450012207031250,295.380004882812500,298.209991455078100,35324900,297.953033447265600
2026-05-15,297.899993896484400,303.200012207031250,296.519989013671900,300.230010986328100,54862800,299.971313476562500
2026-05-18,300.239990234375000,300.660003662109400,294.910003662109400,297.839996337890600,34483000,297.583343505859400
2026-05-19,296.970001220703100,300.510009765625000,296.350006103515600,298.970001220703100,42243600,298.712371826171900
2026-05-20,298.179992675781250,302.799987792968750,298.079986572265600,302.250000000000000,38229800,301.989562988281250
2026-05-21,301.059997558593750,305.540008544921900,300.399993896484400,304.989990234375000,42965100,304.727172851562500
2026-05-22,306.119995117187500,311.399993896484400,305.839996337890600,308.820007324218750,43670200,308.553894042968750
2026-05-26,309.559997558593750,311.820007324218750,307.670013427734400,308.329986572265600,48000500,308.064300537109400
2026-05-27,308.329986572265600,313.260009765625000,308.299987792968750,310.850006103515600,50430900,310.582153320312500
2026-05-28,310.679992675781250,312.799987792968750,309.570007324218750,312.510009765625000,48220400,312.240722656250000
2026-05-29,311.779998779296900,315.000000000000000,309.529998779296900,312.059997558593750,70026800,311.791107177734400
2026-06-01,309.630004882812500,310.940002441406250,305.019989013671900,306.309997558593750,48849900,306.046051025390600
2026-06-02,307.459991455078100,315.450012207031250,306.690002441406250,315.200012207031250,44534700,314.928405761718750
2026-06-03,314.179992675781250,316.940002441406250,308.850006103515600,310.260009765625000,50836700,309.992645263671900
2026-06-04,313.230010986328100,313.540008544921900,309.649993896484400,311.230010986328100,44869100,310.961822509765600
2026-06-05,312.859985351562500,315.170013427734400,307.149993896484400,307.339996337890600,65310500,307.075164794921900
2026-06-08,308.739990234375000,317.399993896484400,301.170013427734400,301.540008544921900,77949100,301.280181884765600
2026-06-09,300.279998779296900,300.750000000000000,287.779998779296900,290.549987792968750,70108800,290.299621582031250
2026-06-10,290.739990234375000,294.750000000000000,287.380004882812500,291.579986572265600,52793300,291.328735351562500
2026-06-11,293.720001220703100,297.000000000000000,289.589996337890600,295.630004882812500,42572500,295.375244140625000
2026-06-12,296.029998779296900,297.140014648437500,289.619995117187500,291.130004882812500,38742100,290.879150390625000
2026-06-15,294.119995117187500,297.779998779296900,291.700012207031250,296.420013427734400,45732600,296.164581298828100
2026-06-16,295.250000000000000,300.480010986328100,293.970001220703100,299.239990234375000,39874400,298.982147216796900
2026-06-17,300.850006103515600,302.070007324218750,294.359985351562500,295.950012207031250,42745100,295.694976806640600
2026-06-18,298.109985351562500,300.570007324218750,295.619995117187500,298.010009765625000,85962200,297.753204345703100
2026-06-22,297.309997558593750,302.420013427734400,296.760009765625000,297.010009765625000,44879900,296.754089355468750
2026-06-23,297.540008544921900,301.640014648437500,294.179992675781250,294.299987792968750,52010900,294.046386718750000
2026-06-24,295.359985351562500,299.700012207031250,292.940002441406250,293.079986572265600,53081900,292.827423095703100
2026-06-25,287.399993896484400,288.799987792968750,273.750000000000000,275.149993896484400,107013700,274.912902832031250
2026-06-26,275.000000000000000,285.950012207031250,274.209991455078100,283.779998779296900,261775500,283.535461425781250
2026-06-29,286.730010986328100,288.369995117187500,279.850006103515600,281.739990234375000,66427000,281.497222900390600
2026-06-30,281.170013427734400,289.940002441406250,280.700012207031250,289.359985351562500,65100200,289.110656738281250
2026-07-01,293.440002441406250,296.589996337890600,289.200012207031250,294.380004882812500,50164200,294.126342773437500
2026-07-02,294.119995117187500,309.420013427734400,293.679992675781250,308.630004882812500,75352800,308.364044189453100
2026-07-06,307.359985351562500,314.200012207031250,307.000000000000000,312.660003662109400,53590000,312.390594482421900
2026-07-07,315.290008544921900,315.480010986328100,310.149993896484400,310.660003662109400,42490000,310.392303466796900
2026-07-08,311.910003662109400,314.820007324218750,307.049987792968750,313.390014648437500,41323500,313.119964599609400
2026-07-09,310.510009765625000,316.529998779296900,308.160003662109400,316.220001220703100,48124500,315.947509765625000
2026-07-10,314.720001220703100,316.910003662109400,312.170013427734400,315.320007324218750,34132300,315.048309326171900
2026-07-13,317.019989013671900,323.450012207031250,315.779998779296900,317.309997558593750,43257800,317.036560058593750
2026-07-14,313.760009765625000,316.190002441406250,311.910003662109400,314.859985351562500,36336800,314.588684082031250
2026-07-15,317.619995117187500,328.730010986328100,317.320007324218750,327.500000000000000,60957600,327.217803955078100
2026-07-16,328.010009765625000,334.679992675781250,326.790008544921900,333.260009765625000,62970600,332.972839355468750
2026-07-17,331.980010986328100,334.989990234375000,329.000000000000000,333.739990234375000,63407100,333.452392578125000
2026-07-20,333.510009765625000,333.709991455078100,323.679992675781250,326.589996337890600,53468000,326.308563232421900
2026-07-21,323.130004882812500,329.600006103515600,322.220001220703100,327.739990234375000,41338900,327.457580566406250
2026-07-22,327.869995117187500,329.000000000000000,323.339996337890600,325.890014648437500,38755900,325.609191894531250
2026-07-23,321.730010986328100,323.299987792968750,319.350006103515600,321.660003662109400,40840800,321.382843017578100
2026-07-24,321.790008544921900,334.369995117187500,321.619995117187500,333.019989013671900,47489400,332.733032226562500
2026-07-27,334.540008544921900,339.570007324218750,334.019989013671900,336.910003662109400,49604300,336.619689941406250
2026-07-28,340.029998779296900,342.890014648437500,335.600006103515600,340.079986572265600,51859000,339.786926269531250
2026-07-29,339.730010986328100,344.570007324218750,337.350006103515600,338.190002441406250,56090800,337.898590087890600
2026-07-30,333.100006103515600,334.750000000000000,329.589996337890600,333.429992675781250,74817800,333.142669677734400
2026-07-31,304.809997558593750,310.690002441406250,300.000000000000000,308.910003662109400,132489100,308.643829345703100
2026-08-03,309.579986572265600,311.799987792968750,302.559997558593750,303.420013427734400,75052000,303.158569335937500
2026-08-04,302.730010986328100,310.420013427734400,301.320007324218750,309.380004882812500,68001000,309.113403320312500
2026-08-05,309.359985351562500,311.709991455078100,305.670013427734400,311.000000000000000,49438800,310.732025146484400
2026-08-06,314.339996337890600,316.290008544921900,309.230010986328100,312.410003662109400,46139900,312.140808105468750
2026-08-07,311.450012207031250,314.809997558593750,310.739990234375000,313.329986572265600,34437200,313.059997558593750
2026-08-10,306.829986572265600,308.260009765625000,304.609985351562500,308.260009765625000,44812500,308.260009765625000
2026-08-11,307.750000000000000,309.970001220703100,302.790008544921900,304.910003662109400,37476700,304.910003662109400
2026-08-12,305.100006103515600,305.660003662109400,300.570007324218750,302.250000000000000,41657800,302.250000000000000
2026-08-13,304.209991455078100,306.000000000000000,302.049987792968750,305.260009765625000,40349300,305.260009765625000
2026-08-14,306.000000000000000,307.489990234375000,304.299987792968750,305.929992675781250,28229400,305.929992675781250
2026-08-17,306.209991455078100,307.660003662109400,302.940002441406250,305.589996337890600,38169300,305.589996337890600
2026-08-18,307.579986572265600,311.489990234375000,305.739990234375000,310.029998779296900,53424500,310.029998779296900
2026-08-19,310.140014648437500,319.279998779296900,309.600006103515600,316.829986572265600,50505600,316.829986572265600
2026-08-20,317.459991455078100,320.279998779296900,310.649993896484400,311.299987792968750,40959200,311.299987792968750
2026-08-21,312.049987792968750,312.380004882812500,307.010009765625000,309.350006103515600,46876800,309.350006103515600
2026-08-24,311.470001220703100,313.359985351562500,309.970001220703100,310.339996337890600,34673600,310.339996337890600
