"m_date","m_open_split_adjusted","m_high_split_adjusted","m_low_split_adjusted","m_close_split_adjusted","m_volume_split_adjusted","m_close_dividend_and_split_adjusted"
2016-01-04,8.5891265869140620,8.7370557785034180,8.4042148590087890,8.4319524765014650,27681380,8.0871009826660160
2016-01-05,8.4227066040039060,8.4966707229614260,8.2470407485961910,8.3117599487304690,44914499,7.9718217849731445
2016-01-06,8.2193040847778320,8.4596891403198240,8.1360940933227540,8.2932691574096680,36754584,7.9540905952453610
2016-01-07,8.2008132934570310,8.2008132934570310,7.5906062126159670,7.6368341445922850,77280661,7.3245015144348145
2016-01-08,7.8125000000000000,7.8587269783020020,7.1468191146850590,7.1838011741638180,116175652,6.8899965286254880
2016-01-11,7.2022919654846190,7.3409762382507320,7.1190819740295410,7.2392749786376950,55090812,6.9432010650634770
2016-01-12,7.3132390975952150,7.4426770210266110,7.2115378379821780,7.3872041702270510,41468942,7.0850801467895510
2016-01-13,7.4241862297058105,7.5998520851135250,7.0913457870483400,7.1375727653503420,41568894,6.8456592559814450
2016-01-14,7.1930470466613770,7.4426770210266110,6.9896440505981445,7.3594670295715330,36914884,7.0584778785705570
2016-01-15,7.2022919654846190,7.3502211570739750,6.6383128166198730,7.3224849700927730,80850842,7.0230078697204590
2016-01-18,7.3224849700927730,7.3317298889160160,7.1283278465271000,7.2577657699584960,6844458,6.9609365463256840
2016-01-19,7.3872041702270510,7.3872041702270510,6.8232240676879880,6.9526619911193850,41187205,6.6683101654052730
2016-01-20,6.7677512168884280,6.8879427909851070,6.2684907913208010,6.8139791488647460,71808270,6.5352993011474610
2016-01-21,6.7769970893859860,7.3687129020690920,6.7400140762329100,7.2855019569396970,83163077,6.9875388145446780
2016-01-22,7.4426770210266110,7.7847628593444820,7.3224849700927730,7.4426770210266110,73383707,7.1382851600646970
2016-01-25,7.4426770210266110,7.4426770210266110,6.8509612083435060,6.9064340591430660,43267290,6.6239728927612305
2016-01-26,6.9341711997985840,7.1098370552062990,6.6568040847778320,7.0543627738952640,44580689,6.7658519744873050
2016-01-27,7.0266270637512210,7.2300291061401370,6.9156799316406250,7.0266270637512210,60280349,6.7392506599426270
2016-01-28,7.2115378379821780,7.3964490890502930,6.9526619911193850,7.2115378379821780,65907135,6.9165987968444820
2016-01-29,7.2670111656188965,7.6368341445922850,7.2670111656188965,7.5813598632812500,130835922,7.2712955474853520
2016-02-02,7.3872041702270510,7.6460790634155270,7.2392749786376950,7.4241862297058105,74876142,7.1205501556396480
2016-02-03,7.4241862297058105,7.8309907913208010,7.1190819740295410,7.7662720680236820,98542273,7.4486455917358400
2016-02-04,8.1360940933227540,9.0329141616821290,8.0991115570068360,8.7093191146850590,176894839,8.3531236648559570
2016-02-05,8.7370557785034180,8.8295106887817380,8.5059165954589840,8.5521440505981450,54660075,8.2023763656616210
2016-02-08,8.4227066040039060,8.4227066040039060,7.8309907913208010,7.9142007827758790,71897224,7.5905246734619140
2016-02-09,7.6738162040710450,8.1360940933227540,7.5443778038024900,7.6830620765686035,98876129,7.3688378334045410
2016-02-10,7.8217449188232420,7.8864641189575195,7.5628690719604490,7.6738162040710450,64119835,7.3599715232849120
2016-02-11,7.4611678123474120,7.6738162040710450,7.3039941787719730,7.5536241531372070,72265757,7.2446947097778320
2016-02-12,7.6738162040710450,7.8587269783020020,7.5073962211608890,7.8309907913208010,52812836,7.5107173919677730
2016-02-15,7.9234461784362790,8.1083574295043950,7.9142007827758790,8.0806207656860350,13700050,7.7501382827758790
2016-02-16,8.2193040847778320,8.2193040847778320,7.9881649017333980,8.1268491744995120,48455288,7.7944760322570800
2016-02-17,8.2193040847778320,8.9404582977294920,8.1823215484619140,8.8480024337768550,182780862,8.4861345291137700
2016-02-18,8.8849849700927730,8.8849849700927730,8.3302507400512700,8.5151624679565430,94235292,8.1669082641601560
2016-02-19,8.4966707229614260,8.6630907058715820,8.3210048675537110,8.5613899230957030,43349805,8.2112455368042000
2016-02-22,8.6445999145507810,9.0976333618164060,8.6168632507324220,9.0606498718261720,94846353,8.6900844573974610
2016-02-23,9.0514049530029300,9.2917890548706050,8.8942298889160160,8.9497041702270500,54114022,8.5836772918701170
2016-02-24,8.8942298889160160,9.0606498718261720,8.5151624679565430,8.9866857528686520,69578355,8.6191473007202150
2016-02-25,9.0514049530029300,9.1438598632812500,8.8664941787719730,9.0791416168212890,37836763,8.7078208923339840
2016-02-26,8.8849849700927730,9.2363157272338870,8.8849849700927730,9.1623516082763670,25235879,8.7876272201538090
2016-02-29,9.1900882720947270,9.2917890548706050,8.9959306716918950,9.2455615997314450,87821407,8.8674335479736330
2016-03-01,9.2548074722290040,9.6708574295043950,9.2548074722290040,9.6338748931884770,72799074,9.2398662567138670
2016-03-02,9.6246299743652340,9.8280315399169920,9.5506649017333980,9.6246299743652340,65358539,9.2310009002685550
2016-03-03,9.6616115570068360,9.7725591659545900,9.4951915740966800,9.6801033020019530,69322465,9.2842054367065430
2016-03-04,9.7355756759643550,10.0314340591430660,9.7078399658203120,9.7355756759643550,80456028,9.3374071121215820
2016-03-07,9.7540683746337890,10.2995557785034180,9.7540683746337890,10.1608724594116210,59742562,9.7453098297119140
2016-03-08,10.0499258041381840,10.1238899230957030,9.7725591659545900,9.8095407485961910,75798424,9.4083490371704100
2016-03-09,9.9204883575439450,10.1423807144165040,9.9019966125488280,9.9574699401855470,41492126,9.5502281188964840
2016-03-10,10.1423807144165040,10.1423807144165040,9.8927507400512700,10.0314340591430660,45838967,9.6211662292480470
2016-03-11,10.1701183319091800,10.2625732421875000,9.8835048675537110,9.9574699401855470,47833060,9.5502281188964840
2016-03-14,9.9574699401855470,10.1238899230957030,9.8465232849121100,10.0869083404541020,47674503,9.6743717193603520
2016-03-15,10.0684165954589840,10.0684165954589840,9.7263307571411130,9.8650140762329100,67985902,9.4615535736083980
2016-03-16,9.8835048675537110,10.1146440505981450,9.7725591659545900,10.0961532592773440,53776282,9.6832389831542970
2016-03-17,10.0129432678222660,10.4844665527343750,10.0036983489990230,10.4105024337768550,22311924,9.9847316741943360
2016-03-18,10.4197483062744140,11.1224107742309570,10.4197483062744140,11.0576915740966800,157498847,10.6054534912109380
2016-03-22,11.1224107742309570,11.5477066040039060,11.1224107742309570,11.5014791488647460,70743941,11.0310907363891600
2016-03-23,11.4182691574096680,11.5292148590087890,10.8912715911865230,11.1131649017333980,55817613,10.6586580276489260
2016-03-28,11.2333574295043950,11.3443040847778320,11.1409015655517580,11.2980756759643550,32893010,10.8360042572021480
2016-03-29,11.3443040847778320,11.4644966125488280,11.1778841018676760,11.2888307571411130,73983745,10.8271379470825200
2016-03-30,11.3627948760986330,11.6031799316406250,11.3627948760986330,11.5107240676879880,81215114,11.0399560928344730
2016-03-31,11.5569524765014650,11.7418632507324220,11.4275140762329100,11.6031799316406250,72025642,11.1286287307739260
2016-04-01,11.5292148590087890,11.7233724594116210,11.3720407485961910,11.6031799316406250,30486368,11.1286287307739260
2016-04-04,11.5569524765014650,11.6678991317749020,11.3720407485961910,11.5107240676879880,33010815,11.0399560928344730
2016-04-05,11.3997783660888670,11.6494083404541020,11.2980756759643550,11.5107240676879880,35399268,11.0399560928344730
2016-04-06,11.5107240676879880,11.6494083404541020,11.3997783660888670,11.5292148590087890,43489330,11.0576915740966800
2016-04-07,11.4644966125488280,11.6494083404541020,11.3258132934570310,11.4090232849121100,51885245,10.9424142837524410
2016-04-08,11.4829883575439450,11.5754432678222660,11.3997783660888670,11.4275140762329100,21701847,10.9601488113403320
2016-04-11,11.4460048675537110,11.6309165954589840,11.4275140762329100,11.5199699401855470,37155327,11.0488233566284180
2016-04-12,11.5014791488647460,11.6678991317749020,11.4737415313720700,11.6401624679565430,31676120,11.1641016006469730
2016-04-13,11.7048807144165040,11.8065824508667000,11.5661983489990230,11.7788457870483400,36053502,11.2971124649047850
2016-04-14,11.8250732421875000,11.8620557785034180,11.6216707229614260,11.6401624679565430,39471910,11.1641016006469730
2016-04-15,11.6124258041381840,11.9452657699584960,11.5846891403198240,11.8713006973266600,37581259,11.3857851028442380
2016-04-18,11.7880907058715820,12.0099849700927730,11.7603549957275390,11.9082841873168950,22457875,11.4212551116943360
2016-04-19,11.9360198974609380,12.1116857528686520,11.8435649871826170,12.0192298889160160,39352638,11.5276641845703120
2016-04-20,11.9452657699584960,12.1764049530029300,11.9452657699584960,12.0839490890502930,31796665,11.5897369384765620
2016-04-21,12.2965965270996100,12.5184907913208000,12.0007390975952150,12.0654582977294920,63724807,11.5720024108886720
2016-04-22,12.0654582977294920,12.3243341445922850,12.0654582977294920,12.2133865356445310,53740105,11.7138805389404300
2016-04-25,12.2133865356445310,12.2965965270996100,11.8528099060058600,11.9082841873168950,47529687,11.4212551116943360
2016-04-26,11.9267749786376950,12.0192298889160160,11.8343191146850590,11.9082841873168950,41266292,11.4212551116943360
2016-04-27,11.9082841873168950,12.0654582977294920,11.7141265869140620,12.0099849700927730,40243834,11.5187969207763670
2016-04-28,12.0007390975952150,12.2781057357788090,11.9360198974609380,12.1209306716918950,27475594,11.6252059936523440
2016-04-29,12.3750000000000000,12.3750000000000000,12.0384607315063480,12.2788457870483400,43472256,11.7766628265380860
2016-05-02,12.3942298889160160,12.5096149444580080,12.2596149444580080,12.3076915740966800,29064434,11.8043289184570310
2016-05-03,12.2980756759643550,12.2980756759643550,11.7980756759643550,12.0192298889160160,82627445,11.5276641845703120
2016-05-04,11.9711532592773440,12.1346149444580080,11.5961532592773440,11.8653841018676760,55642520,11.3801107406616210
2016-05-05,11.9903841018676760,11.9903841018676760,11.6442298889160160,11.6923074722290040,56985892,11.2141132354736330
2016-05-06,11.7211532592773440,11.8269233703613280,11.4807691574096680,11.7211532592773440,29774423,11.2417802810668950
2016-05-09,11.6634607315063480,11.7980756759643550,11.2788457870483400,11.7307691574096680,47348272,11.2510032653808600
2016-05-10,11.6730756759643550,12.0576915740966800,11.6730756759643550,12.0096149444580080,43048671,11.5184431076049800
2016-05-11,12.0288457870483400,12.2019233703613280,11.8173074722290040,11.8557691574096680,38065757,11.3708896636962890
2016-05-12,11.9903841018676760,12.0961532592773440,11.7403841018676760,11.8173074722290040,56251764,11.3339996337890620
2016-05-13,11.7596149444580080,11.9326915740966800,11.4903841018676760,11.5288457870483400,44177681,11.0573368072509770
2016-05-16,11.6057691574096680,11.8173074722290040,11.5480756759643550,11.5865383148193360,39196468,11.1126699447631840
2016-05-17,11.6250000000000000,11.8173074722290040,11.5384607315063480,11.6730756759643550,54414972,11.1956682205200200
2016-05-18,11.6923074722290040,11.8461532592773440,11.4423074722290040,11.5673074722290040,47022059,11.0942258834838870
2016-05-19,11.5384607315063480,11.5673074722290040,11.2500000000000000,11.3269233703613280,54743414,10.8636732101440430
2016-05-20,11.3942298889160160,11.5288457870483400,11.2980756759643550,11.3846149444580080,36550729,10.9190034866333000
2016-05-23,11.3942298889160160,11.5865383148193360,11.2788457870483400,11.4615383148193360,35415045,10.9927825927734380
2016-05-24,11.4903841018676760,11.5961532592773440,11.3557691574096680,11.5288457870483400,48981809,11.0573368072509770
2016-05-25,11.5673074722290040,11.7788457870483400,11.5673074722290040,11.6250000000000000,55448165,11.1495580673217770
2016-05-26,11.6442298889160160,11.7596149444580080,11.5576915740966800,11.6538457870483400,58401812,11.1772241592407230
2016-05-27,11.6346149444580080,11.7692298889160160,11.4519233703613280,11.5192298889160160,44793623,11.0481128692626950
2016-05-30,11.5384607315063480,11.5673074722290040,11.4519233703613280,11.5000000000000000,9506389,11.0296697616577150
2016-05-31,11.4903841018676760,11.6250000000000000,11.2115383148193360,11.2788457870483400,129359651,10.8175601959228520
2016-06-01,11.2980756759643550,11.2980756759643550,11.1153841018676760,11.2307691574096680,71088059,10.7714500427246100
2016-06-02,11.2019233703613280,11.3653841018676760,11.0192298889160160,11.1250000000000000,35763530,10.6700077056884770
2016-06-03,11.1826915740966800,11.5192298889160160,11.0192298889160160,11.4134607315063480,78814722,10.9466695785522460
2016-06-06,11.4903841018676760,11.5865383148193360,11.2884607315063480,11.3653841018676760,52093627,10.9005603790283200
2016-06-07,11.4134607315063480,11.7019233703613280,11.3750000000000000,11.5961532592773440,60660532,11.1218938827514650
2016-06-08,11.6346149444580080,12.1153841018676760,11.6346149444580080,11.9423074722290040,60365302,11.4538879394531250
2016-06-09,11.9038457870483400,11.9038457870483400,11.5384607315063480,11.5769233703613280,47852537,11.1034498214721680
2016-06-10,11.5288457870483400,11.5384607315063480,11.2307691574096680,11.2596149444580080,69801295,10.7991170883178710
2016-06-13,11.2403841018676760,11.2692298889160160,11.0576915740966800,11.1250000000000000,33346875,10.6700077056884770
2016-06-14,11.1250000000000000,11.2211532592773440,10.7788457870483400,10.7980756759643550,40529343,10.3564529418945310
2016-06-15,10.8461532592773440,11.2403841018676760,10.8461532592773440,11.1538457870483400,40724790,10.6976737976074220
2016-06-16,11.0480756759643550,11.3173074722290040,10.9519233703613280,11.2692298889160160,38778266,10.8083381652832030
2016-06-17,11.3461532592773440,11.5192298889160160,11.3269233703613280,11.5000000000000000,67132885,11.0296697616577150
2016-06-20,11.6153841018676760,11.8750000000000000,11.6153841018676760,11.7307691574096680,51128174,11.2510032653808600
2016-06-21,11.7884607315063480,11.8173074722290040,11.5480756759643550,11.5865383148193360,30044303,11.1126699447631840
2016-06-22,11.5865383148193360,11.6923074722290040,11.5288457870483400,11.6634607315063480,33914299,11.1864471435546880
2016-06-23,11.7788457870483400,11.9423074722290040,11.7692298889160160,11.8942298889160160,40895449,11.4077777862548830
2016-06-24,10.7692298889160160,11.1826915740966800,10.7115383148193360,10.8076915740966800,143799909,10.3656759262084960
2016-06-27,10.7596149444580080,10.7596149444580080,10.1442298889160160,10.2019233703613280,101020735,9.7846832275390620
2016-06-28,10.3846149444580080,10.5096149444580080,10.1923074722290040,10.2788457870483400,88442348,9.8584585189819340
2016-06-29,10.4038457870483400,10.7211532592773440,10.4038457870483400,10.5000000000000000,72444256,10.0705690383911130
2016-06-30,10.5769233703613280,10.9134607315063480,10.3557691574096680,10.8653841018676760,92146512,10.4210090637207030
2016-07-01,10.8846149444580080,11.2307691574096680,10.8076915740966800,10.8750000000000000,32119288,10.4302310943603520
2016-07-04,10.8750000000000000,10.8846149444580080,10.7307691574096680,10.7500000000000000,5332283,10.3103427886962890
2016-07-05,10.6730756759643550,10.7019233703613280,10.4519233703613280,10.5096149444580080,43442685,10.0797891616821290
2016-07-06,10.4711532592773440,10.6442298889160160,10.4134607315063480,10.5961532592773440,38379916,10.1627893447875980
2016-07-07,10.6346149444580080,11.0288457870483400,10.6346149444580080,10.9423074722290040,45988755,10.4947872161865230
2016-07-08,11.0769233703613280,11.1538457870483400,10.9519233703613280,11.0961532592773440,47303155,10.6423406600952150
2016-07-11,11.1826915740966800,11.6153841018676760,11.1538457870483400,11.5865383148193360,63599617,11.1126699447631840
2016-07-12,11.6538457870483400,11.9519233703613280,11.6538457870483400,11.9230756759643550,67877288,11.4354429244995120
2016-07-13,11.9711532592773440,12.0096149444580080,11.7307691574096680,11.7980756759643550,44256434,11.3155546188354500
2016-07-14,11.9230756759643550,11.9807691574096680,11.8365383148193360,11.9134607315063480,45651407,11.4262218475341800
2016-07-15,11.9230756759643550,12.0288457870483400,11.9134607315063480,12.0000000000000000,48548215,11.5092210769653320
2016-07-18,12.0384607315063480,12.5000000000000000,12.0288457870483400,12.4903841018676760,74595435,11.9795494079589840
2016-07-19,12.3846149444580080,12.4615383148193360,12.0192298889160160,12.0384607315063480,49268130,11.5461082458496100
2016-07-20,12.1346149444580080,12.4326915740966800,11.9903841018676760,12.3557691574096680,44824474,11.8504390716552730
2016-07-21,12.3557691574096680,12.4519233703613280,12.1153841018676760,12.1346149444580080,31053836,11.6383314132690430
2016-07-22,12.2307691574096680,12.3076915740966800,12.1250000000000000,12.2596149444580080,18828371,11.7582178115844730
2016-07-25,12.2307691574096680,12.3365383148193360,12.1634607315063480,12.2980756759643550,20658321,11.7951068878173830
2016-07-26,12.3269233703613280,12.5673074722290040,12.3269233703613280,12.5288457870483400,54861493,12.0164384841918950
2016-07-27,12.7307691574096680,13.5480756759643550,12.7211532592773440,12.8365383148193360,154995755,12.3115472793579100
2016-07-28,12.8461532592773440,13.5384607315063480,12.8365383148193360,13.4903841018676760,88032432,12.9386520385742190
2016-07-29,13.4615383148193360,13.7788457870483400,13.3076915740966800,13.7403841018676760,75203337,13.1784286499023440
2016-08-01,13.7307691574096680,13.8846149444580080,13.5865383148193360,13.7211532592773440,38928969,13.1599826812744140
2016-08-02,13.7211532592773440,13.7211532592773440,13.1346149444580080,13.4134607315063480,52101416,12.8648729324340820
2016-08-03,13.4038457870483400,13.6634607315063480,13.2884607315063480,13.6442298889160160,43645414,13.0862064361572270
2016-08-04,13.6442298889160160,13.8942298889160160,13.6346149444580080,13.7403841018676760,26012274,13.1784286499023440
2016-08-05,13.7884607315063480,14.2115383148193360,13.7211532592773440,14.1538457870483400,48587287,13.5749778747558600
2016-08-08,14.1346149444580080,14.3461532592773440,13.8269233703613280,14.0192298889160160,42044151,13.4458675384521480
2016-08-09,14.0769233703613280,14.4615383148193360,14.0288457870483400,14.4230756759643550,78013814,13.8331975936889650
2016-08-10,14.3557691574096680,14.9807691574096680,14.3269233703613280,14.9038457870483400,83306943,14.2943058013916020
2016-08-11,14.7403841018676760,15.2788457870483400,14.7403841018676760,15.1634607315063480,94552653,14.5433015823364260
2016-08-12,15.0673074722290040,15.3750000000000000,15.0673074722290040,15.3076915740966800,55429268,14.6816349029541020
2016-08-15,15.3846149444580080,15.7500000000000000,15.1923074722290040,15.4326915740966800,77362020,14.8015222549438480
2016-08-16,15.4326915740966800,15.5000000000000000,15.0480756759643550,15.2500000000000000,49373779,14.6263036727905270
2016-08-17,15.2500000000000000,15.2980756759643550,14.9903841018676760,15.2115383148193360,49189116,14.5894136428833000
2016-08-18,15.2307691574096680,15.2403841018676760,15.0096149444580080,15.1153841018676760,41653180,14.4971933364868160
2016-08-19,15.1153841018676760,15.2596149444580080,14.8461532592773440,15.1634607315063480,32829493,14.5433015823364260
2016-08-22,15.0769233703613280,15.1826915740966800,14.9807691574096680,15.1634607315063480,30862742,14.5433015823364260
2016-08-23,15.2115383148193360,15.3653841018676760,14.9230756759643550,14.9711532592773440,54354562,14.3588609695434570
2016-08-24,14.9711532592773440,14.9711532592773440,14.7115383148193360,14.7788457870483400,39374523,14.1744165420532230
2016-08-25,14.7211532592773440,14.8076915740966800,14.2211532592773440,14.2692298889160160,78490167,13.6856431961059570
2016-08-26,14.2692298889160160,14.9807691574096680,14.2115383148193360,14.9326915740966800,104443040,14.3219709396362300
2016-08-29,14.9326915740966800,15.1538457870483400,14.8750000000000000,15.0480756759643550,40639029,14.4326353073120120
2016-08-30,15.1346149444580080,15.1346149444580080,14.7788457870483400,14.9903841018676760,33638703,14.3773050308227540
2016-08-31,15.0000000000000000,15.0480756759643550,14.6826915740966800,14.9711532592773440,51842251,14.3588609695434570
2016-09-01,14.9807691574096680,15.2596149444580080,14.8557691574096680,14.8750000000000000,50142560,14.2666387557983400
2016-09-02,14.9519233703613280,15.2403841018676760,14.9423074722290040,15.0480756759643550,33075273,14.4326353073120120
2016-09-05,15.0865383148193360,15.1730756759643550,15.0673074722290040,15.1538457870483400,1977016,14.5340805053710940
2016-09-06,15.1826915740966800,15.2596149444580080,14.8750000000000000,14.9903841018676760,40058801,14.3773050308227540
2016-09-07,14.9519233703613280,15.1057691574096680,14.5865383148193360,14.8076915740966800,33888594,14.2020816802978520
2016-09-08,14.8365383148193360,14.9326915740966800,14.6346149444580080,14.8365383148193360,40193164,14.2297515869140620
2016-09-09,14.8269233703613280,14.8269233703613280,13.8750000000000000,14.2307691574096680,92516842,13.6487569808959960
2016-09-12,14.2211532592773440,14.5961532592773440,14.1057691574096680,14.5384607315063480,70226668,13.9438629150390620
2016-09-13,14.3942298889160160,14.3942298889160160,14.0480756759643550,14.0865383148193360,71627665,13.5104236602783200
2016-09-14,14.0961532592773440,14.2019233703613280,13.8557691574096680,13.9423074722290040,58313088,13.3720922470092770
2016-09-15,13.9519233703613280,14.0769233703613280,13.8269233703613280,14.0288457870483400,96380289,13.4550914764404300
2016-09-19,14.0000000000000000,14.1442298889160160,13.7884607315063480,13.9134607315063480,40210314,13.3444252014160160
2016-09-20,13.9423074722290040,14.1153841018676760,13.8269233703613280,14.0480756759643550,30687291,13.4735355377197270
2016-09-21,14.1250000000000000,14.2307691574096680,13.8173074722290040,14.1634607315063480,57742183,13.5842018127441400
2016-09-22,14.2980756759643550,14.7500000000000000,14.2307691574096680,14.7115383148193360,72932565,14.1098632812500000
2016-09-23,14.6346149444580080,14.7884607315063480,14.5192298889160160,14.7307691574096680,39816615,14.1283082962036130
2016-09-26,14.6057691574096680,14.7115383148193360,14.4134607315063480,14.4903841018676760,66605595,13.8977537155151370
2016-09-27,14.5673074722290040,14.8557691574096680,14.3557691574096680,14.7980756759643550,57573559,14.1928606033325200
2016-09-28,14.7115383148193360,15.1346149444580080,14.6250000000000000,15.0865383148193360,79109087,14.4695262908935550
2016-09-29,15.0865383148193360,15.4807691574096680,15.0000000000000000,15.3461532592773440,80253753,14.7185220718383790
2016-09-30,15.3846149444580080,15.4326915740966800,14.7307691574096680,14.7692298889160160,56155306,14.1651945114135740
2016-10-03,14.7692298889160160,14.8846149444580080,14.5865383148193360,14.7692298889160160,28009845,14.1651945114135740
2016-10-04,14.7884607315063480,14.7980756759643550,14.5673074722290040,14.7115383148193360,38310647,14.1098632812500000
2016-10-05,14.6923074722290040,15.0673074722290040,14.6923074722290040,14.9423074722290040,35185386,14.3311929702758790
2016-10-06,14.9903841018676760,15.1442298889160160,14.8365383148193360,15.1153841018676760,33463053,14.4971933364868160
2016-10-07,15.1153841018676760,15.1346149444580080,14.8173074722290040,15.0096149444580080,27033228,14.3957490921020500
2016-10-10,15.0673074722290040,15.4807691574096680,14.9807691574096680,15.4038457870483400,58051435,14.7738561630249020
2016-10-11,15.3173074722290040,15.6250000000000000,15.2307691574096680,15.3365383148193360,62390725,14.7093009948730470
2016-10-12,15.2884607315063480,15.2980756759643550,14.9423074722290040,15.2115383148193360,46621351,14.5894136428833000
2016-10-13,15.1442298889160160,15.4903841018676760,14.9038457870483400,15.4615383148193360,56999013,14.8291883468627930
2016-10-14,15.4134607315063480,15.6250000000000000,15.2884607315063480,15.3365383148193360,26938166,14.7093009948730470
2016-10-17,15.4423074722290040,15.5480756759643550,15.2884607315063480,15.4519233703613280,17143683,14.8199672698974610
2016-10-18,15.5769233703613280,15.8173074722290040,15.4807691574096680,15.6730756759643550,43579562,15.0320758819580080
2016-10-19,15.7211532592773440,16.0096149444580080,15.5480756759643550,15.8173074722290040,40183340,15.1704072952270500
2016-10-20,15.9134607315063480,16.0865383148193360,15.6923074722290040,16.0480766296386720,37071175,15.3917379379272460
2016-10-21,16.0961532592773440,16.5384616851806640,16.0192298889160160,16.2788467407226560,45393837,15.6130714416503900
2016-10-24,16.3461532592773440,16.3942298889160160,16.1346149444580080,16.2884616851806640,21673511,15.6222915649414060
2016-10-25,16.2596149444580080,16.3461532592773440,16.1442298889160160,16.2211532592773440,20758860,15.5577363967895500
2016-10-26,16.2788467407226560,16.2884616851806640,16.0865383148193360,16.2307682037353500,30766879,15.5669593811035160
2016-10-27,16.3461532592773440,16.5096149444580080,15.8269233703613280,16.2115383148193360,43372462,15.5485153198242190
2016-10-28,16.1250000000000000,16.3173065185546880,15.7019233703613280,15.7980756759643550,50002279,15.1519622802734380
2016-10-31,15.8173074722290040,15.9807691574096680,15.6923074722290040,15.7307691574096680,53153355,15.0874099731445310
2016-11-01,15.7788457870483400,15.9326915740966800,15.2403841018676760,15.4807691574096680,49039311,14.8476324081420900
2016-11-03,15.4134607315063480,15.9519233703613280,15.4134607315063480,15.5865383148193360,57642801,14.9490766525268550
2016-11-04,15.5769233703613280,16.0384616851806640,15.1826915740966800,15.2211532592773440,74246650,14.5986366271972660
2016-11-07,15.5480756759643550,16.1634616851806640,15.5480756759643550,16.0192298889160160,85420371,15.3640708923339840
2016-11-08,15.9519233703613280,16.5288467407226560,15.9519233703613280,16.0961532592773440,58850046,15.4378499984741210
2016-11-09,15.2884607315063480,16.0576915740966800,14.9134607315063480,15.7307691574096680,165052714,15.0874099731445310
2016-11-10,15.7788457870483400,16.3942298889160160,14.7692298889160160,14.8846149444580080,109260968,14.2758626937866210
2016-11-11,14.8846149444580080,15.1538457870483400,14.5480756759643550,14.8173074722290040,94336974,14.2113075256347660
2016-11-14,14.9326915740966800,15.4230756759643550,14.6923074722290040,14.8173074722290040,64478854,14.2113075256347660
2016-11-15,14.9326915740966800,15.2115383148193360,14.8557691574096680,14.8942298889160160,50956061,14.2850818634033200
2016-11-16,14.8942298889160160,15.1153841018676760,14.6634607315063480,14.8942298889160160,43162068,14.2850818634033200
2016-11-17,15.0576915740966800,15.6826915740966800,14.9134607315063480,15.6153841018676760,58310938,14.9767427444458000
2016-11-18,15.6730756759643550,15.8076915740966800,15.2403841018676760,15.2884607315063480,53522132,14.6631898880004880
2016-11-22,15.4423074722290040,15.6923074722290040,15.2500000000000000,15.4807691574096680,44694681,14.8476324081420900
2016-11-23,15.5576915740966800,15.7980756759643550,15.2211532592773440,15.6346149444580080,51187020,14.9951877593994140
2016-11-24,15.6250000000000000,15.6923074722290040,15.5480756759643550,15.5961532592773440,4867260,14.9582986831665040
2016-11-25,15.7692298889160160,16.0096149444580080,15.5769233703613280,15.9038457870483400,20307917,15.2534065246582030
2016-11-28,15.8846149444580080,16.0576915740966800,15.5576915740966800,15.6057691574096680,39173742,14.9675216674804690
2016-11-29,15.6826915740966800,15.8173074722290040,15.5096149444580080,15.5576915740966800,41922289,14.9214105606079100
2016-11-30,15.6346149444580080,15.8173074722290040,15.3076915740966800,15.3942298889160160,101772295,14.7646322250366210
2016-12-01,15.4134607315063480,15.6057691574096680,15.3557691574096680,15.3942298889160160,32915527,14.7646322250366210
2016-12-02,15.3942298889160160,15.6250000000000000,15.3173074722290040,15.5384607315063480,34606507,14.9029664993286130
2016-12-05,15.5769233703613280,15.9326915740966800,15.5384607315063480,15.8557691574096680,44823449,15.2072963714599610
2016-12-06,15.9134607315063480,16.0769233703613280,15.5865383148193360,16.0480766296386720,43478959,15.3917379379272460
2016-12-07,16.1346149444580080,16.6538467407226560,16.0576915740966800,16.6057682037353500,56468651,15.9266223907470700
2016-12-08,16.6538467407226560,17.4423065185546880,16.6538467407226560,17.3750000000000000,51375228,16.6643924713134770
2016-12-09,17.3750000000000000,17.4423065185546880,16.7307682037353500,17.2307682037353500,54522785,16.5260620117187500
2016-12-13,17.2596149444580080,17.3557682037353500,16.9519233703613280,17.0096149444580080,44800188,16.3139495849609380
2016-12-14,17.0096149444580080,17.0096149444580080,16.2403831481933600,16.3846149444580080,45530958,15.7145137786865230
2016-12-15,16.3653831481933600,16.4423065185546880,15.9615383148193360,15.9903841018676760,41727948,15.3364057540893550
2016-12-16,15.9903841018676760,16.1057682037353500,15.4903841018676760,15.6730756759643550,99393208,15.0320758819580080
2016-12-19,15.7211532592773440,15.8173074722290040,15.5288457870483400,15.5673074722290040,20306367,14.9306316375732420
2016-12-20,15.5673074722290040,15.9519233703613280,15.5673074722290040,15.8557691574096680,39357189,15.2072963714599610
2016-12-21,15.8942298889160160,15.9519233703613280,15.7692298889160160,15.8653841018676760,21043988,15.2165184020996100
2016-12-22,15.8557691574096680,15.9423074722290040,15.3461532592773440,15.4807691574096680,19247651,14.8476324081420900
2016-12-23,15.4807691574096680,15.6250000000000000,15.3365383148193360,15.4326915740966800,11028520,14.8015222549438480
2016-12-26,15.3942298889160160,15.4807691574096680,15.2596149444580080,15.2884607315063480,2907026,14.6631898880004880
2016-12-27,15.3365383148193360,16.0576915740966800,15.3365383148193360,16.0192298889160160,25296806,15.3640708923339840
2016-12-28,16.1826915740966800,16.1923065185546880,15.8653841018676760,15.9423074722290040,16816238,15.2902956008911130
2016-12-29,15.9519233703613280,16.0865383148193360,15.7019233703613280,15.7884607315063480,21442567,15.1427402496337890
2016-12-30,15.8076915740966800,15.9615383148193360,15.8076915740966800,15.9038457870483400,13218149,15.2534065246582030
2017-01-02,15.9134607315063480,15.9903841018676760,15.7596149444580080,15.9038457870483400,880416,15.2534065246582030
2017-01-03,15.9711532592773440,16.2403831481933600,15.8269233703613280,15.9038457870483400,36243134,15.2534065246582030
2017-01-04,15.9615383148193360,16.3942298889160160,15.9230756759643550,16.3461532592773440,62703205,15.6776247024536130
2017-01-05,16.4038467407226560,16.4903831481933600,16.2980766296386720,16.3653831481933600,34840503,15.6960687637329100
2017-01-06,16.4134616851806640,16.4423065185546880,16.2596149444580080,16.3653831481933600,21608986,15.6960687637329100
2017-01-09,16.3653831481933600,16.3653831481933600,16.0961532592773440,16.1923065185546880,33540896,15.5300712585449220
2017-01-10,16.1153831481933600,16.3269233703613280,16.1153831481933600,16.2596149444580080,68963521,15.5946283340454100
2017-01-11,16.1826915740966800,16.3942298889160160,16.1442298889160160,16.3653831481933600,27278560,15.6960687637329100
2017-01-12,16.2500000000000000,16.7596149444580080,16.1634616851806640,16.7115383148193360,29469534,16.0280666351318360
2017-01-13,16.8269233703613280,16.8269233703613280,16.4038467407226560,16.4326915740966800,24930440,15.7606229782104500
2017-01-16,16.4326915740966800,16.4326915740966800,16.1250000000000000,16.1442298889160160,5054086,15.4839591979980470
2017-01-17,16.2019233703613280,17.1538467407226560,16.2019233703613280,17.0576915740966800,57615395,16.3600616455078120
2017-01-18,17.1250000000000000,17.6346149444580080,17.1250000000000000,17.4423065185546880,62048143,16.7289485931396500
2017-01-19,17.4807682037353500,17.5865383148193360,17.2596149444580080,17.4134616851806640,29702951,16.7012825012207030
2017-01-20,17.3846149444580080,18.4038467407226560,17.3557682037353500,18.1923065185546880,57334553,17.4482746124267580
2017-01-23,18.0000000000000000,18.3173065185546880,17.7500000000000000,18.0480766296386720,25862397,17.3099422454834000
2017-01-24,18.1730766296386720,18.9807682037353500,18.1730766296386720,18.7884616851806640,64212692,18.0200481414794920
2017-01-25,19.0096149444580080,19.2692298889160160,18.5769233703613280,19.1153831481933600,41182692,18.3335990905761720
2017-01-26,19.0384616851806640,19.1153831481933600,18.5096149444580080,18.5769233703613280,54354769,17.8171615600585940
2017-01-27,18.5769233703613280,18.8942298889160160,18.3557682037353500,18.6153831481933600,25257574,17.8540477752685550
2017-01-30,18.5480766296386720,18.5576915740966800,18.2019233703613280,18.4615383148193360,29349596,17.7064952850341800
2017-01-31,18.4903831481933600,18.7788467407226560,18.4519233703613280,18.5192298889160160,46082982,17.7618236541748050
2017-02-01,18.6538467407226560,18.6538467407226560,18.1153831481933600,18.1634616851806640,25449524,17.4206104278564450
2017-02-02,18.1730766296386720,18.4038467407226560,18.0769233703613280,18.1923065185546880,25324751,17.4482746124267580
2017-02-03,18.3557682037353500,18.3653831481933600,17.9038467407226560,18.0480766296386720,35992043,17.3099422454834000
2017-02-07,17.9711532592773440,17.9807682037353500,17.3076915740966800,17.3653831481933600,68200314,16.6551723480224600
2017-02-08,17.3653831481933600,17.4038467407226560,17.0480766296386720,17.0961532592773440,61658971,16.3969497680664060
2017-02-09,17.0865383148193360,17.5288467407226560,16.9326915740966800,17.4326915740966800,68719528,16.7197284698486330
2017-02-10,17.4038467407226560,17.7788467407226560,17.4038467407226560,17.5673065185546880,27835156,16.8488349914550780
2017-02-13,17.6634616851806640,17.9230766296386720,17.4134616851806640,17.6538467407226560,31369362,16.9318351745605470
2017-02-14,17.7500000000000000,17.7500000000000000,17.3750000000000000,17.5865383148193360,32352109,16.8672809600830080
2017-02-15,17.5192298889160160,17.6730766296386720,17.3557682037353500,17.3846149444580080,22995685,16.6736164093017580
2017-02-16,17.3365383148193360,17.4903831481933600,16.9423065185546880,17.0000000000000000,33967412,16.3047313690185550
2017-02-17,17.0192298889160160,17.2211532592773440,16.9423065185546880,16.9903831481933600,17131384,16.2955074310302730
2017-02-20,17.0673065185546880,17.1634616851806640,16.9711532592773440,17.0192298889160160,3518055,16.3231735229492200
2017-02-21,17.0673065185546880,17.3557682037353500,17.0000000000000000,17.3076915740966800,35934395,16.5998382568359380
2017-02-22,17.2403831481933600,17.3076915740966800,16.7980766296386720,16.8269233703613280,27401712,16.1387310028076170
2017-02-23,16.9711532592773440,16.9711532592773440,16.2596149444580080,16.3750000000000000,45247978,15.7052927017211910
2017-02-24,16.3461532592773440,16.3557682037353500,16.0480766296386720,16.2788467407226560,18918547,15.6130714416503900
2017-02-27,16.2596149444580080,16.8750000000000000,16.1250000000000000,16.8076915740966800,30724893,16.1202869415283200
2017-02-28,16.8846149444580080,16.8942298889160160,16.2884616851806640,16.3557682037353500,43902593,15.6868467330932620
2017-03-01,16.5480766296386720,17.4038467407226560,16.5480766296386720,17.3653831481933600,39232269,16.6551723480224600
2017-03-02,17.2788467407226560,17.3942298889160160,16.5769233703613280,16.6346149444580080,54093983,15.9542894363403320
2017-03-03,16.7596149444580080,17.1057682037353500,16.5480766296386720,16.5865383148193360,26340636,15.9081811904907230
2017-03-06,16.5576915740966800,17.0480766296386720,16.4326915740966800,17.0096149444580080,28750792,16.3139495849609380
2017-03-07,16.9711532592773440,16.9711532592773440,16.5769233703613280,16.6634616851806640,37071362,15.9819545745849610
2017-03-08,16.7307682037353500,16.8846149444580080,16.4423065185546880,16.4615383148193360,22448725,15.7882919311523440
2017-03-09,16.5000000000000000,16.5288467407226560,16.2211532592773440,16.5000000000000000,29697543,15.8251800537109380
2017-03-10,16.5480766296386720,16.5673065185546880,16.2307682037353500,16.2788467407226560,19394591,15.6130714416503900
2017-03-13,16.3461532592773440,16.4711532592773440,16.1057682037353500,16.4134616851806640,20979192,15.7421808242797850
2017-03-14,16.4711532592773440,16.4711532592773440,16.0288467407226560,16.1826915740966800,54520135,15.5208473205566400
2017-03-15,16.0961532592773440,16.5384616851806640,16.0961532592773440,16.4615383148193360,33065511,15.7882919311523440
2017-03-16,16.5384616851806640,16.8461532592773440,16.2403831481933600,16.8269233703613280,57489605,16.1387310028076170
2017-03-17,16.8173065185546880,16.8942298889160160,16.6346149444580080,16.7403831481933600,78432962,16.0557289123535160
2017-03-21,16.7692298889160160,16.7692298889160160,16.2211532592773440,16.2596149444580080,65475017,15.5946283340454100
2017-03-22,16.3653831481933600,16.3750000000000000,16.0865383148193360,16.2500000000000000,42243606,15.5854043960571290
2017-03-23,16.2500000000000000,16.3653831481933600,16.1346149444580080,16.1634616851806640,39239834,15.5024032592773440
2017-03-24,16.2403831481933600,16.3173065185546880,15.8269233703613280,16.0961532592773440,38682726,15.4378499984741210
2017-03-27,16.0865383148193360,16.1923065185546880,15.8653841018676760,16.1538467407226560,41687296,15.4931840896606450
2017-03-28,16.1153831481933600,16.3557682037353500,16.0096149444580080,16.0769233703613280,29383961,15.4194068908691400
2017-03-29,16.0192298889160160,16.1153831481933600,15.8461532592773440,16.0865383148193360,42919839,15.4286270141601560
2017-03-30,16.1057682037353500,16.2115383148193360,15.8750000000000000,15.9230756759643550,31755829,15.2718505859375000
2017-03-31,15.9615383148193360,16.4423065185546880,15.9519233703613280,16.2980766296386720,47016124,15.6315135955810550
2017-04-03,16.3557682037353500,16.4326915740966800,16.1538467407226560,16.2884616851806640,18991370,15.6222915649414060
2017-04-04,16.3750000000000000,17.0673065185546880,16.3750000000000000,16.9038467407226560,61371146,16.2125091552734380
2017-04-05,16.9711532592773440,17.2596149444580080,16.7500000000000000,16.8076915740966800,48437527,16.1202869415283200
2017-04-06,16.8846149444580080,17.0865383148193360,16.6634616851806640,16.7500000000000000,26436103,16.0649547576904300
2017-04-07,16.7500000000000000,16.9230766296386720,16.6346149444580080,16.7980766296386720,21515514,16.1110630035400400
2017-04-10,16.8557682037353500,16.8750000000000000,16.5961532592773440,16.7788467407226560,21906230,16.0926227569580080
2017-04-11,16.8269233703613280,16.8365383148193360,16.4423065185546880,16.6634616851806640,26588440,15.9819545745849610
2017-04-12,16.6826915740966800,16.6826915740966800,16.1730766296386720,16.2211532592773440,28819329,15.5577363967895500
2017-04-17,16.0192298889160160,16.2211532592773440,15.8173074722290040,16.0576915740966800,28240001,15.4009609222412110
2017-04-18,16.1250000000000000,16.1250000000000000,15.7788457870483400,15.9038457870483400,29238566,15.2534065246582030
2017-04-19,15.9807691574096680,16.1442298889160160,15.7500000000000000,15.7692298889160160,39705089,15.1242961883544920
2017-04-20,15.9134607315063480,16.0576915740966800,15.7115383148193360,16.0384616851806640,38308894,15.3825178146362300
2017-04-21,16.0192298889160160,16.1057682037353500,15.9326915740966800,16.0192298889160160,13158540,15.3640708923339840
2017-04-24,16.1730766296386720,16.2500000000000000,15.9903841018676760,16.2019233703613280,26910222,15.5392913818359380
2017-04-25,16.2788467407226560,16.6923065185546880,16.2403831481933600,16.6730766296386720,53854154,15.9911794662475590
2017-04-26,16.6826915740966800,16.8173065185546880,16.3461532592773440,16.7884616851806640,43473996,16.1018428802490230
2017-04-27,16.8269233703613280,17.0192298889160160,16.5865383148193360,16.9326915740966800,40627594,16.2401752471923830
2017-04-28,16.8557682037353500,16.9903831481933600,16.6153831481933600,16.6538467407226560,20689023,15.9727344512939450
2017-05-02,16.7307682037353500,17.2019233703613280,16.6826915740966800,16.7403831481933600,39893054,16.0557289123535160
2017-05-03,17.2900009155273440,17.2900009155273440,16.5400009155273440,16.5599994659423830,30381206,15.8827247619628900
2017-05-04,16.6299991607666000,16.8500003814697270,16.2500000000000000,16.3899993896484380,24798891,15.7196788787841800
2017-05-05,16.4300003051757800,16.7700004577636720,16.4099998474121100,16.7199993133544920,17679018,16.0361804962158200
2017-05-08,16.7600002288818360,16.7900009155273440,16.5599994659423830,16.6399993896484380,15368461,15.9594526290893550
2017-05-09,16.6299991607666000,16.8299999237060550,16.5400009155273440,16.7900009155273440,19606624,16.1033210754394530
2017-05-10,16.8299999237060550,16.9500007629394530,16.6900005340576170,16.7399997711181640,34653332,16.0553665161132800
2017-05-11,16.6700000762939450,16.7900009155273440,16.3299999237060550,16.4099998474121100,27674358,15.7388601303100590
2017-05-12,16.4099998474121100,16.4200000762939450,16.2399997711181640,16.3099994659423830,24055681,15.6429481506347660
2017-05-15,16.4099998474121100,16.5499992370605470,16.3099994659423830,16.3799991607666000,17971556,15.7100868225097660
2017-05-16,16.3799991607666000,16.4699993133544920,16.1100006103515620,16.1800003051757800,26736174,15.5182666778564450
2017-05-17,16.1100006103515620,16.1800003051757800,15.8000001907348630,15.8199996948242190,43522499,15.1729907989501950
2017-05-18,15.8000001907348630,15.8000001907348630,15.3699998855590820,15.5799999237060550,44445739,14.9428062438964840
2017-05-19,15.6000003814697270,16.1399993896484380,15.5600004196167000,15.9600000381469730,39352984,15.3072652816772460
2017-05-22,15.9600000381469730,16.0400009155273440,15.7500000000000000,15.8000001907348630,28907675,15.1538095474243160
2017-05-23,15.8199996948242190,15.9799995422363280,15.6899995803833000,15.9399995803833000,19217183,15.2880830764770500
2017-05-24,15.9499998092651370,15.9600000381469730,15.6499996185302730,15.6800003051757810,24454828,15.0387172698974610
2017-05-25,15.6999998092651370,15.6999998092651370,15.3599996566772460,15.5200004577636720,31418456,14.8852596282958980
2017-05-26,15.5200004577636720,15.6099996566772460,15.3599996566772460,15.5500001907348630,19526514,14.9140338897705080
2017-05-29,15.5500001907348630,15.6300001144409180,15.4700002670288090,15.5200004577636720,6128456,14.8852596282958980
2017-05-30,15.4799995422363280,15.9499998092651370,15.4799995422363280,15.7100000381469730,23465106,15.0674886703491210
2017-05-31,15.7600002288818360,15.8800001144409180,15.3800001144409180,15.4200000762939450,48577928,14.7893486022949220
2017-06-01,15.4700002670288090,15.7500000000000000,15.4499998092651370,15.7100000381469730,21348792,15.0674886703491210
2017-06-02,15.6499996185302730,15.9600000381469730,15.6499996185302730,15.9399995803833000,27015303,15.2880830764770500
2017-06-05,15.9399995803833000,15.9399995803833000,15.6099996566772460,15.8900003433227540,22548833,15.2401285171508790
2017-06-06,15.8800001144409180,16.2399997711181640,15.7200002670288090,16.1200008392334000,32731228,15.4607219696044920
2017-06-07,16.1299991607666000,16.2500000000000000,15.9600000381469730,16.1399993896484380,32348568,15.4799022674560550
2017-06-08,16.1700000762939450,16.5499992370605470,16.1100006103515620,16.3899993896484380,27971789,15.7196788787841800
2017-06-09,16.4400005340576170,16.8899993896484380,16.4400005340576170,16.7999992370605470,49688213,16.1129093170166000
2017-06-12,16.7299995422363280,16.8799991607666000,16.6100006103515620,16.8400001525878900,32008032,16.1512737274169920
2017-06-13,16.8899993896484380,16.8899993896484380,16.6100006103515620,16.7299995422363280,23049347,16.0457725524902340
2017-06-14,16.6399993896484380,16.9200000762939450,16.5699996948242200,16.7299995422363280,34873580,16.0457725524902340
2017-06-15,16.7000007629394530,16.7299995422363280,16.5000000000000000,16.5300006866455080,27481956,15.8539524078369140
2017-06-16,16.5100002288818360,16.7700004577636720,16.3700008392334000,16.6000003814697270,175672430,15.9210891723632810
2017-06-19,16.6299991607666000,16.8099994659423830,16.1100006103515620,16.6700000762939450,45550642,15.9882249832153320
2017-06-20,16.7099990844726560,16.8400001525878900,16.4699993133544920,16.5400009155273440,34756827,15.8635473251342770
2017-06-21,16.5000000000000000,16.7500000000000000,16.3099994659423830,16.6800003051757800,34562351,15.9978170394897460
2017-06-22,16.6800003051757800,16.7000007629394530,16.4699993133544920,16.6200008392334000,16309632,15.9402732849121100
2017-06-23,16.6200008392334000,16.6499996185302730,16.4500007629394530,16.5300006866455080,23670614,15.8539524078369140
2017-06-26,16.4500007629394530,16.5300006866455080,16.3400001525878900,16.4400005340576170,24682544,15.7676334381103520
2017-06-27,16.3899993896484380,16.5200004577636720,16.3500003814697270,16.5000000000000000,19166023,15.8251800537109380
2017-06-28,16.5499992370605470,16.8500003814697270,16.4699993133544920,16.8099994659423830,39470026,16.1225013732910160
2017-06-29,16.7000007629394530,16.9500007629394530,16.6700000762939450,16.7800006866455080,24507679,16.0937271118164060
2017-06-30,16.7900009155273440,17.0900001525878900,16.6599998474121100,17.0499992370605470,45459409,16.3526840209960940
2017-07-03,17.0900001525878900,17.6100006103515620,17.0799999237060550,17.5100002288818360,36017926,16.7938747406005860
2017-07-04,17.4599990844726560,17.6000003814697270,17.3099994659423830,17.5699996948242200,5418737,16.8514194488525400
2017-07-05,17.6000003814697270,17.9799995422363280,17.5699996948242200,17.8899993896484380,41217962,17.1583290100097660
2017-07-06,17.7900009155273440,17.8500003814697270,17.6599998474121100,17.7000007629394530,39588099,16.9761028289794920
2017-07-07,17.6299991607666000,17.9699993133544920,17.5699996948242200,17.7999992370605470,36777962,17.0720100402832030
2017-07-10,17.7999992370605470,18.1399993896484380,17.6700000762939450,18.0400009155273440,40139558,17.3021984100341800
2017-07-11,17.9799995422363280,18.2299995422363280,17.9699993133544920,18.1599998474121100,44963331,17.4172859191894530
2017-07-12,18.1900005340576170,18.3899993896484380,18.1299991607666000,18.2600002288818360,58310217,17.5131988525390620
2017-07-13,18.2099990844726560,18.2099990844726560,17.8899993896484380,17.9799995422363280,51700276,17.2446498870849600
2017-07-14,17.9699993133544920,18.0400009155273440,17.7700004577636720,18.0000000000000000,23657377,17.2638320922851560
2017-07-17,17.8500003814697270,17.8500003814697270,17.4200000762939450,17.5699996948242200,36605248,16.8514194488525400
2017-07-18,17.5699996948242200,17.5699996948242200,17.0100002288818360,17.1700000762939450,36850723,16.4677772521972660
2017-07-19,17.1499996185302730,17.2999992370605470,17.0799999237060550,17.2000007629394530,66990466,16.4965515136718750
2017-07-20,17.2900009155273440,17.5100002288818360,17.2299995422363280,17.4599990844726560,25153141,16.7459163665771500
2017-07-21,17.4699993133544920,17.9300003051757800,17.3199996948242200,17.9099998474121100,30262384,17.1775112152099600
2017-07-24,17.9300003051757800,17.9400005340576170,17.7099990844726560,17.8999996185302730,18130755,17.1679210662841800
2017-07-25,17.8500003814697270,17.9799995422363280,17.8199996948242200,17.9300003051757800,21387014,17.1966972351074220
2017-07-26,17.5000000000000000,17.7199993133544920,17.1200008392334000,17.2999992370605470,44668686,16.5924587249755860
2017-07-27,17.2099990844726560,17.3999996185302730,16.9599990844726560,17.0200004577636720,29747673,16.3239097595214840
2017-07-28,17.0000000000000000,17.1700000762939450,16.8700008392334000,17.1499996185302730,49226271,16.4485950469970700
2017-07-31,17.0100002288818360,17.2999992370605470,17.0100002288818360,17.2000007629394530,33408781,16.4965515136718750
2017-08-01,17.3299999237060550,17.6599998474121100,17.2800006866455080,17.6100006103515620,35150582,16.8897838592529300
2017-08-02,17.5799999237060550,17.7999992370605470,17.4699993133544920,17.5200004577636720,27103706,16.8034648895263670
2017-08-03,17.5000000000000000,17.6299991607666000,17.2299995422363280,17.2999992370605470,22331247,16.5924587249755860
2017-08-04,17.3799991607666000,17.5300006866455080,17.2000007629394530,17.5000000000000000,19140401,16.7842807769775400
2017-08-07,17.4799995422363280,17.5799999237060550,17.3899993896484380,17.4300003051757800,11666276,16.7171459197998050
2017-08-08,17.3700008392334000,17.4699993133544920,17.2199993133544920,17.2500000000000000,24373156,16.5445060729980470
2017-08-09,17.3299999237060550,17.3299999237060550,17.1000003814697270,17.1700000762939450,17068827,16.4677772521972660
2017-08-10,17.1100006103515620,17.1100006103515620,16.5699996948242200,16.6900005340576170,42970497,16.0074081420898440
2017-08-11,16.7000007629394530,16.8099994659423830,16.4400005340576170,16.5000000000000000,44065493,15.8251800537109380
2017-08-14,16.6100006103515620,16.7299995422363280,16.5200004577636720,16.6100006103515620,26751887,15.9306812286376950
2017-08-15,16.6900005340576170,16.7700004577636720,16.4899997711181640,16.5499992370605470,19911791,15.8731355667114260
2017-08-16,16.5599994659423830,16.6800003051757800,16.4200000762939450,16.5200004577636720,29108946,15.8443603515625000
2017-08-17,16.5200004577636720,16.5799999237060550,16.3199996948242200,16.4200000762939450,19133663,15.7484521865844730
2017-08-18,16.4899997711181640,16.6299991607666000,16.2999992370605470,16.3700008392334000,24433257,15.7004985809326170
2017-08-21,16.3600006103515620,16.4099998474121100,16.1900005340576170,16.2399997711181640,19066696,15.5758132934570310
2017-08-22,16.2700004577636720,16.4099998474121100,16.1599998474121100,16.2000007629394530,26803695,15.5374488830566400
2017-08-23,16.2000007629394530,16.2399997711181640,16.1000003814697270,16.1499996185302730,24742568,15.4894943237304690
2017-08-24,16.1100006103515620,16.1499996185302730,15.9799995422363280,16.1100006103515620,61351534,15.4511318206787110
2017-08-25,16.1499996185302730,16.3099994659423830,16.0100002288818360,16.1599998474121100,33496193,15.4990863800048830
2017-08-28,16.2299995422363280,16.3299999237060550,15.8599996566772460,16.2800006866455080,30875502,15.6141796112060550
2017-08-29,16.1599998474121100,16.4300003051757800,16.0000000000000000,16.3999996185302730,30157062,15.7292699813842770
2017-08-30,16.4200000762939450,16.9099998474121100,16.4099998474121100,16.8899993896484380,57760880,16.1992301940917970
2017-08-31,16.9200000762939450,16.9400005340576170,16.5900001525878900,16.7099990844726560,37458524,16.0265884399414060
2017-09-01,16.7700004577636720,16.8700008392334000,16.5900001525878900,16.8400001525878900,21589209,16.1512737274169920
2017-09-04,16.7199993133544920,16.7999992370605470,16.6299991607666000,16.6599998474121100,1679033,15.9786367416381840
2017-09-05,16.6800003051757800,16.8299999237060550,16.3799991607666000,16.4200000762939450,34692240,15.7484521865844730
2017-09-06,16.3799991607666000,16.5100002288818360,16.2999992370605470,16.3400001525878900,43304078,15.6717233657836910
2017-09-07,16.3400001525878900,16.3400001525878900,16.1299991607666000,16.1599998474121100,29627574,15.4990863800048830
2017-09-08,16.2000007629394530,16.2500000000000000,16.0100002288818360,16.2099990844726560,22805081,15.5470371246337890
2017-09-11,16.2700004577636720,16.4099998474121100,15.9899997711181640,16.1200008392334000,37186837,15.4607219696044920
2017-09-12,16.1599998474121100,16.2700004577636720,16.0900001525878900,16.2099990844726560,30660781,15.5470371246337890
2017-09-13,16.2600002288818360,16.2600002288818360,15.9600000381469730,15.9799995422363280,32022760,15.3264455795288090
2017-09-14,15.9499998092651370,16.2000007629394530,15.9499998092651370,16.1499996185302730,20566650,15.4894943237304690
2017-09-15,16.1299991607666000,16.1299991607666000,15.9700002670288090,16.0000000000000000,83545681,15.3456277847290040
2017-09-18,15.9300003051757810,16.2700004577636720,15.8500003814697270,16.1399993896484380,21906682,15.4799022674560550
2017-09-19,16.1900005340576170,16.2500000000000000,16.0100002288818360,16.2399997711181640,17400673,15.5758132934570310
2017-09-20,16.3099994659423830,16.7000007629394530,16.2600002288818360,16.6499996185302730,30778678,15.9690475463867190
2017-09-21,16.6900005340576170,16.7700004577636720,16.4200000762939450,16.7199993133544920,23283994,16.0361804962158200
2017-09-22,16.6100006103515620,16.7600002288818360,16.5499992370605470,16.5799999237060550,15849207,15.9019079208374020
2017-09-25,16.5900001525878900,16.7099990844726560,16.3500003814697270,16.5000000000000000,25745333,15.8251800537109380
2017-09-26,16.5499992370605470,16.6000003814697270,16.4200000762939450,16.4699993133544920,18280368,15.7964067459106450
2017-09-27,16.4500007629394530,16.6900005340576170,16.3500003814697270,16.4200000762939450,22204239,15.7484521865844730
2017-09-28,16.3700008392334000,16.5799999237060550,16.3299999237060550,16.3600006103515620,23440643,15.6909065246582030
2017-09-29,16.3299999237060550,16.6200008392334000,16.3299999237060550,16.5499992370605470,19617313,15.8731355667114260
2017-10-02,16.5799999237060550,16.6900005340576170,16.5300006866455080,16.5699996948242200,15210108,15.8923177719116210
2017-10-03,16.6399993896484380,16.6599998474121100,16.4500007629394530,16.5599994659423830,13724897,15.8827247619628900
2017-10-04,16.6000003814697270,16.6000003814697270,16.4599990844726560,16.5400009155273440,15960138,15.8635473251342770
2017-10-05,16.4899997711181640,16.6299991607666000,16.4500007629394530,16.4899997711181640,18550432,15.8155879974365230
2017-10-06,16.5900001525878900,16.6800003051757800,16.4300003051757800,16.6200008392334000,22830517,15.9402732849121100
2017-10-09,16.6800003051757800,16.6800003051757800,16.1399993896484380,16.1800003051757800,26577736,15.5182666778564450
2017-10-10,16.2600002288818360,16.2600002288818360,15.8599996566772460,15.9099998474121100,43723986,15.2593107223510740
2017-10-11,15.9300003051757810,15.9300003051757810,15.3500003814697270,15.3999996185302730,54330607,14.7701663970947270
2017-10-12,15.5399999618530270,15.5399999618530270,15.0000000000000000,15.0900001525878900,45054470,14.4728450775146480
2017-10-13,15.1099996566772460,15.4399995803833000,15.0900001525878900,15.2899999618530270,30970514,14.6646661758422850
2017-10-16,15.3599996566772460,15.3999996185302730,14.8199996948242190,14.8999996185302730,30988295,14.2906160354614260
2017-10-17,15.0000000000000000,15.3999996185302730,14.9300003051757810,15.3400001525878900,52664047,14.7126226425170900
2017-10-18,15.3299999237060550,15.6800003051757810,15.1700000762939450,15.2100000381469730,35812773,14.5879383087158200
2017-10-19,15.2299995422363280,15.3199996948242190,15.0500001907348630,15.3000001907348630,16202877,14.6742582321167000
2017-10-20,15.3699998855590820,15.5900001525878900,15.1400003433227540,15.1800003051757810,24350345,14.5591659545898440
2017-10-23,15.2399997711181640,15.6300001144409180,15.2399997711181640,15.4600000381469730,22325707,14.8277130126953120
2017-10-24,15.5500001907348630,15.9300003051757810,15.5500001907348630,15.8900003433227540,38531829,15.2401285171508790
2017-10-25,15.9200000762939450,15.9200000762939450,15.4499998092651370,15.5200004577636720,41082910,14.8852596282958980
2017-10-26,15.6099996566772460,15.9099998474121100,15.6099996566772460,15.7500000000000000,33263346,15.1058521270751950
2017-10-27,15.8100004196167000,15.8500003814697270,15.5500001907348630,15.7500000000000000,28983715,15.1058521270751950
2017-10-30,15.7200002670288090,15.8500003814697270,15.4399995803833000,15.5100002288818360,16559656,14.8756694793701170
2017-10-31,15.5299997329711910,15.8000001907348630,15.2100000381469730,15.5799999237060550,30210742,14.9428062438964840
2017-11-01,15.6300001144409180,15.7500000000000000,15.2500000000000000,15.3000001907348630,37896702,14.6742582321167000
2017-11-03,15.3100004196167000,15.4499998092651370,15.1499996185302730,15.1700000762939450,26095947,14.5495738983154300
2017-11-06,15.3000001907348630,15.4300003051757810,15.0500001907348630,15.3699998855590820,45979159,14.7413940429687500
2017-11-07,15.2700004577636720,15.5600004196167000,15.2700004577636720,15.5200004577636720,34925935,14.8852596282958980
2017-11-08,15.5399999618530270,15.7100000381469730,15.4499998092651370,15.6800003051757810,14636880,15.0387172698974610
2017-11-09,15.5900001525878900,15.8000001907348630,15.5299997329711910,15.7600002288818360,27126345,15.1154451370239260
2017-11-10,15.6800003051757810,15.7299995422363280,15.5200004577636720,15.5399999618530270,43976375,14.9044418334960940
2017-11-13,15.5399999618530270,15.5600004196167000,15.1300001144409180,15.1899995803833000,75135009,14.5687561035156250
2017-11-14,15.2600002288818360,15.2600002288818360,15.0200004577636720,15.0799999237060550,21630415,14.4632558822631840
2017-11-15,15.0000000000000000,15.1700000762939450,14.8699998855590820,14.9099998474121100,36542384,14.3002080917358400
2017-11-16,15.0799999237060550,15.2500000000000000,14.8999996185302730,15.0200004577636720,27180716,14.4057092666625980
2017-11-17,15.0200004577636720,15.1000003814697270,14.8900003433227540,14.9099998474121100,17280444,14.3002080917358400
2017-11-21,14.9099998474121100,14.9899997711181640,14.7500000000000000,14.7700004577636720,33260284,14.1659345626831050
2017-11-22,14.8000001907348630,14.9200000762939450,14.6099996566772460,14.6400003433227540,30722194,14.0412511825561520
2017-11-23,14.6999998092651370,14.8699998855590820,14.6899995803833000,14.8500003814697270,4709277,14.2426624298095700
2017-11-24,14.8400001525878900,14.8400001525878900,14.5200004577636720,14.6499996185302730,17420920,14.0508413314819340
2017-11-27,14.5699996948242190,14.5699996948242190,14.3900003433227540,14.4399995803833000,34441795,13.8494300842285160
2017-11-28,14.4499998092651370,14.6199998855590820,14.2600002288818360,14.6000003814697270,42966740,14.0028867721557620
2017-11-29,14.6199998855590820,14.6199998855590820,14.3999996185302730,14.5100002288818360,35100513,13.9165668487548830
2017-11-30,14.6300001144409180,14.6300001144409180,14.1700000762939450,14.2600002288818360,68931326,13.6767921447753900
2017-12-01,14.1999998092651370,14.3500003814697270,13.8800001144409180,14.0600004196167000,38310317,13.4849700927734380
2017-12-04,14.0600004196167000,14.2600002288818360,13.8299999237060550,13.8699998855590820,31575441,13.3027420043945310
2017-12-05,13.9200000762939450,13.9300003051757810,13.7200002670288090,13.7700004577636720,24912830,13.2068319320678710
2017-12-06,13.7500000000000000,13.8299999237060550,13.5500001907348630,13.6000003814697270,40326361,13.0437841415405270
2017-12-07,13.6300001144409180,14.0600004196167000,13.5299997329711910,13.8900003433227540,39891247,13.3219232559204100
2017-12-08,13.9499998092651370,14.2299995422363280,13.9200000762939450,14.1899995803833000,21708477,13.6096553802490230
2017-12-11,14.1000003814697270,14.4399995803833000,14.1000003814697270,14.2899999618530270,34003283,13.7055644989013670
2017-12-13,14.4700002670288090,14.5799999237060550,14.3100004196167000,14.4700002670288090,46658679,13.8782043457031250
2017-12-14,14.5200004577636720,14.5200004577636720,14.1999998092651370,14.3599996566772460,48078996,13.7727022171020500
2017-12-15,14.2799997329711910,14.4799995422363280,14.1499996185302730,14.1899995803833000,75945505,13.6096553802490230
2017-12-18,14.1899995803833000,14.4099998474121100,14.1300001144409180,14.3199996948242190,32773109,13.7343358993530270
2017-12-19,14.4399995803833000,14.5799999237060550,14.1700000762939450,14.2600002288818360,42031160,13.6767921447753900
2017-12-20,14.1899995803833000,14.5000000000000000,14.1899995803833000,14.4899997711181640,29005527,13.8973836898803710
2017-12-21,14.5000000000000000,14.7899999618530270,14.5000000000000000,14.6800003051757810,28440411,14.0796146392822270
2017-12-22,14.7399997711181640,14.7500000000000000,14.6099996566772460,14.7100000381469730,31431545,14.1083879470825200
2017-12-26,14.6599998474121100,14.8699998855590820,14.6099996566772460,14.7799997329711910,11862775,14.1755228042602540
2017-12-27,14.8000001907348630,14.8599996566772460,14.7100000381469730,14.7799997329711910,8640909,14.1755228042602540
2017-12-28,14.8500003814697270,14.8699998855590820,14.6899995803833000,14.7500000000000000,12884033,14.1467514038085940
2017-12-29,14.7500000000000000,14.8100004196167000,14.6199998855590820,14.6999998092651370,13852615,14.0987958908081050
2018-01-02,14.7700004577636720,15.1300001144409180,14.6099996566772460,15.0699996948242190,19881071,14.4536638259887700
2018-01-03,15.0699996948242190,15.4300003051757810,15.0200004577636720,15.2500000000000000,27899237,14.6263036727905270
2018-01-04,15.3199996948242190,15.4899997711181640,15.2799997329711910,15.3900003433227540,26302699,14.7605781555175780
2018-01-05,15.4200000762939450,15.5100002288818360,15.1499996185302730,15.1800003051757810,25383892,14.5591659545898440
2018-01-08,15.2799997329711910,15.2899999618530270,15.0900001525878900,15.1499996185302730,23971658,14.5303907394409180
2018-01-09,15.1499996185302730,15.1899995803833000,14.8900003433227540,14.9499998092651370,41420804,14.3385715484619140
2018-01-10,15.0399999618530270,15.1000003814697270,14.8400001525878900,15.0100002288818360,30729924,14.3961172103881840
2018-01-11,15.0100002288818360,15.3699998855590820,15.0100002288818360,15.3299999237060550,33135350,14.7030305862426760
2018-01-12,15.3000001907348630,15.5500001907348630,15.2100000381469730,15.3100004196167000,24317854,14.6838483810424800
2018-01-15,15.4200000762939450,15.5500001907348630,15.2299995422363280,15.3699998855590820,5244368,14.7413940429687500
2018-01-16,15.3999996185302730,15.5100002288818360,15.2200002670288090,15.3599996566772460,22460928,14.7318038940429690
2018-01-17,15.4600000381469730,15.4600000381469730,15.1800003051757810,15.2899999618530270,25372843,14.6646661758422850
2018-01-18,15.3299999237060550,15.3299999237060550,15.1800003051757810,15.2500000000000000,15667407,14.6263036727905270
2018-01-19,15.2600002288818360,15.3699998855590820,15.2399997711181640,15.2700004577636720,27913214,14.6454849243164060
2018-01-22,15.3500003814697270,15.4899997711181640,15.2700004577636720,15.3999996185302730,24592728,14.7701663970947270
2018-01-23,15.4600000381469730,15.6400003433227540,15.2899999618530270,15.6199998855590820,30091249,14.9811697006225590
2018-01-24,15.5100002288818360,15.8000001907348630,15.5100002288818360,15.5799999237060550,42599136,14.9428062438964840
2018-01-25,15.6099996566772460,15.7399997711181640,15.3800001144409180,15.4300003051757810,34295305,14.7989425659179690
2018-01-26,15.3900003433227540,15.8000001907348630,15.2700004577636720,15.6999998092651370,37214225,15.0578975677490230
2018-01-29,15.6499996185302730,15.6999998092651370,15.3500003814697270,15.5100002288818360,34366187,14.8756694793701170
2018-01-30,15.3999996185302730,15.7899999618530270,15.3299999237060550,15.7700004577636720,28497243,15.1250362396240230
2018-01-31,15.7700004577636720,15.8000001907348630,15.4300003051757810,15.4799995422363280,44366076,14.8468961715698240
2018-02-01,15.5399999618530270,15.6700000762939450,15.2899999618530270,15.3400001525878900,31294500,14.7126226425170900
2018-02-02,15.2899999618530270,15.4300003051757810,15.0600004196167000,15.2100000381469730,23119337,14.5879383087158200
2018-02-06,14.7500000000000000,15.0600004196167000,14.6000003814697270,14.9200000762939450,49267967,14.3097982406616210
2018-02-07,14.9200000762939450,15.1300001144409180,14.6499996185302730,14.6999998092651370,38404861,14.0987958908081050
2018-02-08,14.7600002288818360,14.7600002288818360,13.8999996185302730,14.0299997329711910,69463653,13.4561967849731450
2018-02-09,14.1000003814697270,14.3100004196167000,13.5699996948242190,13.9600000381469730,56598229,13.3890609741210940
2018-02-12,14.0000000000000000,14.1300001144409180,13.7600002288818360,13.7899999618530270,37611076,13.2260122299194340
2018-02-13,13.7899999618530270,13.9099998474121100,13.6499996185302730,13.7799997329711910,26233507,13.2164230346679690
2018-02-14,13.7700004577636720,14.2299995422363280,13.6499996185302730,14.1400003433227540,30484471,13.5617008209228520
2018-02-15,14.1000003814697270,14.1000003814697270,13.7600002288818360,13.9399995803833000,41580110,13.3698778152465820
2018-02-16,13.9200000762939450,14.1599998474121100,13.6999998092651370,13.9099998474121100,28825388,13.3411064147949220
2018-02-19,13.9799995422363280,14.0299997329711910,13.8400001525878900,13.9300003051757810,2718387,13.3602876663208000
2018-02-20,14.0000000000000000,14.0000000000000000,13.4600000381469730,13.5200004577636720,47586924,12.9670562744140620
2018-02-21,13.5600004196167000,13.5900001525878900,13.1899995803833000,13.2799997329711910,33674788,12.7368717193603520
2018-02-22,13.3100004196167000,13.6800003051757810,13.2700004577636720,13.5000000000000000,27195578,12.9478740692138670
2018-02-23,13.5600004196167000,13.5600004196167000,13.1800003051757810,13.2299995422363280,22451125,12.6889162063598630
2018-02-26,13.2100000381469730,13.3400001525878900,12.8699998855590820,13.0500001907348630,28218959,12.5162792205810550
2018-02-27,13.1099996566772460,13.2299995422363280,12.6499996185302730,12.6899995803833000,38799200,12.1710014343261720
2018-02-28,12.7500000000000000,12.7500000000000000,12.2299995422363280,12.4499998092651370,50557418,11.9408159255981450
2018-03-01,12.5200004577636720,13.1400003433227540,12.5200004577636720,13.1000003814697270,58618380,12.5642337799072270
2018-03-02,12.9399995803833000,13.1700000762939450,12.6599998474121100,13.1000003814697270,31227524,12.5642337799072270
2018-03-05,13.1300001144409180,13.1999998092651370,12.9399995803833000,13.0100002288818360,36961456,12.4779148101806640
2018-03-06,13.1400003433227540,13.2799997329711910,13.0699996948242190,13.1499996185302730,38347730,12.6121883392333980
2018-03-07,13.0100002288818360,13.1099996566772460,12.8999996185302730,13.0000000000000000,39379428,12.4683237075805660
2018-03-08,13.0600004196167000,13.5699996948242190,12.9600000381469730,13.5500001907348630,35734016,12.9958305358886720
2018-03-09,13.6099996566772460,13.8199996948242190,13.5399999618530270,13.7200002670288090,57458527,13.1588764190673830
2018-03-12,13.7799997329711910,13.7899999618530270,13.4700002670288090,13.5500001907348630,43340244,12.9958305358886720
2018-03-13,13.5100002288818360,13.7299995422363280,13.4300003051757810,13.6800003051757810,31518915,13.1205139160156250
2018-03-14,13.6800003051757810,13.6800003051757810,13.3400001525878900,13.4399995803833000,29191430,12.8903274536132810
2018-03-15,13.4799995422363280,13.8000001907348630,13.3400001525878900,13.3800001144409180,25124222,12.8327817916870120
2018-03-16,13.3500003814697270,13.3900003433227540,12.9899997711181640,13.0699996948242190,139380488,12.5354585647583000
2018-03-20,12.9099998474121100,12.9700002670288090,12.6000003814697270,12.6199998855590820,51660346,12.1038665771484380
2018-03-21,12.6599998474121100,12.8000001907348630,12.4399995803833000,12.6499996185302730,50235189,12.1326370239257810
2018-03-22,12.6300001144409180,12.6300001144409180,12.3800001144409180,12.4300003051757810,39604240,11.9216346740722660
2018-03-23,13.0900001525878900,13.3900003433227540,12.8500003814697270,12.9899997711181640,94421877,12.4587326049804690
2018-03-26,13.0900001525878900,13.0900001525878900,12.6400003433227540,12.9200000762939450,52385055,12.3915948867797850
2018-03-27,12.9499998092651370,13.0500001907348630,12.6000003814697270,12.6499996185302730,36881469,12.1326370239257810
2018-03-28,12.6499996185302730,12.6700000762939450,11.9799995422363280,12.0299997329711910,85970613,11.5379943847656250
2018-04-02,12.0699996948242190,12.2100000381469730,11.8599996566772460,11.9899997711181640,28343669,11.4996299743652340
2018-04-03,11.9700002670288090,12.1400003433227540,11.8999996185302730,12.1199998855590820,39047275,11.6243143081665040
2018-04-04,12.0000000000000000,12.4499998092651370,11.8699998855590820,12.3999996185302730,52070386,11.8928623199462890
2018-04-05,12.4799995422363280,12.7100000381469730,12.4099998474121100,12.6300001144409180,29949923,12.1134567260742190
2018-04-06,12.6000003814697270,12.7600002288818360,12.3400001525878900,12.6599998474121100,28464382,12.1422281265258790
2018-04-09,12.9099998474121100,13.1899995803833000,12.8699998855590820,13.0399999618530270,34671249,12.5066881179809570
2018-04-10,13.1499996185302730,13.2299995422363280,12.9099998474121100,12.9799995422363280,34744241,12.4491415023803710
2018-04-11,12.9300003051757810,13.0799999237060550,12.8800001144409180,13.0500001907348630,23651249,12.5162792205810550
2018-04-12,13.0500001907348630,13.1599998474121100,12.9399995803833000,13.0600004196167000,21591311,12.5258703231811520
2018-04-13,13.0799999237060550,13.0799999237060550,12.7700004577636720,12.8900003433227540,29612262,12.3628225326538090
2018-04-16,13.0000000000000000,13.0000000000000000,12.5699996948242190,12.6000003814697270,23639911,12.0846834182739260
2018-04-17,12.5500001907348630,12.9499998092651370,12.5500001907348630,12.9200000762939450,29760024,12.3915948867797850
2018-04-18,12.9499998092651370,13.1999998092651370,12.9499998092651370,13.0500001907348630,34665820,12.5162792205810550
2018-04-19,12.9600000381469730,13.1499996185302730,12.7299995422363280,12.8500003814697270,29537574,12.3244600296020500
2018-04-20,12.8199996948242190,12.9799995422363280,12.6700000762939450,12.6899995803833000,22297978,12.1710014343261720
2018-04-23,12.6499996185302730,12.9799995422363280,12.6499996185302730,12.8599996566772460,20098542,12.3340492248535160
2018-04-24,12.9200000762939450,12.9799995422363280,12.4799995422363280,12.5000000000000000,26181285,11.9887723922729500
2018-04-25,12.5399999618530270,12.7500000000000000,12.3900003433227540,12.4700002670288090,23414929,11.9599990844726560
2018-04-26,12.3500003814697270,12.5299997329711910,11.9399995803833000,12.1599998474121100,52201076,11.6626777648925780
2018-04-27,12.1599998474121100,12.1599998474121100,11.6099996566772460,11.6700000762939450,52988802,11.1927165985107420
2018-04-30,11.6899995803833000,11.9499998092651370,11.6599998474121100,11.6999998092651370,28188364,11.2214908599853520
2018-05-02,11.6000003814697270,11.7200002670288090,11.3900003433227540,11.4399995803833000,41814824,10.9721221923828120
2018-05-03,11.3699998855590820,11.5100002288818360,11.2799997329711910,11.4399995803833000,46692351,10.9721221923828120
2018-05-04,11.4899997711181640,11.6400003433227540,11.3800001144409180,11.5399999618530270,30073291,11.0680351257324220
2018-05-07,11.5200004577636720,11.5799999237060550,11.3299999237060550,11.3500003814697270,28937378,10.8858060836792000
2018-05-08,11.3800001144409180,11.6999998092651370,11.3699998855590820,11.6700000762939450,26977226,11.1927165985107420
2018-05-09,11.6999998092651370,11.8100004196167000,11.5100002288818360,11.6700000762939450,25589697,11.1927165985107420
2018-05-10,11.5699996948242190,11.9600000381469730,11.5699996948242190,11.6800003051757810,20829456,11.2023096084594730
2018-05-11,11.7799997329711910,11.7899999618530270,11.5100002288818360,11.7200002670288090,21554181,11.2406740188598630
2018-05-14,11.6700000762939450,11.7500000000000000,11.5600004196167000,11.6000003814697270,14568731,11.1255807876586910
2018-05-15,11.5699996948242190,11.6599998474121100,11.4700002670288090,11.5699996948242190,15957342,11.0968084335327150
2018-05-16,11.5699996948242190,11.8800001144409180,11.5500001907348630,11.8500003814697270,19703710,11.3653554916381840
2018-05-17,11.8000001907348630,11.9799995422363280,11.5200004577636720,11.5600004196167000,31980170,11.0872173309326170
2018-05-18,11.5500001907348630,11.7100000381469730,11.4499998092651370,11.6700000762939450,111931843,11.1927165985107420
2018-05-21,11.6199998855590820,12.2399997711181640,11.4700002670288090,11.8900003433227540,34113663,11.4037199020385740
2018-05-22,11.8400001525878900,11.9600000381469730,11.8400001525878900,11.9099998474121100,33645112,11.4229021072387700
2018-05-23,11.8500003814697270,12.1700000762939450,11.6899995803833000,11.9099998474121100,32205141,11.4229021072387700
2018-05-24,11.8299999237060550,11.9799995422363280,11.6999998092651370,11.7700004577636720,13466330,11.2886285781860350
2018-05-25,11.7100000381469730,11.8999996185302730,11.7100000381469730,11.7500000000000000,29716407,11.2694454193115230
2018-05-28,11.8000001907348630,11.8800001144409180,11.5600004196167000,11.6700000762939450,6010346,11.1927165985107420
2018-05-29,11.6999998092651370,11.8000001907348630,11.5900001525878900,11.7500000000000000,20608996,11.2694454193115230
2018-05-30,11.7899999618530270,11.8699998855590820,11.6199998855590820,11.7399997711181640,25998584,11.2598543167114260
2018-05-31,11.7200002670288090,11.8999996185302730,11.6999998092651370,11.8599996566772460,73802402,11.3749475479125980
2018-06-01,11.8800001144409180,12.0200004577636720,11.7700004577636720,11.8400001525878900,18676837,11.3557662963867190
2018-06-04,11.8599996566772460,12.0799999237060550,11.8599996566772460,12.0100002288818360,20929558,11.5188121795654300
2018-06-05,11.9899997711181640,12.2600002288818360,11.9700002670288090,12.1400003433227540,34077100,11.6434955596923830
2018-06-06,12.2299995422363280,12.3000001907348630,12.1400003433227540,12.2500000000000000,27929322,11.7489976882934570
2018-06-07,12.2500000000000000,12.2799997329711910,12.0200004577636720,12.1999998092651370,20064798,11.7010412216186520
2018-06-08,12.1199998855590820,12.2899999618530270,12.1199998855590820,12.2399997711181640,20602371,11.7394056320190430
2018-06-11,12.2500000000000000,12.7299995422363280,12.2299995422363280,12.6999998092651370,41375417,12.1805925369262700
2018-06-12,12.6999998092651370,12.7799997329711910,12.5600004196167000,12.6700000762939450,26466611,12.1518201828002930
2018-06-13,12.6000003814697270,12.7899999618530270,12.5500001907348630,12.6300001144409180,36919924,12.1134567260742190
2018-06-14,12.5200004577636720,12.9399995803833000,12.4300003051757810,12.8900003433227540,37174432,12.3628225326538090
2018-06-15,12.8800001144409180,12.9200000762939450,12.7100000381469730,12.8699998855590820,80283332,12.3436393737792970
2018-06-18,12.8699998855590820,12.8699998855590820,12.5299997329711910,12.6499996185302730,17112773,12.1326370239257810
2018-06-19,12.6199998855590820,12.8199996948242190,12.4700002670288090,12.7100000381469730,29846273,12.1901845932006840
2018-06-20,12.7100000381469730,12.9200000762939450,12.5900001525878900,12.8800001144409180,18783347,12.3532304763793950
2018-06-21,12.8100004196167000,13.4200000762939450,12.5200004577636720,12.5500001907348630,38445734,12.0367288589477540
2018-06-22,12.6199998855590820,12.8400001525878900,12.5200004577636720,12.7500000000000000,21194753,12.2285470962524410
2018-06-25,12.7200002670288090,12.7399997711181640,12.4899997711181640,12.6000003814697270,18366115,12.0846834182739260
2018-06-26,12.5799999237060550,13.1599998474121100,12.5200004577636720,13.1400003433227540,25950655,12.6025981903076170
2018-06-27,13.1199998855590820,13.3800001144409180,12.8699998855590820,12.9399995803833000,29175208,12.4107770919799800
2018-06-28,12.9399995803833000,13.0500001907348630,12.6999998092651370,13.0100002288818360,33646598,12.4779148101806640
2018-06-29,13.0399999618530270,13.1999998092651370,12.8599996566772460,13.0600004196167000,40197751,12.5258703231811520
2018-07-02,13.1099996566772460,13.1099996566772460,12.3800001144409180,12.6899995803833000,21073924,12.1710014343261720
2018-07-03,12.6599998474121100,13.1700000762939450,12.5699996948242190,12.9600000381469730,28216458,12.4299583435058600
2018-07-04,12.8800001144409180,13.1199998855590820,12.8000001907348630,13.0600004196167000,3873106,12.5258703231811520
2018-07-05,13.1099996566772460,13.5000000000000000,12.8500003814697270,13.4499998092651370,67318034,12.8999195098876950
2018-07-06,13.4499998092651370,13.5299997329711910,13.2600002288818360,13.3400001525878900,37407912,12.7944173812866210
2018-07-09,13.3999996185302730,13.6000003814697270,13.1899995803833000,13.4499998092651370,17265914,12.8999195098876950
2018-07-10,13.4099998474121100,13.4600000381469730,13.1999998092651370,13.3100004196167000,34057718,12.7656450271606450
2018-07-11,13.2200002670288090,13.3100004196167000,13.1000003814697270,13.2700004577636720,15709539,12.7272825241088870
2018-07-12,13.2200002670288090,13.3299999237060550,13.0399999618530270,13.0500001907348630,21098442,12.5162792205810550
2018-07-13,13.0299997329711910,13.1199998855590820,12.8000001907348630,12.8599996566772460,30204780,12.3340492248535160
2018-07-16,12.8000001907348630,12.8000001907348630,12.5000000000000000,12.6300001144409180,18516549,12.1134567260742190
2018-07-17,12.6499996185302730,12.6999998092651370,12.4099998474121100,12.5799999237060550,30742912,12.0655021667480470
2018-07-18,12.5500001907348630,12.8699998855590820,12.5200004577636720,12.8199996948242190,17564815,12.2956829071044920
2018-07-19,12.7799997329711910,12.9600000381469730,12.7200002670288090,12.7799997329711910,22455050,12.2573194503784180
2018-07-20,12.7500000000000000,13.0299997329711910,12.1499996185302730,12.7299995422363280,17766848,12.2093639373779300
2018-07-23,12.7600002288818360,12.8900003433227540,12.5000000000000000,12.7200002670288090,16150464,12.1997766494750980
2018-07-24,12.7799997329711910,13.3000001907348630,12.7399997711181640,13.1700000762939450,37817389,12.6313686370849610
2018-07-25,13.2399997711181640,13.4399995803833000,13.0200004577636720,13.2299995422363280,36435912,12.6889162063598630
2018-07-26,13.3699998855590820,14.1000003814697270,13.3000001907348630,13.8199996948242190,55573516,13.2547864913940430
2018-07-27,13.8000001907348630,14.0600004196167000,13.7299995422363280,13.9300003051757810,30108408,13.3602876663208000
2018-07-30,13.8900003433227540,14.0699996948242190,13.7899999618530270,14.0100002288818360,24264019,13.4370164871215820
2018-07-31,14.0100002288818360,14.1000003814697270,13.8199996948242190,13.8900003433227540,27274939,13.3219232559204100
2018-08-01,13.8599996566772460,14.0299997329711910,13.7299995422363280,13.8999996185302730,18949403,13.3315153121948240
2018-08-02,13.8400001525878900,13.8400001525878900,13.6000003814697270,13.7799997329711910,14054557,13.2164230346679690
2018-08-03,13.8000001907348630,13.8999996185302730,13.6599998474121100,13.8800001144409180,14792549,13.3123340606689450
2018-08-06,13.8999996185302730,14.0500001907348630,13.8599996566772460,13.9300003051757810,14199091,13.3602876663208000
2018-08-07,14.0000000000000000,14.0900001525878900,13.7500000000000000,13.7700004577636720,26727228,13.2068319320678710
2018-08-08,13.8000001907348630,13.8100004196167000,13.6499996185302730,13.7899999618530270,16339302,13.2260122299194340
2018-08-09,13.8299999237060550,13.8299999237060550,13.2600002288818360,13.2799997329711910,27638647,12.7368717193603520
2018-08-10,13.2100000381469730,13.3400001525878900,13.0399999618530270,13.2799997329711910,77455533,12.7368717193603520
2018-08-13,13.3400001525878900,13.3400001525878900,13.1000003814697270,13.1800003051757810,20810340,12.6409635543823240
2018-08-14,13.1999998092651370,13.4700002670288090,13.1199998855590820,13.4200000762939450,26843049,12.8711452484130860
2018-08-15,13.3500003814697270,13.3500003814697270,12.9099998474121100,13.1199998855590820,38160812,12.5834150314331050
2018-08-16,13.1599998474121100,13.1599998474121100,12.5100002288818360,12.5900001525878900,50269622,12.0750904083251950
2018-08-17,12.6000003814697270,12.7899999618530270,12.5699996948242190,12.7500000000000000,32329039,12.2285470962524410
2018-08-20,12.7500000000000000,12.8599996566772460,12.5100002288818360,12.7700004577636720,14860302,12.2477312088012700
2018-08-21,12.8299999237060550,13.2399997711181640,12.7799997329711910,13.1899995803833000,31740397,12.6505517959594730
2018-08-22,13.1099996566772460,13.4499998092651370,13.0000000000000000,13.3900003433227540,29778641,12.8423728942871100
2018-08-23,13.3900003433227540,13.5200004577636720,13.2500000000000000,13.3000001907348630,21212714,12.7560539245605470
2018-08-24,13.3000001907348630,13.4200000762939450,13.1400003433227540,13.2700004577636720,9537745,12.7272825241088870
2018-08-27,13.3199996948242190,13.8800001144409180,13.2299995422363280,13.8299999237060550,27309841,13.2643785476684570
2018-08-28,13.8999996185302730,13.9799995422363280,13.5000000000000000,13.5600004196167000,37256448,13.0054197311401370
2018-08-29,13.5399999618530270,13.8299999237060550,13.5399999618530270,13.7799997329711910,21831830,13.2164230346679690
2018-08-30,13.7500000000000000,13.8299999237060550,13.5000000000000000,13.6800003051757810,17419023,13.1205139160156250
2018-08-31,13.6300001144409180,13.6899995803833000,13.4799995422363280,13.5299997329711910,38143170,12.9766464233398440
2018-09-03,13.4600000381469730,13.6300001144409180,13.3400001525878900,13.3900003433227540,3255255,12.8423728942871100
2018-09-04,13.4099998474121100,13.5900001525878900,13.2500000000000000,13.4099998474121100,30382458,12.8615560531616210
2018-09-05,13.3900003433227540,13.4099998474121100,13.1000003814697270,13.1300001144409180,39253016,12.5930070877075200
2018-09-06,13.1999998092651370,13.3500003814697270,13.0500001907348630,13.0699996948242190,20210476,12.5354585647583000
2018-09-07,13.0500001907348630,13.1999998092651370,12.8699998855590820,13.1700000762939450,21840107,12.6313686370849610
2018-09-10,13.2200002670288090,13.2200002670288090,12.8999996185302730,13.1099996566772460,11816668,12.5738248825073240
2018-09-11,13.0500001907348630,13.1999998092651370,12.9600000381469730,13.1099996566772460,14037076,12.5738248825073240
2018-09-12,13.0399999618530270,13.3999996185302730,13.0399999618530270,13.3100004196167000,31256827,12.7656450271606450
2018-09-13,13.3000001907348630,13.4899997711181640,13.2899999618530270,13.3400001525878900,34914349,12.7944173812866210
2018-09-14,13.2200002670288090,13.5000000000000000,13.1999998092651370,13.4399995803833000,18330176,12.8903274536132810
2018-09-17,13.4499998092651370,13.6599998474121100,13.3299999237060550,13.3800001144409180,13477714,12.8327817916870120
2018-09-18,13.3299999237060550,13.6000003814697270,13.3299999237060550,13.5799999237060550,16479515,13.0246019363403320
2018-09-19,13.5500001907348630,13.7500000000000000,13.4700002670288090,13.4899997711181640,18686915,12.9382839202880860
2018-09-20,13.5200004577636720,13.6700000762939450,13.4200000762939450,13.4799995422363280,15715432,12.9286909103393550
2018-09-21,13.4700002670288090,13.4700002670288090,13.2200002670288090,13.2799997329711910,83292081,12.7368717193603520
2018-09-24,13.2799997329711910,13.3199996948242190,13.0600004196167000,13.1300001144409180,18822577,12.5930070877075200
2018-09-25,13.1899995803833000,13.3000001907348630,13.1199998855590820,13.1499996185302730,11227551,12.6121883392333980
2018-09-26,13.1499996185302730,13.3100004196167000,13.0500001907348630,13.0699996948242190,15014598,12.5354585647583000
2018-09-27,13.1000003814697270,13.3500003814697270,13.1000003814697270,13.3199996948242190,17468043,12.7752361297607420
2018-09-28,13.2299995422363280,13.3599996566772460,13.0100002288818360,13.1400003433227540,18345450,12.6025981903076170
2018-10-01,13.2100000381469730,13.5200004577636720,13.1899995803833000,13.3599996566772460,18258135,12.8136005401611330
2018-10-02,13.3299999237060550,13.4399995803833000,13.1000003814697270,13.1199998855590820,14672784,12.5834150314331050
2018-10-03,13.1199998855590820,13.2200002670288090,12.9499998092651370,12.9899997711181640,15776125,12.4587326049804690
2018-10-04,13.0200004577636720,13.0200004577636720,12.5500001907348630,12.6599998474121100,33282030,12.1422281265258790
2018-10-05,12.6599998474121100,12.6599998474121100,12.1000003814697270,12.1300001144409180,47318532,11.6339044570922850
2018-10-08,12.1000003814697270,12.1099996566772460,11.8500003814697270,12.0600004196167000,32036544,11.5667676925659180
2018-10-09,12.0500001907348630,12.2100000381469730,11.8100004196167000,12.1800003051757810,19033251,11.6818599700927730
2018-10-10,12.1800003051757810,12.1800003051757810,11.8999996185302730,11.9300003051757810,33197814,11.4420852661132810
2018-10-11,11.9099998474121100,12.0299997329711910,11.5500001907348630,11.6000003814697270,34588906,11.1255807876586910
2018-10-12,11.7899999618530270,11.9300003051757810,11.5699996948242190,11.7700004577636720,21999680,11.2886285781860350
2018-10-15,11.8299999237060550,12.1000003814697270,11.6800003051757810,11.9899997711181640,20678795,11.4996299743652340
2018-10-16,12.0500001907348630,12.2899999618530270,11.9200000762939450,12.1000003814697270,22379214,11.6051311492919920
2018-10-17,12.0900001525878900,12.1800003051757810,11.7799997329711910,11.8299999237060550,21685674,11.3461742401123050
2018-10-18,11.9899997711181640,11.9899997711181640,11.2600002288818360,11.3199996948242190,48605263,10.8570318222045900
2018-10-19,11.3599996566772460,11.4899997711181640,11.2399997711181640,11.3999996185302730,38761422,10.9337606430053710
2018-10-22,11.4200000762939450,11.5699996948242190,11.0000000000000000,11.0200004577636720,33495697,10.5693016052246100
2018-10-23,10.8599996566772460,10.9399995803833000,10.6499996185302730,10.7600002288818360,45602338,10.3199357986450200
2018-10-24,10.7700004577636720,10.8800001144409180,10.5399999618530270,10.5799999237060550,44017731,10.1472978591918950
2018-10-25,10.6899995803833000,11.2799997329711910,10.3299999237060550,10.4200000762939450,46097931,9.9938402175903320
2018-10-26,10.3800001144409180,10.3800001144409180,9.8500003814697270,10.2399997711181640,70208675,9.8212003707885740
2018-10-29,10.1099996566772460,10.4099998474121100,9.5000000000000000,9.7600002288818360,84132764,9.3608341217041020
2018-10-30,9.7600002288818360,10.3000001907348630,9.6400003433227540,10.1199998855590820,69520630,9.7061090469360350
2018-10-31,10.2100000381469730,10.6000003814697270,10.0000000000000000,10.1400003433227540,79243439,9.7252922058105470
2018-11-01,10.1999998092651370,10.9300003051757810,10.1599998474121100,10.8800001144409180,45328710,10.4350261688232420
2018-11-05,10.8699998855590820,11.2200002670288090,10.7700004577636720,10.9899997711181640,55522463,10.5405302047729500
2018-11-06,11.0299997329711910,11.3299999237060550,10.8599996566772460,11.0600004196167000,37702065,10.6076669692993160
2018-11-07,11.1400003433227540,11.4700002670288090,11.1000003814697270,11.2200002670288090,43000818,10.7611227035522460
2018-11-08,11.1700000762939450,11.2399997711181640,10.5299997329711910,10.6599998474121100,51309323,10.2240257263183600
2018-11-09,10.6599998474121100,10.7399997711181640,10.0200004577636720,10.7100000381469730,45562864,10.2719802856445310
2018-11-12,10.7600002288818360,10.7600002288818360,10.1499996185302730,10.2399997711181640,40053116,9.8212003707885740
2018-11-13,10.2899999618530270,10.4600000381469730,10.0299997329711910,10.0900001525878900,36835665,9.6773376464843750
2018-11-14,10.0699996948242190,10.5299997329711910,10.0299997329711910,10.0799999237060550,54815588,9.6677465438842770
2018-11-15,10.0299997329711910,10.3199996948242190,9.9600000381469730,10.0000000000000000,41639625,9.5910186767578120
2018-11-16,10.0000000000000000,10.3100004196167000,9.9799995422363280,10.1400003433227540,47565980,9.7252922058105470
2018-11-20,9.9499998092651370,10.2700004577636720,9.8900003433227540,9.9399995803833000,35386806,9.5334720611572270
2018-11-21,9.9899997711181640,10.1999998092651370,9.3500003814697270,9.4200000762939450,71733371,9.0347385406494140
2018-11-22,9.4700002670288090,9.4899997711181640,8.9399995803833000,9.0699996948242190,17356452,8.6990537643432620
2018-11-23,9.2299995422363280,9.6800003051757810,9.2100000381469730,9.5100002288818360,28498371,9.1210584640502930
2018-11-26,9.6700000762939450,9.8900003433227540,9.1499996185302730,9.3100004196167000,60785963,8.9292373657226560
2018-11-27,9.3400001525878900,9.5500001907348630,9.2100000381469730,9.5000000000000000,49108220,9.1114654541015620
2018-11-28,9.6099996566772460,9.9700002670288090,9.4600000381469730,9.9399995803833000,59709251,9.5334720611572270
2018-11-29,10.0200004577636720,10.5200004577636720,10.0100002288818360,10.3599996566772460,57607403,9.9362936019897460
2018-11-30,10.4099998474121100,10.5100002288818360,10.1499996185302730,10.4700002670288090,58340215,10.0417947769165040
2018-12-03,10.6199998855590820,10.8100004196167000,10.3000001907348630,10.4700002670288090,55638369,10.0417947769165040
2018-12-04,10.4600000381469730,10.6800003051757810,10.0000000000000000,10.0299997329711910,45889968,9.6197900772094730
2018-12-05,10.1199998855590820,10.1700000762939450,10.0399999618530270,10.0900001525878900,6785790,9.6773376464843750
2018-12-06,9.9099998474121100,10.1300001144409180,9.7500000000000000,10.0900001525878900,46664802,9.6773376464843750
2018-12-07,10.1400003433227540,10.3999996185302730,10.1400003433227540,10.1899995803833000,28305068,9.7732467651367190
2018-12-10,10.1499996185302730,10.1499996185302730,9.6700000762939450,9.6899995803833000,44215549,9.2936964035034180
2018-12-11,9.8199996948242190,9.8800001144409180,9.4700002670288090,9.5600004196167000,31416291,9.1690130233764650
2018-12-13,9.5900001525878900,9.6999998092651370,9.3999996185302730,9.4200000762939450,41441460,9.0347385406494140
2018-12-14,9.4300003051757810,9.5900001525878900,9.2600002288818360,9.4799995422363280,36295373,9.0922842025756840
2018-12-17,9.4600000381469730,9.6099996566772460,9.3699998855590820,9.4300003051757810,32890640,9.0443305969238280
2018-12-18,9.5100002288818360,9.8299999237060550,9.4600000381469730,9.6899995803833000,42786126,9.2936964035034180
2018-12-19,9.6899995803833000,10.1999998092651370,9.6899995803833000,9.7700004577636720,61334192,9.3704261779785160
2018-12-20,9.8599996566772460,10.0100002288818360,9.5600004196167000,9.6199998855590820,37808403,9.2265596389770500
2018-12-21,9.5699996948242190,9.7200002670288090,9.4399995803833000,9.5500001907348630,102773346,9.1594228744506840
2018-12-24,9.5100002288818360,9.6300001144409180,9.3699998855590820,9.4200000762939450,6532639,9.0347385406494140
2018-12-26,9.3999996185302730,9.5500001907348630,9.2600002288818360,9.5000000000000000,17514388,9.1114654541015620
2018-12-27,9.4600000381469730,9.4899997711181640,9.2500000000000000,9.4700002670288090,20361948,9.0826940536499020
2018-12-28,9.4700002670288090,9.5500001907348630,9.4200000762939450,9.4600000381469730,10061667,9.0731019973754880
2018-12-31,9.4700002670288090,9.6099996566772460,9.3699998855590820,9.4899997711181640,17376995,9.1018772125244140
2019-01-02,9.4499998092651370,9.7899999618530270,9.4399995803833000,9.7700004577636720,11805436,9.3704261779785160
2019-01-03,9.7100000381469730,9.7700004577636720,9.4899997711181640,9.5799999237060550,19429709,9.1881952285766600
2019-01-04,9.6400003433227540,9.7899999618530270,9.5000000000000000,9.6099996566772460,18881858,9.2169685363769530
2019-01-07,9.6300001144409180,9.9300003051757810,9.4799995422363280,9.8900003433227540,20506020,9.4855155944824220
2019-01-08,9.9499998092651370,10.1400003433227540,9.8999996185302730,10.1099996566772460,35977574,9.6965188980102540
2019-01-09,10.1199998855590820,10.3999996185302730,10.1000003814697270,10.1999998092651370,43430708,9.7828378677368160
2019-01-10,10.2399997711181640,10.2700004577636720,10.0500001907348630,10.1599998474121100,27587993,9.7444734573364260
2019-01-11,10.1700000762939450,10.1700000762939450,9.9399995803833000,10.0399999618530270,23658346,9.6293830871582030
2019-01-14,10.0299997329711910,10.1300001144409180,9.8699998855590820,9.9499998092651370,19850027,9.5430622100830080
2019-01-15,9.9300003051757810,10.0100002288818360,9.8500003814697270,9.9300003051757810,38436418,9.5238809585571290
2019-01-16,9.9099998474121100,10.2100000381469730,9.8900003433227540,10.1899995803833000,45541036,9.7732467651367190
2019-01-17,10.1999998092651370,10.4399995803833000,10.1800003051757810,10.3999996185302730,49800589,9.9746580123901370
2019-01-18,10.4499998092651370,10.7799997329711910,10.3599996566772460,10.6800003051757810,38914618,10.2432088851928710
2019-01-21,10.6999998092651370,10.7200002670288090,10.5299997329711910,10.5900001525878900,11603166,10.1568880081176760
2019-01-22,10.6099996566772460,10.6499996185302730,10.3000001907348630,10.3900003433227540,32959545,9.9650678634643550
2019-01-23,10.3599996566772460,10.4700002670288090,9.8999996185302730,9.9899997711181640,53615824,9.5814266204833980
2019-01-24,10.0299997329711910,10.1999998092651370,9.9799995422363280,10.0000000000000000,37044988,9.5910186767578120
2019-01-25,10.0600004196167000,10.2299995422363280,10.0600004196167000,10.1000003814697270,33521410,9.6869277954101560
2019-01-28,10.1000003814697270,10.1800003051757810,9.9899997711181640,10.1300001144409180,42308405,9.7157030105590820
2019-01-29,10.1800003051757810,10.2500000000000000,10.0500001907348630,10.0799999237060550,25156123,9.6677465438842770
2019-01-30,10.1000003814697270,10.2799997329711910,9.9600000381469730,10.2299995422363280,30815752,9.8116111755371100
2019-01-31,10.2500000000000000,10.4600000381469730,10.1499996185302730,10.3299999237060550,34533682,9.9075222015380860
2019-02-01,10.3800001144409180,10.4399995803833000,10.1599998474121100,10.1999998092651370,22046691,9.7828378677368160
2019-02-05,10.1800003051757810,10.5000000000000000,10.1800003051757810,10.4899997711181640,21134223,10.0609769821167000
2019-02-06,10.5100002288818360,10.5500001907348630,10.1199998855590820,10.1499996185302730,47525614,9.7348823547363280
2019-02-07,10.1499996185302730,10.1999998092651370,9.4200000762939450,9.4600000381469730,63199228,9.0731019973754880
2019-02-08,9.4799995422363280,9.4799995422363280,9.1400003433227540,9.3100004196167000,34675928,8.9292373657226560
2019-02-11,9.3100004196167000,9.5000000000000000,9.1800003051757810,9.4600000381469730,23463747,9.0731019973754880
2019-02-12,9.4899997711181640,9.6800003051757810,9.4600000381469730,9.6300001144409180,54671411,9.2361516952514650
2019-02-13,9.6099996566772460,9.7600002288818360,9.3100004196167000,9.3599996566772460,39652289,8.9771928787231450
2019-02-14,9.4200000762939450,9.5299997329711910,9.2399997711181640,9.5000000000000000,30831365,9.1114654541015620
2019-02-15,9.5299997329711910,9.6199998855590820,9.4399995803833000,9.5000000000000000,23693594,9.1114654541015620
2019-02-18,9.5299997329711910,9.6700000762939450,9.5100002288818360,9.5500001907348630,4343672,9.1594228744506840
2019-02-19,9.5500001907348630,9.6300001144409180,9.3999996185302730,9.4200000762939450,19342279,9.0347385406494140
2019-02-20,9.6700000762939450,9.8800001144409180,9.5900001525878900,9.7200002670288090,43955746,9.3224697113037110
2019-02-21,9.6700000762939450,9.7200002670288090,9.6000003814697270,9.6700000762939450,24750788,9.2745151519775390
2019-02-22,9.6899995803833000,9.7200002670288090,9.5100002288818360,9.5799999237060550,28607449,9.1881952285766600
2019-02-25,9.6000003814697270,9.6400003433227540,9.3500003814697270,9.4399995803833000,45426294,9.0539216995239260
2019-02-26,9.4899997711181640,9.5500001907348630,9.4099998474121100,9.5299997329711910,23399250,9.1402406692504880
2019-02-27,9.5299997329711910,9.5399999618530270,9.3599996566772460,9.3900003433227540,20467068,9.0059652328491210
2019-02-28,9.3500003814697270,9.5399999618530270,9.1700000762939450,9.4600000381469730,112851457,9.0731019973754880
2019-03-01,9.4899997711181640,9.5500001907348630,9.2200002670288090,9.4399995803833000,16413843,9.0539216995239260
2019-03-04,9.3900003433227540,9.4899997711181640,9.2399997711181640,9.3400001525878900,21876634,8.9580116271972660
2019-03-05,9.3299999237060550,9.3299999237060550,9.1400003433227540,9.1700000762939450,26107357,8.7949628829956050
2019-03-06,9.1599998474121100,9.2899999618530270,9.0500001907348630,9.1800003051757810,16682170,8.8045549392700200
2019-03-07,9.1999998092651370,9.1999998092651370,9.0000000000000000,9.0900001525878900,34424529,8.7182350158691400
2019-03-08,9.0699996948242190,9.1400003433227540,8.9600000381469730,9.0299997329711910,22910081,8.6606893539428710
2019-03-11,9.0200004577636720,9.2200002670288090,9.0200004577636720,9.1999998092651370,15297896,8.8237361907958980
2019-03-12,9.1999998092651370,9.2600002288818360,9.0900001525878900,9.1300001144409180,23331090,8.7565994262695310
2019-03-13,9.1700000762939450,9.1800003051757810,9.0500001907348630,9.1300001144409180,23444797,8.7565994262695310
2019-03-14,9.1700000762939450,9.1899995803833000,8.9499998092651370,9.0299997329711910,28863558,8.6606893539428710
2019-03-15,9.0500001907348630,9.1899995803833000,9.0299997329711910,9.1599998474121100,119659148,8.7853717803955080
2019-03-19,9.1999998092651370,9.4099998474121100,9.1999998092651370,9.2899999618530270,39232698,8.9100551605224610
2019-03-20,9.3199996948242190,9.4099998474121100,9.1000003814697270,9.3900003433227540,42436093,9.0059652328491210
2019-03-21,9.3500003814697270,9.5500001907348630,9.2200002670288090,9.3199996948242190,31775432,8.9388284683227540
2019-03-22,9.2500000000000000,9.2799997329711910,8.7100000381469730,8.7500000000000000,76739162,8.3921403884887700
2019-03-25,8.8000001907348630,9.1700000762939450,8.7600002288818360,9.1300001144409180,50709081,8.7565994262695310
2019-03-26,9.1300001144409180,9.1899995803833000,8.9399995803833000,9.0000000000000000,39023018,8.6319160461425780
2019-03-27,9.0500001907348630,9.2200002670288090,9.0100002288818360,9.1999998092651370,40909191,8.8237361907958980
2019-03-28,9.1999998092651370,9.2299995422363280,8.8500003814697270,8.8800001144409180,60571254,8.5168237686157230
2019-03-29,8.9499998092651370,9.1300001144409180,8.8199996948242190,9.0699996948242190,63923026,8.6990537643432620
2019-04-01,9.0699996948242190,9.2100000381469730,9.0699996948242190,9.1899995803833000,26035325,8.8141460418701170
2019-04-02,9.0100002288818360,9.1899995803833000,8.9600000381469730,9.1499996185302730,24933023,8.7757806777954100
2019-04-03,9.1599998474121100,9.3000001907348630,9.1599998474121100,9.2600002288818360,34073457,8.8812847137451170
2019-04-04,9.2799997329711910,9.4499998092651370,9.1700000762939450,9.3599996566772460,34938407,8.9771928787231450
2019-04-05,9.3599996566772460,9.5200004577636720,9.3299999237060550,9.5000000000000000,51099703,9.1114654541015620
2019-04-08,9.4799995422363280,9.7399997711181640,9.3999996185302730,9.7100000381469730,36515197,9.3128786087036130
2019-04-09,9.6800003051757810,9.6800003051757810,9.4200000762939450,9.4600000381469730,37580651,9.0731019973754880
2019-04-10,9.4600000381469730,9.4600000381469730,9.3100004196167000,9.3800001144409180,29090772,8.9963760375976560
2019-04-11,9.3800001144409180,9.3800001144409180,9.0100002288818360,9.0399999618530270,37398698,8.6702795028686520
2019-04-12,9.0799999237060550,9.1199998855590820,8.9099998474121100,9.0100002288818360,26083007,8.6415081024169920
2019-04-15,9.0100002288818360,9.1999998092651370,8.9200000762939450,9.0699996948242190,19954037,8.6990537643432620
2019-04-16,9.0600004196167000,9.2100000381469730,9.0600004196167000,9.1800003051757810,26850581,8.8045549392700200
2019-04-17,9.1999998092651370,9.3199996948242190,9.1099996566772460,9.2399997711181640,20605293,8.8621006011962890
2019-04-22,9.2299995422363280,9.2299995422363280,9.1199998855590820,9.1499996185302730,17035440,8.7757806777954100
2019-04-23,9.1300001144409180,9.1899995803833000,8.9499998092651370,9.0600004196167000,35037832,8.6894626617431640
2019-04-24,9.0799999237060550,9.1999998092651370,9.0200004577636720,9.1899995803833000,32068930,8.8141460418701170
2019-04-25,9.2100000381469730,9.2100000381469730,8.7899999618530270,8.8199996948242190,44142451,8.4592761993408200
2019-04-26,8.8400001525878900,8.8500003814697270,8.7200002670288090,8.7700004577636720,32453576,8.4113235473632810
2019-04-29,8.7700004577636720,8.8299999237060550,8.6599998474121100,8.6999998092651370,23659299,8.3441867828369140
2019-04-30,8.7200002670288090,8.8199996948242190,8.6599998474121100,8.7700004577636720,23801991,8.4113235473632810
2019-05-02,8.7700004577636720,8.8400001525878900,8.6300001144409180,8.7100000381469730,31639069,8.3537769317626950
2019-05-03,8.7200002670288090,8.8299999237060550,8.7100000381469730,8.8100004196167000,24894441,8.4496860504150390
2019-05-06,8.7600002288818360,8.8500003814697270,8.6700000762939450,8.7600002288818360,13858088,8.4017324447631840
2019-05-07,8.7299995422363280,8.7500000000000000,8.6000003814697270,8.6199998855590820,18297128,8.2674579620361330
2019-05-08,8.6300001144409180,8.6999998092651370,8.5900001525878900,8.6199998855590820,17262959,8.2674579620361330
2019-05-09,8.5600004196167000,8.7200002670288090,8.5100002288818360,8.6899995803833000,36361323,8.3345937728881840
2019-05-10,8.6599998474121100,8.7200002670288090,8.5000000000000000,8.5900001525878900,37494770,8.2386846542358400
2019-05-13,8.5399999618530270,8.5399999618530270,8.2799997329711910,8.3000001907348630,39779324,7.9605445861816410
2019-05-14,8.3199996948242190,8.6000003814697270,8.3199996948242190,8.3800001144409180,46136814,8.0372734069824220
2019-05-15,8.3500003814697270,8.4899997711181640,8.3400001525878900,8.3999996185302730,27421885,8.0564546585083000
2019-05-16,8.3900003433227540,8.5200004577636720,8.3500003814697270,8.4099998474121100,62733791,8.0660476684570310
2019-05-17,8.3800001144409180,8.4499998092651370,8.3400001525878900,8.3800001144409180,21983104,8.0372734069824220
2019-05-20,8.3599996566772460,8.4499998092651370,8.2899999618530270,8.3699998855590820,17421098,8.0276832580566400
2019-05-21,8.4099998474121100,8.4399995803833000,8.2799997329711910,8.3000001907348630,35416125,7.9605445861816410
2019-05-22,8.3000001907348630,8.3100004196167000,8.1700000762939450,8.2399997711181640,27032260,7.9029984474182130
2019-05-23,8.1800003051757810,8.2399997711181640,8.0200004577636720,8.1999998092651370,35577017,7.8646349906921390
2019-05-24,8.2399997711181640,8.2500000000000000,8.0000000000000000,8.0200004577636720,21547015,7.6919960975646970
2019-05-27,8.0200004577636720,8.0299997329711910,7.9000000953674320,7.9200000762939450,9494818,7.5960865020751950
2019-05-28,7.9400000572204590,7.9899997711181640,7.5700001716613770,7.6500000953674320,125443880,7.3371291160583500
2019-05-29,7.6199998855590820,8.0100002288818360,7.5900001525878910,7.9800000190734860,49793502,7.6536326408386230
2019-05-30,8.0399999618530270,8.2399997711181640,7.9299998283386230,8.0900001525878900,37044330,7.7591333389282230
2019-05-31,7.8499999046325680,8.1199998855590820,7.7899999618530270,7.9899997711181640,43535329,7.6632227897644040
2019-06-03,8.0100002288818360,8.2399997711181640,7.9899997711181640,8.1199998855590820,36547141,7.7879066467285160
2019-06-04,8.1800003051757810,8.4799995422363280,8.1300001144409180,8.2899999618530270,35164210,7.9509539604187010
2019-06-05,8.3299999237060550,8.3999996185302730,8.1300001144409180,8.1899995803833000,30656435,7.8550434112548830
2019-06-06,8.1700000762939450,8.2399997711181640,7.9499998092651370,8.0200004577636720,28028112,7.6919960975646970
2019-06-07,8.0399999618530270,8.1800003051757810,8.0399999618530270,8.1000003814697270,9991022,7.7687244415283200
2019-06-10,8.1499996185302730,8.5000000000000000,8.1400003433227540,8.3900003433227540,45270013,8.0468635559082030
2019-06-11,8.4399995803833000,8.4499998092651370,8.1000003814697270,8.1099996566772460,21936110,7.7783155441284180
2019-06-12,8.1499996185302730,8.1499996185302730,7.9800000190734860,8.0200004577636720,35506798,7.6919960975646970
2019-06-13,7.9699997901916500,8.1700000762939450,7.8899998664855960,8.0200004577636720,44958750,7.7848024368286130
2019-06-14,8.0000000000000000,8.0100002288818360,7.8099999427795410,7.9099998474121090,24399169,7.6780285835266110
2019-06-17,7.9400000572204590,7.9600000381469730,7.8000001907348630,7.8600001335144040,30557785,7.6294951438903810
2019-06-18,7.9000000953674320,8.0200004577636720,7.9000000953674320,7.9400000572204590,21555225,7.7071485519409180
2019-06-19,7.9299998283386230,7.9800000190734860,7.8499999046325680,7.9200000762939450,19600431,7.6877355575561520
2019-06-20,7.9899997711181640,8.0500001907348630,7.8099999427795410,7.8299999237060550,33511459,7.6003746986389160
2019-06-21,7.8000001907348630,8.0000000000000000,7.7500000000000000,7.9600000381469730,96764834,7.7265620231628420
2019-06-24,8.0000000000000000,8.0399999618530270,7.9299998283386230,8.0000000000000000,20734948,7.7653884887695310
2019-06-25,7.9899997711181640,8.0000000000000000,7.8499999046325680,7.9499998092651370,44349816,7.7168555259704590
2019-06-26,7.9699997901916500,8.0399999618530270,7.8600001335144040,8.0000000000000000,32353202,7.7653884887695310
2019-06-27,8.0100002288818360,8.1400003433227540,7.9499998092651370,8.0200004577636720,28779737,7.7848024368286130
2019-06-28,8.0600004196167000,8.1199998855590820,7.9299998283386230,8.0900001525878900,24018593,7.8527493476867680
2019-07-01,8.1400003433227540,8.1899995803833000,8.0000000000000000,8.1499996185302730,14569726,7.9109902381896970
2019-07-02,8.1599998474121100,8.2299995422363280,8.0699996948242190,8.1199998855590820,13413105,7.8818702697753910
2019-07-03,8.1499996185302730,8.1899995803833000,7.9800000190734860,8.0000000000000000,16731586,7.7653884887695310
2019-07-04,8.0100002288818360,8.0399999618530270,7.9699997901916500,8.0100002288818360,1857051,7.7750954627990720
2019-07-05,7.9800000190734860,8.1400003433227540,7.9800000190734860,8.1099996566772460,9517158,7.8721632957458500
2019-07-08,8.1400003433227540,8.1499996185302730,8.0299997329711910,8.0600004196167000,13526695,7.8236303329467770
2019-07-09,8.0399999618530270,8.0900001525878900,7.6399998664855960,7.6700000762939450,36379259,7.4450674057006840
2019-07-10,7.7199997901916500,7.7699999809265140,7.5500001907348630,7.5700001716613770,40447154,7.3480000495910645
2019-07-11,7.6399998664855960,7.7500000000000000,7.5700001716613770,7.7300000190734860,32726986,7.5033068656921390
2019-07-12,7.7300000190734860,7.7800002098083500,7.6199998855590820,7.6700000762939450,20604213,7.4450674057006840
2019-07-15,7.7199997901916500,7.7399997711181640,7.5799999237060550,7.6700000762939450,11048668,7.4450674057006840
2019-07-16,7.6799998283386230,7.7199997901916500,7.5500001907348630,7.5999999046325680,14343846,7.3771200180053710
2019-07-17,7.6199998855590820,7.6300001144409180,7.3899998664855960,7.4200000762939450,29860827,7.2023983001708980
2019-07-18,7.4099998474121090,7.4400000572204590,7.0100002288818360,7.0599999427795410,41990005,6.8529558181762695
2019-07-19,7.1100001335144040,7.1500000953674320,7.0000000000000000,7.0900001525878910,30408409,6.8820762634277340
2019-07-22,7.1500000953674320,7.1999998092651370,7.0000000000000000,7.0399999618530270,19441224,6.8335423469543460
2019-07-23,7.0500001907348630,7.1500000953674320,7.0000000000000000,7.0500001907348630,37937376,6.8432493209838870
2019-07-24,7.0900001525878910,7.1199998855590820,7.0000000000000000,7.0999999046325680,29624826,6.8917822837829590
2019-07-25,7.0000000000000000,7.0000000000000000,6.8299999237060550,6.9499998092651370,32333887,6.7461819648742680
2019-07-26,6.9400000572204590,6.9800000190734860,6.8200001716613770,6.8699998855590820,27048616,6.6685276031494140
2019-07-29,6.8600001335144040,6.9499998092651370,6.8200001716613770,6.8899998664855960,28490655,6.6879415512084960
2019-07-30,6.9099998474121090,6.9499998092651370,6.8200001716613770,6.9200000762939450,22775590,6.7170624732971190
2019-07-31,6.9099998474121090,6.9200000762939450,6.6799998283386230,6.8099999427795410,50574701,6.6102876663208010
2019-08-01,6.8000001907348630,6.8899998664855960,6.4299998283386230,6.4800000190734860,45397952,6.2899646759033200
2019-08-02,6.4699997901916500,6.5100002288818360,6.1599998474121090,6.2600002288818360,47397216,6.0764174461364750
2019-08-05,6.1999998092651370,6.1999998092651370,5.8800001144409180,6.0799999237060550,74504768,5.9016957283020020
2019-08-06,6.1599998474121090,6.3299999237060550,5.9600000381469730,6.0399999618530270,44443983,5.8628683090209960
2019-08-07,6.0000000000000000,6.1199998855590820,5.7899999618530270,6.0999999046325680,39072386,5.9211087226867680
2019-08-08,6.1300001144409180,6.1900000572204590,6.0300002098083500,6.1399998664855960,36072888,5.9599361419677730
2019-08-09,6.1399998664855960,6.1399998664855960,6.0300002098083500,6.0799999237060550,23915350,5.9016957283020020
2019-08-12,6.0000000000000000,6.0599999427795410,5.8600001335144040,5.8699998855590820,53346663,5.6978540420532230
2019-08-13,5.8600001335144040,6.0199999809265140,5.8200001716613770,5.8400001525878910,37955838,5.6687345504760740
2019-08-14,5.7800002098083500,5.9000000953674320,5.6900000572204590,5.8200001716613770,86840280,5.6493206024169920
2019-08-15,5.8099999427795410,5.8099999427795410,5.5300002098083500,5.6199998855590820,42763002,5.4551863670349120
2019-08-16,5.6199998855590820,5.8400001525878910,5.6199998855590820,5.8099999427795410,68615929,5.6396136283874510
2019-08-19,5.8499999046325680,5.9800000190734860,5.8499999046325680,5.9000000953674320,102257429,5.7269749641418460
2019-08-20,5.9000000953674320,6.0799999237060550,5.8899998664855960,5.9800000190734860,87116595,5.8046283721923830
2019-08-21,6.0500001907348630,6.0999999046325680,5.9899997711181640,6.0599999427795410,104987447,5.8822822570800780
2019-08-22,6.0999999046325680,6.1799998283386230,6.0399999618530270,6.1599998474121090,41557048,5.9793496131896970
2019-08-23,6.0999999046325680,6.3200001716613770,6.0300002098083500,6.1799998283386230,36943660,5.9987630844116210
2019-08-26,6.1599998474121090,6.2800002098083500,6.1599998474121090,6.2100000381469730,28921504,6.0278835296630860
2019-08-27,6.2300000190734860,6.4299998283386230,6.1999998092651370,6.4099998474121090,154187793,6.2220172882080080
2019-08-28,6.4000000953674320,6.5999999046325680,6.3800001144409180,6.5100002288818360,43217713,6.3190860748291020
2019-08-29,6.5900001525878910,7.2899999618530270,6.5900001525878910,7.1599998474121090,74478256,6.9500226974487305
2019-08-30,7.2100000381469730,7.6900000572204590,7.1900000572204590,7.4699997901916500,71084088,7.2509317398071290
2019-09-02,7.4899997711181640,7.5000000000000000,7.2800002098083500,7.3699998855590820,9461876,7.1538643836975100
2019-09-03,7.3899998664855960,7.4899997711181640,7.0500001907348630,7.0799999237060550,49081869,6.8723688125610350
2019-09-04,7.1500000953674320,7.4000000953674320,7.1500000953674320,7.3899998664855960,49492325,7.1732778549194340
2019-09-05,7.5000000000000000,7.6700000762939450,7.4600000381469730,7.6500000953674320,42760661,7.4256539344787600
2019-09-06,7.6700000762939450,7.6700000762939450,7.4000000953674320,7.4699997901916500,28117905,7.2509317398071290
2019-09-09,7.5399999618530270,7.7699999809265140,7.4499998092651370,7.6999998092651370,30660187,7.4741864204406740
2019-09-10,7.6999998092651370,7.8899998664855960,7.5599999427795410,7.8400001525878910,54623668,7.6100816726684570
2019-09-11,7.8600001335144040,7.8600001335144040,7.4299998283386230,7.5700001716613770,43272489,7.3480000495910645
2019-09-12,7.5199999809265140,7.6999998092651370,7.4499998092651370,7.4800000190734860,53262743,7.2606387138366700
2019-09-13,7.5199999809265140,7.6599998474121090,7.4800000190734860,7.6199998855590820,13600441,7.3965325355529785
2019-09-17,7.5999999046325680,7.8499999046325680,7.5100002288818360,7.8400001525878910,48385671,7.6100816726684570
2019-09-18,7.8299999237060550,7.8400001525878910,7.5799999237060550,7.7399997711181640,31201196,7.5130138397216800
2019-09-19,7.7600002288818360,7.8899998664855960,7.6500000953674320,7.7600002288818360,21108257,7.5324273109436035
2019-09-20,7.7899999618530270,8.0200004577636720,7.7399997711181640,7.9800000190734860,171300469,7.7459754943847660
2019-09-23,7.9699997901916500,7.9800000190734860,7.7699999809265140,7.8400001525878910,18713335,7.6100816726684570
2019-09-24,7.8499999046325680,7.8600001335144040,7.7600002288818360,7.7899999618530270,16686454,7.5615477561950680
2019-09-25,7.8000001907348630,7.8499999046325680,7.5199999809265140,7.7800002098083500,29864412,7.5518412590026855
2019-09-26,7.8000001907348630,7.8000001907348630,7.6999998092651370,7.7699999809265140,23819002,7.5421342849731445
2019-09-27,7.8200001716613770,7.9200000762939450,7.7500000000000000,7.7800002098083500,20364031,7.5518412590026855
2019-09-30,7.7899999618530270,7.8800001144409180,7.6599998474121090,7.6900000572204590,45163246,7.4644799232482910
2019-10-01,7.7100000381469730,7.7600002288818360,7.4699997901916500,7.5000000000000000,22107542,7.2800526618957520
2019-10-02,7.4499998092651370,7.4800000190734860,7.1199998855590820,7.2600002288818360,31052002,7.0470914840698240
2019-10-03,7.2399997711181640,7.3000001907348630,7.1500000953674320,7.1799998283386230,29573530,6.9694371223449710
2019-10-04,7.1700000762939450,7.3200001716613770,7.1100001335144040,7.3000001907348630,32060029,7.0859179496765140
2019-10-07,7.2899999618530270,7.3499999046325680,7.1900000572204590,7.2100000381469730,16434638,6.9985570907592770
2019-10-08,7.1599998474121090,7.4600000381469730,7.1500000953674320,7.3499999046325680,22328056,7.1344509124755860
2019-10-09,7.4000000953674320,7.5000000000000000,7.3200001716613770,7.4699997901916500,27887202,7.2509317398071290
2019-10-10,7.4800000190734860,7.6999998092651370,7.4200000762939450,7.5599999427795410,39673262,7.3382930755615230
2019-10-11,7.6300001144409180,7.8400001525878910,7.6100001335144040,7.7899999618530270,33379333,7.5615477561950680
2019-10-14,7.7399997711181640,7.8800001144409180,7.6599998474121090,7.8499999046325680,22727679,7.6197876930236820
2019-10-15,7.8800001144409180,8.0699996948242190,7.8099999427795410,7.8400001525878910,34305964,7.6100816726684570
2019-10-16,7.8299999237060550,7.9600000381469730,7.8099999427795410,7.8600001335144040,25292556,7.6294951438903810
2019-10-17,7.9000000953674320,7.9800000190734860,7.8000001907348630,7.8099999427795410,23104148,7.5809612274169920
2019-10-18,7.7199997901916500,7.9000000953674320,7.6199998855590820,7.7199997901916500,37181278,7.4935998916625980
2019-10-21,7.7500000000000000,7.8400001525878910,7.7199997901916500,7.7399997711181640,21867921,7.5130138397216800
2019-10-22,7.7199997901916500,7.8899998664855960,7.6799998283386230,7.8699998855590820,30212003,7.6392011642456055
2019-10-23,7.8200001716613770,7.9600000381469730,7.8000001907348630,7.9400000572204590,30325543,7.7071485519409180
2019-10-24,7.8499999046325680,7.8499999046325680,7.3299999237060550,7.4099998474121090,55932674,7.1926913261413570
2019-10-25,7.3899998664855960,7.5900001525878910,7.3899998664855960,7.5199999809265140,42332980,7.2994666099548340
2019-10-28,7.5199999809265140,7.8000001907348630,7.5199999809265140,7.7899999618530270,32900070,7.5615477561950680
2019-10-29,7.7500000000000000,7.8099999427795410,7.6300001144409180,7.6599998474121090,26770525,7.4353599548339840
2019-10-30,7.7199997901916500,7.7199997901916500,7.3099999427795410,7.3299999237060550,49243728,7.1150379180908200
2019-10-31,7.3400001525878910,7.3400001525878910,7.2100000381469730,7.2300000190734860,43610918,7.0179700851440430
2019-11-01,7.2899999618530270,7.3800001144409180,7.2300000190734860,7.3200001716613770,35211075,7.1053314208984375
2019-11-04,7.3800001144409180,7.5300002098083500,7.3600001335144040,7.4200000762939450,34210552,7.2023983001708980
2019-11-05,7.4499998092651370,7.5000000000000000,7.3600001335144040,7.4000000953674320,29127007,7.1829848289489750
2019-11-06,7.4200000762939450,7.4299998283386230,7.2300000190734860,7.4000000953674320,17296027,7.1829848289489750
2019-11-07,7.4600000381469730,7.5000000000000000,7.3899998664855960,7.4200000762939450,21261029,7.2023983001708980
2019-11-08,7.4000000953674320,7.4000000953674320,7.2600002288818360,7.2899999618530270,12298759,7.0762109756469730
2019-11-11,7.2500000000000000,7.2800002098083500,7.1700000762939450,7.1900000572204590,15913733,6.9791436195373535
2019-11-12,7.1700000762939450,7.2300000190734860,6.9699997901916500,6.9899997711181640,22968975,6.7850084304809570
2019-11-13,6.9800000190734860,7.0999999046325680,6.9200000762939450,7.0599999427795410,17824871,6.8529558181762695
2019-11-14,7.0599999427795410,7.1500000953674320,7.0300002098083500,7.0799999237060550,13667048,6.8723688125610350
2019-11-15,7.0999999046325680,7.1100001335144040,7.0300002098083500,7.0799999237060550,11268938,6.8723688125610350
2019-11-19,7.0900001525878910,7.1700000762939450,6.9800000190734860,7.1100001335144040,46888430,6.9014897346496580
2019-11-20,7.1100001335144040,7.1900000572204590,7.0100002288818360,7.0199999809265140,29558251,6.8141288757324220
2019-11-21,7.0500001907348630,7.0900001525878910,6.9699997901916500,6.9800000190734860,27891066,6.7753019332885740
2019-11-22,7.0100002288818360,7.0900001525878910,6.9699997901916500,7.0599999427795410,16012602,6.8529558181762695
2019-11-25,7.0700001716613770,7.1999998092651370,7.0700001716613770,7.1799998283386230,34966747,6.9694371223449710
2019-11-26,7.1999998092651370,7.3299999237060550,7.1900000572204590,7.2100000381469730,132531648,6.9985570907592770
2019-11-27,7.1999998092651370,7.3600001335144040,7.1799998283386230,7.3400001525878910,24409758,7.1247448921203610
2019-11-28,7.3200001716613770,7.3400001525878910,7.2199997901916500,7.3200001716613770,3528211,7.1053314208984375
2019-11-29,7.3200001716613770,7.3699998855590820,7.1300001144409180,7.1500000953674320,16719630,6.9403171539306640
2019-12-02,7.1399998664855960,7.3099999427795410,7.0100002288818360,7.0700001716613770,24338749,6.8626632690429690
2019-12-03,7.0199999809265140,7.0500001907348630,6.8699998855590820,6.8899998664855960,23626680,6.6879415512084960
2019-12-04,6.9200000762939450,6.9499998092651370,6.8000001907348630,6.8400001525878910,40489039,6.6394081115722660
2019-12-05,6.8600001335144040,7.0599999427795410,6.8299999237060550,6.9499998092651370,22917738,6.7461819648742680
2019-12-06,6.9699997901916500,6.9800000190734860,6.7500000000000000,6.7600002288818360,22394725,6.5617542266845700
2019-12-09,6.7800002098083500,6.8899998664855960,6.7399997711181640,6.8600001335144040,18717423,6.6588211059570310
2019-12-10,6.9000000953674320,6.9299998283386230,6.8000001907348630,6.8600001335144040,27402549,6.6588211059570310
2019-12-11,6.9000000953674320,7.0700001716613770,6.8800001144409180,7.0100002288818360,19272597,6.8044223785400390
2019-12-13,6.9899997711181640,7.1799998283386230,6.9899997711181640,7.1399998664855960,28403661,7.0253677368164060
2019-12-16,7.1900000572204590,7.2300000190734860,7.1500000953674320,7.1700000762939450,16823463,7.0548863410949710
2019-12-17,7.1999998092651370,7.1999998092651370,7.0599999427795410,7.1300001144409180,29476626,7.0155291557312010
2019-12-18,7.1300001144409180,7.3699998855590820,7.0799999237060550,7.3499999046325680,101076970,7.2319965362548830
2019-12-19,7.3800001144409180,7.4499998092651370,7.2800002098083500,7.3099999427795410,30705820,7.1926383972167970
2019-12-20,7.3299999237060550,7.3600001335144040,7.1999998092651370,7.2300000190734860,128298971,7.1139225959777830
2019-12-23,7.2300000190734860,7.3000001907348630,7.1999998092651370,7.2500000000000000,27199899,7.1336021423339840
2019-12-24,7.2199997901916500,7.2800002098083500,7.1999998092651370,7.2300000190734860,1606196,7.1139225959777830
2019-12-26,7.2100000381469730,7.3499999046325680,7.1999998092651370,7.3299999237060550,8338984,7.2123174667358400
2019-12-27,7.3299999237060550,7.3600001335144040,7.1900000572204590,7.2300000190734860,16023989,7.1139225959777830
2019-12-30,7.2699999809265140,7.2800002098083500,7.0399999618530270,7.1599998474121090,18710566,7.0450463294982910
2019-12-31,7.1599998474121090,7.1599998474121090,7.1599998474121090,7.1599998474121090,0,7.0450463294982910
2020-01-02,7.1700000762939450,7.2800002098083500,7.1199998855590820,7.1599998474121090,38630092,7.0450463294982910
2020-01-03,7.1300001144409180,7.2300000190734860,7.1300001144409180,7.1900000572204590,19123326,7.0745654106140140
2020-01-06,7.1500000953674320,7.2199997901916500,7.0700001716613770,7.1999998092651370,13614055,7.0844044685363770
2020-01-07,7.1599998474121090,7.1999998092651370,7.0100002288818360,7.0700001716613770,26746909,6.9564919471740720
2020-01-08,7.0999999046325680,7.2199997901916500,7.0500001907348630,7.1999998092651370,29105133,7.0844044685363770
2020-01-09,7.2100000381469730,7.2600002288818360,7.0599999427795410,7.0999999046325680,28596163,6.9860100746154785
2020-01-10,7.0999999046325680,7.2199997901916500,7.0799999237060550,7.1799998283386230,25999276,7.0647258758544920
2020-01-13,7.1900000572204590,7.2100000381469730,7.1100001335144040,7.1500000953674320,34967485,7.0352082252502440
2020-01-14,7.1399998664855960,7.1700000762939450,7.0900001525878910,7.1199998855590820,32713060,7.0056886672973630
2020-01-15,7.0999999046325680,7.1500000953674320,6.9299998283386230,6.9499998092651370,28793608,6.8384184837341310
2020-01-16,6.9899997711181640,7.3400001525878910,6.9200000762939450,7.2899999618530270,70772865,7.1729602813720700
2020-01-17,7.3099999427795410,7.8800001144409180,7.3099999427795410,7.8200001716613770,61250926,7.6944508552551270
2020-01-20,7.8099999427795410,7.8099999427795410,7.6700000762939450,7.6999998092651370,3889338,7.5763769149780270
2020-01-21,7.6199998855590820,7.8200001716613770,7.5900001525878910,7.7100000381469730,29110593,7.5862164497375490
2020-01-22,7.6999998092651370,8.0299997329711910,7.6999998092651370,7.8899998664855960,41688849,7.7633271217346190
2020-01-23,7.8499999046325680,7.8899998664855960,7.6399998664855960,7.8800001144409180,30809445,7.7534875869750980
2020-01-24,7.8899998664855960,7.9600000381469730,7.8200001716613770,7.8699998855590820,35603115,7.7436475753784180
2020-01-27,7.7600002288818360,7.8600001335144040,7.6100001335144040,7.7849998474121090,30384483,7.6600131988525390
2020-01-28,7.8099999427795410,8.1199998855590820,7.7699999809265140,8.0500001907348630,33992913,7.9207577705383300
2020-01-29,8.1000003814697270,8.1000003814697270,7.8299999237060550,7.9499998092651370,47170271,7.8223638534545900
2020-01-30,7.9400000572204590,7.9400000572204590,7.7199997901916500,7.8499999046325680,24556446,7.7239689826965330
2020-01-31,7.8200001716613770,7.8499999046325680,7.5700001716613770,7.5949997901916500,54373655,7.4730629920959470
2020-02-04,7.7300000190734860,7.9899997711181640,7.7300000190734860,7.9450001716613770,51832333,7.8174438476562500
2020-02-05,7.9800000190734860,8.0000000000000000,7.7300000190734860,7.7500000000000000,30024917,7.6255750656127930
2020-02-06,7.7500000000000000,7.8400001525878910,7.6700000762939450,7.7500000000000000,20392529,7.6255750656127930
2020-02-07,7.7199997901916500,7.8499999046325680,7.6799998283386230,7.7899999618530270,18541799,7.6649322509765625
2020-02-10,7.8000001907348630,7.8000001907348630,7.6799998283386230,7.7350001335144040,24105360,7.6108155250549320
2020-02-11,7.7800002098083500,8.0500001907348630,7.6799998283386230,8.0500001907348630,36162208,7.9207577705383300
2020-02-12,7.7699999809265140,7.8000001907348630,7.5300002098083500,7.6500000953674320,72715835,7.5271806716918945
2020-02-13,7.6199998855590820,7.6599998474121090,7.1999998092651370,7.2800002098083500,37655557,7.1631202697753910
2020-02-14,7.3099999427795410,7.4000000953674320,7.0999999046325680,7.1500000953674320,26719183,7.0352082252502440
2020-02-17,7.1900000572204590,7.2600002288818360,7.1199998855590820,7.1599998474121090,6902303,7.0450463294982910
2020-02-18,7.1500000953674320,7.2300000190734860,6.9699997901916500,7.0000000000000000,24330510,6.8876156806945800
2020-02-19,7.0500001907348630,7.0700001716613770,6.8200001716613770,6.9499998092651370,29320250,6.8384184837341310
2020-02-20,6.9899997711181640,7.1100001335144040,6.9299998283386230,7.0000000000000000,30966016,6.8876156806945800
2020-02-21,6.9800000190734860,7.1500000953674320,6.9800000190734860,7.0999999046325680,30118195,6.9860100746154785
2020-02-24,6.9099998474121090,7.2100000381469730,6.9000000953674320,7.0500001907348630,37678936,6.9368128776550290
2020-02-25,7.0900001525878910,7.0900001525878910,6.8699998855590820,6.9000000953674320,33749575,6.7892212867736820
2020-02-26,6.9400000572204590,6.9899997711181640,6.3899998664855960,6.4400000572204590,58302300,6.3366060256958010
2020-02-27,6.3499999046325680,6.5500001907348630,6.0799999237060550,6.1700000762939450,53091895,6.0709409713745120
2020-02-28,6.0900001525878910,6.4600000381469730,5.9099998474121090,6.3400001525878910,71096542,6.2382125854492190
2020-03-02,6.3400001525878910,6.6399998664855960,6.3200001716613770,6.4099998474121090,50092692,6.3070874214172360
2020-03-03,6.4400000572204590,6.8699998855590820,6.3800001144409180,6.5900001525878910,58504522,6.4841990470886230
2020-03-04,6.6999998092651370,6.7500000000000000,6.5100002288818360,6.7300000190734860,28788289,6.6219501495361330
2020-03-05,6.6599998474121090,6.6599998474121090,6.1799998283386230,6.2600002288818360,36511872,6.1594963073730470
2020-03-06,6.1999998092651370,6.1999998092651370,5.8200001716613770,5.8800001144409180,35996015,5.7855978012084960
2020-03-09,5.6700000762939450,5.6700000762939450,5.3000001907348630,5.3899998664855960,41605374,5.3034639358520510
2020-03-10,5.5999999046325680,5.7500000000000000,5.4499998092651370,5.6700000762939450,92615973,5.5789690017700195
2020-03-11,5.6500000953674320,5.7500000000000000,5.5399999618530270,5.6500000953674320,67707983,5.5592899322509770
2020-03-12,5.5000000000000000,5.5000000000000000,5.0100002288818360,5.2300000190734860,116719962,5.1460328102111820
2020-03-13,5.4499998092651370,5.5300002098083500,5.2100000381469730,5.3699998855590820,70977879,5.2837848663330080
2020-03-17,5.0000000000000000,5.5100002288818360,4.1900000572204590,5.0700001716613770,194246754,4.9886016845703125
2020-03-18,4.8600001335144040,5.2699999809265140,4.6199998855590820,4.7399997711181640,103501839,4.6638994216918945
2020-03-19,4.8000001907348630,5.0000000000000000,4.5100002288818360,4.5700001716613770,41898273,4.4966297149658200
2020-03-20,4.6900000572204590,4.7500000000000000,4.2199997901916500,4.3200001716613770,134387799,4.2506432533264160
2020-03-23,4.4600000381469730,4.5000000000000000,3.9800000190734863,4.2399997711181640,55573584,4.1719269752502440
2020-03-24,4.4400000572204590,4.6599998474121090,4.2899999618530270,4.4699997901916500,49566083,4.3982343673706055
2020-03-25,4.5199999809265140,4.7399997711181640,4.1999998092651370,4.2899999618530270,47258232,4.2211241722106930
2020-03-26,4.2399997711181640,4.6999998092651370,4.2399997711181640,4.6100001335144040,48385679,4.5359873771667480
2020-03-27,4.4499998092651370,4.5199999809265140,4.2600002288818360,4.2899999618530270,57834207,4.2211241722106930
2020-03-30,4.3600001335144040,4.4499998092651370,4.2600002288818360,4.3400001525878910,34040203,4.2703227996826170
2020-03-31,4.3000001907348630,5.0100002288818360,4.2399997711181640,4.9299998283386230,91503042,4.8508491516113280
2020-04-01,4.8099999427795410,5.0399999618530270,4.5599999427795410,4.5900001525878910,26811437,4.5163083076477050
2020-04-02,4.6399998664855960,4.6999998092651370,4.3699998855590820,4.4600000381469730,29096298,4.3883948326110840
2020-04-03,4.5000000000000000,4.5999999046325680,4.0500001907348630,4.2100000381469730,35534329,4.1424088478088380
2020-04-06,4.3800001144409180,4.6999998092651370,4.3800001144409180,4.6100001335144040,46781973,4.5359873771667480
2020-04-07,4.7500000000000000,5.1900000572204590,4.7500000000000000,4.9299998283386230,56829374,4.8508491516113280
2020-04-08,4.9899997711181640,5.0599999427795410,4.7899999618530270,5.0100002288818360,38011190,4.9295654296875000
2020-04-13,5.1399998664855960,5.6900000572204590,5.0300002098083500,5.0900001525878910,32059082,5.0082812309265140
2020-04-14,5.1399998664855960,5.1900000572204590,4.8000001907348630,4.8499999046325680,23405325,4.7721338272094730
2020-04-15,4.7800002098083500,4.9099998474121090,4.6199998855590820,4.8400001525878910,35717194,4.7622947692871090
2020-04-16,4.8800001144409180,4.9800000190734860,4.6300001144409180,4.7199997901916500,29420969,4.6442208290100100
2020-04-17,4.8400001525878910,5.1300001144409180,4.7199997901916500,5.0500001907348630,31103327,4.9689226150512695
2020-04-20,4.9899997711181640,5.1100001335144040,4.9099998474121090,4.9699997901916500,19987111,4.8902063369750980
2020-04-21,4.9400000572204590,4.9800000190734860,4.6500000953674320,4.6799998283386230,18206189,4.6048626899719240
2020-04-22,4.7800002098083500,5.0399999618530270,4.6300001144409180,4.6900000572204590,40770559,4.6147027015686035
2020-04-23,4.7199997901916500,4.8200001716613770,4.6100001335144040,4.6700000762939450,29763353,4.5950241088867190
2020-04-24,4.7399997711181640,4.8000001907348630,4.5399999618530270,4.6300001144409180,34467334,4.5556664466857910
2020-04-27,4.6900000572204590,4.7199997901916500,4.5000000000000000,4.6799998283386230,50661913,4.6048626899719240
2020-04-28,4.7199997901916500,5.4600000381469730,4.7199997901916500,5.0500001907348630,77300316,4.9689226150512695
2020-04-29,5.1199998855590820,5.3299999237060550,5.0599999427795410,5.2199997901916500,29390336,5.1361927986145020
2020-04-30,5.2600002288818360,5.3000001907348630,4.9299998283386230,5.0700001716613770,52412141,4.9886016845703125
2020-05-04,4.9499998092651370,5.1700000762939450,4.7600002288818360,5.1300001144409180,40165080,5.0476384162902830
2020-05-05,5.1100001335144040,5.3499999046325680,5.0599999427795410,5.1799998283386230,39567326,5.0968356132507320
2020-05-06,5.1999998092651370,5.2399997711181640,4.9800000190734860,5.0199999809265140,31037731,4.9394049644470215
2020-05-07,5.0900001525878910,5.1500000953674320,5.0199999809265140,5.0799999237060550,22971369,4.9984407424926760
2020-05-08,5.0999999046325680,5.1900000572204590,5.0799999237060550,5.1199998855590820,26691240,5.0377984046936035
2020-05-11,5.1300001144409180,5.1900000572204590,5.0599999427795410,5.1300001144409180,28422600,5.0476384162902830
2020-05-12,5.1100001335144040,5.2199997901916500,5.0199999809265140,5.0500001907348630,30715944,4.9689226150512695
2020-05-13,5.0799999237060550,5.0799999237060550,4.5900001525878910,4.6399998664855960,122250545,4.5655055046081540
2020-05-14,4.5700001716613770,4.6999998092651370,4.4299998283386230,4.5700001716613770,38180508,4.4966297149658200
2020-05-15,4.5500001907348630,4.6700000762939450,4.4499998092651370,4.6199998855590820,32358272,4.5458259582519530
2020-05-18,4.7199997901916500,4.8099999427795410,4.6300001144409180,4.7199997901916500,61586317,4.6442208290100100
2020-05-19,4.6900000572204590,4.7899999618530270,4.6100001335144040,4.6500000953674320,73496102,4.5753450393676760
2020-05-20,4.7100000381469730,4.8699998855590820,4.6300001144409180,4.8299999237060550,77716164,4.7524542808532715
2020-05-21,4.8000001907348630,4.9499998092651370,4.7399997711181640,4.8699998855590820,24235825,4.7918119430541990
2020-05-22,4.8699998855590820,4.8899998664855960,4.7199997901916500,4.7699999809265140,14049102,4.6934185028076170
2020-05-25,4.7800002098083500,4.8200001716613770,4.7300000190734860,4.7699999809265140,4422511,4.6934185028076170
2020-05-26,4.8299999237060550,5.0000000000000000,4.7699999809265140,4.9400000572204590,39772253,4.8606891632080080
2020-05-27,4.9899997711181640,5.3299999237060550,4.9600000381469730,5.3000001907348630,44487428,5.2149085998535160
2020-05-28,5.3499999046325680,5.4000000953674320,5.1100001335144040,5.2899999618530270,28968810,5.2050695419311520
2020-05-29,5.2899999618530270,5.2899999618530270,5.1500000953674320,5.2500000000000000,90088531,5.1657118797302250
2020-06-01,5.2399997711181640,5.3600001335144040,5.1599998474121090,5.3299999237060550,16053682,5.2444272041320800
2020-06-02,5.3899998664855960,5.8699998855590820,5.3600001335144040,5.8200001716613770,53006235,5.7265605926513670
2020-06-03,5.8499999046325680,6.3299999237060550,5.8499999046325680,6.3000001907348630,66540537,6.1988539695739750
2020-06-04,6.3099999427795410,6.3800001144409180,6.0799999237060550,6.1799998283386230,39010091,6.0807805061340330
2020-06-05,6.3899998664855960,6.6199998855590820,6.2500000000000000,6.4600000381469730,30582438,6.3562855720520020
2020-06-08,6.5399999618530270,6.7300000190734860,6.4299998283386230,6.6799998283386230,34487470,6.5727534294128420
2020-06-09,6.5999999046325680,6.6999998092651370,6.2699999809265140,6.4000000953674320,34535921,6.2972483634948730
2020-06-10,6.3800001144409180,6.3800001144409180,5.9400000572204590,5.9800000190734860,40473699,5.8839917182922360
2020-06-11,5.8699998855590820,5.8899998664855960,5.3899998664855960,5.8499999046325680,44079014,5.7560791969299320
2020-06-12,6.0300002098083500,6.2600002288818360,6.0199999809265140,6.1900000572204590,41524823,6.0906200408935550
2020-06-15,6.1300001144409180,6.1599998474121090,5.9099998474121090,5.9299998283386230,30081315,5.8347945213317870
2020-06-16,6.1599998474121090,6.6999998092651370,6.1500000953674320,6.2399997711181640,63639803,6.1398172378540040
2020-06-17,6.2699999809265140,6.3499999046325680,6.1199998855590820,6.2600002288818360,21151618,6.1594963073730470
2020-06-18,6.2500000000000000,6.6500000953674320,6.1300001144409180,6.5999999046325680,52150645,6.4940376281738280
2020-06-19,6.6599998474121090,6.8299999237060550,6.1799998283386230,6.3499999046325680,263082460,6.2480516433715820
2020-06-22,6.3699998855590820,6.5000000000000000,6.2500000000000000,6.4699997901916500,26682783,6.3661241531372070
2020-06-23,6.5700001716613770,6.5799999237060550,6.3499999046325680,6.3699998855590820,33860083,6.2677297592163090
2020-06-24,6.3000001907348630,6.3899998664855960,6.1799998283386230,6.2600002288818360,30212219,6.1594963073730470
2020-06-25,6.2399997711181640,6.4299998283386230,6.1100001335144040,6.3699998855590820,26332976,6.2677297592163090
2020-06-26,6.3699998855590820,6.4000000953674320,6.2500000000000000,6.2800002098083500,25780305,6.1791753768920900
2020-06-29,6.3600001335144040,6.4899997711181640,6.2600002288818360,6.4499998092651370,19100948,6.3464460372924805
2020-06-30,6.4400000572204590,6.5000000000000000,6.3400001525878910,6.4800000190734860,36020140,6.3759641647338870
2020-07-01,6.4699997901916500,6.5900001525878910,6.0999999046325680,6.2399997711181640,50328788,6.1398172378540040
2020-07-02,6.3299999237060550,6.4499998092651370,6.3000001907348630,6.3800001144409180,31814798,6.2775702476501465
2020-07-03,6.4099998474121090,6.4400000572204590,6.3699998855590820,6.4299998283386230,3237257,6.3267664909362790
2020-07-06,6.4600000381469730,6.4800000190734860,6.3299999237060550,6.4299998283386230,34743043,6.3267664909362790
2020-07-07,6.4200000762939450,6.4400000572204590,6.3299999237060550,6.3699998855590820,19185228,6.2677297592163090
2020-07-08,6.4299998283386230,6.4299998283386230,6.1999998092651370,6.2899999618530270,37431090,6.1890149116516110
2020-07-09,6.2800002098083500,6.2899999618530270,5.9699997901916500,5.9899997711181640,29361781,5.8938312530517580
2020-07-10,6.0000000000000000,6.0599999427795410,5.8499999046325680,5.9600000381469730,22762539,5.8643131256103520
2020-07-13,6.0000000000000000,6.2399997711181640,5.9400000572204590,6.1900000572204590,30800404,6.0906200408935550
2020-07-14,6.2199997901916500,6.2300000190734860,6.0300002098083500,6.1300001144409180,21141740,6.0315837860107420
2020-07-15,6.2100000381469730,6.4899997711181640,6.2100000381469730,6.3600001335144040,44193747,6.2578911781311035
2020-07-16,6.3499999046325680,6.4800000190734860,6.3000001907348630,6.4400000572204590,34771228,6.3366060256958010
2020-07-17,6.4499998092651370,6.4899997711181640,6.3400001525878910,6.3699998855590820,20125797,6.2677297592163090
2020-07-20,6.3400001525878910,6.4299998283386230,6.2899999618530270,6.3000001907348630,18716276,6.1988539695739750
2020-07-21,6.3099999427795410,6.3899998664855960,6.2199997901916500,6.2699999809265140,34514590,6.1693358421325680
2020-07-22,6.2600002288818360,6.3600001335144040,6.2500000000000000,6.2899999618530270,15014407,6.1890149116516110
2020-07-23,6.3499999046325680,6.3499999046325680,6.1700000762939450,6.2800002098083500,10262829,6.1791753768920900
2020-07-24,6.3000001907348630,6.3000001907348630,6.1399998664855960,6.2399997711181640,14221252,6.1398172378540040
2020-07-27,6.5100002288818360,6.8800001144409180,6.3899998664855960,6.8000001907348630,56731204,6.6908264160156250
2020-07-28,6.8000001907348630,6.9499998092651370,6.6900000572204590,6.7800002098083500,28154759,6.6711478233337400
2020-07-29,6.8000001907348630,6.9299998283386230,6.6799998283386230,6.8899998664855960,33690080,6.7793817520141600
2020-07-30,6.8299999237060550,6.8600001335144040,6.7100000381469730,6.7699999809265140,10946435,6.6613087654113770
2020-07-31,6.8099999427795410,6.8499999046325680,6.5999999046325680,6.8200001716613770,70846600,6.7105054855346680
2020-08-03,6.9299998283386230,7.1100001335144040,6.8499999046325680,7.0300002098083500,23473596,6.9171338081359860
2020-08-04,7.0999999046325680,7.2399997711181640,7.0399999618530270,7.1500000953674320,21276595,7.0352082252502440
2020-08-05,7.1700000762939450,7.3600001335144040,7.1599998474121090,7.2800002098083500,20028154,7.1631202697753910
2020-08-06,7.3099999427795410,7.4099998474121090,7.2100000381469730,7.3000001907348630,22129541,7.1827993392944340
2020-08-07,7.3299999237060550,7.3800001144409180,7.2100000381469730,7.3200001716613770,12902289,7.2024784088134770
2020-08-10,7.3499999046325680,7.5700001716613770,7.3499999046325680,7.4699997901916500,12814728,7.3500690460205080
2020-08-11,7.5700001716613770,7.6199998855590820,7.4400000572204590,7.5100002288818360,17026926,7.3894276618957520
2020-08-12,7.5799999237060550,7.5799999237060550,7.3400001525878910,7.3899998664855960,11684810,7.2713537216186520
2020-08-13,7.4000000953674320,7.4899997711181640,7.3800001144409180,7.4000000953674320,13061410,7.2811937332153320
2020-08-14,7.3699998855590820,7.5399999618530270,7.3600001335144040,7.5000000000000000,21688224,7.3795881271362305
2020-08-17,7.5300002098083500,7.8499999046325680,7.4800000190734860,7.8099999427795410,22522246,7.6846113204956055
2020-08-18,7.8000001907348630,7.8000001907348630,7.5000000000000000,7.6199998855590820,39123288,7.4976615905761720
2020-08-19,7.6500000953674320,7.6500000953674320,7.4400000572204590,7.4800000190734860,17485067,7.3599090576171875
2020-08-20,7.4800000190734860,7.7399997711181640,7.4400000572204590,7.6700000762939450,18747736,7.5468597412109375
2020-08-21,7.6599998474121090,7.6599998474121090,7.5100002288818360,7.5700001716613770,25972889,7.4484643936157230
2020-08-24,7.5999999046325680,7.7100000381469730,7.5399999618530270,7.6599998474121090,24718534,7.5370192527771000
2020-08-25,7.6999998092651370,7.7600002288818360,7.5500001907348630,7.7199997901916500,28082494,7.5960559844970700
2020-08-26,7.7300000190734860,7.7300000190734860,7.6100001335144040,7.6599998474121090,33248522,7.5370192527771000
2020-08-27,7.6399998664855960,7.6799998283386230,7.4699997901916500,7.5599999427795410,19266803,7.4386253356933590
2020-08-28,7.5599999427795410,7.6300001144409180,7.3299999237060550,7.3800001144409180,13153920,7.2615146636962890
2020-08-31,7.4000000953674320,7.4000000953674320,7.0100002288818360,7.0199999809265140,66990533,6.9072947502136230
2020-09-01,7.0300002098083500,7.2300000190734860,7.0000000000000000,7.1999998092651370,28744741,7.0844044685363770
2020-09-02,7.2399997711181640,7.2399997711181640,7.0100002288818360,7.0900001525878910,18047274,6.9761710166931150
2020-09-03,7.1300001144409180,7.1300001144409180,6.7600002288818360,6.8600001335144040,32088592,6.7498636245727540
2020-09-04,6.8400001525878910,6.9400000572204590,6.7100000381469730,6.8699998855590820,19952769,6.7597022056579590
2020-09-07,6.9000000953674320,6.9499998092651370,6.8299999237060550,6.9299998283386230,1216823,6.8187389373779300
2020-09-08,6.9299998283386230,6.9299998283386230,6.7100000381469730,6.8099999427795410,19289018,6.7006659507751465
2020-09-09,6.8200001716613770,6.9800000190734860,6.7600002288818360,6.9200000762939450,21542078,6.8089008331298830
2020-09-10,6.9000000953674320,7.5999999046325680,6.8499999046325680,7.5199999809265140,40165812,7.3992676734924320
2020-09-11,7.5199999809265140,8.2399997711181640,7.5199999809265140,8.0399999618530270,65273071,7.9109187126159670
2020-09-14,8.1499996185302730,8.3400001525878900,8.0399999618530270,8.3000001907348630,23468891,8.1667442321777340
2020-09-15,8.3000001907348630,8.7500000000000000,8.3000001907348630,8.4300003051757810,30682390,8.2946577072143550
2020-09-17,8.4799995422363280,8.4799995422363280,8.1099996566772460,8.1400003433227540,27897304,8.0093145370483400
2020-09-18,8.1199998855590820,8.2700004577636720,8.0200004577636720,8.1499996185302730,78540311,8.0191526412963870
2020-09-21,8.1199998855590820,8.1199998855590820,7.7800002098083500,7.8200001716613770,16319539,7.6944508552551270
2020-09-22,7.8299999237060550,8.0200004577636720,7.8200001716613770,7.9899997711181640,24426568,7.8617210388183590
2020-09-23,8.0100002288818360,8.1300001144409180,7.8899998664855960,7.9800000190734860,18073555,7.8518819808959960
2020-09-24,7.9400000572204590,8.0200004577636720,7.8400001525878910,7.8800001144409180,18363327,7.7534875869750980
2020-09-25,7.8800001144409180,8.0299997329711910,7.8000001907348630,7.9899997711181640,20736911,7.8617210388183590
2020-09-28,8.0500001907348630,8.3800001144409180,8.0200004577636720,8.3000001907348630,17120523,8.1667442321777340
2020-09-29,8.3000001907348630,8.3100004196167000,8.1099996566772460,8.1400003433227540,16499849,8.0093145370483400
2020-09-30,8.1099996566772460,8.4600000381469730,8.0799999237060550,8.3800001144409180,28841810,8.2454595565795900
2020-10-01,8.4099998474121100,8.4499998092651370,8.0600004196167000,8.1499996185302730,16968539,8.0191526412963870
2020-10-02,8.0900001525878900,8.2200002670288090,7.9000000953674320,8.1800003051757810,14379937,8.0486717224121100
2020-10-05,8.2200002670288090,8.4799995422363280,8.1300001144409180,8.4399995803833000,32066174,8.3044958114624020
2020-10-06,8.4799995422363280,8.5500001907348630,8.3000001907348630,8.3400001525878900,19246627,8.2061033248901370
2020-10-07,8.3999996185302730,8.5200004577636720,8.3100004196167000,8.3900003433227540,24356650,8.2552995681762700
2020-10-08,8.4099998474121100,8.7299995422363280,8.3900003433227540,8.7100000381469730,25607984,8.5701618194580080
2020-10-09,8.7200002670288090,8.7200002670288090,8.5200004577636720,8.7100000381469730,7950476,8.5701618194580080
2020-10-12,8.5799999237060550,8.6099996566772460,8.3599996566772460,8.3800001144409180,21880326,8.2454595565795900
2020-10-13,8.3599996566772460,8.3999996185302730,8.2500000000000000,8.2600002288818360,13869846,8.1273860931396480
2020-10-14,8.2700004577636720,8.5000000000000000,8.2200002670288090,8.4700002670288090,23367491,8.3340167999267580
2020-10-15,8.3500003814697270,8.8000001907348630,8.3500003814697270,8.7700004577636720,22831084,8.6291999816894530
2020-10-16,8.7299995422363280,8.8800001144409180,8.6300001144409180,8.6899995803833000,17348259,8.5504827499389650
2020-10-19,8.7100000381469730,8.7399997711181640,8.5100002288818360,8.6899995803833000,11169987,8.5504827499389650
2020-10-20,8.5699996948242190,8.9700002670288090,8.5600004196167000,8.8199996948242190,18068306,8.6783952713012700
2020-10-21,8.8400001525878900,9.0200004577636720,8.7799997329711910,8.8900003433227540,29951911,8.7472724914550780
2020-10-22,8.8999996185302730,8.9300003051757810,8.7399997711181640,8.8400001525878900,24925345,8.6980752944946290
2020-10-23,8.8000001907348630,8.8100004196167000,8.6400003433227540,8.6599998474121100,21091301,8.5209646224975590
2020-10-26,8.6700000762939450,8.6899995803833000,8.4499998092651370,8.4799995422363280,13827841,8.3438539505004880
2020-10-27,8.4899997711181640,8.5100002288818360,8.1999998092651370,8.2700004577636720,17990175,8.1372270584106450
2020-10-28,8.2600002288818360,8.4799995422363280,8.0399999618530270,8.3699998855590820,28373270,8.2356204986572270
2020-10-29,8.3500003814697270,8.5399999618530270,8.2100000381469730,8.4399995803833000,16682848,8.3044958114624020
2020-10-30,8.3500003814697270,8.8400001525878900,8.3500003814697270,8.7600002288818360,65809676,8.6193599700927730
2020-11-03,8.7700004577636720,9.0799999237060550,8.7700004577636720,9.0000000000000000,26651536,8.8555059432983400
2020-11-04,9.0000000000000000,9.0000000000000000,8.4099998474121100,8.4399995803833000,22244268,8.3044958114624020
2020-11-05,8.5100002288818360,8.6199998855590820,8.4300003051757810,8.5900001525878900,23150643,8.4520874023437500
2020-11-06,8.6000003814697270,8.6800003051757810,8.1899995803833000,8.3400001525878900,20636052,8.2061033248901370
2020-11-09,8.5000000000000000,8.7500000000000000,8.4899997711181640,8.7100000381469730,30058054,8.5701618194580080
2020-11-10,8.7200002670288090,9.3000001907348630,8.7200002670288090,9.2100000381469730,39350077,9.0621347427368160
2020-11-11,9.2500000000000000,9.3999996185302730,9.0900001525878900,9.1999998092651370,26579458,9.0522947311401370
2020-11-12,9.1599998474121100,9.3999996185302730,8.9799995422363280,9.0399999618530270,15084563,8.8948640823364260
2020-11-13,9.1099996566772460,9.1499996185302730,8.9399995803833000,9.0699996948242190,14468646,8.9243822097778320
2020-11-17,9.1000003814697270,9.3900003433227540,9.0699996948242190,9.3199996948242190,33451298,9.1703672409057620
2020-11-18,9.4099998474121100,9.8299999237060550,9.3599996566772460,9.7399997711181640,43996579,9.5836238861083980
2020-11-19,9.7600002288818360,9.7700004577636720,9.3999996185302730,9.4499998092651370,30239097,9.2982807159423830
2020-11-20,9.4600000381469730,9.4600000381469730,9.1599998474121100,9.2299995422363280,20262765,9.0818128585815430
2020-11-23,9.2899999618530270,9.3800001144409180,9.2299995422363280,9.2799997329711910,21252017,9.1310110092163090
2020-11-24,9.3299999237060550,9.8199996948242190,9.3199996948242190,9.7899999618530270,45815600,9.6328220367431640
2020-11-25,9.7100000381469730,9.7100000381469730,9.3800001144409180,9.4200000762939450,23498551,9.2687644958496100
2020-11-26,9.4899997711181640,9.4899997711181640,9.2500000000000000,9.2899999618530270,16936436,9.1408491134643550
2020-11-27,9.3500003814697270,9.4899997711181640,9.2500000000000000,9.3100004196167000,12522975,9.1605291366577150
2020-11-30,9.3100004196167000,9.4700002670288090,9.1199998855590820,9.1999998092651370,232469173,9.0522947311401370
2020-12-01,9.3299999237060550,10.4899997711181640,9.3299999237060550,10.0200004577636720,49184863,9.8591308593750000
2020-12-02,10.0000000000000000,10.0000000000000000,9.7500000000000000,9.9700002670288090,19560137,9.8099336624145500
2020-12-03,9.9300003051757810,10.6400003433227540,9.8999996185302730,10.5799999237060550,32634783,10.4101390838623050
2020-12-04,10.6499996185302730,11.2600002288818360,10.6499996185302730,10.9899997711181640,44473501,10.8135576248168950
2020-12-07,10.9899997711181640,11.1800003051757810,10.8000001907348630,11.1599998474121100,26286963,10.9808273315429690
2020-12-08,11.1499996185302730,11.1499996185302730,10.8299999237060550,10.9600000381469730,42448549,10.7840385437011720
2020-12-09,10.9600000381469730,11.0000000000000000,10.4899997711181640,10.5900001525878900,33191121,10.4199781417846680
2020-12-10,10.5799999237060550,11.0299997329711910,10.4099998474121100,10.9899997711181640,40984890,10.8135576248168950
2020-12-11,11.0100002288818360,11.0100002288818360,10.4499998092651370,10.7600002288818360,33235136,10.5872507095336910
2020-12-14,10.8199996948242190,10.8299999237060550,10.5500001907348630,10.5799999237060550,14494191,10.4101390838623050
2020-12-15,10.5600004196167000,10.6999998092651370,10.5100002288818360,10.5200004577636720,16700774,10.3511018753051760
2020-12-16,10.5799999237060550,10.6300001144409180,10.4899997711181640,10.5200004577636720,21320134,10.3511018753051760
2020-12-17,10.5500001907348630,10.7799997329711910,10.5200004577636720,10.7200002670288090,40675923,10.5478925704956050
2020-12-18,10.7500000000000000,10.7799997329711910,10.1999998092651370,10.3000001907348630,109242902,10.1346349716186520
2020-12-21,10.2100000381469730,10.3599996566772460,10.1499996185302730,10.2299995422363280,15080626,10.0657587051391600
2020-12-22,10.2799997329711910,10.3500003814697270,10.0200004577636720,10.1499996185302730,18976871,9.9870424270629880
2020-12-23,10.1999998092651370,10.4399995803833000,10.1499996185302730,10.3699998855590820,20368891,10.2035102844238280
2020-12-24,10.3599996566772460,10.3599996566772460,10.1199998855590820,10.2500000000000000,21010760,10.0854377746582030
2020-12-28,10.3100004196167000,10.4200000762939450,10.1999998092651370,10.3199996948242190,10629595,10.1543121337890620
2020-12-29,10.3500003814697270,10.4499998092651370,10.2100000381469730,10.2600002288818360,18335349,10.0952768325805660
2020-12-30,10.3199996948242190,10.4799995422363280,10.2899999618530270,10.3699998855590820,12219854,10.2035102844238280
2020-12-31,10.3900003433227540,10.3900003433227540,10.2399997711181640,10.2700004577636720,4198652,10.1051168441772460
2021-01-04,10.3199996948242190,10.5200004577636720,10.2700004577636720,10.3900003433227540,15212314,10.2231893539428710
2021-01-05,10.3800001144409180,10.6800003051757810,10.3000001907348630,10.6599998474121100,22914468,10.4888544082641600
2021-01-06,10.7100000381469730,11.7600002288818360,10.7100000381469730,11.5500001907348630,70905988,11.3645668029785160
2021-01-07,11.6099996566772460,11.7100000381469730,11.5100002288818360,11.6499996185302730,45782226,11.4629611968994140
2021-01-08,11.7200002670288090,11.7299995422363280,11.5200004577636720,11.5699996948242190,147556502,11.3842449188232420
2021-01-11,11.5399999618530270,11.5500001907348630,11.2799997329711910,11.3599996566772460,31694045,11.1776161193847660
2021-01-12,11.4200000762939450,11.7899999618530270,11.3299999237060550,11.5399999618530270,27165171,11.3547267913818360
2021-01-13,11.6000003814697270,11.6400003433227540,11.3800001144409180,11.4099998474121100,38572066,11.2268133163452150
2021-01-14,11.4700002670288090,12.2500000000000000,11.4600000381469730,12.1700000762939450,34735178,11.9746112823486330
2021-01-15,12.1300001144409180,12.7200002670288090,12.0799999237060550,12.6599998474121100,31273341,12.4567441940307620
2021-01-18,12.6599998474121100,12.7500000000000000,12.4399995803833000,12.6700000762939450,7762474,12.4665832519531250
2021-01-19,12.6999998092651370,13.1899995803833000,12.5900001525878900,13.0699996948242190,39895301,12.8601617813110350
2021-01-20,13.1000003814697270,13.1000003814697270,12.9099998474121100,13.0399999618530270,41082757,12.8306446075439450
2021-01-21,13.1000003814697270,13.1000003814697270,12.6199998855590820,12.7100000381469730,43872076,12.5059423446655270
2021-01-22,12.6300001144409180,12.7299995422363280,12.2100000381469730,12.3400001525878900,36911501,12.1418819427490230
2021-01-25,12.4399995803833000,12.4700002670288090,12.0200004577636720,12.4300003051757810,34366488,12.2304372787475590
2021-01-26,12.3999996185302730,12.4600000381469730,12.2500000000000000,12.3800001144409180,52944955,12.1812400817871100
2021-01-27,12.2700004577636720,12.3100004196167000,11.7899999618530270,11.8400001525878900,60665407,11.6499109268188480
2021-01-28,11.9399995803833000,12.2700004577636720,11.7399997711181640,12.1700000762939450,35852925,11.9746112823486330
2021-01-29,12.1700000762939450,12.1700000762939450,11.7100000381469730,11.7600002288818360,85147884,11.5711956024169920
2021-02-02,11.8000001907348630,12.7299995422363280,11.8000001907348630,12.5200004577636720,49566774,12.3189926147460940
2021-02-03,12.6300001144409180,12.9499998092651370,12.4600000381469730,12.8900003433227540,40314778,12.6830530166625980
2021-02-04,12.9499998092651370,13.1000003814697270,12.8100004196167000,13.0100002288818360,42923904,12.8011264801025390
2021-02-05,13.0200004577636720,13.0200004577636720,12.7500000000000000,12.9099998474121100,13371961,12.7027311325073240
2021-02-08,12.9499998092651370,13.1300001144409180,12.7500000000000000,12.8699998855590820,25066321,12.6633720397949220
2021-02-09,12.8699998855590820,12.9799995422363280,12.7700004577636720,12.8000001907348630,11495137,12.5944967269897460
2021-02-10,12.8699998855590820,12.9099998474121100,12.5799999237060550,12.7399997711181640,13831884,12.5354595184326170
2021-02-11,12.9899997711181640,13.5100002288818360,12.8199996948242190,13.2700004577636720,40578155,13.0569524765014650
2021-02-12,13.2200002670288090,13.3400001525878900,13.0100002288818360,13.2700004577636720,22914376,13.0569524765014650
2021-02-15,13.3199996948242190,13.3199996948242190,13.0699996948242190,13.1000003814697270,2375470,12.8896799087524410
2021-02-16,13.2500000000000000,13.6199998855590820,13.0100002288818360,13.1000003814697270,39817070,12.8896799087524410
2021-02-17,13.1099996566772460,13.1899995803833000,12.7299995422363280,12.9300003051757810,34137829,12.7224102020263670
2021-02-18,12.9200000762939450,12.9200000762939450,12.3699998855590820,12.4099998474121100,34987091,12.2107582092285160
2021-02-19,12.4799995422363280,12.9799995422363280,12.4799995422363280,12.9300003051757810,15527113,12.7224102020263670
2021-02-22,12.9799995422363280,13.1899995803833000,12.8500003814697270,13.0900001525878900,32168712,12.8798408508300780
2021-02-23,13.0100002288818360,13.3500003814697270,12.6199998855590820,13.2899999618530270,33072786,13.0766305923461910
2021-02-24,13.3000001907348630,14.1300001144409180,13.1800003051757810,14.0100002288818360,49482713,13.7850704193115230
2021-02-25,14.0500001907348630,14.4200000762939450,13.5600004196167000,13.6599998474121100,48114679,13.4406900405883790
2021-02-26,13.6199998855590820,14.1099996566772460,13.3800001144409180,13.9399995803833000,102524583,13.7161941528320310
2021-03-01,13.8800001144409180,14.2700004577636720,13.8500003814697270,14.0699996948242190,20993593,13.8441076278686520
2021-03-02,14.0900001525878900,14.5500001907348630,14.0900001525878900,14.3699998855590820,37887827,14.1392908096313480
2021-03-03,14.5299997329711910,15.3900003433227540,14.4799995422363280,15.1800003051757810,62519631,14.9362878799438480
2021-03-04,15.1599998474121100,15.3800001144409180,14.0600004196167000,14.3400001525878900,41749665,14.1097726821899410
2021-03-05,14.4600000381469730,14.6599998474121100,13.6800003051757810,14.6300001144409180,43809921,14.3951177597045900
2021-03-08,14.6899995803833000,15.1000003814697270,14.5399999618530270,14.9099998474121100,41899180,14.6706218719482420
2021-03-09,15.0100002288818360,15.0900001525878900,14.7100000381469730,14.9099998474121100,44910036,14.6706218719482420
2021-03-10,14.9499998092651370,14.9700002670288090,14.4300003051757810,14.6099996566772460,28287164,14.3754377365112300
2021-03-11,14.6499996185302730,15.3400001525878900,14.6499996185302730,15.1999998092651370,34890111,14.9559659957885740
2021-03-12,15.2799997329711910,15.7500000000000000,14.9099998474121100,15.1000003814697270,34982940,14.8575706481933600
2021-03-16,15.0100002288818360,15.0100002288818360,14.2399997711181640,14.6800003051757810,45319184,14.4443149566650390
2021-03-17,14.6800003051757810,14.8100004196167000,14.4399995803833000,14.5600004196167000,18080538,14.3262405395507810
2021-03-18,14.6000003814697270,14.6099996566772460,14.1400003433227540,14.1800003051757810,24713028,13.9523420333862300
2021-03-19,14.1800003051757810,14.1999998092651370,13.8100004196167000,13.8900003433227540,87166717,13.6669969558715820
2021-03-22,13.8900003433227540,14.0399999618530270,13.6999998092651370,13.8199996948242190,17568053,13.5981206893920900
2021-03-23,13.8400001525878900,13.8599996566772460,13.2200002670288090,13.2600002288818360,20796603,13.0471124649047850
2021-03-24,13.3500003814697270,13.6599998474121100,13.3000001907348630,13.4399995803833000,24444015,13.2242212295532230
2021-03-25,13.3900003433227540,13.6199998855590820,12.8500003814697270,13.5699996948242190,33025242,13.3521356582641600
2021-03-26,13.6300001144409180,13.8999996185302730,13.4300003051757810,13.8299999237060550,24452795,13.6079607009887700
2021-03-29,13.8599996566772460,14.0500001907348630,13.6099996566772460,13.9300003051757810,22103714,13.7063550949096680
2021-03-30,13.9200000762939450,14.9700002670288090,13.9200000762939450,14.8999996185302730,42407806,14.6607828140258790
2021-03-31,14.8299999237060550,15.0900001525878900,14.1899995803833000,14.4200000762939450,57523494,14.1884889602661130
2021-04-05,14.5000000000000000,14.7500000000000000,14.1400003433227540,14.6599998474121100,30808111,14.4246349334716800
2021-04-06,14.6000003814697270,14.6000003814697270,14.1199998855590820,14.1700000762939450,18136548,13.9425020217895500
2021-04-07,14.1099996566772460,14.6499996185302730,14.1099996566772460,14.4399995803833000,24105311,14.2081670761108400
2021-04-08,14.5000000000000000,14.5699996948242190,14.2500000000000000,14.3800001144409180,22010990,14.1491308212280270
2021-04-09,14.3800001144409180,14.5000000000000000,14.2500000000000000,14.4200000762939450,15825469,14.1884889602661130
2021-04-12,14.3900003433227540,14.4300003051757810,14.1000003814697270,14.1999998092651370,17975728,13.9720201492309570
2021-04-13,14.1999998092651370,14.1999998092651370,13.7600002288818360,13.9600000381469730,43341364,13.7358741760253900
2021-04-14,14.0299997329711910,14.7399997711181640,14.0200004577636720,14.6899995803833000,36326961,14.4541530609130860
2021-04-15,14.6400003433227540,15.1300001144409180,14.5000000000000000,14.9700002670288090,33410075,14.7296600341796880
2021-04-16,14.9399995803833000,15.1999998092651370,14.9300003051757810,15.0399999618530270,20406234,14.7985353469848630
2021-04-19,15.0299997329711910,15.0399999618530270,14.5299997329711910,14.5600004196167000,17311826,14.3262405395507810
2021-04-20,14.6000003814697270,14.8100004196167000,14.2799997329711910,14.7100000381469730,28208908,14.4738321304321290
2021-04-21,14.7200002670288090,14.9399995803833000,14.5100002288818360,14.8500003814697270,18094071,14.6115856170654300
2021-04-22,14.8800001144409180,14.9499998092651370,14.6000003814697270,14.6999998092651370,18613644,14.4639930725097660
2021-04-23,14.7200002670288090,15.1499996185302730,14.6199998855590820,15.0699996948242190,17585316,14.8280525207519530
2021-04-26,15.1000003814697270,15.5500001907348630,15.1000003814697270,15.1999998092651370,16832190,14.9559659957885740
2021-04-27,15.2700004577636720,15.8999996185302730,15.2700004577636720,15.3999996185302730,28890098,15.1527538299560550
2021-04-28,15.3800001144409180,15.5799999237060550,15.2100000381469730,15.2500000000000000,15759938,15.0051631927490230
2021-04-29,15.6400003433227540,16.5400009155273440,15.6300001144409180,16.1399993896484380,36205296,15.8808717727661130
2021-04-30,16.1499996185302730,16.2000007629394530,15.6999998092651370,16.0900001525878900,66276598,15.8316774368286130
2021-05-03,16.2399997711181640,16.4899997711181640,16.0900001525878900,16.4200000762939450,22399898,16.1563777923584000
2021-05-04,16.4300003051757800,16.6399993896484380,16.3099994659423830,16.6000003814697270,29798637,16.3334884643554700
2021-05-05,16.5900001525878900,17.3199996948242200,16.5900001525878900,16.8600006103515620,22684103,16.5893154144287100
2021-05-06,16.9899997711181640,17.2999992370605470,16.8199996948242200,17.2399997711181640,43581922,16.9632148742675780
2021-05-07,17.2999992370605470,17.2999992370605470,16.9099998474121100,17.1299991607666000,15727214,16.8549785614013670
2021-05-10,17.1499996185302730,17.4799995422363280,16.8099994659423830,16.8799991607666000,17656105,16.6089916229248050
2021-05-11,16.7500000000000000,17.1200008392334000,16.5100002288818360,17.1000003814697270,24039544,16.8254623413085940
2021-05-12,17.1200008392334000,17.1499996185302730,15.8999996185302730,15.9300003051757810,26387917,15.6742458343505860
2021-05-13,15.9899997711181640,16.4599990844726560,15.9600000381469730,16.1399993896484380,22863341,15.8808717727661130
2021-05-14,16.2399997711181640,16.6499996185302730,16.2099990844726560,16.6200008392334000,16213355,16.3531684875488280
2021-05-17,16.5900001525878900,16.8899993896484380,16.4099998474121100,16.8700008392334000,12364603,16.5991535186767580
2021-05-18,16.8999996185302730,16.9200000762939450,16.5599994659423830,16.6100006103515620,17075318,16.3433284759521500
2021-05-19,16.5100002288818360,16.5699996948242200,15.7500000000000000,16.2700004577636720,30699024,16.0087871551513670
2021-05-20,16.3299999237060550,16.6800003051757800,16.1800003051757800,16.6299991607666000,48464863,16.3630065917968750
2021-05-21,16.7199993133544920,16.8899993896484380,16.2600002288818360,16.5400009155273440,15643368,16.2744541168212900
2021-05-24,16.5000000000000000,16.7500000000000000,16.5000000000000000,16.5900001525878900,11219987,16.3236484527587900
2021-05-25,16.6499996185302730,16.6499996185302730,15.8500003814697270,15.8999996185302730,18420020,15.6447277069091800
2021-05-26,15.9499998092651370,16.1800003051757800,15.8900003433227540,15.9700002670288090,18121783,15.7136039733886720
2021-05-27,16.0699996948242200,16.4599990844726560,16.0699996948242200,16.2099990844726560,118831062,15.9497461318969730
2021-05-28,16.3099994659423830,16.4899997711181640,16.0100002288818360,16.4699993133544920,19895167,16.2055778503417970
2021-05-31,16.4200000762939450,17.1000003814697270,16.3500003814697270,16.8099994659423830,9127146,16.5401172637939450
2021-06-01,16.8899993896484380,17.6800003051757800,16.7900009155273440,17.6399993896484380,39533611,17.3567905426025400
2021-06-02,17.6499996185302730,17.7299995422363280,16.6700000762939450,16.7299995422363280,35841016,16.4613990783691400
2021-06-03,16.7299995422363280,16.7299995422363280,16.3799991607666000,16.5599994659423830,28929084,16.2941303253173830
2021-06-04,16.6200008392334000,16.6499996185302730,16.2500000000000000,16.3700008392334000,17267588,16.1071834564209000
2021-06-07,16.4400005340576170,17.1299991607666000,16.4400005340576170,16.8500003814697270,35778587,16.5794734954834000
2021-06-08,16.8500003814697270,16.9699993133544920,16.5000000000000000,16.8799991607666000,19502965,16.6089916229248050
2021-06-09,16.8600006103515620,16.8600006103515620,16.5499992370605470,16.6299991607666000,20457756,16.3630065917968750
2021-06-10,16.7399997711181640,16.8500003814697270,16.3899993896484380,16.4200000762939450,16068874,16.1563777923584000
2021-06-11,16.5100002288818360,16.6900005340576170,16.3799991607666000,16.6200008392334000,12222806,16.3531684875488280
2021-06-14,16.6000003814697270,16.6000003814697270,16.0499992370605470,16.1000003814697270,14999164,15.8415155410766600
2021-06-15,16.2399997711181640,16.2399997711181640,16.0100002288818360,16.1499996185302730,25225260,15.8907136917114260
2021-06-16,16.1499996185302730,16.2600002288818360,15.3500003814697270,16.2099990844726560,25875279,15.9497461318969730
2021-06-17,16.2900009155273440,16.2900009155273440,15.2100000381469730,15.6499996185302730,56952997,15.3987407684326170
2021-06-18,15.5699996948242190,15.8100004196167000,15.3800001144409180,15.5399999618530270,93007738,15.2905063629150390
2021-06-21,15.5399999618530270,16.0300006866455080,15.5399999618530270,15.9300003051757810,13582736,15.6742458343505860
2021-06-22,15.9499998092651370,16.0300006866455080,15.8100004196167000,15.9399995803833000,19027876,15.6840848922729500
2021-06-23,15.9499998092651370,16.2700004577636720,15.9399995803833000,16.1399993896484380,32896483,15.8808717727661130
2021-06-24,16.5000000000000000,17.2900009155273440,16.3099994659423830,17.1800003051757800,53232191,16.9041748046875000
2021-06-25,17.1700000762939450,17.8799991607666000,17.1100006103515620,17.2600002288818360,30916926,16.9828910827636720
2021-06-28,17.2999992370605470,17.4500007629394530,16.8700008392334000,17.0200004577636720,12094268,16.7467441558837900
2021-06-29,17.0000000000000000,17.1100006103515620,16.7000007629394530,16.7399997711181640,18562795,16.4712409973144530
2021-06-30,16.6900005340576170,16.9599990844726560,16.6499996185302730,16.8199996948242200,25791989,16.5499591827392580
2021-07-01,16.9400005340576170,16.9400005340576170,16.6299991607666000,16.7500000000000000,16916719,16.4810791015625000
2021-07-02,16.6900005340576170,16.6900005340576170,16.4099998474121100,16.4699993133544920,16716570,16.2055778503417970
2021-07-05,16.4699993133544920,16.5699996948242200,16.4200000762939450,16.4799995422363280,1772032,16.2154140472412100
2021-07-06,16.5400009155273440,16.5900001525878900,16.0100002288818360,16.3400001525878900,23248027,16.0776634216308600
2021-07-07,16.3400001525878900,16.6599998474121100,16.3400001525878900,16.5799999237060550,17083132,16.3138103485107420
2021-07-08,16.3899993896484380,16.4899997711181640,16.1000003814697270,16.2800006866455080,17764894,16.0186290740966800
2021-07-09,16.3199996948242200,16.7199993133544920,16.3199996948242200,16.7099990844726560,13829798,16.4417209625244140
2021-07-12,16.6599998474121100,16.6599998474121100,16.4400005340576170,16.5799999237060550,7022532,16.3138103485107420
2021-07-13,16.5699996948242200,16.6700000762939450,15.8299999237060550,15.9300003051757810,25451325,15.6742458343505860
2021-07-14,16.0200004577636720,16.2199993133544920,15.6199998855590820,15.6599998474121100,34676876,15.4085807800292970
2021-07-15,15.6899995803833000,16.1599998474121100,15.5799999237060550,15.9799995422363280,19828508,15.7234420776367190
2021-07-16,15.9799995422363280,16.0900001525878900,15.4799995422363280,15.7100000381469730,27051260,15.4577779769897460
2021-07-19,15.6099996566772460,15.6099996566772460,14.7399997711181640,15.3699998855590820,49033698,15.1232357025146480
2021-07-20,15.4799995422363280,16.0000000000000000,15.3999996185302730,15.8800001144409180,31761930,15.6250486373901370
2021-07-21,15.8999996185302730,16.7000007629394530,15.8999996185302730,16.5499992370605470,24706931,16.2842922210693360
2021-07-22,16.5300006866455080,16.7099990844726560,16.2000007629394530,16.3199996948242200,13560940,16.0579833984375000
2021-07-23,16.4099998474121100,16.5499992370605470,16.1000003814697270,16.2999992370605470,7643319,16.0383052825927730
2021-07-26,16.3099994659423830,16.5100002288818360,16.2099990844726560,16.4699993133544920,13487284,16.2055778503417970
2021-07-27,16.4899997711181640,16.4899997711181640,15.8299999237060550,16.0799999237060550,33995859,15.8218374252319340
2021-07-28,16.1499996185302730,16.8400001525878900,16.0000000000000000,16.7600002288818360,30540389,16.4909191131591800
2021-07-29,17.0000000000000000,17.1499996185302730,16.6299991607666000,16.9699993133544920,37308216,16.6975479125976560
2021-07-30,16.9099998474121100,16.9099998474121100,16.1499996185302730,16.2399997711181640,54605490,15.9792690277099610
2021-08-02,16.3500003814697270,16.6200008392334000,16.0499992370605470,16.1000003814697270,23960545,15.8415155410766600
2021-08-03,16.1000003814697270,16.5599994659423830,16.0000000000000000,16.5000000000000000,17779708,16.2350940704345700
2021-08-04,16.4099998474121100,16.4899997711181640,16.2199993133544920,16.3199996948242200,16395769,16.0579833984375000
2021-08-05,16.3999996185302730,16.3999996185302730,16.0200004577636720,16.0799999237060550,25935674,15.8218374252319340
2021-08-06,16.1000003814697270,16.2900009155273440,15.9099998474121100,16.0200004577636720,20805541,15.7627992630004880
2021-08-09,16.0200004577636720,16.1000003814697270,15.7700004577636720,15.9899997711181640,22399488,15.7332830429077150
2021-08-10,16.0300006866455080,16.2900009155273440,16.0100002288818360,16.0400009155273440,16449078,15.7824802398681640
2021-08-11,16.1499996185302730,16.2999992370605470,16.0000000000000000,16.2700004577636720,18891974,16.0087871551513670
2021-08-12,16.2800006866455080,16.2800006866455080,15.8999996185302730,16.0200004577636720,17094367,15.7627992630004880
2021-08-13,16.0000000000000000,16.2500000000000000,15.8400001525878900,16.1000003814697270,15186284,15.8415155410766600
2021-08-16,16.0100002288818360,16.1100006103515620,15.8900003433227540,16.0000000000000000,11730664,15.7431211471557620
2021-08-17,15.9499998092651370,16.1499996185302730,15.7299995422363280,15.8100004196167000,29706533,15.5561714172363280
2021-08-18,15.8100004196167000,16.0300006866455080,15.5799999237060550,15.8800001144409180,27344735,15.6250486373901370
2021-08-19,15.7399997711181640,15.7399997711181640,15.3699998855590820,15.5399999618530270,35026097,15.2905063629150390
2021-08-20,15.5900001525878900,15.8299999237060550,15.4600000381469730,15.7899999618530270,21616644,15.5364923477172850
2021-08-23,15.8500003814697270,16.3799991607666000,15.8500003814697270,16.2099990844726560,20119615,15.9497461318969730
2021-08-24,16.2199993133544920,16.5000000000000000,16.2199993133544920,16.4099998474121100,31387207,16.1465396881103500
2021-08-25,16.4899997711181640,16.7199993133544920,16.3700008392334000,16.7099990844726560,24237467,16.4417209625244140
2021-08-26,16.7000007629394530,16.7500000000000000,16.3700008392334000,16.3999996185302730,28311351,16.1366977691650400
2021-08-27,16.4699993133544920,16.7900009155273440,16.4699993133544920,16.7099990844726560,26290014,16.4417209625244140
2021-08-30,16.7000007629394530,16.7000007629394530,16.3799991607666000,16.4500007629394530,19538173,16.1858959197998050
2021-08-31,16.4699993133544920,16.6200008392334000,16.2999992370605470,16.5000000000000000,78439516,16.2350940704345700
2021-09-01,16.4400005340576170,16.5599994659423830,16.1700000762939450,16.2099990844726560,25320831,15.9497461318969730
2021-09-02,16.1900005340576170,16.3299999237060550,16.0599994659423830,16.1599998474121100,20180079,15.9005537033081050
2021-09-03,16.1599998474121100,16.2000007629394530,15.9700002670288090,16.1100006103515620,17180450,15.8513574600219730
2021-09-06,16.1100006103515620,16.2399997711181640,16.0200004577636720,16.1700000762939450,3001347,15.9103908538818360
2021-09-07,16.1700000762939450,16.3299999237060550,15.7100000381469730,15.7799997329711910,22788740,15.5266542434692380
2021-09-08,15.7500000000000000,15.7500000000000000,15.2500000000000000,15.4300003051757810,35895716,15.1822729110717770
2021-09-09,15.3500003814697270,15.3800001144409180,15.1700000762939450,15.2799997329711910,26971285,15.0346813201904300
2021-09-10,15.3500003814697270,15.5699996948242190,15.3000001907348630,15.3500003814697270,14883839,15.1035575866699220
2021-09-13,15.4499998092651370,15.5900001525878900,15.1099996566772460,15.2200002670288090,14673132,14.9756441116333000
2021-09-14,15.2700004577636720,15.3699998855590820,15.0500001907348630,15.2600002288818360,24473878,15.0150032043457030
2021-09-15,15.2799997329711910,15.4099998474121100,15.1000003814697270,15.1599998474121100,46789415,14.9166069030761720
2021-09-17,15.1800003051757810,15.1800003051757810,14.5399999618530270,14.6000003814697270,94259750,14.3655986785888670
2021-09-20,14.2799997329711910,14.2899999618530270,13.7600002288818360,14.1899995803833000,62327639,13.9621810913085940
2021-09-21,14.3000001907348630,14.4300003051757810,14.0699996948242190,14.3599996566772460,35642677,14.1294517517089840
2021-09-22,14.3800001144409180,14.7700004577636720,14.2100000381469730,14.6899995803833000,37939403,14.4541530609130860
2021-09-23,14.6499996185302730,15.2399997711181640,14.6499996185302730,15.1099996566772460,46054697,14.8674106597900390
2021-09-24,15.0100002288818360,15.1800003051757810,14.7500000000000000,14.7899999618530270,20559490,14.5525484085083000
2021-09-27,14.8100004196167000,15.2700004577636720,14.7200002670288090,15.1800003051757810,22409326,14.9362878799438480
2021-09-28,15.1599998474121100,15.2100000381469730,14.8599996566772460,14.8999996185302730,29760294,14.6607828140258790
2021-09-29,14.9399995803833000,15.0299997329711910,14.6300001144409180,14.6599998474121100,42638733,14.4246349334716800
2021-09-30,14.6999998092651370,14.9499998092651370,14.5900001525878900,14.8900003433227540,24581074,14.6509418487548830
2021-10-01,14.8900003433227540,14.8900003433227540,14.4300003051757810,14.6700000762939450,38743777,14.4344739913940430
2021-10-04,14.6899995803833000,14.9200000762939450,14.4099998474121100,14.4600000381469730,15347754,14.2278451919555660
2021-10-05,14.5299997329711910,14.5299997329711910,14.0299997329711910,14.0799999237060550,40843486,13.8539457321167000
2021-10-06,13.9899997711181640,14.2299995422363280,13.7299995422363280,13.8800001144409180,24119698,13.6571578979492190
2021-10-07,13.9499998092651370,14.1999998092651370,13.7299995422363280,13.7799997329711910,48501532,13.5587635040283200
2021-10-08,13.7799997329711910,13.8800001144409180,13.4700002670288090,13.6099996566772460,28660134,13.3914937973022460
2021-10-11,13.6099996566772460,14.0399999618530270,13.5600004196167000,13.9399995803833000,23357564,13.7161941528320310
2021-10-12,13.9899997711181640,14.4200000762939450,13.9799995422363280,14.3500003814697270,31188223,14.1196126937866210
2021-10-13,14.3100004196167000,14.3999996185302730,13.8999996185302730,14.0699996948242190,50784145,13.8441076278686520
2021-10-14,14.1300001144409180,14.6899995803833000,14.0799999237060550,14.6400003433227540,45620322,14.4049568176269530
2021-10-15,14.6700000762939450,14.8500003814697270,14.6099996566772460,14.7200002670288090,47848047,14.4836721420288090
2021-10-18,14.6700000762939450,14.8999996185302730,14.5900001525878900,14.7200002670288090,39750127,14.4836721420288090
2021-10-19,14.7500000000000000,14.7500000000000000,14.3400001525878900,14.3800001144409180,27849531,14.1491308212280270
2021-10-20,14.3800001144409180,14.5900001525878900,14.2799997329711910,14.4700002670288090,16277064,14.2376861572265620
2021-10-21,14.4399995803833000,14.5299997329711910,14.0200004577636720,14.0900001525878900,31391855,13.8637857437133790
2021-10-22,14.1000003814697270,14.1899995803833000,13.5699996948242190,13.6199998855590820,32342238,13.4013319015502930
2021-10-25,13.6700000762939450,13.9399995803833000,13.6400003433227540,13.7899999618530270,40100957,13.5686016082763670
2021-10-26,13.7700004577636720,13.9700002670288090,13.6700000762939450,13.8699998855590820,21739931,13.6473178863525390
2021-10-27,13.8599996566772460,13.9499998092651370,13.6700000762939450,13.8599996566772460,24397861,13.6374778747558600
2021-10-28,13.5799999237060550,13.7700004577636720,13.2500000000000000,13.5100002288818360,50746616,13.2930984497070310
2021-10-29,13.4200000762939450,13.6499996185302730,13.1800003051757810,13.2399997711181640,25705601,13.0274333953857420
2021-11-01,13.5000000000000000,13.5000000000000000,13.1400003433227540,13.1800003051757810,18420525,12.9683980941772460
2021-11-03,13.3100004196167000,13.3100004196167000,12.9399995803833000,13.0500001907348630,41590359,12.8404836654663090
2021-11-04,13.0600004196167000,13.1000003814697270,12.6700000762939450,12.7100000381469730,40666582,12.5059423446655270
2021-11-05,12.7399997711181640,13.1099996566772460,12.6800003051757810,12.9399995803833000,39016767,12.7322483062744140
2021-11-08,13.3800001144409180,14.3000001907348630,13.3800001144409180,14.2600002288818360,71848705,14.0310583114624020
2021-11-09,14.2100000381469730,14.2100000381469730,13.5699996948242190,13.6300001144409180,32445551,13.4111719131469730
2021-11-10,13.6300001144409180,13.6300001144409180,13.3900003433227540,13.4799995422363280,24357724,13.2635784149169920
2021-11-11,13.5500001907348630,13.7299995422363280,13.4099998474121100,13.6999998092651370,23867296,13.4800472259521480
2021-11-12,13.7399997711181640,13.7700004577636720,13.5399999618530270,13.6099996566772460,25522153,13.3914937973022460
2021-11-16,13.5699996948242190,13.6199998855590820,13.3000001907348630,13.4399995803833000,43263632,13.2242212295532230
2021-11-17,13.4700002670288090,13.4700002670288090,13.0699996948242190,13.1099996566772460,23686855,12.8995208740234380
2021-11-18,13.1899995803833000,13.2200002670288090,12.7500000000000000,13.0100002288818360,33086028,12.8011264801025390
2021-11-19,12.9700002670288090,12.9700002670288090,12.8100004196167000,12.9200000762939450,23267572,12.7125711441040040
2021-11-22,12.9899997711181640,13.0399999618530270,12.8900003433227540,12.9899997711181640,22731038,12.7814474105834960
2021-11-23,13.0500001907348630,13.4399995803833000,13.0100002288818360,13.3800001144409180,25816700,13.1651868820190430
2021-11-24,13.3800001144409180,13.5500001907348630,13.1499996185302730,13.2799997329711910,36153441,13.0667905807495120
2021-11-25,13.2700004577636720,13.2700004577636720,13.0200004577636720,13.0600004196167000,8249712,12.8503236770629880
2021-11-26,12.8999996185302730,13.0200004577636720,12.4200000762939450,12.7100000381469730,34405646,12.5059423446655270
2021-11-29,12.8299999237060550,13.7799997329711910,12.8299999237060550,13.7200002670288090,40603094,13.4997272491455080
2021-11-30,13.5900001525878900,13.6000003814697270,13.1499996185302730,13.3000001907348630,94958354,13.0864706039428710
2021-12-01,13.3500003814697270,13.7399997711181640,13.2200002670288090,13.2899999618530270,49085657,13.0766305923461910
2021-12-02,13.3000001907348630,13.4799995422363280,13.1099996566772460,13.2899999618530270,23373888,13.0766305923461910
2021-12-03,13.2500000000000000,13.2600002288818360,12.8299999237060550,12.8800001144409180,35725985,12.6732120513916020
2021-12-06,12.8999996185302730,13.0799999237060550,12.8100004196167000,12.8800001144409180,15235522,12.6732120513916020
2021-12-07,13.0100002288818360,13.1999998092651370,12.8699998855590820,13.0000000000000000,31781803,12.7912864685058600
2021-12-08,12.9799995422363280,13.0799999237060550,12.8500003814697270,12.9300003051757810,18606308,12.7224102020263670
2021-12-09,12.8900003433227540,12.8999996185302730,12.6000003814697270,12.6400003433227540,25520902,12.4370660781860350
2021-12-10,12.7100000381469730,12.7100000381469730,12.5600004196167000,12.6599998474121100,18806800,12.4567441940307620
2021-12-13,12.6499996185302730,12.6899995803833000,12.3999996185302730,12.6599998474121100,73467213,12.4567441940307620
2021-12-14,12.6400003433227540,13.1499996185302730,12.5500001907348630,13.0799999237060550,86693267,12.8700017929077150
2021-12-15,13.0500001907348630,13.2100000381469730,12.8500003814697270,13.1099996566772460,42695175,12.8995208740234380
2021-12-16,13.1800003051757810,13.3999996185302730,13.1099996566772460,13.1899995803833000,39126168,12.9782352447509770
2021-12-17,13.1099996566772460,13.6300001144409180,13.0699996948242190,13.5900001525878900,97911426,13.3718137741088870
2021-12-20,13.4300003051757810,13.4300003051757810,13.0399999618530270,13.1400003433227540,28330320,12.9290380477905270
2021-12-21,13.2100000381469730,13.8999996185302730,13.2100000381469730,13.8699998855590820,40658200,13.6473178863525390
2021-12-22,13.8500003814697270,14.0000000000000000,13.7299995422363280,13.8199996948242190,17700758,13.5981206893920900
2021-12-23,13.8400001525878900,14.0100002288818360,13.7500000000000000,13.9600000381469730,19666372,13.7358741760253900
2021-12-24,14.0000000000000000,14.0100002288818360,13.8900003433227540,13.9399995803833000,684002,13.7161941528320310
2021-12-27,13.9399995803833000,14.1000003814697270,13.8000001907348630,14.0399999618530270,11626475,13.8145895004272460
2021-12-28,14.0600004196167000,14.0900001525878900,13.9300003051757810,14.0200004577636720,14535100,13.7949094772338870
2021-12-29,13.9799995422363280,13.9899997711181640,13.6700000762939450,13.7100000381469730,8086723,13.4898872375488280
2021-12-30,13.7100000381469730,14.0699996948242190,13.6800003051757810,14.0299997329711910,13710703,13.8047504425048830
2021-12-31,14.0000000000000000,14.0799999237060550,13.9200000762939450,13.9899997711181640,7479084,13.7653923034667970
2022-01-03,14.0799999237060550,14.1400003433227540,13.7399997711181640,13.7799997329711910,7684055,13.5587635040283200
2022-01-04,13.8400001525878900,13.8999996185302730,13.6700000762939450,13.6999998092651370,14706553,13.4800472259521480
2022-01-05,13.7100000381469730,14.1899995803833000,13.6499996185302730,13.6899995803833000,16883851,13.4702081680297850
2022-01-06,13.7500000000000000,13.7700004577636720,13.4300003051757810,13.4600000381469730,18589018,13.2439002990722660
2022-01-07,13.4499998092651370,13.5000000000000000,13.2500000000000000,13.3500003814697270,12445595,13.1356668472290040
2022-01-10,13.2899999618530270,13.3500003814697270,12.9200000762939450,13.0600004196167000,21797270,12.8503236770629880
2022-01-11,13.1300001144409180,13.3000001907348630,13.0299997329711910,13.2799997329711910,25972627,13.0667905807495120
2022-01-12,13.3500003814697270,13.7899999618530270,13.3000001907348630,13.7500000000000000,19195554,13.5292434692382810
2022-01-13,13.7799997329711910,13.8500003814697270,13.6700000762939450,13.8000001907348630,34079037,13.5784425735473630
2022-01-14,13.6899995803833000,13.9700002670288090,13.5699996948242190,13.9200000762939450,39015835,13.6965169906616210
2022-01-17,13.8999996185302730,13.9899997711181640,13.8599996566772460,13.9600000381469730,3741673,13.7358741760253900
2022-01-18,13.9799995422363280,13.9799995422363280,13.6700000762939450,13.7500000000000000,29538848,13.5292434692382810
2022-01-19,13.8100004196167000,13.9700002670288090,13.5600004196167000,13.5900001525878900,20293565,13.3718137741088870
2022-01-20,13.6000003814697270,13.6300001144409180,12.9899997711181640,13.0399999618530270,20568377,12.8306446075439450
2022-01-21,12.9899997711181640,13.0000000000000000,12.0399999618530270,12.1099996566772460,80724620,11.9155750274658200
2022-01-24,11.9499998092651370,11.9499998092651370,11.0000000000000000,11.8900003433227540,67562857,11.6991071701049800
2022-01-25,11.7500000000000000,12.4399995803833000,11.6099996566772460,12.3599996566772460,51586171,12.1615610122680660
2022-01-26,12.4499998092651370,12.9099998474121100,12.4499998092651370,12.5299997329711910,62616251,12.3288316726684570
2022-01-27,12.5799999237060550,12.9099998474121100,12.2600002288818360,12.4300003051757810,43277762,12.2304372787475590
2022-01-28,12.4899997711181640,12.7899999618530270,12.3100004196167000,12.6599998474121100,47961285,12.4567441940307620
2022-01-31,12.6400003433227540,12.6899995803833000,12.4300003051757810,12.6000003814697270,48813998,12.3977079391479500
2022-02-01,12.7500000000000000,12.9099998474121100,12.6400003433227540,12.7299995422363280,13791206,12.5256204605102540
2022-02-02,12.8100004196167000,12.9899997711181640,12.6899995803833000,12.8199996948242190,29369659,12.6141748428344730
2022-02-03,12.7500000000000000,12.8500003814697270,12.3800001144409180,12.4099998474121100,25788765,12.2107582092285160
2022-02-04,12.3999996185302730,12.4799995422363280,12.2399997711181640,12.3299999237060550,16641566,12.1320428848266600
2022-02-08,12.2899999618530270,12.2899999618530270,11.9700002670288090,12.2299995422363280,33328462,12.0336484909057620
2022-02-09,12.3199996948242190,12.5299997329711910,12.1400003433227540,12.4700002670288090,34184269,12.2697954177856450
2022-02-10,12.3699998855590820,12.4399995803833000,11.5100002288818360,11.5900001525878900,51009166,11.4039239883422850
2022-02-11,11.6199998855590820,11.7399997711181640,11.3400001525878900,11.5600004196167000,50471057,11.3744058609008790
2022-02-14,11.4499998092651370,11.5299997329711910,11.0600004196167000,11.1300001144409180,49650235,10.9513082504272460
2022-02-15,11.1899995803833000,11.7399997711181640,11.1800003051757810,11.6800003051757810,53682027,11.4924793243408200
2022-02-16,11.6300001144409180,11.8000001907348630,11.4600000381469730,11.6700000762939450,36461632,11.4826383590698240
2022-02-17,11.6199998855590820,11.6899995803833000,11.3900003433227540,11.5000000000000000,28087785,11.3153686523437500
2022-02-18,11.5000000000000000,11.7100000381469730,11.3800001144409180,11.4200000762939450,22864810,11.2366542816162110
2022-02-21,11.3900003433227540,11.5000000000000000,11.2899999618530270,11.3400001525878900,1333898,11.1579380035400390
2022-02-22,11.3999996185302730,11.6099996566772460,11.1000003814697270,11.2799997329711910,33781949,11.0988998413085940
2022-02-23,11.2799997329711910,11.2799997329711910,10.3599996566772460,10.5200004577636720,85689001,10.3511018753051760
2022-02-24,10.1999998092651370,10.4899997711181640,10.0299997329711910,10.3999996185302730,67140584,10.2330284118652340
2022-02-25,10.4899997711181640,10.7399997711181640,10.4300003051757810,10.5600004196167000,64638403,10.3904609680175780
2022-02-28,10.4399995803833000,10.5799999237060550,10.2899999618530270,10.5200004577636720,93748368,10.3511018753051760
2022-03-01,10.5000000000000000,10.6400003433227540,10.3500003814697270,10.4099998474121100,45794811,10.2428693771362300
2022-03-02,10.4700002670288090,10.6300001144409180,10.2500000000000000,10.5500001907348630,50359302,10.3806209564208980
2022-03-03,10.6000003814697270,10.7600002288818360,10.4600000381469730,10.5699996948242190,62868010,10.4003000259399410
2022-03-04,10.5000000000000000,10.5399999618530270,9.8100004196167000,10.0299997329711910,89466194,9.8689689636230470
2022-03-07,10.0399999618530270,10.0500001907348630,9.3500003814697270,9.5399999618530270,63985836,9.3868370056152340
2022-03-08,9.6499996185302730,10.3400001525878900,9.5399999618530270,10.2899999618530270,80734715,10.1247959136962890
2022-03-09,10.3800001144409180,10.5500001907348630,10.1499996185302730,10.4700002670288090,59654742,10.3019046783447270
2022-03-10,10.3299999237060550,10.3599996566772460,9.9399995803833000,9.9799995422363280,39916702,9.8197717666625980
2022-03-11,10.0799999237060550,10.3199996948242190,9.9799995422363280,10.1000003814697270,23478480,9.9378452301025390
2022-03-14,10.1499996185302730,10.2500000000000000,9.7799997329711910,9.9600000381469730,49896683,9.8000936508178710
2022-03-15,10.0399999618530270,10.3400001525878900,9.7600002288818360,10.3000001907348630,70185519,10.1346349716186520
2022-03-16,10.3500003814697270,10.6599998474121100,10.3299999237060550,10.5799999237060550,44628706,10.4101390838623050
2022-03-17,10.6000003814697270,10.6999998092651370,10.4600000381469730,10.6499996185302730,31246613,10.4790143966674800
2022-03-18,10.5900001525878900,10.8500003814697270,10.4399995803833000,10.8100004196167000,124969512,10.6364459991455080
2022-03-22,10.8500003814697270,10.8800001144409180,10.6499996185302730,10.7600002288818360,38406529,10.5872507095336910
2022-03-23,10.7799997329711910,10.7799997329711910,10.4499998092651370,10.5799999237060550,18840559,10.4101390838623050
2022-03-24,10.6999998092651370,10.8100004196167000,10.5600004196167000,10.6899995803833000,33001870,10.5183734893798830
2022-03-25,10.6899995803833000,10.7500000000000000,10.5500001907348630,10.6899995803833000,36801259,10.5183734893798830
2022-03-28,10.7100000381469730,10.7100000381469730,10.4799995422363280,10.5399999618530270,17884199,10.3707809448242190
2022-03-29,10.6599998474121100,11.0500001907348630,10.5699996948242190,10.9200000762939450,37869416,10.7446804046630860
2022-03-30,10.8900003433227540,10.8999996185302730,10.5100002288818360,10.6099996566772460,66183610,10.4396572113037110
2022-03-31,10.6099996566772460,10.8199996948242190,10.5799999237060550,10.6899995803833000,57877572,10.5183734893798830
2022-04-01,10.6899995803833000,10.7799997329711910,10.3400001525878900,10.5600004196167000,57494311,10.3904609680175780
2022-04-04,10.6199998855590820,10.9099998474121100,10.5399999618530270,10.5799999237060550,18156905,10.4101390838623050
2022-04-05,10.5000000000000000,10.5000000000000000,10.1300001144409180,10.1999998092651370,49837550,10.0362396240234380
2022-04-06,10.1999998092651370,10.1999998092651370,9.7899999618530270,9.8599996566772460,54492153,9.7016983032226560
2022-04-07,9.8699998855590820,9.8999996185302730,9.6099996566772460,9.6800003051757810,33698028,9.5245895385742190
2022-04-08,9.6300001144409180,9.6300001144409180,9.1599998474121100,9.2100000381469730,25267290,9.0621347427368160
2022-04-11,9.1300001144409180,9.3199996948242190,9.0500001907348630,9.1199998855590820,27835506,8.9735794067382810
2022-04-12,9.2799997329711910,9.4399995803833000,8.9799995422363280,9.0200004577636720,43330646,8.8751840591430660
2022-04-13,9.0500001907348630,9.5000000000000000,9.0500001907348630,9.4700002670288090,20681503,9.3179607391357420
2022-04-18,9.4799995422363280,9.5000000000000000,9.1800003051757810,9.2100000381469730,26758950,9.0621347427368160
2022-04-19,9.2299995422363280,9.7299995422363280,9.2100000381469730,9.6700000762939450,28630052,9.5147485733032230
2022-04-20,9.7600002288818360,10.0399999618530270,9.7299995422363280,9.8299999237060550,34224509,9.6721801757812500
2022-04-21,9.9300003051757810,9.9399995803833000,9.3000001907348630,9.3299999237060550,25327852,9.1802072525024410
2022-04-22,9.3500003814697270,9.3599996566772460,8.9300003051757810,8.9799995422363280,22040068,8.8358259201049800
2022-04-25,8.9799995422363280,8.9799995422363280,8.6599998474121100,8.8999996185302730,40769023,8.7571105957031250
2022-04-26,8.8800001144409180,8.9399995803833000,8.5299997329711910,8.5799999237060550,31563523,8.4422483444213870
2022-04-27,8.6000003814697270,8.8100004196167000,8.5699996948242190,8.7299995422363280,25475863,8.5898399353027340
2022-04-28,9.1599998474121100,9.5200004577636720,8.8699998855590820,9.2500000000000000,47193229,9.1014909744262700
2022-04-29,9.1800003051757810,9.5000000000000000,8.9300003051757810,8.9799995422363280,34249616,8.8358259201049800
2022-05-02,8.9799995422363280,9.0699996948242190,8.8000001907348630,8.9899997711181640,20363724,8.8456668853759770
2022-05-03,9.0600004196167000,9.1599998474121100,8.8999996185302730,9.0699996948242190,25309400,8.9243822097778320
2022-05-04,9.0399999618530270,9.1899995803833000,8.8299999237060550,9.1499996185302730,24280133,9.0030975341796880
2022-05-05,8.9899997711181640,9.0399999618530270,8.5100002288818360,8.7100000381469730,46228023,8.5701618194580080
2022-05-06,8.7299995422363280,8.8500003814697270,8.4099998474121100,8.5100002288818360,43424266,8.3733720779418950
2022-05-09,8.3999996185302730,8.4799995422363280,8.0699996948242190,8.1300001144409180,32125665,7.9994740486145020
2022-05-10,8.1899995803833000,8.3699998855590820,7.9600000381469730,8.2100000381469730,66502144,8.0781888961792000
2022-05-11,8.1499996185302730,8.3699998855590820,8.0600004196167000,8.1300001144409180,38365437,7.9994740486145020
2022-05-12,8.0699996948242190,8.3999996185302730,7.8499999046325680,8.1800003051757810,54832020,8.0486717224121100
2022-05-13,8.3100004196167000,8.4499998092651370,8.2299995422363280,8.2600002288818360,26598637,8.1273860931396480
2022-05-16,8.2200002670288090,8.7299995422363280,8.1599998474121100,8.6999998092651370,27788087,8.5603227615356450
2022-05-17,8.7899999618530270,9.0000000000000000,8.7100000381469730,8.8900003433227540,26263483,8.7472724914550780
2022-05-18,8.7899999618530270,8.8800001144409180,8.5299997329711910,8.6400003433227540,30359001,8.5012865066528320
2022-05-19,8.5799999237060550,8.9300003051757810,8.4499998092651370,8.7200002670288090,24186335,8.5800018310546880
2022-05-20,8.8999996185302730,9.2500000000000000,8.6700000762939450,8.8100004196167000,26929944,8.6685562133789060
2022-05-23,8.9099998474121100,8.9399995803833000,8.6599998474121100,8.7299995422363280,17149471,8.5898399353027340
2022-05-24,8.6400003433227540,8.6400003433227540,8.2799997329711910,8.3999996185302730,35808153,8.2651376724243160
2022-05-25,8.3800001144409180,8.6400003433227540,8.3599996566772460,8.5900001525878900,23242950,8.4520874023437500
2022-05-26,8.5900001525878900,8.8800001144409180,8.5799999237060550,8.7799997329711910,14054647,8.6390380859375000
2022-05-27,8.7799997329711910,9.1000003814697270,8.7799997329711910,9.0399999618530270,28165063,8.8948640823364260
2022-05-30,9.0699996948242190,9.2600002288818360,9.0500001907348630,9.1899995803833000,9102538,9.0424547195434570
2022-05-31,9.0200004577636720,9.3699998855590820,8.7899999618530270,9.2600002288818360,180773159,9.1113328933715820
2022-06-01,9.2500000000000000,9.3100004196167000,8.7799997329711910,8.8599996566772460,26621066,8.7177515029907230
2022-06-02,8.8299999237060550,8.8599996566772460,8.5900001525878900,8.6300001144409180,22300497,8.4914455413818360
2022-06-03,8.5900001525878900,8.6000003814697270,8.4200000762939450,8.5500001907348630,18032436,8.4127311706542970
2022-06-06,8.6300001144409180,8.7799997329711910,8.5600004196167000,8.6199998855590820,14340627,8.4816074371337890
2022-06-07,8.5399999618530270,8.6300001144409180,8.3900003433227540,8.6099996566772460,11903495,8.4717683792114260
2022-06-08,8.5600004196167000,8.5600004196167000,8.3199996948242190,8.3999996185302730,20767590,8.2651376724243160
2022-06-09,8.3900003433227540,8.3900003433227540,8.1300001144409180,8.1599998474121100,33633705,8.0289916992187500
2022-06-10,8.0500001907348630,8.1000003814697270,7.7800002098083500,7.8299999237060550,31867936,7.7042903900146480
2022-06-13,7.6999998092651370,7.7199997901916500,7.4000000953674320,7.5599999427795410,74597218,7.4386253356933590
2022-06-14,7.6700000762939450,7.6799998283386230,7.4400000572204590,7.4899997711181640,32598512,7.3697485923767090
2022-06-15,7.6100001335144040,7.6100001335144040,7.1700000762939450,7.1900000572204590,53748279,7.0745654106140140
2022-06-16,7.0799999237060550,7.2600002288818360,6.7899999618530270,6.8200001716613770,58912541,6.7105054855346680
2022-06-17,6.9000000953674320,7.2100000381469730,6.6900000572204590,6.9499998092651370,258491328,6.8384184837341310
2022-06-20,7.0100002288818360,7.2199997901916500,6.9899997711181640,7.1799998283386230,3679644,7.0647258758544920
2022-06-21,7.2199997901916500,7.3899998664855960,7.0100002288818360,7.3499999046325680,35676634,7.2319965362548830
2022-06-22,7.2500000000000000,7.3299999237060550,7.0799999237060550,7.2800002098083500,37434971,7.1631202697753910
2022-06-23,7.2899999618530270,7.5500001907348630,7.2399997711181640,7.4899997711181640,39868192,7.3697485923767090
2022-06-24,7.5000000000000000,7.9699997901916500,7.3899998664855960,7.8299999237060550,43314287,7.7042903900146480
2022-06-27,7.8499999046325680,7.9299998283386230,7.6300001144409180,7.8699998855590820,29928140,7.7436475753784180
2022-06-28,7.9299998283386230,8.1000003814697270,7.7699999809265140,7.8699998855590820,47249246,7.7436475753784180
2022-06-29,7.8699998855590820,7.9600000381469730,7.6599998474121090,7.8499999046325680,40296102,7.7239689826965330
2022-06-30,7.7600002288818360,7.8800001144409180,7.5300002098083500,7.8299999237060550,47756391,7.7042903900146480
2022-07-01,7.7699999809265140,7.9299998283386230,7.7100000381469730,7.8099999427795410,13483052,7.6846113204956055
2022-07-04,7.8000001907348630,7.9099998474121090,7.7100000381469730,7.7500000000000000,6254285,7.6255750656127930
2022-07-05,7.6999998092651370,8.0500001907348630,7.5599999427795410,8.0100002288818360,25663650,7.8813996315002440
2022-07-06,8.0399999618530270,8.1999998092651370,7.9499998092651370,8.0399999618530270,24300505,7.9109187126159670
2022-07-07,8.0900001525878900,8.2700004577636720,8.0000000000000000,8.0299997329711910,22963646,7.9010782241821290
2022-07-08,8.0000000000000000,8.0799999237060550,7.8400001525878910,8.0699996948242190,17730118,7.9404358863830570
2022-07-11,7.9800000190734860,8.0500001907348630,7.7899999618530270,7.8499999046325680,8304512,7.7239689826965330
2022-07-12,7.8699998855590820,8.1300001144409180,7.8299999237060550,8.0799999237060550,28703156,7.9502768516540530
2022-07-13,7.9800000190734860,8.1199998855590820,7.8299999237060550,8.0799999237060550,19352596,7.9502768516540530
2022-07-14,8.0299997329711910,8.0500001907348630,7.8000001907348630,7.9200000762939450,18090823,7.7928457260131840
2022-07-15,7.9499998092651370,8.0699996948242190,7.8699998855590820,8.0399999618530270,8289864,7.9109187126159670
2022-07-18,8.0500001907348630,8.1999998092651370,7.9200000762939450,7.9499998092651370,12716021,7.8223638534545900
2022-07-19,8.0500001907348630,8.1999998092651370,8.0000000000000000,8.1599998474121100,21430016,8.0289916992187500
2022-07-20,8.1400003433227540,8.2700004577636720,8.0500001907348630,8.1099996566772460,14247788,7.9797945022583010
2022-07-21,8.1300001144409180,8.3000001907348630,7.9899997711181640,8.2500000000000000,16902546,8.1175470352172850
2022-07-22,8.2700004577636720,8.4300003051757810,8.1999998092651370,8.2200002670288090,9535137,8.0880289077758790
2022-07-25,8.2200002670288090,8.3400001525878900,8.0399999618530270,8.3100004196167000,10282102,8.1765842437744140
2022-07-26,8.3299999237060550,8.3299999237060550,7.9699997901916500,8.0000000000000000,24552616,7.8715605735778810
2022-07-27,8.0600004196167000,8.0699996948242190,7.8600001335144040,8.0299997329711910,22534355,7.9010782241821290
2022-07-28,8.0200004577636720,8.1599998474121100,7.8400001525878910,8.1300001144409180,18856697,7.9994740486145020
2022-07-29,8.1599998474121100,8.3800001144409180,8.1499996185302730,8.2299995422363280,44329365,8.0978679656982420
2022-08-01,8.1999998092651370,8.3999996185302730,8.0299997329711910,8.3800001144409180,19093008,8.2454595565795900
2022-08-02,8.3699998855590820,8.5900001525878900,8.1999998092651370,8.5399999618530270,26284811,8.4028921127319340
2022-08-03,8.5500001907348630,8.9399995803833000,8.4200000762939450,8.8900003433227540,36732836,8.7472724914550780
2022-08-04,8.8699998855590820,9.0500001907348630,8.6800003051757810,8.7799997329711910,49874878,8.6390380859375000
2022-08-05,8.6700000762939450,8.9200000762939450,8.5799999237060550,8.8599996566772460,26335604,8.7177515029907230
2022-08-08,8.8599996566772460,9.1899995803833000,8.8599996566772460,9.0100002288818360,31911648,8.8653459548950200
2022-08-09,8.9799995422363280,8.9899997711181640,8.7399997711181640,8.7500000000000000,25148041,8.6095190048217770
2022-08-10,8.8900003433227540,9.1700000762939450,8.8299999237060550,8.9899997711181640,43548974,8.8456668853759770
2022-08-11,9.0399999618530270,9.2399997711181640,8.9600000381469730,9.0299997329711910,22479726,8.8850240707397460
2022-08-12,9.1499996185302730,9.2399997711181640,9.0500001907348630,9.2100000381469730,19957550,9.0621347427368160
2022-08-15,9.1999998092651370,9.2500000000000000,9.0500001907348630,9.0500001907348630,18411391,8.9047040939331050
2022-08-16,9.0699996948242190,9.1400003433227540,8.8500003814697270,9.1000003814697270,28146728,8.9539003372192380
2022-08-17,9.0900001525878900,9.0900001525878900,8.9499998092651370,9.0000000000000000,35246704,8.8555059432983400
2022-08-18,8.9899997711181640,8.9899997711181640,8.7899999618530270,8.8800001144409180,18456511,8.7374324798583980
2022-08-19,8.8100004196167000,8.8199996948242190,8.6400003433227540,8.6599998474121100,15784914,8.5209646224975590
2022-08-22,8.6099996566772460,8.6099996566772460,8.3500003814697270,8.3699998855590820,20708599,8.2356204986572270
2022-08-23,8.4200000762939450,8.4700002670288090,8.2299995422363280,8.3800001144409180,24415188,8.2454595565795900
2022-08-24,8.3699998855590820,8.4200000762939450,8.1999998092651370,8.2299995422363280,9934090,8.0978679656982420
2022-08-25,8.3000001907348630,8.4099998474121100,8.2299995422363280,8.3699998855590820,9991012,8.2356204986572270
2022-08-26,8.1599998474121100,8.1700000762939450,8.0000000000000000,8.0299997329711910,5199616,7.9010782241821290
2022-08-29,8.0900001525878900,8.0900001525878900,7.8000001907348630,7.8200001716613770,26308079,7.6944508552551270
2022-08-30,7.8699998855590820,7.9499998092651370,7.6599998474121090,7.7100000381469730,19698554,7.5862164497375490
2022-08-31,7.7300000190734860,7.8400001525878910,7.4299998283386230,7.4699997901916500,69556647,7.3500690460205080
2022-09-01,7.4499998092651370,7.7399997711181640,7.2899999618530270,7.6599998474121090,34898851,7.5370192527771000
2022-09-02,7.7199997901916500,7.9299998283386230,7.6500000953674320,7.8000001907348630,19398350,7.6747713088989260
2022-09-05,7.8400001525878910,7.9099998474121090,7.6900000572204590,7.7100000381469730,985599,7.5862164497375490
2022-09-06,7.7500000000000000,7.8699998855590820,7.5799999237060550,7.6300001144409180,12875081,7.5075016021728520
2022-09-07,7.5999999046325680,7.7600002288818360,7.5199999809265140,7.7300000190734860,21750224,7.6058955192565920
2022-09-08,7.7300000190734860,7.7300000190734860,7.5100002288818360,7.6700000762939450,20138037,7.5468597412109375
2022-09-09,7.7100000381469730,7.9200000762939450,7.7100000381469730,7.8800001144409180,10737320,7.7534875869750980
2022-09-12,7.9099998474121090,8.0500001907348630,7.9000000953674320,8.0000000000000000,11344674,7.8715605735778810
2022-09-13,7.8800001144409180,7.9299998283386230,7.6799998283386230,7.7199997901916500,11104198,7.5960559844970700
2022-09-14,7.7699999809265140,7.7699999809265140,7.5300002098083500,7.5599999427795410,28073140,7.4386253356933590
2022-09-15,7.5900001525878910,7.7399997711181640,7.2100000381469730,7.2600002288818360,88414424,7.1434416770935060
2022-09-19,7.2899999618530270,7.4000000953674320,7.1700000762939450,7.3600001335144040,30537348,7.2418360710144040
2022-09-20,7.3899998664855960,7.3899998664855960,7.0799999237060550,7.1300001144409180,33450883,7.0155291557312010
2022-09-21,7.1399998664855960,7.3699998855590820,7.1300001144409180,7.1900000572204590,38660250,7.0745654106140140
2022-09-22,7.1599998474121090,7.2100000381469730,6.9499998092651370,7.0500001907348630,26089745,6.9368128776550290
2022-09-23,6.9899997711181640,7.0000000000000000,6.8000001907348630,6.9699997901916500,33889932,6.8580970764160160
2022-09-26,6.9600000381469730,7.0300002098083500,6.7500000000000000,6.7500000000000000,16271355,6.6416296958923340
2022-09-27,6.8299999237060550,6.9400000572204590,6.6300001144409180,6.7199997901916500,25459099,6.6121106147766110
2022-09-28,6.7399997711181640,6.9099998474121090,6.6900000572204590,6.8299999237060550,31225819,6.7203450202941895
2022-09-29,6.7899999618530270,6.9200000762939450,6.6100001335144040,6.9000000953674320,27253368,6.7892212867736820
2022-09-30,6.8499999046325680,6.9899997711181640,6.8200001716613770,6.9600000381469730,37407678,6.8482584953308105
2022-10-03,6.9699997901916500,7.0900001525878910,6.8299999237060550,7.0000000000000000,14200538,6.8876156806945800
2022-10-04,7.0500001907348630,7.4800000190734860,7.0500001907348630,7.4699997901916500,29699094,7.3500690460205080
2022-10-05,7.3499999046325680,7.4200000762939450,7.2300000190734860,7.3000001907348630,18452720,7.1827993392944340
2022-10-06,7.2899999618530270,7.4099998474121090,7.1999998092651370,7.2899999618530270,20786636,7.1729602813720700
2022-10-07,7.2699999809265140,7.3000001907348630,7.0900001525878910,7.1199998855590820,18452629,7.0056886672973630
2022-10-10,7.1100001335144040,7.1399998664855960,6.8899998664855960,6.8899998664855960,13802404,6.7793817520141600
2022-10-11,6.9099998474121090,6.9600000381469730,6.7199997901916500,6.8299999237060550,25100225,6.7203450202941895
2022-10-12,6.8299999237060550,6.9299998283386230,6.7100000381469730,6.8400001525878910,25678030,6.7301850318908690
2022-10-13,6.7899999618530270,6.9099998474121090,6.6100001335144040,6.7500000000000000,32275230,6.6416296958923340
2022-10-14,6.7800002098083500,6.8099999427795410,6.4800000190734860,6.5000000000000000,24136753,6.3956432342529300
2022-10-17,6.5999999046325680,6.9899997711181640,6.5999999046325680,6.9200000762939450,23903199,6.8089008331298830
2022-10-18,7.0100002288818360,7.1399998664855960,6.9099998474121090,7.0100002288818360,26033966,6.8974547386169430
2022-10-19,6.9600000381469730,7.0199999809265140,6.7500000000000000,6.7699999809265140,24830682,6.6613087654113770
2022-10-20,6.8499999046325680,6.9800000190734860,6.7500000000000000,6.8200001716613770,30154682,6.7105054855346680
2022-10-21,6.7899999618530270,7.0300002098083500,6.7500000000000000,6.9899997711181640,17035632,6.8777766227722170
2022-10-24,7.0500001907348630,7.0900001525878910,6.9299998283386230,7.0700001716613770,17273160,6.9564919471740720
2022-10-25,7.0500001907348630,7.3200001716613770,7.0300002098083500,7.2500000000000000,38394253,7.1336021423339840
2022-10-26,7.2800002098083500,7.4499998092651370,7.1999998092651370,7.4299998283386230,32283417,7.3107118606567380
2022-10-27,7.3699998855590820,7.4499998092651370,6.8299999237060550,7.0500001907348630,42340978,6.9368128776550290
2022-10-28,7.0399999618530270,7.4600000381469730,6.9699997901916500,7.4499998092651370,24531403,7.3303914070129395
2022-10-31,7.4400000572204590,7.7300000190734860,7.3600001335144040,7.7199997901916500,33541048,7.5960559844970700
2022-11-01,7.6999998092651370,7.9499998092651370,7.5700001716613770,7.7800002098083500,34650189,7.6550927162170410
2022-11-03,7.5999999046325680,7.5999999046325680,7.2500000000000000,7.4099998474121090,52676776,7.2910323143005370
2022-11-04,7.4499998092651370,7.9299998283386230,7.4499998092651370,7.9299998283386230,22833687,7.8026843070983890
2022-11-07,7.9000000953674320,8.0299997329711910,7.8499999046325680,7.9000000953674320,33370701,7.7731666564941410
2022-11-08,7.9000000953674320,8.1400003433227540,7.8600001335144040,8.0399999618530270,31913358,7.9109187126159670
2022-11-09,7.9899997711181640,8.1000003814697270,7.9200000762939450,7.9600000381469730,30934320,7.8322033882141110
2022-11-10,8.0699996948242190,8.5699996948242190,8.0600004196167000,8.5200004577636720,28736939,8.3832120895385740
2022-11-11,8.5299997329711910,9.0000000000000000,8.5200004577636720,8.9300003051757810,37902161,8.7866296768188480
2022-11-14,8.8999996185302730,8.8999996185302730,8.6999998092651370,8.7100000381469730,30883291,8.5701618194580080
2022-11-15,8.8500003814697270,9.0299997329711910,8.6700000762939450,8.7399997711181640,24475493,8.5996799468994140
2022-11-16,8.6899995803833000,8.9200000762939450,8.6300001144409180,8.9099998474121100,36810080,8.7669515609741210
2022-11-17,8.8299999237060550,8.8400001525878900,8.6999998092651370,8.7899999618530270,31528554,8.6488761901855470
2022-11-18,8.8299999237060550,8.8900003433227540,8.7100000381469730,8.7399997711181640,16153370,8.5996799468994140
2022-11-22,8.7100000381469730,8.7899999618530270,8.6000003814697270,8.7299995422363280,28328549,8.5898399353027340
2022-11-23,8.6999998092651370,8.9700002670288090,8.5900001525878900,8.9099998474121100,36615172,8.7669515609741210
2022-11-24,8.9300003051757810,9.0000000000000000,8.9099998474121100,8.9799995422363280,3419704,8.8358259201049800
2022-11-25,9.0000000000000000,9.0000000000000000,8.7200002670288090,8.7500000000000000,11179394,8.6095190048217770
2022-11-28,8.7500000000000000,8.8500003814697270,8.5500001907348630,8.5900001525878900,19984827,8.4520874023437500
2022-11-29,8.5900001525878900,8.6899995803833000,8.4399995803833000,8.4700002670288090,26202573,8.3340167999267580
2022-11-30,8.4700002670288090,8.9099998474121100,8.4399995803833000,8.8199996948242190,81296071,8.6783952713012700
2022-12-01,8.8100004196167000,8.8699998855590820,8.6599998474121100,8.6700000762939450,27042679,8.5308036804199220
2022-12-02,8.6700000762939450,8.6800003051757810,8.4899997711181640,8.5000000000000000,15228744,8.3635339736938480
2022-12-05,8.5200004577636720,8.5799999237060550,8.2899999618530270,8.3400001525878900,11037194,8.2061033248901370
2022-12-06,8.3000001907348630,8.5299997329711910,8.3000001907348630,8.4600000381469730,32200387,8.3241748809814450
2022-12-07,8.4499998092651370,8.5500001907348630,8.2899999618530270,8.3400001525878900,18359054,8.2061033248901370
2022-12-08,8.3900003433227540,8.4700002670288090,8.2600002288818360,8.3100004196167000,22086463,8.1765842437744140
2022-12-09,8.3900003433227540,8.4399995803833000,8.3000001907348630,8.3000001907348630,15533922,8.1667442321777340
2022-12-13,8.5100002288818360,8.6300001144409180,8.1700000762939450,8.1999998092651370,45091498,8.0683488845825200
2022-12-14,8.3100004196167000,8.3500003814697270,8.1700000762939450,8.2700004577636720,25458921,8.1372270584106450
2022-12-15,8.1999998092651370,8.2100000381469730,7.9200000762939450,7.9699997901916500,59799514,7.8420424461364750
2022-12-16,7.9899997711181640,8.0900001525878900,7.9499998092651370,8.0299997329711910,55741962,7.9010782241821290
2022-12-19,8.0799999237060550,8.1700000762939450,7.9699997901916500,8.1000003814697270,12552728,7.9699549674987790
2022-12-20,8.0799999237060550,8.1700000762939450,8.0399999618530270,8.1300001144409180,14243436,7.9994740486145020
2022-12-21,8.1899995803833000,8.3299999237060550,8.1199998855590820,8.2299995422363280,11228494,8.0978679656982420
2022-12-22,8.2399997711181640,8.2399997711181640,8.0200004577636720,8.1499996185302730,12942164,8.0191526412963870
2022-12-23,8.1599998474121100,8.3100004196167000,8.1000003814697270,8.2399997711181640,19829159,8.1077070236206050
2022-12-26,8.2399997711181640,8.3100004196167000,8.1599998474121100,8.1599998474121100,2341380,8.0289916992187500
2022-12-27,8.1400003433227540,8.3699998855590820,8.1199998855590820,8.1899995803833000,8754457,8.0585098266601560
2022-12-28,8.1899995803833000,8.2299995422363280,7.9899997711181640,8.0399999618530270,13693814,7.9109187126159670
2022-12-29,8.0100002288818360,8.2100000381469730,8.0100002288818360,8.1300001144409180,14018634,7.9994740486145020
2022-12-30,8.0699996948242190,8.1099996566772460,7.8299999237060550,7.9200000762939450,27617661,7.7928457260131840
2023-01-02,7.9499998092651370,7.9800000190734860,7.8499999046325680,7.9800000190734860,1833811,7.8518819808959960
2023-01-03,8.0100002288818360,8.1499996185302730,7.9299998283386230,8.0299997329711910,8179125,7.9010782241821290
2023-01-04,8.0399999618530270,8.6000003814697270,8.0399999618530270,8.4799995422363280,22724605,8.3438539505004880
2023-01-05,8.4099998474121100,8.6499996185302730,8.3999996185302730,8.5500001907348630,20844316,8.4127311706542970
2023-01-06,8.5500001907348630,8.8699998855590820,8.5200004577636720,8.8000001907348630,17865796,8.6587171554565430
2023-01-09,8.7799997329711910,9.0399999618530270,8.6199998855590820,8.6199998855590820,29760945,8.4816074371337890
2023-01-10,8.6599998474121100,8.6899995803833000,8.5299997329711910,8.5799999237060550,20796033,8.4422483444213870
2023-01-11,8.6400003433227540,9.3500003814697270,8.6400003433227540,9.3500003814697270,38316628,9.1998872756958000
2023-01-12,9.3400001525878900,9.7399997711181640,9.3400001525878900,9.5500001907348630,57538918,9.3966760635375980
2023-01-13,9.5100002288818360,9.5299997329711910,9.2899999618530270,9.3999996185302730,21608492,9.2490835189819340
2023-01-16,9.3999996185302730,9.5900001525878900,9.3999996185302730,9.5699996948242190,7064375,9.4163541793823240
2023-01-17,9.5699996948242190,9.5699996948242190,9.2799997329711910,9.3500003814697270,19041684,9.1998872756958000
2023-01-18,9.3500003814697270,9.4899997711181640,9.2100000381469730,9.3000001907348630,16566471,9.1506900787353520
2023-01-19,9.3299999237060550,9.4399995803833000,9.2100000381469730,9.2799997329711910,26751962,9.1310110092163090
2023-01-20,9.2500000000000000,9.4899997711181640,9.1700000762939450,9.4399995803833000,20819678,9.2884416580200200
2023-01-23,9.3999996185302730,9.5900001525878900,9.3500003814697270,9.4499998092651370,17221249,9.2982807159423830
2023-01-24,9.4799995422363280,9.5699996948242190,9.3500003814697270,9.5100002288818360,18120486,9.3573179244995120
2023-01-25,9.5000000000000000,9.5900001525878900,9.3800001144409180,9.5900001525878900,15665077,9.4360332489013670
2023-01-26,9.6099996566772460,10.0000000000000000,9.6099996566772460,9.9899997711181640,30895568,9.8296108245849610
2023-01-27,9.9799995422363280,10.1199998855590820,9.8999996185302730,10.0799999237060550,23700701,9.9181671142578120
2023-01-30,10.0100002288818360,10.0100002288818360,9.8500003814697270,9.9300003051757810,21702826,9.7705745697021480
2023-01-31,9.9399995803833000,10.0900001525878900,9.8900003433227540,10.0200004577636720,38200148,9.8591308593750000
2023-02-01,10.0500001907348630,10.2799997329711910,9.9700002670288090,10.2500000000000000,25212340,10.0854377746582030
2023-02-02,10.2899999618530270,10.5299997329711910,10.2100000381469730,10.3000001907348630,33264138,10.1346349716186520
2023-02-03,10.1899995803833000,10.4399995803833000,10.1300001144409180,10.3100004196167000,31136246,10.1444740295410160
2023-02-07,10.2799997329711910,10.2799997329711910,9.8800001144409180,9.9300003051757810,37668303,9.7705745697021480
2023-02-08,9.9300003051757810,10.0500001907348630,9.8400001525878900,9.9600000381469730,31092561,9.8000936508178710
2023-02-09,9.9700002670288090,10.1000003814697270,9.8299999237060550,9.8800001144409180,22183550,9.7213783264160160
2023-02-10,9.8100004196167000,9.8699998855590820,9.5900001525878900,9.6899995803833000,32243342,9.5344285964965820
2023-02-13,9.3199996948242190,9.8100004196167000,9.2100000381469730,9.7799997329711910,42675383,9.6229820251464840
2023-02-14,9.7799997329711910,9.9799995422363280,9.6199998855590820,9.6899995803833000,58905233,9.5344285964965820
2023-02-15,9.6199998855590820,9.8500003814697270,9.6199998855590820,9.8500003814697270,42876335,9.6918592453002930
2023-02-16,9.7899999618530270,9.8400001525878900,9.5600004196167000,9.5799999237060550,35113287,9.4261941909790040
2023-02-17,9.6099996566772460,9.6199998855590820,9.3699998855590820,9.4200000762939450,29081389,9.2687644958496100
2023-02-20,9.4499998092651370,9.4899997711181640,9.4099998474121100,9.4799995422363280,1364398,9.3277988433837890
2023-02-21,9.4600000381469730,9.4600000381469730,9.1199998855590820,9.1199998855590820,33620058,8.9735794067382810
2023-02-22,9.2500000000000000,9.2500000000000000,8.9399995803833000,9.0699996948242190,33498403,8.9243822097778320
2023-02-23,9.1099996566772460,9.1999998092651370,8.9799995422363280,9.1099996566772460,31129796,8.9637403488159180
2023-02-24,9.0500001907348630,9.0500001907348630,8.8599996566772460,8.9200000762939450,31068561,8.7767896652221680
2023-02-27,8.9499998092651370,9.0900001525878900,8.9099998474121100,8.9700002670288090,19800377,8.8259878158569340
2023-02-28,9.0100002288818360,9.1899995803833000,8.9499998092651370,9.1000003814697270,70715204,8.9539003372192380
2023-03-01,9.1599998474121100,9.4499998092651370,9.1099996566772460,9.3900003433227540,29129107,9.2392435073852540
2023-03-02,9.3900003433227540,9.8299999237060550,9.2700004577636720,9.7899999618530270,41412028,9.6328220367431640
2023-03-03,9.8000001907348630,10.2200002670288090,9.7299995422363280,10.1700000762939450,42962470,10.0067205429077150
2023-03-06,9.9899997711181640,10.1599998474121100,9.8900003433227540,9.9600000381469730,25454330,9.8000936508178710
2023-03-07,9.9399995803833000,9.9399995803833000,9.5900001525878900,9.6199998855590820,44890673,9.4655513763427730
2023-03-08,9.6599998474121100,9.8900003433227540,9.5500001907348630,9.6700000762939450,28849685,9.5147485733032230
2023-03-09,9.6700000762939450,9.8299999237060550,9.4799995422363280,9.5699996948242190,46289597,9.4163541793823240
2023-03-10,9.5900001525878900,9.5900001525878900,9.1800003051757810,9.2799997329711910,41776920,9.1310110092163090
2023-03-13,9.2299995422363280,9.5799999237060550,9.1800003051757810,9.4700002670288090,31041441,9.3179607391357420
2023-03-14,9.5000000000000000,9.7100000381469730,9.3299999237060550,9.4300003051757810,39042821,9.2786026000976560
2023-03-15,9.3100004196167000,9.4700002670288090,8.9700002670288090,9.2299995422363280,34432431,9.0818128585815430
2023-03-16,9.1499996185302730,9.4600000381469730,9.1300001144409180,9.3199996948242190,37024027,9.1703672409057620
2023-03-17,9.3000001907348630,9.3000001907348630,8.9799995422363280,9.1999998092651370,123020705,9.0522947311401370
2023-03-21,9.1899995803833000,9.3500003814697270,9.1899995803833000,9.3000001907348630,27797439,9.1506900787353520
2023-03-22,9.2799997329711910,9.4799995422363280,9.2700004577636720,9.3299999237060550,42212980,9.1802072525024410
2023-03-23,9.3900003433227540,9.5799999237060550,9.2799997329711910,9.4099998474121100,32400116,9.2589235305786130
2023-03-24,9.4099998474121100,9.4099998474121100,9.1599998474121100,9.2600002288818360,25693015,9.1113328933715820
2023-03-27,9.2700004577636720,9.3699998855590820,9.1800003051757810,9.1899995803833000,31279431,9.0424547195434570
2023-03-28,9.1999998092651370,9.3800001144409180,9.0699996948242190,9.3800001144409180,29648009,9.2294054031372070
2023-03-29,9.4099998474121100,9.7299995422363280,9.3400001525878900,9.7200002670288090,36839278,9.5639467239379880
2023-03-30,9.7399997711181640,9.8999996185302730,9.7399997711181640,9.7899999618530270,32865931,9.6328220367431640
2023-03-31,9.7799997329711910,9.9399995803833000,9.7799997329711910,9.9200000762939450,35025873,9.7607355117797850
2023-04-03,9.8900003433227540,10.0000000000000000,9.6300001144409180,9.7600002288818360,14991672,9.6033058166503900
2023-04-04,9.8299999237060550,9.8299999237060550,9.6999998092651370,9.7600002288818360,12318926,9.6033058166503900
2023-04-05,9.7899999618530270,9.7899999618530270,9.5000000000000000,9.6099996566772460,8743863,9.4557132720947270
2023-04-10,9.5799999237060550,9.8900003433227540,9.5500001907348630,9.8100004196167000,18693615,9.6525020599365230
2023-04-11,9.8100004196167000,10.0900001525878900,9.8100004196167000,10.0200004577636720,30911962,9.8591308593750000
2023-04-12,10.0000000000000000,10.2299995422363280,9.9799995422363280,10.2200002670288090,33908545,10.0559186935424800
2023-04-13,10.2200002670288090,10.8299999237060550,10.2100000381469730,10.7600002288818360,51427851,10.5872507095336910
2023-04-14,10.7500000000000000,10.8400001525878900,10.5100002288818360,10.8100004196167000,41293610,10.6364459991455080
2023-04-17,10.7100000381469730,10.9099998474121100,10.6999998092651370,10.8599996566772460,38252689,10.6856422424316400
2023-04-18,10.8599996566772460,10.9499998092651370,10.6099996566772460,10.6800003051757810,34806978,10.5085353851318360
2023-04-19,10.6800003051757810,10.6899995803833000,10.5100002288818360,10.6099996566772460,39343720,10.4396572113037110
2023-04-20,10.6499996185302730,10.7100000381469730,10.4499998092651370,10.5399999618530270,29969360,10.3707809448242190
2023-04-21,10.5299997329711910,10.5299997329711910,10.2899999618530270,10.3500003814697270,37854975,10.1838331222534180
2023-04-24,10.4499998092651370,10.5299997329711910,10.3500003814697270,10.4200000762939450,31754948,10.2527084350585940
2023-04-25,10.4200000762939450,10.5399999618530270,10.3100004196167000,10.5399999618530270,27766019,10.3707809448242190
2023-04-26,10.5299997329711910,10.7500000000000000,10.4499998092651370,10.4899997711181640,42875122,10.3215837478637700
2023-04-27,10.5900001525878900,10.6400003433227540,10.5100002288818360,10.6300001144409180,32869755,10.4593362808227540
2023-04-28,10.6300001144409180,10.8500003814697270,10.5200004577636720,10.8100004196167000,47017456,10.6364459991455080
2023-05-02,10.8400001525878900,12.0100002288818360,10.8299999237060550,11.4600000381469730,109045322,11.2760095596313480
2023-05-03,11.4499998092651370,11.4799995422363280,11.2399997711181640,11.3100004196167000,43835336,11.1284189224243160
2023-05-04,11.3699998855590820,11.6800003051757810,11.2799997329711910,11.3299999237060550,41785011,11.1480979919433600
2023-05-05,11.3500003814697270,11.7100000381469730,11.2600002288818360,11.6999998092651370,53865026,11.5121583938598630
2023-05-08,11.6999998092651370,11.8500003814697270,11.6000003814697270,11.6599998474121100,28779716,11.4727993011474610
2023-05-09,11.6199998855590820,11.9799995422363280,11.5699996948242190,11.9499998092651370,34293566,11.7581443786621100
2023-05-10,11.9399995803833000,12.0000000000000000,11.5399999618530270,11.6199998855590820,37675485,11.4334421157836910
2023-05-11,11.5200004577636720,11.7299995422363280,11.4300003051757810,11.6999998092651370,42714506,11.5121583938598630
2023-05-12,11.6499996185302730,11.7299995422363280,11.5600004196167000,11.5900001525878900,26927634,11.4039239883422850
2023-05-15,11.7399997711181640,11.7399997711181640,11.4099998474121100,11.4799995422363280,35022774,11.2956886291503900
2023-05-16,11.4499998092651370,11.5900001525878900,11.4200000762939450,11.5299997329711910,30309109,11.3448858261108400
2023-05-17,11.5699996948242190,11.6499996185302730,11.5399999618530270,11.6199998855590820,36358985,11.4334421157836910
2023-05-18,11.6099996566772460,11.7600002288818360,11.5200004577636720,11.6499996185302730,44727392,11.4629611968994140
2023-05-19,11.6400003433227540,11.7799997329711910,11.4799995422363280,11.5000000000000000,39822933,11.3153686523437500
2023-05-22,11.5100002288818360,11.6400003433227540,11.2899999618530270,11.3299999237060550,36863319,11.1480979919433600
2023-05-23,11.3000001907348630,11.4200000762939450,11.0100002288818360,11.0799999237060550,38194718,10.9021120071411130
2023-05-24,11.0100002288818360,11.0100002288818360,10.6999998092651370,11.0000000000000000,50302268,10.8233957290649410
2023-05-25,11.0299997329711910,11.1700000762939450,10.9300003051757810,11.1000003814697270,43339408,10.9217910766601560
2023-05-26,11.1000003814697270,11.2399997711181640,10.9399995803833000,11.0900001525878900,36902139,10.9119510650634770
2023-05-29,11.0699996948242190,11.1300001144409180,10.8800001144409180,10.9399995803833000,3705952,10.7643585205078120
2023-05-30,10.9399995803833000,11.0299997329711910,10.5000000000000000,10.5699996948242190,55548076,10.4003000259399410
2023-05-31,10.5900001525878900,10.8100004196167000,10.5000000000000000,10.6199998855590820,142812494,10.4494981765747070
2023-06-01,10.6400003433227540,10.8699998855590820,10.5699996948242190,10.6400003433227540,31357972,10.4691772460937500
2023-06-02,10.6400003433227540,11.1800003051757810,10.6400003433227540,11.1300001144409180,41878887,10.9513082504272460
2023-06-05,11.1300001144409180,11.2500000000000000,11.0900001525878900,11.1700000762939450,24178544,10.9906663894653320
2023-06-06,11.1999998092651370,11.6999998092651370,11.1700000762939450,11.6400003433227540,41449890,11.4531211853027340
2023-06-07,11.6000003814697270,11.9499998092651370,11.6000003814697270,11.9300003051757810,60068069,11.7384653091430660
2023-06-08,11.9300003051757810,12.0299997329711910,11.7399997711181640,11.9899997711181640,60633324,11.7975015640258790
2023-06-09,12.0000000000000000,12.1000003814697270,11.7899999618530270,12.0600004196167000,56668245,11.8663778305053710
2023-06-12,12.0200004577636720,12.1000003814697270,11.9300003051757810,11.9799995422363280,29619738,11.7876625061035160
2023-06-13,11.9799995422363280,12.3500003814697270,11.9799995422363280,12.3299999237060550,48402276,12.1320428848266600
2023-06-14,12.3000001907348630,12.5299997329711910,12.2799997329711910,12.4700002670288090,42907555,12.2697954177856450
2023-06-15,12.4899997711181640,12.6899995803833000,12.4300003051757810,12.5299997329711910,44191779,12.3288316726684570
2023-06-16,12.6000003814697270,12.6000003814697270,12.3000001907348630,12.3999996185302730,119939929,12.2009191513061520
2023-06-19,12.3500003814697270,12.4799995422363280,12.2899999618530270,12.3999996185302730,3269012,12.2009191513061520
2023-06-20,12.3400001525878900,12.3699998855590820,12.0000000000000000,12.1099996566772460,45508854,11.9155750274658200
2023-06-21,12.0100002288818360,12.1899995803833000,11.9899997711181640,12.0500001907348630,43949199,11.8565387725830080
2023-06-22,12.0100002288818360,12.0100002288818360,11.7299995422363280,11.8299999237060550,30955391,11.6400699615478520
2023-06-23,11.7899999618530270,11.9300003051757810,11.7399997711181640,11.8699998855590820,35396166,11.6794271469116210
2023-06-26,11.9099998474121100,12.0900001525878900,11.7899999618530270,11.8199996948242190,51860289,11.6302309036254880
2023-06-27,11.8199996948242190,12.1700000762939450,11.7200002670288090,12.0399999618530270,47539913,11.8466997146606450
2023-06-28,12.0600004196167000,12.1099996566772460,11.8500003814697270,11.8999996185302730,48368870,11.7089462280273440
2023-06-29,11.8999996185302730,12.1599998474121100,11.8800001144409180,11.9700002670288090,39858294,11.7778234481811520
2023-06-30,11.9600000381469730,12.1700000762939450,11.9600000381469730,12.1000003814697270,51061092,11.9057350158691400
2023-07-03,12.1099996566772460,12.1800003051757810,11.9799995422363280,12.1700000762939450,17320859,11.9746112823486330
2023-07-04,12.1800003051757810,12.2799997329711910,12.0600004196167000,12.0699996948242190,1875714,11.8762168884277340
2023-07-05,12.1000003814697270,12.1000003814697270,11.7600002288818360,11.8900003433227540,40163443,11.6991071701049800
2023-07-06,11.8900003433227540,11.8900003433227540,11.3000001907348630,11.3500003814697270,48189793,11.1677780151367190
2023-07-07,11.4099998474121100,11.6000003814697270,11.2600002288818360,11.5299997329711910,44981214,11.3448858261108400
2023-07-10,11.5299997329711910,11.7200002670288090,11.4200000762939450,11.6899995803833000,13512570,11.5023183822631840
2023-07-11,11.6800003051757810,12.0000000000000000,11.6800003051757810,11.8999996185302730,27753880,11.7089462280273440
2023-07-12,11.9099998474121100,12.0299997329711910,11.8400001525878900,11.9300003051757810,51962505,11.7384653091430660
2023-07-13,11.9499998092651370,12.5000000000000000,11.9300003051757810,12.3699998855590820,33745996,12.1714010238647460
2023-07-14,12.3900003433227540,12.4499998092651370,12.0600004196167000,12.2700004577636720,25386176,12.0730066299438480
2023-07-17,12.2200002670288090,12.4499998092651370,12.2100000381469730,12.3500003814697270,17724371,12.1517229080200200
2023-07-18,12.2899999618530270,12.5699996948242190,12.2500000000000000,12.5299997329711910,34651179,12.3288316726684570
2023-07-19,12.5299997329711910,12.5299997329711910,12.3900003433227540,12.4799995422363280,41627607,12.2796344757080080
2023-07-20,12.4799995422363280,12.6599998474121100,12.4099998474121100,12.6199998855590820,30635974,12.4173889160156250
2023-07-21,12.5299997329711910,12.6400003433227540,12.4600000381469730,12.6099996566772460,33588355,12.4075469970703120
2023-07-24,12.5799999237060550,12.5900001525878900,12.3100004196167000,12.4700002670288090,36939432,12.2697954177856450
2023-07-25,12.4700002670288090,12.6700000762939450,12.4099998474121100,12.6199998855590820,29964411,12.4173889160156250
2023-07-26,12.6099996566772460,12.8999996185302730,12.5900001525878900,12.7600002288818360,39354515,12.5551404953002930
2023-07-27,13.0100002288818360,13.6800003051757810,12.7500000000000000,12.7899999618530270,73411290,12.5846576690673830
2023-07-28,12.7799997329711910,13.0500001907348630,12.7200002670288090,12.8199996948242190,28732383,12.6141748428344730
2023-07-31,12.8199996948242190,12.9600000381469730,12.6099996566772460,12.7600002288818360,36510140,12.5551404953002930
2023-08-01,12.7299995422363280,12.9499998092651370,12.5200004577636720,12.8800001144409180,35198054,12.6732120513916020
2023-08-02,12.8299999237060550,12.9300003051757810,12.6499996185302730,12.8800001144409180,43862111,12.6732120513916020
2023-08-03,12.7899999618530270,13.0200004577636720,12.7500000000000000,12.9700002670288090,46093715,12.7617692947387700
2023-08-04,13.0000000000000000,13.1499996185302730,12.8299999237060550,13.0900001525878900,30993692,12.8798408508300780
2023-08-07,13.0799999237060550,13.4200000762939450,13.0200004577636720,13.4099998474121100,44059245,13.1947031021118160
2023-08-08,13.2899999618530270,13.5399999618530270,13.1300001144409180,13.5399999618530270,34644307,13.3226175308227540
2023-08-09,13.4899997711181640,13.6400003433227540,13.3900003433227540,13.5600004196167000,62264122,13.3422956466674800
2023-08-10,13.5600004196167000,13.6000003814697270,13.2500000000000000,13.3500003814697270,38249468,13.1356668472290040
2023-08-11,13.3299999237060550,13.4899997711181640,13.1499996185302730,13.2299995422363280,42299513,13.0175933837890620
2023-08-14,13.2500000000000000,13.6099996566772460,13.0600004196167000,13.5600004196167000,37294915,13.3422956466674800
2023-08-15,13.5600004196167000,13.7299995422363280,13.5100002288818360,13.6800003051757810,39977437,13.4603700637817380
2023-08-16,13.6800003051757810,13.9499998092651370,13.6099996566772460,13.8299999237060550,52517254,13.6079607009887700
2023-08-17,13.8000001907348630,13.9499998092651370,13.1599998474121100,13.1999998092651370,43609534,12.9880752563476560
2023-08-18,13.1499996185302730,13.4200000762939450,12.9300003051757810,13.3000001907348630,32813084,13.0864706039428710
2023-08-21,13.3299999237060550,13.5399999618530270,13.1800003051757810,13.5299997329711910,24423923,13.3127765655517580
2023-08-22,13.5299997329711910,13.6599998474121100,13.3699998855590820,13.6300001144409180,25851161,13.4111719131469730
2023-08-23,13.6400003433227540,13.8699998855590820,13.6199998855590820,13.6800003051757810,28330109,13.4603700637817380
2023-08-24,13.6599998474121100,13.7500000000000000,13.3999996185302730,13.4499998092651370,25219832,13.2340621948242190
2023-08-25,13.4499998092651370,13.7100000381469730,13.2700004577636720,13.6599998474121100,26950854,13.4406900405883790
2023-08-28,13.6300001144409180,13.8900003433227540,13.6300001144409180,13.8400001525878900,13447300,13.6178016662597660
2023-08-29,13.8400001525878900,14.0500001907348630,13.6199998855590820,14.0299997329711910,28025214,13.8047504425048830
2023-08-30,13.9600000381469730,14.1700000762939450,13.9200000762939450,13.9200000762939450,30742066,13.6965169906616210
2023-08-31,13.9499998092651370,14.0200004577636720,13.3999996185302730,13.5900001525878900,127240134,13.3718137741088870
2023-09-01,13.5500001907348630,13.9799995422363280,13.5500001907348630,13.7600002288818360,15951177,13.5390863418579100
2023-09-04,13.7600002288818360,13.8299999237060550,13.6800003051757810,13.8000001907348630,1740108,13.5784425735473630
2023-09-05,13.8000001907348630,13.9099998474121100,13.4099998474121100,13.4499998092651370,40667248,13.2340621948242190
2023-09-06,13.5100002288818360,13.6599998474121100,13.1999998092651370,13.2799997329711910,37360932,13.0667905807495120
2023-09-07,13.2899999618530270,13.2899999618530270,12.9799995422363280,13.0200004577636720,34711259,12.8109645843505860
2023-09-08,13.0200004577636720,13.0699996948242190,12.6899995803833000,12.6999998092651370,32152467,12.4961032867431640
2023-09-11,12.7100000381469730,12.8900003433227540,12.1999998092651370,12.1999998092651370,45513937,12.0041294097900390
2023-09-12,12.2600002288818360,12.2700004577636720,11.9300003051757810,11.9799995422363280,53128010,11.7876625061035160
2023-09-13,11.9099998474121100,12.0500001907348630,11.8100004196167000,11.8500003814697270,48403921,11.6597490310668950
2023-09-14,11.8500003814697270,11.9499998092651370,11.6599998474121100,11.7399997711181640,41113149,11.5515136718750000
2023-09-15,11.7299995422363280,11.7399997711181640,11.5100002288818360,11.6700000762939450,148740325,11.4826383590698240
2023-09-18,11.6999998092651370,11.9499998092651370,11.6700000762939450,11.9200000762939450,27102854,11.7286262512207030
2023-09-19,11.9499998092651370,12.3500003814697270,11.6899995803833000,12.2100000381469730,51263638,12.0139694213867190
2023-09-20,12.3100004196167000,12.3800001144409180,12.1599998474121100,12.1999998092651370,50623422,12.0041294097900390
2023-09-21,12.1999998092651370,12.1999998092651370,11.5399999618530270,11.7200002670288090,59214379,11.5318374633789060
2023-09-22,11.7500000000000000,11.8500003814697270,11.5100002288818360,11.5100002288818360,33584812,11.3252077102661130
2023-09-25,11.5500001907348630,11.8100004196167000,11.5500001907348630,11.6199998855590820,55789915,11.4334421157836910
2023-09-26,11.6400003433227540,11.6400003433227540,11.4499998092651370,11.4799995422363280,49266365,11.2956886291503900
2023-09-27,11.5000000000000000,11.7500000000000000,11.5000000000000000,11.6300001144409180,50092328,11.4432821273803710
2023-09-28,11.6000003814697270,11.7399997711181640,11.5500001907348630,11.6199998855590820,39346514,11.4334421157836910
2023-09-29,11.6700000762939450,11.7799997329711910,11.3299999237060550,11.3500003814697270,46008224,11.1677780151367190
2023-10-02,11.3500003814697270,11.5699996948242190,11.2399997711181640,11.4300003051757810,28936628,11.2464933395385740
2023-10-03,11.4099998474121100,11.4499998092651370,11.0000000000000000,11.0500001907348630,50275758,10.8725938796997070
2023-10-04,11.1099996566772460,11.2799997329711910,10.9700002670288090,11.2700004577636720,52474928,11.0890617370605470
2023-10-05,11.2399997711181640,11.2399997711181640,10.4600000381469730,10.6800003051757810,71773016,10.5085353851318360
2023-10-06,10.7299995422363280,10.9799995422363280,10.6400003433227540,10.6400003433227540,45384959,10.4691772460937500
2023-10-09,10.6400003433227540,10.8400001525878900,10.3999996185302730,10.7700004577636720,35342497,10.5970888137817380
2023-10-10,10.7700004577636720,11.0299997329711910,10.6599998474121100,10.9399995803833000,34438944,10.7643585205078120
2023-10-11,11.0500001907348630,11.5200004577636720,10.9799995422363280,11.4799995422363280,48608839,11.2956886291503900
2023-10-12,11.3900003433227540,11.4799995422363280,11.0299997329711910,11.1400003433227540,51794788,10.9611482620239260
2023-10-13,11.1400003433227540,11.3100004196167000,11.0500001907348630,11.1400003433227540,47809826,10.9611482620239260
2023-10-16,11.1499996185302730,11.9399995803833000,11.1499996185302730,11.5500001907348630,29470332,11.3645668029785160
2023-10-17,11.5100002288818360,11.6000003814697270,11.3100004196167000,11.5399999618530270,40380757,11.3547267913818360
2023-10-18,11.5399999618530270,11.5399999618530270,11.0500001907348630,11.1400003433227540,50573170,10.9611482620239260
2023-10-19,11.1999998092651370,11.3400001525878900,11.0299997329711910,11.0699996948242190,50091879,10.8922719955444340
2023-10-20,11.0500001907348630,11.0799999237060550,10.9099998474121100,10.9399995803833000,36206147,10.7643585205078120
2023-10-23,11.0000000000000000,11.0000000000000000,10.7899999618530270,10.8400001525878900,29151110,10.6659650802612300
2023-10-24,10.8400001525878900,11.0100002288818360,10.8000001907348630,10.8199996948242190,22369907,10.6462850570678710
2023-10-25,10.8299999237060550,11.1099996566772460,10.7799997329711910,11.0500001907348630,38125655,10.8725938796997070
2023-10-26,11.1300001144409180,11.6099996566772460,11.0100002288818360,11.3299999237060550,32597917,11.1480979919433600
2023-10-27,11.3199996948242190,11.3699998855590820,10.7600002288818360,10.7799997329711910,51511633,10.6069278717041020
2023-10-30,10.7899999618530270,10.9499998092651370,10.6000003814697270,10.7600002288818360,36162542,10.5872507095336910
2023-10-31,10.7200002670288090,10.9600000381469730,10.6300001144409180,10.7899999618530270,56408352,10.6167669296264650
2023-11-01,10.8400001525878900,11.0500001907348630,10.8100004196167000,10.9499998092651370,27291002,10.7741994857788090
2023-11-03,11.1000003814697270,11.7700004577636720,11.1000003814697270,11.6800003051757810,49216570,11.4924793243408200
2023-11-06,11.6999998092651370,11.8900003433227540,11.6700000762939450,11.8400001525878900,54449845,11.6499109268188480
2023-11-07,11.8100004196167000,11.9899997711181640,11.6599998474121100,11.9300003051757810,57507349,11.7384653091430660
2023-11-08,11.9499998092651370,12.1899995803833000,11.8699998855590820,12.1400003433227540,30468617,11.9450931549072270
2023-11-09,12.1499996185302730,12.3699998855590820,12.1499996185302730,12.2899999618530270,51741983,12.0926847457885740
2023-11-10,12.3599996566772460,12.3900003433227540,12.2100000381469730,12.2799997329711910,48074332,12.0828447341918950
2023-11-13,12.2799997329711910,12.3599996566772460,12.0699996948242190,12.1199998855590820,32349680,11.9254140853881840
2023-11-14,12.1700000762939450,12.4899997711181640,12.1700000762939450,12.3199996948242190,42469531,12.1222028732299800
2023-11-15,12.3199996948242190,12.5000000000000000,12.1400003433227540,12.1899995803833000,49638004,11.9942913055419920
2023-11-16,12.2299995422363280,12.2700004577636720,11.8900003433227540,11.8900003433227540,37581748,11.6991071701049800
2023-11-17,11.8999996185302730,12.2100000381469730,11.8999996185302730,12.0699996948242190,26092335,11.8762168884277340
2023-11-21,11.7899999618530270,11.9499998092651370,11.5100002288818360,11.7899999618530270,32936007,11.6007118225097660
2023-11-22,11.7899999618530270,11.9099998474121100,11.6300001144409180,11.6599998474121100,26389651,11.4727993011474610
2023-11-23,11.6599998474121100,11.8699998855590820,11.6599998474121100,11.8400001525878900,2541538,11.6499109268188480
2023-11-24,11.8400001525878900,11.9499998092651370,11.4899997711181640,11.8800001144409180,10271835,11.6892681121826170
2023-11-27,11.8500003814697270,11.8500003814697270,11.5100002288818360,11.5299997329711910,54784112,11.3448858261108400
2023-11-28,11.5000000000000000,11.8400001525878900,11.5000000000000000,11.6599998474121100,37722654,11.4727993011474610
2023-11-29,11.6300001144409180,12.0600004196167000,11.5900001525878900,12.0600004196167000,50999004,11.8663778305053710
2023-11-30,12.0399999618530270,12.1300001144409180,11.8500003814697270,12.0699996948242190,87038275,11.8762168884277340
2023-12-01,12.0299997329711910,12.3999996185302730,11.9099998474121100,12.3900003433227540,31168475,12.1910800933837890
2023-12-04,12.3000001907348630,12.4399995803833000,12.1999998092651370,12.3000001907348630,54647657,12.1025257110595700
2023-12-05,12.3199996948242190,12.3199996948242190,12.0100002288818360,12.1099996566772460,72280950,11.9155750274658200
2023-12-06,12.0900001525878900,12.3100004196167000,12.0900001525878900,12.1400003433227540,47556234,11.9450931549072270
2023-12-07,12.1400003433227540,12.2799997329711910,12.0500001907348630,12.2399997711181640,43952398,12.0434875488281250
2023-12-08,12.2299995422363280,12.3699998855590820,12.1499996185302730,12.3299999237060550,52045514,12.1320428848266600
2023-12-11,12.3500003814697270,12.5900001525878900,12.3199996948242190,12.4399995803833000,41593973,12.2402763366699220
2023-12-13,12.4399995803833000,12.9200000762939450,12.3699998855590820,12.9099998474121100,60841009,12.7027311325073240
2023-12-14,12.9099998474121100,13.6999998092651370,12.9099998474121100,13.5200004577636720,63760395,13.3029375076293950
2023-12-15,13.5500001907348630,13.6999998092651370,13.3900003433227540,13.4799995422363280,142022124,13.2635784149169920
2023-12-18,13.4899997711181640,13.6300001144409180,13.4300003051757810,13.5699996948242190,34591676,13.3521356582641600
2023-12-19,13.6300001144409180,13.7200002670288090,13.4899997711181640,13.6099996566772460,39127711,13.3914937973022460
2023-12-20,13.5399999618530270,13.6700000762939450,13.4099998474121100,13.4300003051757810,30226950,13.2143831253051760
2023-12-21,13.4499998092651370,13.7899999618530270,13.4300003051757810,13.7899999618530270,16755410,13.5686016082763670
2023-12-22,13.8100004196167000,13.9600000381469730,13.7299995422363280,13.9499998092651370,15701809,13.7260332107543950
2023-12-26,13.8999996185302730,14.0200004577636720,13.7500000000000000,13.8000001907348630,5316780,13.5784425735473630
2023-12-27,13.8500003814697270,13.8500003814697270,13.7200002670288090,13.7500000000000000,8038434,13.5292434692382810
2023-12-28,13.7200002670288090,13.7500000000000000,13.2100000381469730,13.4300003051757810,10191686,13.2143831253051760
2023-12-29,13.3999996185302730,13.4300003051757810,13.1899995803833000,13.2100000381469730,8685119,12.9979133605957030
2024-01-02,13.2200002670288090,13.2500000000000000,12.9399995803833000,13.0100002288818360,11953282,12.8011264801025390
2024-01-03,13.0000000000000000,13.0000000000000000,12.6199998855590820,12.6599998474121100,17282583,12.4567441940307620
2024-01-04,12.6300001144409180,12.7899999618530270,12.6000003814697270,12.6599998474121100,13687988,12.4567441940307620
2024-01-05,12.6700000762939450,13.0200004577636720,12.6300001144409180,13.0100002288818360,21050250,12.8011264801025390
2024-01-08,13.0299997329711910,13.1000003814697270,12.8900003433227540,13.0600004196167000,26674392,12.8503236770629880
2024-01-09,13.1300001144409180,13.2899999618530270,13.1000003814697270,13.2500000000000000,39927890,13.0372724533081050
2024-01-10,13.1700000762939450,13.3900003433227540,13.0699996948242190,13.3599996566772460,37597022,13.1455068588256840
2024-01-11,13.3299999237060550,13.3800001144409180,13.1700000762939450,13.2500000000000000,39201345,13.0372724533081050
2024-01-12,13.2200002670288090,13.3500003814697270,13.1199998855590820,13.2200002670288090,40639435,13.0077552795410160
2024-01-15,13.2399997711181640,13.2399997711181640,13.0200004577636720,13.0500001907348630,1507506,12.8404836654663090
2024-01-16,13.0799999237060550,13.2799997329711910,12.7299995422363280,12.8000001907348630,52491279,12.5944967269897460
2024-01-17,12.7500000000000000,12.9099998474121100,12.5299997329711910,12.8599996566772460,58812845,12.6535329818725590
2024-01-18,12.8000001907348630,12.9499998092651370,12.6300001144409180,12.7399997711181640,50861807,12.5354595184326170
2024-01-19,12.7700004577636720,12.8500003814697270,12.5399999618530270,12.7899999618530270,48349554,12.5846576690673830
2024-01-22,12.8199996948242190,12.9399995803833000,12.6999998092651370,12.8199996948242190,41608569,12.6141748428344730
2024-01-23,12.8699998855590820,13.1700000762939450,12.8599996566772460,13.0299997329711910,33750213,12.8208045959472660
2024-01-24,13.0200004577636720,13.3999996185302730,13.0200004577636720,13.3900003433227540,63512183,13.1750249862670900
2024-01-25,13.3400001525878900,14.1000003814697270,13.3400001525878900,13.9799995422363280,70337530,13.7555532455444340
2024-01-26,13.9200000762939450,14.3000001907348630,13.9200000762939450,14.1400003433227540,50850705,13.9129838943481450
2024-01-29,14.1000003814697270,14.3299999237060550,14.1000003814697270,14.3199996948242190,52884107,14.0900926589965820
2024-01-30,14.2299995422363280,14.4399995803833000,14.1599998474121100,14.3500003814697270,72339583,14.1196126937866210
2024-01-31,14.3100004196167000,14.3699998855590820,14.1700000762939450,14.2700004577636720,57370202,14.0408973693847660
2024-02-01,14.3000001907348630,14.5000000000000000,14.2399997711181640,14.3699998855590820,48122917,14.1392908096313480
2024-02-02,14.5000000000000000,14.7500000000000000,14.3500003814697270,14.7299995422363280,32597702,14.4935102462768550
2024-02-06,14.6099996566772460,14.8299999237060550,14.5699996948242190,14.8000001907348630,54220217,14.5623874664306640
2024-02-07,14.8299999237060550,15.0000000000000000,14.7700004577636720,14.9099998474121100,42833830,14.6706218719482420
2024-02-08,14.8100004196167000,14.8599996566772460,13.4099998474121100,13.6599998474121100,83719766,13.4406900405883790
2024-02-09,13.6899995803833000,13.6899995803833000,12.9600000381469730,13.1199998855590820,30042709,12.9093599319458000
2024-02-12,13.1000003814697270,13.3800001144409180,13.0399999618530270,13.3400001525878900,55965800,13.1258287429809570
2024-02-13,13.2500000000000000,13.3000001907348630,12.9700002670288090,13.1099996566772460,35189038,12.8995208740234380
2024-02-14,13.1000003814697270,13.2200002670288090,12.9399995803833000,12.9899997711181640,56772146,12.7814474105834960
2024-02-15,12.9600000381469730,13.2899999618530270,12.9600000381469730,13.1499996185302730,53183702,12.9388771057128900
2024-02-16,13.1300001144409180,13.4600000381469730,13.1300001144409180,13.3900003433227540,34918428,13.1750249862670900
2024-02-19,13.4200000762939450,13.5100002288818360,13.2200002670288090,13.2200002670288090,6036601,13.0077552795410160
2024-02-20,13.3599996566772460,13.6300001144409180,13.3100004196167000,13.4300003051757810,48846979,13.2143831253051760
2024-02-21,13.4499998092651370,13.5699996948242190,13.3000001907348630,13.5600004196167000,51847645,13.3422956466674800
2024-02-22,13.4200000762939450,13.7600002288818360,13.4200000762939450,13.7100000381469730,34644678,13.4898872375488280
2024-02-23,13.6499996185302730,14.0399999618530270,13.6499996185302730,14.0000000000000000,55520678,13.7752313613891600
2024-02-26,13.9600000381469730,14.0699996948242190,13.8500003814697270,13.8500003814697270,47546307,13.6276397705078120
2024-02-27,13.9499998092651370,13.9499998092651370,13.6000003814697270,13.6300001144409180,49766403,13.4111719131469730
2024-02-28,13.6400003433227540,13.6400003433227540,13.1700000762939450,13.1899995803833000,47463388,12.9782352447509770
2024-02-29,13.2700004577636720,13.5100002288818360,13.0000000000000000,13.0399999618530270,124352830,12.8306446075439450
2024-03-01,13.0299997329711910,13.4300003051757810,13.0299997329711910,13.3500003814697270,31221078,13.1356668472290040
2024-03-04,13.3999996185302730,13.5200004577636720,13.1400003433227540,13.2299995422363280,33491358,13.0175933837890620
2024-03-05,13.1999998092651370,13.1999998092651370,12.8299999237060550,13.1099996566772460,39590582,12.8995208740234380
2024-03-06,13.1000003814697270,13.3000001907348630,13.0799999237060550,13.2600002288818360,33637407,13.0471124649047850
2024-03-07,13.2899999618530270,13.5799999237060550,13.2799997329711910,13.3400001525878900,33222664,13.1258287429809570
2024-03-08,13.3900003433227540,13.4200000762939450,13.2500000000000000,13.3000001907348630,29495607,13.0864706039428710
2024-03-11,13.3699998855590820,13.6599998474121100,13.2600002288818360,13.6599998474121100,51208780,13.4406900405883790
2024-03-12,13.6599998474121100,13.7600002288818360,13.4799995422363280,13.5600004196167000,56321521,13.3422956466674800
2024-03-13,13.5299997329711910,13.6700000762939450,13.4700002670288090,13.6000003814697270,43614889,13.3816528320312500
2024-03-14,13.6099996566772460,14.1099996566772460,13.5900001525878900,14.1000003814697270,52761584,13.8736257553100590
2024-03-15,14.0699996948242190,14.2600002288818360,13.9899997711181640,14.0799999237060550,166533478,13.8539457321167000
2024-03-19,14.1099996566772460,14.1499996185302730,13.8699998855590820,13.9099998474121100,38224282,13.6866760253906250
2024-03-20,13.9399995803833000,14.1300001144409180,13.8199996948242190,14.0799999237060550,45869305,13.8539457321167000
2024-03-21,14.0799999237060550,14.2700004577636720,14.0799999237060550,14.1800003051757810,64821020,13.9523420333862300
2024-03-22,14.1899995803833000,14.4700002670288090,14.0699996948242190,14.4300003051757810,46088056,14.1983280181884770
2024-03-25,14.3800001144409180,14.4899997711181640,14.1400003433227540,14.4200000762939450,21451309,14.1884889602661130
2024-03-26,14.3999996185302730,14.6999998092651370,14.3100004196167000,14.6599998474121100,25349832,14.4246349334716800
2024-03-27,14.6599998474121100,14.7899999618530270,14.6499996185302730,14.6899995803833000,19830196,14.4541530609130860
2024-04-01,14.6700000762939450,15.1499996185302730,14.6700000762939450,15.0799999237060550,49932352,14.8378915786743160
2024-04-02,15.0299997329711910,15.0900001525878900,14.9099998474121100,15.0000000000000000,51463403,14.7591762542724610
2024-04-03,14.9499998092651370,15.3000001907348630,14.8699998855590820,15.1300001144409180,52053920,14.8870897293090820
2024-04-04,15.2200002670288090,15.2299995422363280,14.6899995803833000,14.7100000381469730,47045978,14.4738321304321290
2024-04-05,14.7100000381469730,14.7600002288818360,14.4799995422363280,14.6000003814697270,68359972,14.3655986785888670
2024-04-08,14.5200004577636720,14.6000003814697270,14.3699998855590820,14.5000000000000000,35167903,14.2672042846679690
2024-04-09,14.5299997329711910,14.7100000381469730,14.3000001907348630,14.3900003433227540,54034408,14.1589689254760740
2024-04-10,14.3500003814697270,14.3500003814697270,14.0799999237060550,14.1199998855590820,62397056,13.8933048248291020
2024-04-11,14.2299995422363280,14.3699998855590820,14.0699996948242190,14.3500003814697270,57142032,14.1196126937866210
2024-04-12,14.3500003814697270,14.5100002288818360,14.1800003051757810,14.2600002288818360,34379948,14.0310583114624020
2024-04-15,14.2200002670288090,14.3999996185302730,14.0000000000000000,14.0600004196167000,31371400,13.8342676162719730
2024-04-16,14.1099996566772460,14.6400003433227540,14.0399999618530270,14.3500003814697270,81208371,14.1196126937866210
2024-04-17,14.3400001525878900,14.3400001525878900,13.8800001144409180,13.8900003433227540,62502479,13.6669969558715820
2024-04-18,13.8400001525878900,14.1300001144409180,13.6999998092651370,13.7799997329711910,59883546,13.5587635040283200
2024-04-19,13.8500003814697270,13.8599996566772460,13.4899997711181640,13.6599998474121100,28079604,13.4406900405883790
2024-04-22,13.7700004577636720,14.0799999237060550,13.6899995803833000,14.0399999618530270,48127183,13.8145895004272460
2024-04-23,14.0100002288818360,14.1800003051757810,13.8699998855590820,14.0100002288818360,40545241,13.7850704193115230
2024-04-24,14.0500001907348630,14.0500001907348630,13.3900003433227540,13.8500003814697270,60195976,13.6276397705078120
2024-04-25,13.8900003433227540,14.2100000381469730,13.4899997711181640,14.0399999618530270,64534271,13.8145895004272460
2024-04-26,14.1099996566772460,14.2299995422363280,14.0699996948242190,14.1899995803833000,51402595,13.9621810913085940
2024-04-29,14.1899995803833000,14.1999998092651370,13.7899999618530270,13.7899999618530270,66358423,13.5686016082763670
2024-04-30,13.7899999618530270,13.9499998092651370,13.5200004577636720,13.5500001907348630,82297410,13.3324565887451170
2024-05-02,13.5000000000000000,13.5600004196167000,13.2500000000000000,13.3299999237060550,56766312,13.1159877777099610
2024-05-03,13.3400001525878900,13.7299995422363280,13.3400001525878900,13.5900001525878900,37544555,13.3718137741088870
2024-05-06,13.6400003433227540,13.7399997711181640,13.3500003814697270,13.4499998092651370,42766456,13.2340621948242190
2024-05-07,13.4899997711181640,13.5299997329711910,13.1499996185302730,13.2299995422363280,76324931,13.0175933837890620
2024-05-08,13.2299995422363280,13.2700004577636720,12.9799995422363280,13.1000003814697270,71839481,12.8896799087524410
2024-05-09,13.2299995422363280,13.3400001525878900,13.1199998855590820,13.2100000381469730,44641287,12.9979133605957030
2024-05-10,13.2799997329711910,13.4099998474121100,13.2600002288818360,13.3199996948242190,67315206,13.1061477661132810
2024-05-13,13.3000001907348630,13.4899997711181640,13.3000001907348630,13.3500003814697270,26344592,13.1356668472290040
2024-05-14,13.3199996948242190,13.3699998855590820,13.1300001144409180,13.2799997329711910,64029833,13.0667905807495120
2024-05-15,13.2799997329711910,13.5200004577636720,13.1300001144409180,13.1700000762939450,49952208,12.9585561752319340
2024-05-16,13.1199998855590820,13.2899999618530270,13.0200004577636720,13.0799999237060550,51280938,12.8700017929077150
2024-05-17,13.1099996566772460,13.1300001144409180,12.8599996566772460,12.8900003433227540,20977964,12.6830530166625980
2024-05-20,12.9499998092651370,13.0299997329711910,12.8599996566772460,13.0299997329711910,29798510,12.8208045959472660
2024-05-21,13.0000000000000000,13.0000000000000000,12.6700000762939450,12.8599996566772460,50423908,12.6535329818725590
2024-05-22,12.8999996185302730,12.9300003051757810,12.6000003814697270,12.6899995803833000,34192749,12.4862642288208000
2024-05-23,12.6999998092651370,12.8100004196167000,12.6000003814697270,12.7600002288818360,34041919,12.5551404953002930
2024-05-24,12.7100000381469730,12.8199996948242190,12.6499996185302730,12.7200002670288090,27303609,12.5157823562622070
2024-05-27,12.6499996185302730,12.7399997711181640,12.6000003814697270,12.6199998855590820,6714280,12.4173889160156250
2024-05-28,12.7299995422363280,12.8599996566772460,12.6000003814697270,12.7399997711181640,45719488,12.5354595184326170
2024-05-29,12.6599998474121100,12.8000001907348630,12.4200000762939450,12.7100000381469730,69360600,12.5059423446655270
2024-05-30,12.7500000000000000,13.1400003433227540,12.5699996948242190,12.9700002670288090,50486702,12.7617692947387700
2024-05-31,12.9300003051757810,13.0000000000000000,12.6999998092651370,12.7899999618530270,199316817,12.5846576690673830
2024-06-03,12.6999998092651370,12.8699998855590820,11.9600000381469730,12.1599998474121100,70812809,11.9647722244262700
2024-06-04,12.1599998474121100,12.6499996185302730,12.1599998474121100,12.3500003814697270,78138400,12.1517229080200200
2024-06-05,12.3599996566772460,12.6099996566772460,12.2799997329711910,12.4399995803833000,60863584,12.2402763366699220
2024-06-06,12.4499998092651370,12.6700000762939450,12.3500003814697270,12.3699998855590820,77129714,12.1714010238647460
2024-06-07,12.3599996566772460,12.6300001144409180,11.9799995422363280,12.1599998474121100,72607385,11.9647722244262700
2024-06-10,12.1800003051757810,12.4300003051757810,12.0900001525878900,12.1899995803833000,47000706,11.9942913055419920
2024-06-11,12.1899995803833000,12.3199996948242190,11.8999996185302730,11.8999996185302730,40195489,11.7089462280273440
2024-06-12,12.0100002288818360,12.4799995422363280,12.0000000000000000,12.3699998855590820,50669242,12.1714010238647460
2024-06-13,12.3400001525878900,12.3699998855590820,12.1099996566772460,12.1899995803833000,34782054,11.9942913055419920
2024-06-14,12.1700000762939450,12.1700000762939450,11.7600002288818360,11.8299999237060550,55004059,11.6400699615478520
2024-06-17,11.8299999237060550,12.0900001525878900,11.7299995422363280,12.0500001907348630,25637614,11.9049673080444340
2024-06-18,12.0500001907348630,12.2299995422363280,11.9099998474121100,11.9600000381469730,32033877,11.8160486221313480
2024-06-19,11.9600000381469730,12.1300001144409180,11.9099998474121100,11.9600000381469730,4966538,11.8160486221313480
2024-06-20,11.9899997711181640,12.0000000000000000,11.6400003433227540,11.7700004577636720,28934572,11.6283369064331050
2024-06-21,11.8500003814697270,11.8500003814697270,11.2399997711181640,11.3900003433227540,312289040,11.2529115676879880
2024-06-24,11.4399995803833000,11.6000003814697270,11.3000001907348630,11.4499998092651370,59028587,11.3121881484985350
2024-06-25,11.4300003051757810,11.6000003814697270,11.2600002288818360,11.5500001907348630,53728838,11.4109840393066400
2024-06-26,11.5500001907348630,11.7799997329711910,11.3599996566772460,11.6000003814697270,71280192,11.4603834152221680
2024-06-27,11.6599998474121100,11.7899999618530270,11.5200004577636720,11.7200002670288090,45307267,11.5789384841918950
2024-06-28,11.7299995422363280,11.8400001525878900,11.5600004196167000,11.6999998092651370,50459894,11.5591793060302730
2024-07-01,11.7600002288818360,11.8299999237060550,11.5500001907348630,11.5500001907348630,42695072,11.4109840393066400
2024-07-02,11.5399999618530270,11.5600004196167000,11.0500001907348630,11.2100000381469730,69246117,11.0750770568847660
2024-07-03,11.1400003433227540,11.4499998092651370,11.0100002288818360,11.1099996566772460,19389602,10.9762802124023440
2024-07-04,11.1800003051757810,11.1999998092651370,11.0900001525878900,11.1000003814697270,1703872,10.9664001464843750
2024-07-05,11.1099996566772460,11.3000001907348630,11.0900001525878900,11.1499996185302730,42629288,11.0157976150512700
2024-07-08,11.1400003433227540,11.3500003814697270,11.0900001525878900,11.3500003814697270,45080419,11.2133913040161130
2024-07-09,11.3500003814697270,11.3900003433227540,11.1199998855590820,11.2100000381469730,33746623,11.0750770568847660
2024-07-10,11.1400003433227540,11.9600000381469730,11.1400003433227540,11.8900003433227540,59219320,11.7468919754028320
2024-07-11,11.9200000762939450,12.5299997329711910,11.9200000762939450,12.1400003433227540,44298471,11.9938840866088870
2024-07-12,12.1499996185302730,12.3699998855590820,12.0900001525878900,12.1599998474121100,45278115,12.0136423110961910
2024-07-15,12.1400003433227540,12.3500003814697270,11.8999996185302730,11.9399995803833000,47906775,11.7962894439697270
2024-07-16,11.8500003814697270,12.1300001144409180,11.8500003814697270,12.0600004196167000,44258295,11.9148473739624020
2024-07-17,12.0299997329711910,12.1199998855590820,11.4499998092651370,11.4700002670288090,55506692,11.3319482803344730
2024-07-18,11.5699996948242190,11.7299995422363280,11.3199996948242190,11.3800001144409180,45383969,11.2430305480957030
2024-07-19,11.3800001144409180,11.3800001144409180,11.0500001907348630,11.1599998474121100,37088747,11.0256776809692380
2024-07-22,11.1800003051757810,11.5900001525878900,11.0799999237060550,11.5299997329711910,85049558,11.3912239074707030
2024-07-23,11.4899997711181640,11.8400001525878900,11.4399995803833000,11.7700004577636720,75955258,11.6283369064331050
2024-07-24,11.6899995803833000,11.7500000000000000,11.3500003814697270,11.3800001144409180,52258786,11.2430305480957030
2024-07-25,11.3500003814697270,11.9300003051757810,11.0000000000000000,11.7299995422363280,79371923,11.5888166427612300
2024-07-26,11.7100000381469730,12.1499996185302730,11.6099996566772460,11.8000001907348630,71398649,11.6579751968383790
2024-07-29,11.8599996566772460,11.9899997711181640,11.7399997711181640,11.9300003051757810,72360251,11.7864112854003900
2024-07-30,11.9300003051757810,12.2700004577636720,11.7299995422363280,11.7500000000000000,55860130,11.6085767745971680
2024-07-31,11.7299995422363280,12.1199998855590820,11.7299995422363280,11.9600000381469730,121201953,11.8160486221313480
2024-08-01,11.9300003051757810,12.0399999618530270,11.6800003051757810,11.7600002288818360,74532451,11.6184568405151370
2024-08-02,11.6999998092651370,11.7299995422363280,11.3699998855590820,11.5799999237060550,59761563,11.4406223297119140
2024-08-05,11.3999996185302730,11.6599998474121100,11.0900001525878900,11.6499996185302730,24402208,11.5097808837890620
2024-08-06,11.6499996185302730,12.0699996948242190,11.6000003814697270,11.9600000381469730,41539179,11.8160486221313480
2024-08-07,11.9099998474121100,12.2399997711181640,11.8699998855590820,11.9700002670288090,55752830,11.8259296417236330
2024-08-08,11.9700002670288090,12.1099996566772460,11.8699998855590820,12.0500001907348630,48904791,11.9049673080444340
2024-08-09,11.9600000381469730,12.0500001907348630,11.8900003433227540,11.9700002670288090,33689839,11.8259296417236330
2024-08-12,12.0000000000000000,12.0100002288818360,11.7899999618530270,11.9099998474121100,34845960,11.7666521072387700
2024-08-13,11.9499998092651370,12.1499996185302730,11.9499998092651370,12.0399999618530270,50390157,11.8950881958007810
2024-08-14,12.0000000000000000,12.1000003814697270,11.8800001144409180,12.0299997329711910,50978046,11.8852081298828120
2024-08-15,11.9700002670288090,12.7799997329711910,11.9700002670288090,12.6700000762939450,50478856,12.5175037384033200
2024-08-16,12.7299995422363280,12.7299995422363280,12.3699998855590820,12.4200000762939450,30745353,12.2705135345458980
2024-08-19,12.3900003433227540,12.6099996566772460,12.3800001144409180,12.4200000762939450,27330087,12.2705135345458980
2024-08-20,12.4600000381469730,12.6499996185302730,12.4099998474121100,12.4300003051757810,37863030,12.2803936004638670
2024-08-21,12.4200000762939450,12.5500001907348630,12.3199996948242190,12.4600000381469730,65534421,12.3100318908691400
2024-08-22,12.4099998474121100,12.7700004577636720,12.3699998855590820,12.3800001144409180,107108370,12.2309942245483400
2024-08-23,12.4499998092651370,12.7500000000000000,12.3500003814697270,12.4899997711181640,124384701,12.3396711349487300
2024-08-26,12.4499998092651370,12.6400003433227540,12.1199998855590820,12.1899995803833000,51988871,12.0432815551757810
2024-08-27,12.2100000381469730,12.3299999237060550,11.7600002288818360,11.8100004196167000,39395839,11.6678562164306640
2024-08-28,11.7799997329711910,11.9099998474121100,11.5500001907348630,11.7399997711181640,60146958,11.5986967086792000
2024-08-29,11.6599998474121100,11.9899997711181640,11.6499996185302730,11.9300003051757810,77635070,11.7864112854003900
2024-08-30,11.8900003433227540,12.1099996566772460,11.8900003433227540,11.9899997711181640,61101055,11.8456878662109380
2024-09-02,12.0600004196167000,12.1000003814697270,11.9099998474121100,11.9799995422363280,3540915,11.8358087539672850
2024-09-03,11.9700002670288090,12.0799999237060550,11.7899999618530270,11.8000001907348630,38986795,11.6579751968383790
2024-09-04,11.7799997329711910,11.8500003814697270,11.4200000762939450,11.4700002670288090,39175856,11.3319482803344730
2024-09-05,11.5500001907348630,11.7600002288818360,11.5500001907348630,11.6599998474121100,38064798,11.5196599960327150
2024-09-06,11.8100004196167000,11.8299999237060550,11.2600002288818360,11.3900003433227540,32612981,11.2529115676879880
2024-09-09,11.3900003433227540,11.4300003051757810,11.2299995422363280,11.2799997329711910,30468748,11.1442346572875980
2024-09-10,11.2700004577636720,11.3599996566772460,11.1099996566772460,11.2399997711181640,46564642,11.1047153472900390
2024-09-11,11.2100000381469730,11.4499998092651370,10.9600000381469730,11.3999996185302730,52015728,11.2627906799316400
2024-09-12,11.3999996185302730,11.7100000381469730,11.3800001144409180,11.6599998474121100,40525662,11.5196599960327150
2024-09-13,11.6599998474121100,11.7500000000000000,11.5399999618530270,11.5900001525878900,31102001,11.4505033493042000
2024-09-17,11.5299997329711910,11.8400001525878900,11.5299997329711910,11.7500000000000000,45149722,11.6085767745971680
2024-09-18,11.7500000000000000,12.0399999618530270,11.6999998092651370,11.9799995422363280,39030416,11.8358087539672850
2024-09-19,12.0500001907348630,12.3900003433227540,12.0399999618530270,12.3299999237060550,52736423,12.1815967559814450
2024-09-20,12.3199996948242190,12.7100000381469730,11.9499998092651370,12.6499996185302730,367404751,12.4977445602417000
2024-09-23,12.4799995422363280,12.6599998474121100,12.2200002670288090,12.5299997329711910,84348129,12.3791885375976560
2024-09-24,12.3699998855590820,12.6700000762939450,12.3699998855590820,12.5799999237060550,67566644,12.4285869598388670
2024-09-25,12.5600004196167000,12.6300001144409180,12.4200000762939450,12.5100002288818360,56791066,12.3594303131103520
2024-09-26,12.5200004577636720,12.7500000000000000,12.3299999237060550,12.5799999237060550,48628667,12.4285869598388670
2024-09-27,12.5299997329711910,12.6499996185302730,12.2299995422363280,12.2600002288818360,47561669,12.1124401092529300
2024-09-30,12.2299995422363280,12.2600002288818360,11.9899997711181640,12.0500001907348630,46947852,11.9049673080444340
2024-10-02,11.9700002670288090,12.1499996185302730,11.4600000381469730,11.5399999618530270,86003812,11.4011049270629880
2024-10-03,11.5399999618530270,11.6700000762939450,11.2700004577636720,11.6499996185302730,49038092,11.5097808837890620
2024-10-04,11.6800003051757810,11.7899999618530270,11.3900003433227540,11.4399995803833000,42150756,11.3023080825805660
2024-10-07,11.4899997711181640,11.6499996185302730,11.3699998855590820,11.4200000762939450,33817923,11.2825498580932620
2024-10-08,11.4799995422363280,11.8400001525878900,11.3100004196167000,11.8000001907348630,73091193,11.6579751968383790
2024-10-09,11.8500003814697270,11.8800001144409180,11.6800003051757810,11.8100004196167000,39020751,11.6678562164306640
2024-10-10,11.7700004577636720,12.1099996566772460,11.7299995422363280,12.0100002288818360,46478018,11.8654470443725590
2024-10-11,11.9799995422363280,12.0699996948242190,11.8599996566772460,11.8999996185302730,27545840,11.7567720413208000
2024-10-14,11.9700002670288090,12.0000000000000000,11.6400003433227540,11.7100000381469730,43057559,11.5690584182739260
2024-10-15,11.7500000000000000,11.8599996566772460,11.6099996566772460,11.6999998092651370,44389261,11.5591793060302730
2024-10-16,11.7100000381469730,11.8999996185302730,11.7100000381469730,11.8400001525878900,48285173,11.6974945068359380
2024-10-17,11.7700004577636720,11.8699998855590820,11.7399997711181640,11.7799997329711910,29064789,11.6382150650024410
2024-10-18,11.7500000000000000,11.9799995422363280,11.6899995803833000,11.8999996185302730,55363885,11.7567720413208000
2024-10-21,11.8900003433227540,11.9799995422363280,11.7500000000000000,11.7799997329711910,27038295,11.6382150650024410
2024-10-22,11.7600002288818360,11.7600002288818360,11.5500001907348630,11.6599998474121100,54092019,11.5196599960327150
2024-10-23,11.5500001907348630,11.8100004196167000,11.5500001907348630,11.7100000381469730,40940992,11.5690584182739260
2024-10-24,11.7500000000000000,11.9799995422363280,11.6300001144409180,11.9600000381469730,37377850,11.8160486221313480
2024-10-25,11.9799995422363280,12.1499996185302730,11.8999996185302730,11.9399995803833000,41201852,11.7962894439697270
2024-10-28,11.8000001907348630,11.8000001907348630,10.7500000000000000,10.9799995422363280,89081165,10.8478450775146480
2024-10-29,11.0500001907348630,11.0500001907348630,10.5000000000000000,10.5799999237060550,57852484,10.4526596069335940
2024-10-30,10.6000003814697270,10.7700004577636720,10.5500001907348630,10.6000003814697270,37042303,10.4724197387695310
2024-10-31,10.6300001144409180,10.6400003433227540,10.4499998092651370,10.4899997711181640,47209542,10.3637418746948240
2024-11-01,10.5399999618530270,10.6499996185302730,10.4499998092651370,10.5399999618530270,22812602,10.4131412506103520
2024-11-04,10.5699996948242190,10.6700000762939450,10.3900003433227540,10.4700002670288090,18690849,10.3439836502075200
2024-11-05,10.3999996185302730,10.6899995803833000,10.3999996185302730,10.6199998855590820,41822811,10.4921779632568360
2024-11-06,10.6599998474121100,11.6199998855590820,10.3299999237060550,11.5500001907348630,60936803,11.4109840393066400
2024-11-07,11.5900001525878900,12.2700004577636720,11.4700002670288090,12.1000003814697270,59102098,11.9543647766113280
2024-11-08,11.9399995803833000,12.0799999237060550,11.7399997711181640,11.9799995422363280,34004897,11.8358087539672850
2024-11-11,11.8699998855590820,12.1700000762939450,11.5100002288818360,11.5799999237060550,30844379,11.4406223297119140
2024-11-12,11.5200004577636720,11.5399999618530270,11.2100000381469730,11.2399997711181640,32449741,11.1047153472900390
2024-11-13,11.1899995803833000,11.3299999237060550,10.9099998474121100,10.9700002670288090,43403324,10.8379669189453120
2024-11-14,10.9700002670288090,11.1099996566772460,10.8400001525878900,10.9600000381469730,50179755,10.8280849456787110
2024-11-15,10.8999996185302730,11.2200002670288090,10.8999996185302730,11.2100000381469730,32738195,11.0750770568847660
2024-11-19,11.1599998474121100,11.1599998474121100,10.8400001525878900,10.8999996185302730,44111291,10.7688074111938480
2024-11-20,10.9200000762939450,11.0500001907348630,10.8100004196167000,11.0299997329711910,25082506,10.8972425460815430
2024-11-21,11.0000000000000000,11.2899999618530270,10.9499998092651370,11.0699996948242190,59312828,10.9367618560791020
2024-11-22,11.2200002670288090,11.4099998474121100,11.1700000762939450,11.3299999237060550,34987753,11.1936321258544920
2024-11-25,11.3299999237060550,11.7799997329711910,11.3299999237060550,11.6700000762939450,107491211,11.5295400619506840
2024-11-26,11.6099996566772460,11.6099996566772460,11.1899995803833000,11.2200002670288090,41879870,11.0849571228027340
2024-11-27,11.1599998474121100,11.4799995422363280,11.1599998474121100,11.1800003051757810,41923561,11.0454397201538090
2024-11-28,11.1800003051757810,11.3500003814697270,11.1800003051757810,11.2299995422363280,4289948,11.0948362350463870
2024-11-29,11.2399997711181640,11.5299997329711910,11.0500001907348630,11.0600004196167000,29850471,10.9268827438354500
2024-12-02,11.1000003814697270,11.7600002288818360,11.1000003814697270,11.6599998474121100,48201636,11.5196599960327150
2024-12-03,11.6199998855590820,11.6800003051757810,11.4099998474121100,11.6599998474121100,55820416,11.5196599960327150
2024-12-04,11.5600004196167000,11.9499998092651370,11.5600004196167000,11.7399997711181640,49809070,11.5986967086792000
2024-12-05,11.6499996185302730,11.8900003433227540,11.4700002670288090,11.8000001907348630,45405716,11.6579751968383790
2024-12-06,11.7299995422363280,11.9499998092651370,11.6899995803833000,11.7500000000000000,41858802,11.6085767745971680
2024-12-09,11.7100000381469730,11.9700002670288090,11.7100000381469730,11.8500003814697270,43402958,11.7073755264282230
2024-12-10,11.8500003814697270,11.8500003814697270,11.4300003051757810,11.5200004577636720,47013611,11.3813457489013670
2024-12-11,11.5000000000000000,11.5000000000000000,11.0299997329711910,11.1199998855590820,47993820,10.9861602783203120
2024-12-13,11.2100000381469730,11.3100004196167000,11.0799999237060550,11.2799997329711910,38697069,11.1442346572875980
2024-12-16,11.2799997329711910,11.3100004196167000,11.1199998855590820,11.1700000762939450,42490784,11.0355587005615230
2024-12-17,11.1800003051757810,11.3800001144409180,11.1000003814697270,11.3400001525878900,40923487,11.2035121917724610
2024-12-18,11.2100000381469730,11.3999996185302730,11.1599998474121100,11.3500003814697270,40410482,11.2133913040161130
2024-12-19,11.2600002288818360,11.4399995803833000,11.1700000762939450,11.2899999618530270,50948161,11.1541137695312500
2024-12-20,11.2899999618530270,11.5799999237060550,11.1700000762939450,11.3100004196167000,257629478,11.1738729476928710
2024-12-23,11.3400001525878900,11.4499998092651370,11.1400003433227540,11.1899995803833000,16916666,11.0553178787231450
2024-12-24,11.1999998092651370,11.3699998855590820,11.1899995803833000,11.3400001525878900,2736764,11.2035121917724610
2024-12-26,11.3500003814697270,11.5600004196167000,11.2200002670288090,11.4499998092651370,12937262,11.3121881484985350
2024-12-27,11.3999996185302730,11.5900001525878900,11.3699998855590820,11.4799995422363280,16255921,11.3418264389038090
2024-12-30,11.4799995422363280,11.4799995422363280,11.2500000000000000,11.3999996185302730,35198710,11.2627906799316400
2024-12-31,11.4300003051757810,11.7600002288818360,11.4300003051757810,11.7100000381469730,21820506,11.5690584182739260
2025-01-02,11.6800003051757810,11.8900003433227540,11.5799999237060550,11.6999998092651370,19521232,11.5591793060302730
2025-01-03,11.6899995803833000,11.6999998092651370,11.5500001907348630,11.6300001144409180,35267537,11.4900226593017580
2025-01-06,11.6000003814697270,11.8999996185302730,11.5699996948242190,11.6300001144409180,26039344,11.4900226593017580
2025-01-07,11.5699996948242190,11.6899995803833000,11.3800001144409180,11.5100002288818360,32965128,11.3714666366577150
2025-01-08,11.5000000000000000,11.6000003814697270,11.3999996185302730,11.5900001525878900,31183428,11.4505033493042000
2025-01-09,11.5200004577636720,11.7399997711181640,11.3000001907348630,11.3000001907348630,8967414,11.1639938354492190
2025-01-10,11.4200000762939450,11.6700000762939450,11.4200000762939450,11.5600004196167000,27031612,11.4208641052246100
2025-01-13,11.5500001907348630,11.5500001907348630,11.0399999618530270,11.1000003814697270,44742743,10.9664001464843750
2025-01-14,11.1800003051757810,11.2299995422363280,10.9700002670288090,11.0699996948242190,48785919,10.9367618560791020
2025-01-15,11.1099996566772460,11.3500003814697270,11.1099996566772460,11.3000001907348630,61788253,11.1639938354492190
2025-01-16,11.3900003433227540,11.4499998092651370,11.2200002670288090,11.3100004196167000,43717112,11.1738729476928710
2025-01-17,11.3599996566772460,11.4899997711181640,11.1000003814697270,11.1300001144409180,26366246,10.9960393905639650
2025-01-20,11.1800003051757810,11.2799997329711910,11.1000003814697270,11.2399997711181640,3341759,11.1047153472900390
2025-01-21,11.2399997711181640,11.3699998855590820,11.1400003433227540,11.3299999237060550,26559599,11.1936321258544920
2025-01-22,11.3400001525878900,11.5699996948242190,11.2200002670288090,11.4200000762939450,47100969,11.2825498580932620
2025-01-23,11.4200000762939450,11.9300003051757810,11.2700004577636720,11.7200002670288090,35380130,11.5789384841918950
2025-01-24,11.8299999237060550,12.0900001525878900,11.7799997329711910,12.0699996948242190,38773383,11.9247255325317380
2025-01-27,12.0000000000000000,12.3199996948242190,11.9300003051757810,12.1800003051757810,32852294,12.0334014892578120
2025-01-28,12.2600002288818360,12.2600002288818360,11.9499998092651370,12.0100002288818360,39205596,11.8654470443725590
2025-01-29,11.9600000381469730,12.2700004577636720,11.9300003051757810,12.1700000762939450,42858753,12.0235214233398440
2025-01-30,12.1800003051757810,12.6800003051757810,12.1499996185302730,12.4300003051757810,44529700,12.2803936004638670
2025-01-31,12.3999996185302730,12.5799999237060550,12.2399997711181640,12.2399997711181640,48774002,12.0926799774169920
2025-02-04,12.3999996185302730,12.5900001525878900,12.2700004577636720,12.4300003051757810,52230343,12.2803936004638670
2025-02-05,12.3999996185302730,12.6199998855590820,12.2100000381469730,12.2500000000000000,52656405,12.1025609970092770
2025-02-06,12.3999996185302730,13.8500003814697270,12.3999996185302730,13.8400001525878900,99004773,13.6734218597412110
2025-02-07,13.6599998474121100,14.0299997329711910,13.5299997329711910,13.7700004577636720,39988519,13.6042661666870120
2025-02-10,13.7500000000000000,13.9899997711181640,13.5799999237060550,13.6700000762939450,53473571,13.5054674148559570
2025-02-11,13.6400003433227540,13.6499996185302730,13.4300003051757810,13.5799999237060550,48747791,13.4165515899658200
2025-02-12,13.5299997329711910,13.5399999618530270,13.1700000762939450,13.5000000000000000,51999847,13.3375139236450200
2025-02-13,13.4200000762939450,13.8199996948242190,13.4200000762939450,13.5900001525878900,34242899,13.4264316558837890
2025-02-14,13.6199998855590820,13.7299995422363280,13.3900003433227540,13.6499996185302730,41728384,13.4857082366943360
2025-02-17,13.5100002288818360,13.8699998855590820,13.5100002288818360,13.8699998855590820,3574670,13.7030601501464840
2025-02-18,13.7799997329711910,13.7799997329711910,13.5000000000000000,13.6300001144409180,44093098,13.4659500122070310
2025-02-19,13.5000000000000000,13.6599998474121100,13.4499998092651370,13.5600004196167000,37028755,13.3967933654785160
2025-02-20,13.6300001144409180,13.7700004577636720,13.4499998092651370,13.6199998855590820,47922151,13.4560708999633790
2025-02-21,13.5799999237060550,13.7200002670288090,13.3199996948242190,13.3500003814697270,34965213,13.1893205642700200
2025-02-24,13.4499998092651370,13.4499998092651370,12.9799995422363280,13.1099996566772460,33702427,12.9522094726562500
2025-02-25,13.1199998855590820,13.3400001525878900,13.0100002288818360,13.1999998092651370,42835640,13.0411252975463870
2025-02-26,13.2600002288818360,13.3999996185302730,13.0900001525878900,13.2500000000000000,49357725,13.0905237197875980
2025-02-27,13.3000001907348630,13.3900003433227540,12.8999996185302730,12.8999996185302730,39578259,12.7447366714477540
2025-02-28,12.8999996185302730,12.9499998092651370,12.5799999237060550,12.6800003051757810,126352965,12.5273857116699220
2025-03-03,12.5500001907348630,12.8699998855590820,12.2399997711181640,12.2799997329711910,36000948,12.1321983337402340
2025-03-04,12.2799997329711910,12.5500001907348630,11.8299999237060550,12.2899999618530270,58013001,12.1420783996582030
2025-03-05,12.4399995803833000,12.7500000000000000,12.3500003814697270,12.7200002670288090,28972995,12.5669031143188480
2025-03-06,12.6499996185302730,13.0100002288818360,12.6199998855590820,12.9300003051757810,35818799,12.7743749618530270
2025-03-07,12.8500003814697270,12.8599996566772460,12.1800003051757810,12.3599996566772460,54097554,12.2112350463867190
2025-03-10,12.4300003051757810,12.4300003051757810,11.8999996185302730,12.0500001907348630,39963658,11.9049673080444340
2025-03-11,12.0699996948242190,12.2100000381469730,11.8800001144409180,12.1000003814697270,43342603,11.9543647766113280
2025-03-12,12.1999998092651370,12.3699998855590820,11.8999996185302730,12.1499996185302730,36455804,12.0037622451782230
2025-03-13,12.1400003433227540,12.1999998092651370,11.7700004577636720,11.8400001525878900,21820731,11.6974945068359380
2025-03-14,11.9899997711181640,12.0900001525878900,11.6999998092651370,11.9799995422363280,30553112,11.8358087539672850
2025-03-18,12.0900001525878900,12.2899999618530270,12.0299997329711910,12.1400003433227540,29708413,11.9938840866088870
2025-03-19,12.1099996566772460,12.3699998855590820,12.1099996566772460,12.2799997329711910,43444422,12.1321983337402340
2025-03-20,12.2799997329711910,12.3800001144409180,12.1599998474121100,12.1899995803833000,26935955,12.0432815551757810
2025-03-21,12.2200002670288090,12.2399997711181640,11.9200000762939450,11.9499998092651370,129362834,11.8061695098876950
2025-03-24,12.0100002288818360,12.2299995422363280,11.9899997711181640,12.1800003051757810,24076620,12.0334014892578120
2025-03-25,12.1300001144409180,12.6700000762939450,12.1300001144409180,12.6099996566772460,44241495,12.4582262039184570
2025-03-26,12.5100002288818360,12.5200004577636720,12.0399999618530270,12.0699996948242190,33394027,11.9247255325317380
2025-03-27,12.1400003433227540,12.2799997329711910,12.0500001907348630,12.2600002288818360,29022559,12.1124401092529300
2025-03-28,12.1700000762939450,12.2200002670288090,11.5600004196167000,11.5900001525878900,31109001,11.4505033493042000
2025-03-31,11.6099996566772460,11.6099996566772460,11.0699996948242190,11.4899997711181640,37538863,11.3517065048217770
2025-04-01,11.5500001907348630,11.6099996566772460,11.3599996566772460,11.6099996566772460,44178814,11.4702625274658200
2025-04-02,11.5100002288818360,11.7899999618530270,11.5100002288818360,11.6300001144409180,43639330,11.4900226593017580
2025-04-03,11.3800001144409180,11.4700002670288090,11.0000000000000000,11.1099996566772460,60554644,10.9762802124023440
2025-04-04,11.1499996185302730,11.1499996185302730,10.2399997711181640,10.4700002670288090,50039736,10.3439836502075200
2025-04-07,10.4600000381469730,11.2799997329711910,10.2399997711181640,10.6400003433227540,60189348,10.5119371414184570
2025-04-08,10.8199996948242190,10.9499998092651370,10.4099998474121100,10.6099996566772460,51153044,10.4822988510131840
2025-04-09,10.6199998855590820,10.9799995422363280,10.2600002288818360,10.8800001144409180,46049097,10.7490482330322270
2025-04-10,10.8100004196167000,10.8100004196167000,10.2500000000000000,10.2500000000000000,46992655,10.1266317367553710
2025-04-11,10.3599996566772460,10.6000003814697270,10.1700000762939450,10.5000000000000000,37635196,10.3736219406127930
2025-04-14,10.5699996948242190,10.9899997711181640,10.5699996948242190,10.7500000000000000,27821586,10.6206121444702150
2025-04-15,10.7299995422363280,10.7799997329711910,10.4799995422363280,10.5399999618530270,29989148,10.4131412506103520
2025-04-16,10.6300001144409180,10.6300001144409180,10.2799997329711910,10.4200000762939450,31486423,10.2945861816406250
2025-04-21,10.4899997711181640,10.5900001525878900,10.2100000381469730,10.4499998092651370,27240322,10.3242235183715820
2025-04-22,10.4600000381469730,10.8800001144409180,10.4600000381469730,10.8000001907348630,44038802,10.6700115203857420
2025-04-23,10.8800001144409180,11.2500000000000000,10.8800001144409180,11.0699996948242190,44213055,10.9367618560791020
2025-04-24,11.0399999618530270,11.3299999237060550,10.9499998092651370,11.1800003051757810,36767250,11.0454397201538090
2025-04-25,11.1400003433227540,11.6999998092651370,11.0399999618530270,11.6700000762939450,81804122,11.5295400619506840
2025-04-28,11.6400003433227540,12.2500000000000000,11.5699996948242190,12.1000003814697270,49176348,11.9543647766113280
2025-04-29,12.0100002288818360,12.1700000762939450,11.8199996948242190,11.9300003051757810,69551934,11.7864112854003900
2025-04-30,11.8999996185302730,12.1400003433227540,11.5699996948242190,12.1300001144409180,32607094,11.9840030670166020
2025-05-02,12.1199998855590820,12.1700000762939450,11.9899997711181640,12.1099996566772460,33274165,11.9642448425292970
2025-05-05,12.0000000000000000,12.1700000762939450,11.9399995803833000,12.0299997329711910,20385181,11.8852081298828120
2025-05-06,12.0000000000000000,12.3299999237060550,11.8299999237060550,12.1999998092651370,38366260,12.0531606674194340
2025-05-07,12.2700004577636720,12.7299995422363280,12.1499996185302730,12.6300001144409180,45458670,12.4779853820800780
2025-05-08,12.6199998855590820,12.7899999618530270,12.5500001907348630,12.5900001525878900,36936247,12.4384670257568360
2025-05-09,12.6499996185302730,12.7299995422363280,12.4399995803833000,12.4499998092651370,20891214,12.3001518249511720
2025-05-12,12.6199998855590820,12.9399995803833000,12.5200004577636720,12.9099998474121100,30753961,12.7546157836914060
2025-05-13,12.8500003814697270,13.3699998855590820,12.8500003814697270,13.1999998092651370,35276081,13.0411252975463870
2025-05-14,13.1599998474121100,13.3999996185302730,13.1199998855590820,13.3100004196167000,33818121,13.1498012542724610
2025-05-15,13.2700004577636720,13.4499998092651370,13.1000003814697270,13.3999996185302730,25848035,13.2387180328369140
2025-05-16,13.4200000762939450,13.4899997711181640,13.2899999618530270,13.3599996566772460,25054920,13.1991996765136720
2025-05-19,13.3100004196167000,13.4700002670288090,13.1599998474121100,13.3900003433227540,26093395,13.2288389205932620
2025-05-20,13.2899999618530270,13.5900001525878900,13.2899999618530270,13.5799999237060550,29621656,13.4165515899658200
2025-05-21,13.4499998092651370,13.7100000381469730,13.4399995803833000,13.5799999237060550,23619858,13.4165515899658200
2025-05-22,13.5699996948242190,13.6400003433227540,13.4099998474121100,13.5399999618530270,31636060,13.3770341873168950
2025-05-23,13.4200000762939450,13.8500003814697270,13.3500003814697270,13.8000001907348630,29649701,13.6339044570922850
2025-05-26,13.8299999237060550,14.3900003433227540,13.8299999237060550,13.9899997711181640,5222850,13.8216171264648440
2025-05-27,13.9099998474121100,14.1599998474121100,13.8100004196167000,13.8699998855590820,41077973,13.7030601501464840
2025-05-28,13.8999996185302730,13.9899997711181640,13.7600002288818360,13.7700004577636720,37002697,13.6042661666870120
2025-05-29,13.7799997329711910,13.8900003433227540,13.5799999237060550,13.5799999237060550,32656581,13.4165515899658200
2025-05-30,13.5600004196167000,13.5600004196167000,13.2299995422363280,13.3000001907348630,71205418,13.1399211883544920
2025-06-02,13.2700004577636720,13.3599996566772460,13.0399999618530270,13.1199998855590820,35943283,12.9620895385742190
2025-06-03,13.1700000762939450,13.3000001907348630,12.9799995422363280,13.0799999237060550,26161747,12.9225692749023440
2025-06-04,13.0600004196167000,13.1700000762939450,13.0000000000000000,13.0200004577636720,31167946,12.8632917404174800
2025-06-05,13.0100002288818360,13.1499996185302730,12.9499998092651370,13.0600004196167000,25104618,12.9028110504150390
2025-06-06,13.0100002288818360,13.1400003433227540,12.8100004196167000,12.8800001144409180,24157825,12.7249765396118160
2025-06-09,12.9700002670288090,13.0500001907348630,12.8699998855590820,12.8999996185302730,13386566,12.7447366714477540
2025-06-10,12.9200000762939450,13.3100004196167000,12.9099998474121100,13.2299995422363280,44052679,13.0707635879516600
2025-06-11,13.1700000762939450,13.7100000381469730,13.1700000762939450,13.2200002670288090,64559884,13.0608844757080080
2025-06-12,13.1099996566772460,13.3400001525878900,13.0600004196167000,13.2600002288818360,15642306,13.1004028320312500
2025-06-13,13.2299995422363280,13.2299995422363280,12.8299999237060550,12.8599996566772460,27539182,12.7052173614501950
2025-06-16,12.9200000762939450,13.1999998092651370,12.9200000762939450,13.0100002288818360,34721674,12.8534116744995120
2025-06-17,13.0699996948242190,13.0699996948242190,12.8599996566772460,12.9600000381469730,30809010,12.8457946777343750
2025-06-18,12.8699998855590820,13.1300001144409180,12.8699998855590820,13.0600004196167000,33951002,12.9449138641357420
2025-06-19,13.0500001907348630,13.0500001907348630,12.8299999237060550,12.9099998474121100,2141661,12.7962350845336910
2025-06-20,12.9600000381469730,13.1499996185302730,12.9099998474121100,12.9399995803833000,156162284,12.8259716033935550
2025-06-23,12.8999996185302730,12.9899997711181640,12.6899995803833000,12.9899997711181640,17783202,12.8755302429199220
2025-06-24,12.9700002670288090,13.2600002288818360,12.9700002670288090,13.2100000381469730,18746048,13.0935926437377930
2025-06-25,13.1499996185302730,13.2500000000000000,12.7799997329711910,12.7899999618530270,28763454,12.6772928237915040
2025-06-26,12.7899999618530270,13.0200004577636720,12.7200002670288090,12.9600000381469730,21289338,12.8457946777343750
2025-06-27,12.9099998474121100,12.9700002670288090,12.7600002288818360,12.8599996566772460,28321467,12.7466764450073240
2025-06-30,12.8800001144409180,13.1499996185302730,12.6300001144409180,12.9899997711181640,28180113,12.8755302429199220
2025-07-01,12.8999996185302730,13.3299999237060550,12.8800001144409180,13.2799997329711910,28881512,13.1629743576049800
2025-07-02,13.2799997329711910,13.6599998474121100,13.2799997329711910,13.4700002670288090,42342846,13.3513011932373050
2025-07-03,13.4799995422363280,13.6300001144409180,13.4099998474121100,13.4899997711181640,24274736,13.3711252212524410
2025-07-04,13.4300003051757810,13.5299997329711910,13.3699998855590820,13.4399995803833000,4076687,13.3215646743774410
2025-07-07,13.4899997711181640,13.5200004577636720,13.2700004577636720,13.3299999237060550,22370136,13.2125349044799800
2025-07-08,13.3100004196167000,13.6599998474121100,13.3100004196167000,13.3699998855590820,22252426,13.2521810531616210
2025-07-09,13.3699998855590820,13.8299999237060550,13.3699998855590820,13.6999998092651370,26925190,13.5792741775512700
2025-07-10,13.6400003433227540,13.9700002670288090,13.6400003433227540,13.7500000000000000,36773112,13.6288328170776370
2025-07-11,13.7700004577636720,13.7700004577636720,13.4399995803833000,13.7299995422363280,31364898,13.6090087890625000
2025-07-14,13.7500000000000000,13.9300003051757810,13.6999998092651370,13.8100004196167000,24969938,13.6883049011230470
2025-07-15,13.7799997329711910,13.9099998474121100,13.6499996185302730,13.7100000381469730,36869197,13.5891857147216800
2025-07-16,13.6400003433227540,13.8400001525878900,13.6300001144409180,13.7600002288818360,23639294,13.6387462615966800
2025-07-17,13.7200002670288090,14.6000003814697270,13.7200002670288090,14.5299997329711910,39631443,14.4019594192504880
2025-07-18,14.6000003814697270,14.6099996566772460,14.1999998092651370,14.2700004577636720,21370912,14.1442518234252930
2025-07-21,14.3000001907348630,14.5699996948242190,14.2500000000000000,14.3900003433227540,60197324,14.2631931304931640
2025-07-22,14.4300003051757810,14.7399997711181640,14.3199996948242190,14.7200002670288090,55161886,14.5902862548828120
2025-07-23,14.7100000381469730,14.8500003814697270,14.5699996948242190,14.7799997329711910,53112864,14.6497554779052730
2025-07-24,14.7600002288818360,15.6599998474121100,14.6000003814697270,15.2899999618530270,49765398,15.1552629470825200
2025-07-25,15.1899995803833000,15.6400003433227540,15.1899995803833000,15.5399999618530270,27125684,15.4030609130859380
2025-07-28,15.5000000000000000,15.7799997329711910,15.1999998092651370,15.7399997711181640,35922993,15.6012964248657230
2025-07-29,15.6499996185302730,16.2800006866455080,15.6499996185302730,16.1700000762939450,27982755,16.0275058746337900
2025-07-30,16.1599998474121100,16.2000007629394530,15.9499998092651370,16.0900001525878900,31150773,15.9482135772705080
2025-07-31,15.9700002670288090,16.5499992370605470,15.8699998855590820,16.4599990844726560,30571264,16.3149490356445300
2025-08-01,16.3999996185302730,16.3999996185302730,15.7700004577636720,15.8400001525878900,50336553,15.7004165649414060
2025-08-04,15.8800001144409180,16.1000003814697270,15.4200000762939450,15.5100002288818360,36392241,15.3733234405517580
2025-08-05,15.4200000762939450,15.6499996185302730,15.3699998855590820,15.6000003814697270,28103888,15.4625310897827150
2025-08-06,15.5900001525878900,15.8699998855590820,15.4499998092651370,15.5900001525878900,21613776,15.4526195526123050
2025-08-07,15.6300001144409180,16.0900001525878900,15.6300001144409180,16.0000000000000000,28455251,15.8590059280395500
2025-08-08,15.9799995422363280,16.1800003051757800,15.9499998092651370,16.0599994659423830,22940341,15.9184761047363280
2025-08-11,15.9300003051757810,16.2299995422363280,15.9300003051757810,16.1800003051757800,12350089,16.0374202728271500
2025-08-12,16.1100006103515620,16.3999996185302730,16.1100006103515620,16.2299995422363280,28601232,16.0869789123535160
2025-08-13,16.2000007629394530,16.3500003814697270,16.0699996948242200,16.1800003051757800,30216409,16.0374202728271500
2025-08-14,16.1700000762939450,16.2299995422363280,15.9700002670288090,16.0000000000000000,15177086,15.8590059280395500
2025-08-15,15.9499998092651370,16.0400009155273440,15.9099998474121100,15.9600000381469730,15806957,15.8193578720092770
2025-08-18,16.0699996948242200,16.2000007629394530,15.8699998855590820,16.1900005340576170,27722789,16.0473308563232420
2025-08-19,16.0699996948242200,16.3799991607666000,16.0699996948242200,16.2399997711181640,34189034,16.0968914031982420
2025-08-20,16.2500000000000000,16.3600006103515620,16.0799999237060550,16.2000007629394530,19650084,16.0572433471679700
2025-08-21,16.1100006103515620,16.6399993896484380,16.0900001525878900,16.4599990844726560,38189094,16.3149490356445300
2025-08-22,16.3199996948242200,16.7700004577636720,16.3099994659423830,16.5300006866455080,86808190,16.3843364715576170
2025-08-25,16.5599994659423830,16.6700000762939450,16.4200000762939450,16.5100002288818360,19913403,16.3645133972167970
2025-08-26,16.6700000762939450,17.1100006103515620,16.6399993896484380,16.7199993133544920,101546233,16.5726604461669920
2025-08-27,16.7000007629394530,16.7000007629394530,16.3500003814697270,16.6499996185302730,25095823,16.5032806396484380
2025-08-28,16.6299991607666000,16.9899997711181640,16.5699996948242200,16.8600006103515620,26654567,16.7114276885986330
2025-08-29,16.9500007629394530,17.0499992370605470,16.7999992370605470,16.9200000762939450,28676428,16.7708988189697270
2025-09-01,16.8299999237060550,16.8799991607666000,16.5200004577636720,16.7000007629394530,2714718,16.5528392791748050
2025-09-02,16.7199993133544920,17.2399997711181640,16.6700000762939450,17.1499996185302730,28749330,16.9988708496093750
2025-09-03,17.1499996185302730,17.2700004577636720,17.0699996948242200,17.1700000762939450,38766274,17.0186977386474600
2025-09-04,17.2000007629394530,17.3600006103515620,17.0499992370605470,17.3400001525878900,45811625,17.1871967315673830
2025-09-05,17.3199996948242200,17.6100006103515620,17.3199996948242200,17.6000003814697270,25015370,17.4449043273925780
2025-09-08,17.6700000762939450,17.7500000000000000,17.4500007629394530,17.6800003051757800,43122298,17.5242023468017580
2025-09-09,17.6900005340576170,17.6900005340576170,17.4500007629394530,17.4500007629394530,34598767,17.2962284088134770
2025-09-10,17.4599990844726560,17.6900005340576170,16.9500007629394530,17.0000000000000000,25223063,16.8501930236816400
2025-09-11,17.0599994659423830,17.5599994659423830,16.9400005340576170,17.4899997711181640,33558859,17.3358745574951170
2025-09-12,17.5000000000000000,17.5300006866455080,17.2099990844726560,17.2700004577636720,25223123,17.1178169250488280
2025-09-15,17.2099990844726560,17.4799995422363280,17.2099990844726560,17.4699993133544920,26566518,17.3160495758056640
2025-09-17,17.4500007629394530,17.5499992370605470,17.2299995422363280,17.2800006866455080,26383939,17.1681137084960940
2025-09-18,17.3700008392334000,17.3700008392334000,17.0499992370605470,17.1100006103515620,30108755,16.9992141723632800
2025-09-19,17.1200008392334000,17.1800003051757800,16.5699996948242200,16.6299991607666000,212556978,16.5223217010498050
2025-09-22,16.6200008392334000,16.9500007629394530,16.5799999237060550,16.9099998474121100,16652340,16.8005065917968750
2025-09-23,16.9099998474121100,17.2099990844726560,16.7399997711181640,16.7500000000000000,23737040,16.6415443420410160
2025-09-24,16.7500000000000000,17.0100002288818360,16.3299999237060550,16.5599994659423830,30079358,16.4527740478515620
2025-09-25,16.4500007629394530,16.8299999237060550,16.4500007629394530,16.6399993896484380,24760244,16.5322551727294920
2025-09-26,16.6100006103515620,16.7299995422363280,16.4200000762939450,16.5200004577636720,31547849,16.4130363464355470
2025-09-29,16.4699993133544920,16.7500000000000000,16.4500007629394530,16.6200008392334000,28262665,16.5123863220214840
2025-09-30,16.6599998474121100,16.6900005340576170,16.3600006103515620,16.4599990844726560,42208235,16.3534221649169920
2025-10-01,16.3099994659423830,16.8099994659423830,16.2099990844726560,16.2900009155273440,30060812,16.1845245361328120
2025-10-02,16.2099990844726560,16.6700000762939450,16.1299991607666000,16.6700000762939450,22368735,16.5620632171630860
2025-10-03,16.5100002288818360,16.7500000000000000,16.4300003051757800,16.6800003051757800,33749453,16.5719985961914060
2025-10-06,16.5699996948242200,16.7600002288818360,16.4400005340576170,16.4899997711181640,18007355,16.3832263946533200
2025-10-07,16.3999996185302730,16.7600002288818360,16.3999996185302730,16.7099990844726560,25981991,16.6018028259277340
2025-10-08,16.5900001525878900,16.9799995422363280,16.5100002288818360,16.9599990844726560,29650173,16.8501834869384770
2025-10-09,16.9899997711181640,16.9899997711181640,16.7399997711181640,16.7700004577636720,30715280,16.6614151000976560
2025-10-10,16.7900009155273440,17.0699996948242200,16.7299995422363280,16.9699993133544920,34398740,16.8601207733154300
2025-10-13,16.8700008392334000,17.2999992370605470,16.8700008392334000,17.1700000762939450,9197006,17.0588245391845700
2025-10-14,17.0300006866455080,17.6800003051757800,17.0300006866455080,17.6700000762939450,30539870,17.5555896759033200
2025-10-15,17.6000003814697270,18.3500003814697270,17.6000003814697270,18.1599998474121100,48933474,18.0424156188964840
2025-10-16,18.1800003051757800,18.2399997711181640,17.8799991607666000,17.8899993896484380,24929150,17.7741622924804700
2025-10-17,17.7999992370605470,17.9699993133544920,17.6100006103515620,17.7000007629394530,25258944,17.5853939056396500
2025-10-20,17.8099994659423830,17.8899993896484380,17.4400005340576170,17.6100006103515620,27939460,17.4959774017334000
2025-10-21,17.5300006866455080,17.5499992370605470,16.7700004577636720,16.8199996948242200,27308423,16.7110919952392580
2025-10-22,16.8500003814697270,17.1700000762939450,16.7999992370605470,16.9500007629394530,43795087,16.8402519226074220
2025-10-23,16.9400005340576170,17.2999992370605470,16.7999992370605470,17.1900005340576170,24975898,17.0786952972412100
2025-10-24,17.1000003814697270,17.3299999237060550,17.0900001525878900,17.2700004577636720,25171066,17.1581802368164060
2025-10-27,17.2999992370605470,17.4699993133544920,17.1100006103515620,17.1299991607666000,31260653,17.0190830230712900
2025-10-28,17.5000000000000000,19.0499992370605470,17.5000000000000000,18.9599990844726560,52388549,18.8372344970703120
2025-10-29,18.8500003814697270,19.2099990844726560,18.7099990844726560,18.9699993133544920,13727103,18.8471698760986330
2025-10-30,18.7399997711181640,19.1499996185302730,18.7399997711181640,18.7800006866455080,32119843,18.6583995819091800
2025-10-31,18.7700004577636720,19.0400009155273440,18.7299995422363280,18.8400001525878900,32398433,18.7180137634277340
2025-11-03,18.8400001525878900,19.0499992370605470,18.7099990844726560,18.7900009155273440,13153148,18.6683387756347660
2025-11-04,18.6000003814697270,19.1499996185302730,18.4500007629394530,18.7199993133544920,22570202,18.5987873077392580
2025-11-05,18.7199993133544920,19.3500003814697270,18.7199993133544920,19.1000003814697270,29620993,18.9763298034667970
2025-11-06,19.1000003814697270,19.3600006103515620,18.9099998474121100,18.9500007629394530,21549722,18.8273010253906250
2025-11-07,18.9500007629394530,19.1100006103515620,18.6200008392334000,18.8400001525878900,23808171,18.7180137634277340
2025-11-10,18.8500003814697270,19.0900001525878900,18.7600002288818360,19.0100002288818360,11673535,18.8869132995605470
2025-11-11,19.0100002288818360,19.3500003814697270,18.9599990844726560,19.2700004577636720,16011838,19.1452274322509770
2025-11-12,19.2500000000000000,19.3099994659423830,18.9099998474121100,18.9200000762939450,26814026,18.7974929809570300
2025-11-13,19.0499992370605470,19.1200008392334000,18.6100006103515620,18.6100006103515620,17979917,18.4895000457763670
2025-11-14,18.5000000000000000,18.7800006866455080,18.3799991607666000,18.4899997711181640,22787800,18.3702774047851560
2025-11-18,18.5799999237060550,18.8899993896484380,18.4099998474121100,18.6700000762939450,23384005,18.5491142272949220
2025-11-19,18.8099994659423830,19.0499992370605470,18.7299995422363280,18.9899997711181640,17136719,18.8670425415039060
2025-11-20,18.8999996185302730,19.2900009155273440,18.7399997711181640,18.7399997711181640,16979586,18.6186580657959000
2025-11-21,18.9099998474121100,18.9200000762939450,18.4599990844726560,18.5300006866455080,37379924,18.4100208282470700
2025-11-24,18.4799995422363280,18.8899993896484380,18.4599990844726560,18.6000003814697270,96137863,18.4795665740966800
2025-11-25,18.5000000000000000,19.2600002288818360,18.5000000000000000,19.1900005340576170,21041273,19.0657463073730470
2025-11-26,19.1900005340576170,19.3899993896484380,19.0300006866455080,19.3500003814697270,23287924,19.2247104644775400
2025-11-27,19.3500003814697270,19.3500003814697270,18.8999996185302730,18.9200000762939450,5169479,18.7974929809570300
2025-11-28,19.0900001525878900,19.8099994659423830,18.9500007629394530,19.3999996185302730,21128763,19.2743854522705080
2025-12-01,19.3700008392334000,19.6900005340576170,19.3199996948242200,19.3400001525878900,33488206,19.2147731781005860
2025-12-02,19.3400001525878900,19.7800006866455080,19.3400001525878900,19.6599998474121100,33175500,19.5327033996582030
2025-12-03,19.4400005340576170,19.9200000762939450,19.4400005340576170,19.8899993896484380,20057840,19.7612113952636720
2025-12-04,19.9300003051757800,20.0400009155273440,19.8500003814697270,20.0000000000000000,14702368,19.8705005645751950
2025-12-05,19.9899997711181640,20.0200004577636720,19.6200008392334000,19.6599998474121100,16850816,19.5327033996582030
2025-12-08,19.7000007629394530,20.2600002288818360,19.7000007629394530,19.9899997711181640,20465476,19.8605651855468750
2025-12-09,20.1399993896484380,20.1399993896484380,19.7999992370605470,19.8999996185302730,25490240,19.7711486816406250
2025-12-10,20.0200004577636720,20.0200004577636720,19.6299991607666000,19.7600002288818360,25132069,19.6320552825927730
2025-12-11,19.8199996948242200,20.2299995422363280,19.7700004577636720,20.1399993896484380,32308204,20.0095939636230470
2025-12-15,20.1900005340576170,21.2700004577636720,20.1900005340576170,20.9400005340576170,30816528,20.8462371826171880
2025-12-16,21.0699996948242200,21.1599998474121100,20.6200008392334000,20.6399993896484380,40193672,20.5475769042968750
2025-12-17,20.7000007629394530,20.7000007629394530,20.0400009155273440,20.1599998474121100,31099963,20.0697288513183600
2025-12-18,20.1599998474121100,20.9099998474121100,20.1399993896484380,20.8600006103515620,16493936,20.7665939331054700
2025-12-19,20.9500007629394530,21.2399997711181640,20.8199996948242200,21.0200004577636720,108222556,20.9258785247802730
2025-12-22,21.0499992370605470,21.2099990844726560,20.7700004577636720,21.1499996185302730,21701489,21.0552959442138670
2025-12-23,21.1299991607666000,21.3600006103515620,21.0000000000000000,21.3600006103515620,20053253,21.2643566131591800
2025-12-24,21.3999996185302730,21.3999996185302730,21.1700000762939450,21.2999992370605470,2316202,21.2046222686767580
2025-12-26,21.2500000000000000,21.4599990844726560,21.2000007629394530,21.3600006103515620,4299047,21.2643566131591800
2025-12-29,21.5000000000000000,21.5000000000000000,21.0900001525878900,21.3199996948242200,20583024,21.2245330810546880
2025-12-30,21.3700008392334000,21.3700008392334000,20.8500003814697270,20.8899993896484380,11557805,20.7964591979980470
2025-12-31,20.9899997711181640,21.0300006866455080,20.6200008392334000,20.6800003051757800,8676768,20.5874004364013670
2026-01-02,20.7700004577636720,20.8099994659423830,20.4699993133544920,20.6900005340576170,6692911,20.5973567962646500
2026-01-05,20.7800006866455080,21.3700008392334000,20.7399997711181640,21.2399997711181640,17520205,21.1448936462402340
2026-01-06,21.3500003814697270,21.5499992370605470,21.2900009155273440,21.4099998474121100,20193819,21.3141307830810550
2026-01-07,21.4599990844726560,21.4599990844726560,20.7000007629394530,20.7500000000000000,17952342,20.6570854187011720
2026-01-08,20.8600006103515620,22.0900001525878900,20.8600006103515620,22.0900001525878900,24246759,21.9910869598388670
2026-01-09,21.9099998474121100,22.4099998474121100,21.9099998474121100,22.3099994659423830,26891054,22.2101001739501950
2026-01-12,22.2900009155273440,22.4899997711181640,22.0100002288818360,22.2399997711181640,22317746,22.1404151916503900
2026-01-13,22.3700008392334000,22.3700008392334000,21.8600006103515620,22.0200004577636720,27656965,21.9214000701904300
2026-01-14,22.1000003814697270,22.6000003814697270,21.9099998474121100,22.3899993896484380,32592316,22.2897434234619140
2026-01-15,22.4200000762939450,22.4699993133544920,21.7199993133544920,21.8099994659423830,41506783,21.7123413085937500
2026-01-16,21.8999996185302730,22.1000003814697270,21.7600002288818360,22.0300006866455080,32553180,21.9313564300537100
2026-01-19,22.0699996948242200,22.2399997711181640,21.7800006866455080,22.2000007629394530,4630931,22.1005935668945300
2026-01-20,22.0300006866455080,22.2299995422363280,21.7299995422363280,22.0300006866455080,24210615,21.9313564300537100
2026-01-21,22.1200008392334000,22.7000007629394530,22.0300006866455080,22.5799999237060550,36482834,22.4788913726806640
2026-01-22,22.7199993133544920,22.7800006866455080,22.3799991607666000,22.6299991607666000,38903271,22.5286674499511720
2026-01-23,22.6599998474121100,22.6800003051757800,22.2700004577636720,22.4099998474121100,26442099,22.3096542358398440
2026-01-26,22.5300006866455080,22.7199993133544920,22.0300006866455080,22.0900001525878900,30852056,21.9910869598388670
2026-01-27,22.0900001525878900,22.6399993896484380,21.9799995422363280,22.0699996948242200,34272502,21.9711742401123050
2026-01-28,22.1900005340576170,22.6900005340576170,22.1599998474121100,22.6299991607666000,33535601,22.5286674499511720
2026-01-29,22.6499996185302730,22.7700004577636720,22.1000003814697270,22.2000007629394530,34707234,22.1005935668945300
2026-01-30,22.2000007629394530,22.2700004577636720,21.5599994659423830,21.7199993133544920,29604485,21.6227416992187500
2026-02-03,21.6800003051757800,22.7700004577636720,21.6800003051757800,21.8899993896484380,47612039,21.7919807434082030
2026-02-04,21.9500007629394530,21.9500007629394530,20.9500007629394530,20.9699993133544920,53216586,20.8761005401611330
2026-02-05,20.9500007629394530,21.2299995422363280,20.2800006866455080,20.8500003814697270,36890457,20.7566394805908200
2026-02-06,20.8899993896484380,21.1200008392334000,20.5699996948242200,21.0799999237060550,36055178,20.9856090545654300
2026-02-09,21.0799999237060550,22.0100002288818360,21.0100002288818360,21.9400005340576170,33275226,21.8417587280273440
2026-02-10,21.9899997711181640,22.4699993133544920,21.6200008392334000,22.2500000000000000,25353892,22.1503715515136720
2026-02-11,22.3099994659423830,22.4099998474121100,21.9699993133544920,22.2399997711181640,40956816,22.1404151916503900
2026-02-12,22.1499996185302730,22.3299999237060550,21.1499996185302730,21.1800003051757800,53757994,21.0851612091064450
2026-02-13,21.3099994659423830,21.6000003814697270,21.0100002288818360,21.5400009155273440,38398370,21.4435501098632800
2026-02-16,21.4300003051757800,21.7999992370605470,21.3999996185302730,21.7999992370605470,2333626,21.7023849487304700
2026-02-17,21.6499996185302730,21.7700004577636720,21.2999992370605470,21.4899997711181640,13725609,21.3937721252441400
2026-02-18,21.3899993896484380,21.9899997711181640,21.3899993896484380,21.6100006103515620,24199092,21.5132350921630860
2026-02-19,21.7000007629394530,22.0200004577636720,21.5100002288818360,21.8199996948242200,27735561,21.7222957611084000
2026-02-20,21.7299995422363280,22.0900001525878900,21.5400009155273440,22.0900001525878900,32195233,21.9910869598388670
2026-02-23,21.9200000762939450,22.1200008392334000,21.3199996948242200,21.3700008392334000,38396101,21.2743129730224600
2026-02-24,21.4799995422363280,21.8400001525878900,21.3700008392334000,21.6399993896484380,46305928,21.5431003570556640
2026-02-25,21.4899997711181640,22.0799999237060550,21.4500007629394530,21.9200000762939450,44612550,21.8218479156494140
2026-02-26,21.9200000762939450,21.9799995422363280,21.5499992370605470,21.9500007629394530,19619145,21.8517150878906250
2026-02-27,21.8899993896484380,21.9500007629394530,21.4799995422363280,21.6200008392334000,56321401,21.5231914520263670
2026-03-02,21.6599998474121100,21.6599998474121100,20.7999992370605470,21.0900001525878900,22702027,20.9955654144287100
2026-03-03,20.9500007629394530,21.0000000000000000,19.3799991607666000,20.2500000000000000,45769037,20.1593265533447270
2026-03-04,20.2199993133544920,21.2199993133544920,20.2199993133544920,21.0100002288818360,34653692,20.9159221649169920
2026-03-05,21.0300006866455080,21.1100006103515620,19.9500007629394530,20.0699996948242200,32507187,19.9801311492919920
2026-03-06,20.0000000000000000,20.0000000000000000,19.2600002288818360,19.4500007629394530,34647204,19.3629074096679700
2026-03-09,19.3500003814697270,19.3899993896484380,18.5300006866455080,19.3700008392334000,48205003,19.2832679748535160
2026-03-10,19.2500000000000000,19.7399997711181640,18.8700008392334000,18.8899993896484380,45643250,18.8054141998291000
2026-03-11,18.8500003814697270,19.0799999237060550,18.6800003051757800,18.8199996948242200,62629320,18.7748699188232420
2026-03-12,18.7000007629394530,18.7999992370605470,18.5000000000000000,18.6200008392334000,43039627,18.5753498077392580
2026-03-13,18.7000007629394530,18.9699993133544920,18.5599994659423830,18.7099990844726560,17142086,18.6651325225830080
2026-03-17,18.8299999237060550,19.1599998474121100,18.5900001525878900,18.6499996185302730,38661290,18.6052761077880860
2026-03-18,18.6499996185302730,18.7399997711181640,18.2999992370605470,18.3600006103515620,51709711,18.3159732818603500
2026-03-19,18.2800006866455080,18.3500003814697270,17.9699993133544920,18.3099994659423830,14250467,18.2660923004150400
2026-03-20,18.2099990844726560,18.3700008392334000,17.8099994659423830,17.9400005340576170,89814964,17.8969802856445300
2026-03-23,18.2099990844726560,18.9400005340576170,18.2000007629394530,18.9400005340576170,36826669,18.8945827484130860
2026-03-24,18.9400005340576170,19.3899993896484380,18.6399993896484380,19.3299999237060550,30332949,19.2836456298828120
2026-03-25,19.2500000000000000,20.2199993133544920,19.2500000000000000,20.1700000762939450,44853524,20.1216316223144530
2026-03-26,20.0100002288818360,20.4300003051757800,19.6800003051757800,19.7600002288818360,46421710,19.7126159667968750
2026-03-27,19.6599998474121100,19.8899993896484380,19.3299999237060550,19.4799995422363280,37914461,19.4332866668701170
2026-03-30,19.3400001525878900,20.0000000000000000,19.3400001525878900,19.4400005340576170,16117076,19.3933830261230470
2026-03-31,19.5699996948242200,20.6299991607666000,19.5200004577636720,20.5200004577636720,62838100,20.4707927703857420
2026-04-01,20.5100002288818360,20.8799991607666000,20.4899997711181640,20.7199993133544920,32303884,20.6703128814697270
2026-04-06,20.8600006103515620,20.8700008392334000,19.8400001525878900,20.2299995422363280,24504227,20.1814880371093750
2026-04-07,20.1499996185302730,20.1900005340576170,19.8199996948242200,20.1000003814697270,31852459,20.0517997741699220
2026-04-08,20.9099998474121100,21.4200000762939450,20.4799995422363280,20.6200008392334000,32127260,20.5705547332763670
2026-04-09,20.5000000000000000,21.1000003814697270,20.5000000000000000,20.6800003051757800,28480808,20.6304092407226560
2026-04-10,20.6599998474121100,21.0300006866455080,20.6100006103515620,20.6299991607666000,22616778,20.5805282592773440
2026-04-13,20.5799999237060550,20.6399993896484380,20.3500003814697270,20.5900001525878900,34801512,20.5406246185302730
2026-04-14,20.5000000000000000,20.7099990844726560,20.1700000762939450,20.4200000762939450,44047271,20.3710327148437500
2026-04-15,20.3600006103515620,20.7000007629394530,20.1700000762939450,20.5799999237060550,25672271,20.5306491851806640
2026-04-16,20.4599990844726560,20.5900001525878900,19.9200000762939450,20.1800003051757800,33583200,20.1316089630126950
2026-04-17,20.2700004577636720,21.0000000000000000,20.2700004577636720,20.7800006866455080,36754316,20.7301692962646500
2026-04-20,20.7800006866455080,20.8099994659423830,20.3099994659423830,20.7900009155273440,33103796,20.7401466369628900
2026-04-21,20.6499996185302730,20.9699993133544920,20.3199996948242200,20.5599994659423830,32698183,20.5106964111328120
2026-04-23,20.8199996948242200,21.9599990844726560,20.8199996948242200,21.8600006103515620,53610305,21.8075809478759770
2026-04-24,21.6499996185302730,22.1299991607666000,21.4300003051757800,21.5499992370605470,47312319,21.4983215332031250
2026-04-27,21.3099994659423830,21.7000007629394530,21.1499996185302730,21.2700004577636720,33341747,21.2189941406250000
2026-04-28,21.2199993133544920,21.4500007629394530,20.9899997711181640,21.0599994659423830,43843291,21.0094966888427730
2026-04-29,21.0599994659423830,21.4300003051757800,20.9200000762939450,21.3600006103515620,29003523,21.3087787628173830
2026-04-30,21.3299999237060550,21.6100006103515620,21.1800003051757800,21.4599990844726560,31299490,21.4085369110107420
2026-05-04,21.5200004577636720,21.5200004577636720,20.6499996185302730,20.7999992370605470,27651341,20.7501201629638670
2026-05-05,20.6100006103515620,22.4899997711181640,20.6100006103515620,22.3799991607666000,65364600,22.3263320922851560
2026-05-06,22.4899997711181640,23.5300006866455080,22.3400001525878900,23.3999996185302730,47431682,23.3438854217529300
2026-05-07,23.3099994659423830,23.3500003814697270,22.7099990844726560,22.7500000000000000,45635262,22.6954460144042970
2026-05-08,22.9500007629394530,22.9500007629394530,22.4099998474121100,22.6100006103515620,36111229,22.5557823181152340
2026-05-11,22.5900001525878900,23.0400009155273440,22.5200004577636720,22.8700008392334000,19667030,22.8151588439941400
2026-05-12,22.7299995422363280,23.0499992370605470,22.5499992370605470,22.7000007629394530,14313645,22.6455650329589840
2026-05-13,22.6100006103515620,23.0599994659423830,22.4899997711181640,22.7299995422363280,27130225,22.6754932403564450
2026-05-14,22.6599998474121100,23.0300006866455080,22.5200004577636720,22.6399993896484380,19131710,22.5857086181640620
2026-05-15,22.5499992370605470,22.6399993896484380,21.7700004577636720,21.8199996948242200,21780456,21.7676753997802730
2026-05-18,21.9200000762939450,22.2000007629394530,21.8299999237060550,22.0000000000000000,26926918,21.9472427368164060
2026-05-19,21.9699993133544920,21.9699993133544920,21.2399997711181640,21.3999996185302730,22547200,21.3486824035644530
2026-05-20,21.4899997711181640,22.1100006103515620,21.3799991607666000,21.9300003051757800,33891022,21.8774127960205080
2026-05-21,21.8099994659423830,22.2099990844726560,21.4899997711181640,21.7199993133544920,33184654,21.6679153442382800
2026-05-22,21.7900009155273440,21.9099998474121100,21.6100006103515620,21.8299999237060550,33674020,21.7776508331298830
2026-05-25,21.9500007629394530,22.1299991607666000,21.9200000762939450,22.0799999237060550,1848932,22.0270519256591800
2026-05-26,22.0100002288818360,22.6900005340576170,22.0000000000000000,22.6700000762939450,25334246,22.6156368255615230
2026-05-27,22.6700000762939450,23.1900005340576170,22.5599994659423830,23.0100002288818360,28450902,22.9548225402832030
2026-05-28,23.0499992370605470,23.0499992370605470,22.5200004577636720,22.6299991607666000,27568762,22.5757312774658200
2026-05-29,22.6100006103515620,22.9899997711181640,22.5100002288818360,22.7700004577636720,126558972,22.7153968811035160
2026-06-01,22.7099990844726560,23.1399993896484380,22.4699993133544920,22.7700004577636720,32173210,22.7153968811035160
2026-06-02,22.7099990844726560,23.1299991607666000,22.5300006866455080,22.6700000762939450,29046495,22.6156368255615230
2026-06-03,22.6499996185302730,22.7299995422363280,22.3500003814697270,22.4500007629394530,32673871,22.3961658477783200
2026-06-04,22.4500007629394530,22.5000000000000000,22.2900009155273440,22.3899993896484380,31392973,22.3363075256347660
2026-06-05,22.3500003814697270,22.4300003051757800,21.6499996185302730,21.7099990844726560,38971979,21.6579380035400400
2026-06-08,21.8700008392334000,21.8899993896484380,21.0300006866455080,21.1100006103515620,34932557,21.0593776702880860
2026-06-09,21.3899993896484380,21.5300006866455080,20.3600006103515620,21.1000003814697270,36600253,21.0494022369384770
2026-06-10,20.5100002288818360,21.2000007629394530,20.5100002288818360,20.5699996948242200,29031761,20.5206718444824220
2026-06-11,20.7700004577636720,22.0100002288818360,20.7399997711181640,21.8700008392334000,49525922,21.8175563812255860
2026-06-12,21.8799991607666000,22.5300006866455080,21.8799991607666000,22.3099994659423830,13360564,22.2565002441406250
2026-06-15,22.5699996948242200,23.0000000000000000,22.1900005340576170,22.2600002288818360,41411454,22.2066211700439450
2026-06-16,22.3500003814697270,22.5000000000000000,22.1700000762939450,22.3600006103515620,29567675,22.3063812255859380
2026-06-17,22.3199996948242200,22.5300006866455080,21.7500000000000000,21.9099998474121100,33214612,21.9099998474121100
2026-06-18,21.9400005340576170,22.4500007629394530,21.9400005340576170,22.1499996185302730,55096514,22.1499996185302730
2026-06-19,22.1100006103515620,22.1200008392334000,21.3999996185302730,21.5200004577636720,65534873,21.5200004577636720
2026-06-22,21.5300006866455080,22.1499996185302730,21.5100002288818360,21.7999992370605470,37244324,21.7999992370605470
2026-06-23,21.6100006103515620,21.6800003051757800,21.2199993133544920,21.3700008392334000,35246895,21.3700008392334000
2026-06-24,21.3999996185302730,21.4099998474121100,20.9799995422363280,21.1200008392334000,35829980,21.1200008392334000
2026-06-25,21.2299995422363280,21.7900009155273440,21.2299995422363280,21.6800003051757800,33097728,21.6800003051757800
2026-06-26,21.8299999237060550,21.8999996185302730,21.4699993133544920,21.5100002288818360,32967829,21.5100002288818360
2026-06-29,21.3999996185302730,21.3999996185302730,21.0100002288818360,21.3099994659423830,4399203,21.3099994659423830
2026-06-30,21.2900009155273440,21.3899993896484380,20.8700008392334000,21.0000000000000000,41374388,21.0000000000000000
2026-07-01,20.9099998474121100,21.4500007629394530,20.9099998474121100,21.3099994659423830,29709491,21.3099994659423830
2026-07-02,21.2999992370605470,21.8600006103515620,21.2999992370605470,21.4300003051757800,14053979,21.4300003051757800
2026-07-03,21.4699993133544920,21.5200004577636720,21.1900005340576170,21.4400005340576170,4404713,21.4400005340576170
2026-07-06,21.4400005340576170,21.7199993133544920,21.3700008392334000,21.4099998474121100,29012901,21.4099998474121100
2026-07-07,21.3299999237060550,21.4500007629394530,20.8899993896484380,21.2299995422363280,14315263,21.2299995422363280
2026-07-08,21.2000007629394530,21.4300003051757800,20.9300003051757800,21.3600006103515620,16396451,21.3600006103515620
2026-07-09,21.2999992370605470,21.8199996948242200,21.2500000000000000,21.6599998474121100,24904827,21.6599998474121100
2026-07-10,21.6599998474121100,22.2099990844726560,21.6599998474121100,21.8199996948242200,19306092,21.8199996948242200
2026-07-13,21.7500000000000000,21.9099998474121100,21.4899997711181640,21.7900009155273440,27591626,21.7900009155273440
2026-07-14,21.8799991607666000,22.8099994659423830,21.8799991607666000,22.2399997711181640,27545775,22.2399997711181640
2026-07-15,22.2700004577636720,22.8700008392334000,22.2199993133544920,22.6399993896484380,17492992,22.6399993896484380
2026-07-16,22.5100002288818360,23.0000000000000000,22.3999996185302730,22.7399997711181640,18634649,22.7399997711181640
2026-07-17,22.6599998474121100,22.7900009155273440,22.4200000762939450,22.6900005340576170,10361416,22.6900005340576170
2026-07-20,22.7600002288818360,22.7900009155273440,21.7900009155273440,21.8099994659423830,20479618,21.8099994659423830
2026-07-21,21.8199996948242200,22.1200008392334000,21.8199996948242200,22.0699996948242200,15269356,22.0699996948242200
2026-07-22,21.9500007629394530,22.4099998474121100,21.9500007629394530,22.1700000762939450,11131190,22.1700000762939450
2026-07-23,22.8899993896484380,22.8899993896484380,21.3999996185302730,21.4799995422363280,28529803,21.4799995422363280
2026-07-24,21.5000000000000000,21.6200008392334000,21.0799999237060550,21.1800003051757800,20763120,21.1800003051757800
2026-07-27,21.2299995422363280,21.4300003051757800,21.0599994659423830,21.3700008392334000,11585262,21.3700008392334000
2026-07-28,21.2999992370605470,21.4500007629394530,20.8799991607666000,20.9899997711181640,21997215,20.9899997711181640
2026-07-29,21.0100002288818360,21.0100002288818360,20.5000000000000000,20.5100002288818360,36281613,20.5100002288818360
2026-07-30,20.5599994659423830,21.0100002288818360,20.3999996185302730,20.7399997711181640,15415416,20.7399997711181640
2026-07-31,20.7399997711181640,20.7399997711181640,20.4099998474121100,20.5400009155273440,20252368,20.5400009155273440
2026-08-03,20.6299991607666000,20.8299999237060550,20.5200004577636720,20.6000003814697270,8356423,20.6000003814697270
2026-08-04,20.6000003814697270,20.8700008392334000,19.9300003051757800,20.1000003814697270,32153660,20.1000003814697270
2026-08-05,20.2000007629394530,20.2999992370605470,19.8500003814697270,19.8999996185302730,18099794,19.8999996185302730
2026-08-06,19.9300003051757800,19.9500007629394530,19.4599990844726560,19.4799995422363280,33454759,19.4799995422363280
2026-08-07,19.5000000000000000,19.6200008392334000,19.1200008392334000,19.4799995422363280,28658121,19.4799995422363280
2026-08-10,19.5400009155273440,19.6700000762939450,19.3899993896484380,19.4300003051757800,27963444,19.4300003051757800
2026-08-11,19.5699996948242200,19.5900001525878900,18.9500007629394530,19.1599998474121100,16815766,19.1599998474121100
2026-08-12,19.1499996185302730,19.3899993896484380,19.0400009155273440,19.2299995422363280,27541907,19.2299995422363280
2026-08-13,19.2999992370605470,19.3400001525878900,18.8999996185302730,18.9099998474121100,20225627,18.9099998474121100
2026-08-14,18.8999996185302730,19.0900001525878900,18.8099994659423830,18.8899993896484380,8772388,18.8899993896484380
2026-08-17,19.0100002288818360,19.0400009155273440,18.7399997711181640,18.9500007629394530,12774431,18.9500007629394530
2026-08-18,18.9500007629394530,18.9500007629394530,18.2299995422363280,18.2600002288818360,18255590,18.2600002288818360
2026-08-19,18.2099990844726560,18.5699996948242200,18.0900001525878900,18.1499996185302730,18958117,18.1499996185302730
2026-08-20,18.1900005340576170,18.2600002288818360,17.8799991607666000,18.0599994659423830,20076228,18.0599994659423830
2026-08-21,18.1299991607666000,18.8700008392334000,18.0499992370605470,18.8299999237060550,43175073,18.8299999237060550
2026-08-24,18.8799991607666000,19.0400009155273440,18.6599998474121100,18.7700004577636720,36576234,18.7700004577636720
