"m_date","m_open_split_adjusted","m_high_split_adjusted","m_low_split_adjusted","m_close_split_adjusted","m_volume_split_adjusted","m_close_dividend_and_split_adjusted"
2021-04-14,381.000000000000000,429.540008544921900,310.000000000000000,328.279998779296900,81065700,328.279998779296900
2021-04-15,348.899993896484400,349.200012207031250,317.269989013671900,322.750000000000000,39777900,322.750000000000000
2021-04-16,327.500000000000000,345.989990234375000,321.029998779296900,342.000000000000000,22654500,342.000000000000000
2021-04-19,337.260009765625000,341.010009765625000,326.790008544921900,333.000000000000000,11405600,333.000000000000000
2021-04-20,333.429992675781250,334.829986572265600,312.019989013671900,320.820007324218750,18082300,320.820007324218750
2021-04-21,312.519989013671900,327.470001220703100,302.100006103515600,311.920013427734400,10103900,311.920013427734400
2021-04-22,305.760009765625000,313.500000000000000,287.200012207031250,293.450012207031250,14991900,293.450012207031250
2021-04-23,282.750000000000000,303.000000000000000,282.070007324218750,291.600006103515600,9853800,291.600006103515600
2021-04-26,304.290008544921900,306.100006103515600,296.899993896484400,304.540008544921900,6330200,304.540008544921900
2021-04-27,306.700012207031250,306.700012207031250,299.500000000000000,302.000000000000000,3902000,302.000000000000000
2021-04-28,301.010009765625000,302.899993896484400,298.049987792968750,298.049987792968750,2746100,298.049987792968750
2021-04-29,298.450012207031250,300.000000000000000,292.100006103515600,294.769989013671900,2845800,294.769989013671900
2021-04-30,293.000000000000000,302.739990234375000,291.000000000000000,297.640014648437500,3997400,297.640014648437500
2021-05-03,304.000000000000000,305.029998779296900,293.940002441406250,294.209991455078100,3333800,294.209991455078100
2021-05-04,292.059997558593750,292.190002441406250,275.609985351562500,280.660003662109400,5707700,280.660003662109400
2021-05-05,284.950012207031250,289.149993896484400,269.000000000000000,273.000000000000000,5074600,273.000000000000000
2021-05-06,271.149993896484400,272.140014648437500,250.509994506835940,256.760009765625000,8342000,256.760009765625000
2021-05-07,261.149993896484400,267.070007324218750,258.380004882812500,263.700012207031250,4243700,263.700012207031250
2021-05-10,266.399993896484400,297.500000000000000,259.369995117187500,293.450012207031250,10268600,293.450012207031250
2021-05-11,281.049987792968750,303.320007324218750,276.510009765625000,303.000000000000000,7456000,303.000000000000000
2021-05-12,299.540008544921900,306.980010986328100,280.790008544921900,283.609985351562500,7214200,283.609985351562500
2021-05-13,276.459991455078100,285.000000000000000,252.259994506835940,265.100006103515600,11226800,265.100006103515600
2021-05-14,280.369995117187500,280.640014648437500,256.350006103515600,258.369995117187500,11751800,258.369995117187500
2021-05-17,250.000000000000000,250.250000000000000,238.250000000000000,248.240005493164060,8828100,248.240005493164060
2021-05-18,238.830001831054700,252.169998168945300,238.500000000000000,239.000000000000000,7852100,239.000000000000000
2021-05-19,212.929992675781250,229.000000000000000,208.000000000000000,224.800003051757800,16766000,224.800003051757800
2021-05-20,236.100006103515620,238.800003051757800,226.259994506835940,233.399993896484380,10386900,233.399993896484380
2021-05-21,235.970001220703120,238.970001220703120,223.899993896484380,224.350006103515620,7554900,224.350006103515620
2021-05-24,227.279998779296880,231.000000000000000,224.039993286132800,225.300003051757800,10185600,225.300003051757800
2021-05-25,230.000000000000000,243.990005493164060,228.000000000000000,242.410003662109380,11827800,242.410003662109380
2021-05-26,247.500000000000000,249.389999389648440,239.369995117187500,241.520004272460940,6602800,241.520004272460940
2021-05-27,245.210006713867200,247.240005493164060,240.320007324218750,247.089996337890620,5083300,247.089996337890620
2021-05-28,243.570007324218750,244.630004882812500,236.539993286132800,236.539993286132800,5091500,236.539993286132800
2021-06-01,238.509994506835940,244.710006713867200,238.100006103515620,238.929992675781250,3962700,238.929992675781250
2021-06-02,242.800003051757800,243.899993896484380,238.710006713867200,240.479995727539060,3383800,240.479995727539060
2021-06-03,241.389999389648440,241.500000000000000,233.500000000000000,233.660003662109380,3091100,233.660003662109380
2021-06-04,229.990005493164060,233.360000610351560,227.500000000000000,228.789993286132800,3775100,228.789993286132800
2021-06-07,229.919998168945300,232.559997558593750,226.500000000000000,231.449996948242200,2658300,231.449996948242200
2021-06-08,227.160003662109380,229.330001831054700,217.399993896484380,220.660003662109380,6015800,220.660003662109380
2021-06-09,222.800003051757800,229.789993286132800,217.399993896484380,224.320007324218750,6865900,224.320007324218750
2021-06-10,226.220001220703120,229.789993286132800,221.470001220703120,221.850006103515620,3955300,221.850006103515620
2021-06-11,223.500000000000000,225.740005493164060,221.960006713867200,223.919998168945300,2383500,223.919998168945300
2021-06-14,231.270004272460940,239.759994506835940,229.759994506835940,239.100006103515620,6151700,239.100006103515620
2021-06-15,236.229995727539060,237.669998168945300,230.960006713867200,232.210006713867200,3007900,232.210006713867200
2021-06-16,231.399993896484380,234.679992675781250,226.279998779296880,228.050003051757800,2874800,228.050003051757800
2021-06-17,226.880004882812500,233.229995727539060,226.350006103515620,230.660003662109380,2589600,230.660003662109380
2021-06-18,226.919998168945300,232.690002441406250,226.500000000000000,229.289993286132800,3265200,229.289993286132800
2021-06-21,223.139999389648440,224.990005493164060,218.770004272460940,222.600006103515620,4687600,222.600006103515620
2021-06-22,216.250000000000000,223.149993896484380,210.770004272460940,222.470001220703120,6206100,222.470001220703120
2021-06-23,225.539993286132800,230.520004272460940,224.500000000000000,226.009994506835940,3394700,226.009994506835940
2021-06-24,228.460006713867200,230.039993286132800,226.669998168945300,229.929992675781250,2857700,229.929992675781250
2021-06-25,226.970001220703120,227.820007324218750,223.220001220703120,224.539993286132800,2507000,224.539993286132800
2021-06-28,227.639999389648440,248.059997558593750,226.130004882812500,246.690002441406250,7449000,246.690002441406250
2021-06-29,250.199996948242200,261.149993896484400,250.009994506835940,254.899993896484380,7867600,254.899993896484380
2021-06-30,248.300003051757800,254.669998168945300,247.000000000000000,253.300003051757800,4143500,253.300003051757800
2021-07-01,251.089996337890620,255.149993896484380,240.529998779296880,241.440002441406250,3611300,241.440002441406250
2021-07-02,242.000000000000000,246.800003051757800,238.880004882812500,240.720001220703120,2325000,240.720001220703120
2021-07-06,243.000000000000000,243.000000000000000,234.020004272460940,235.410003662109380,2212600,235.410003662109380
2021-07-07,238.960006713867200,252.990005493164060,232.339996337890620,251.970001220703120,4804400,251.970001220703120
2021-07-08,239.000000000000000,246.600006103515620,233.610000610351560,244.289993286132800,4350000,244.289993286132800
2021-07-09,245.000000000000000,256.989990234375000,244.210006713867200,253.880004882812500,4457400,253.880004882812500
2021-07-12,254.000000000000000,254.889999389648440,246.830001831054700,247.669998168945300,2222100,247.669998168945300
2021-07-13,245.509994506835940,249.149993896484380,242.929992675781250,243.309997558593750,3308000,243.309997558593750
2021-07-14,244.899993896484380,247.449996948242200,229.160003662109380,229.940002441406250,4808400,229.940002441406250
2021-07-15,229.940002441406250,234.470001220703120,220.369995117187500,224.630004882812500,3635900,224.630004882812500
2021-07-16,227.199996948242200,231.300003051757800,220.660003662109380,225.009994506835940,3373100,225.009994506835940
2021-07-19,216.919998168945300,221.889999389648440,213.220001220703120,220.610000610351560,3149300,220.610000610351560
2021-07-20,216.710006713867200,226.889999389648440,213.229995727539060,224.960006713867200,3104800,224.960006713867200
2021-07-21,231.699996948242200,237.149993896484380,229.190002441406250,230.869995117187500,3677400,230.869995117187500
2021-07-22,232.000000000000000,232.320007324218750,224.500000000000000,226.080001831054700,2551700,226.080001831054700
2021-07-23,226.220001220703120,227.350006103515620,222.729995727539060,224.919998168945300,1574700,224.919998168945300
2021-07-26,240.080001831054700,249.800003051757800,237.880004882812500,245.449996948242200,7615700,245.449996948242200
2021-07-27,243.000000000000000,243.210006713867200,229.119995117187500,235.080001831054700,5636400,235.080001831054700
2021-07-28,240.300003051757800,242.869995117187500,238.029998779296880,241.750000000000000,2065200,241.750000000000000
2021-07-29,241.770004272460940,245.160003662109380,235.330001831054700,235.779998779296880,2453100,235.779998779296880
2021-07-30,233.279998779296880,238.070007324218750,231.899993896484380,236.580001831054700,2041100,236.580001831054700
2021-08-02,237.279998779296880,240.380004882812500,233.800003051757800,235.399993896484380,2151300,235.399993896484380
2021-08-03,233.869995117187500,235.690002441406250,226.910003662109380,230.179992675781250,2850500,230.179992675781250
2021-08-04,231.059997558593750,245.470001220703120,229.850006103515620,244.360000610351560,3684700,244.360000610351560
2021-08-05,239.759994506835940,258.309997558593750,237.589996337890620,255.500000000000000,6017800,255.500000000000000
2021-08-06,255.500000000000000,263.899993896484400,250.229995727539060,258.260009765625000,5579900,258.260009765625000
2021-08-09,267.850006103515600,282.429992675781250,267.500000000000000,280.470001220703100,8892400,280.470001220703100
2021-08-10,280.670013427734400,281.500000000000000,264.250000000000000,269.670013427734400,7723400,269.670013427734400
2021-08-11,282.339996337890600,294.000000000000000,274.350006103515600,278.399993896484400,13998300,278.399993896484400
2021-08-12,266.390014648437500,267.750000000000000,255.199996948242200,256.500000000000000,8247800,256.500000000000000
2021-08-13,262.820007324218750,266.500000000000000,259.970001220703100,261.250000000000000,4472800,261.250000000000000
2021-08-16,265.260009765625000,265.429992675781250,253.600006103515620,256.829986572265600,3232200,256.829986572265600
2021-08-17,253.139999389648440,260.739990234375000,246.229995727539060,250.800003051757800,3102000,250.800003051757800
2021-08-18,249.000000000000000,254.399993896484380,243.759994506835940,244.389999389648440,2565000,244.389999389648440
2021-08-19,240.600006103515620,249.770004272460940,239.190002441406250,248.240005493164060,3247200,248.240005493164060
2021-08-20,252.000000000000000,260.619995117187500,251.419998168945300,257.320007324218750,4031100,257.320007324218750
2021-08-23,263.670013427734400,266.500000000000000,255.000000000000000,256.000000000000000,5705300,256.000000000000000
2021-08-24,256.989990234375000,260.250000000000000,253.199996948242200,259.279998779296900,3982800,259.279998779296900
2021-08-25,257.000000000000000,262.109985351562500,256.000000000000000,256.769989013671900,2675100,256.769989013671900
2021-08-26,253.210006713867200,255.199996948242200,248.500000000000000,248.539993286132800,3038900,248.539993286132800
2021-08-27,249.389999389648440,259.670013427734400,248.089996337890620,259.119995117187500,3201400,259.119995117187500
2021-08-30,256.350006103515600,263.339996337890600,256.250000000000000,262.660003662109400,2687600,262.660003662109400
2021-08-31,260.019989013671900,263.399993896484400,257.179992675781250,259.000000000000000,2493800,259.000000000000000
2021-09-01,260.309997558593750,272.100006103515600,258.630004882812500,265.899993896484400,4789600,265.899993896484400
2021-09-02,272.540008544921900,275.660003662109400,266.000000000000000,268.179992675781250,3733200,268.179992675781250
2021-09-03,272.000000000000000,280.609985351562500,270.029998779296900,278.440002441406250,4425700,278.440002441406250
2021-09-07,277.000000000000000,278.869995117187500,262.600006103515600,266.809997558593750,5173000,266.809997558593750
2021-09-08,257.000000000000000,262.950012207031250,253.880004882812500,258.200012207031250,4507600,258.200012207031250
2021-09-09,260.299987792968750,263.809997558593750,255.699996948242200,256.420013427734400,3074500,256.420013427734400
2021-09-10,257.309997558593750,258.869995117187500,247.399993896484380,248.320007324218750,3191300,248.320007324218750
2021-09-13,246.509994506835940,251.880004882812500,239.600006103515620,242.839996337890620,4021400,242.839996337890620
2021-09-14,247.250000000000000,248.789993286132800,241.270004272460940,243.000000000000000,2748900,243.000000000000000
2021-09-15,244.000000000000000,249.470001220703120,242.050003051757800,247.070007324218750,2148300,247.070007324218750
2021-09-16,247.380004882812500,247.460006713867200,239.610000610351560,243.210006713867200,2596800,243.210006713867200
2021-09-17,243.130004882812500,245.630004882812500,238.750000000000000,245.190002441406250,2948000,245.190002441406250
2021-09-20,234.449996948242200,237.360000610351560,231.149993896484380,236.529998779296880,4192600,236.529998779296880
2021-09-21,237.009994506835940,240.259994506835940,234.259994506835940,238.460006713867200,2174700,238.460006713867200
2021-09-22,239.910003662109380,243.199996948242200,237.759994506835940,241.850006103515620,1660200,241.850006103515620
2021-09-23,244.570007324218750,245.800003051757800,237.070007324218750,237.500000000000000,3151300,237.500000000000000
2021-09-24,231.000000000000000,235.309997558593750,229.169998168945300,231.820007324218750,3700000,231.820007324218750
2021-09-27,231.880004882812500,233.399993896484380,227.350006103515620,232.240005493164060,3234800,232.240005493164060
2021-09-28,229.679992675781250,232.509994506835940,227.520004272460940,229.839996337890620,3231200,229.839996337890620
2021-09-29,231.000000000000000,233.770004272460940,225.039993286132800,225.279998779296880,2547300,225.279998779296880
2021-09-30,227.000000000000000,229.990005493164060,225.279998779296880,227.479995727539060,2514700,227.479995727539060
2021-10-01,232.889999389648440,235.759994506835940,226.929992675781250,231.149993896484380,3457300,231.149993896484380
2021-10-04,231.490005493164060,233.100006103515620,224.509994506835940,229.309997558593750,2591100,229.309997558593750
2021-10-05,231.350006103515620,240.089996337890620,230.789993286132800,240.089996337890620,2994400,240.089996337890620
2021-10-06,242.399993896484380,252.139999389648440,242.199996948242200,250.380004882812500,5747700,250.380004882812500
2021-10-07,248.000000000000000,253.000000000000000,245.649993896484380,251.589996337890620,3213200,251.589996337890620
2021-10-08,253.529998779296880,256.179992675781250,246.899993896484380,248.139999389648440,2873700,248.139999389648440
2021-10-11,249.570007324218750,263.190002441406250,248.490005493164060,256.500000000000000,4945300,256.500000000000000
2021-10-12,254.259994506835940,256.369995117187500,246.080001831054700,249.330001831054700,3971900,249.330001831054700
2021-10-13,246.500000000000000,249.729995727539060,244.559997558593750,246.779998779296880,2878000,246.779998779296880
2021-10-14,250.899993896484380,262.950012207031250,249.100006103515620,260.000000000000000,6299100,260.000000000000000
2021-10-15,266.600006103515600,281.720001220703100,266.529998779296900,280.609985351562500,9517500,280.609985351562500
2021-10-18,275.739990234375000,296.980010986328100,271.500000000000000,293.339996337890600,11789600,293.339996337890600
2021-10-19,300.000000000000000,307.850006103515600,294.109985351562500,305.630004882812500,14785700,305.630004882812500
2021-10-20,306.660003662109400,317.369995117187500,303.959991455078100,314.709991455078100,10315300,314.709991455078100
2021-10-21,311.959991455078100,317.179992675781250,298.000000000000000,300.010009765625000,8289200,300.010009765625000
2021-10-22,302.000000000000000,306.000000000000000,293.619995117187500,300.839996337890600,5437300,300.839996337890600
2021-10-25,306.760009765625000,327.000000000000000,305.109985351562500,325.540008544921900,8444900,325.540008544921900
2021-10-26,328.149993896484400,328.480010986328100,315.510009765625000,319.489990234375000,7635800,319.489990234375000
2021-10-27,309.329986572265600,320.279998779296900,306.500000000000000,311.670013427734400,5253300,311.670013427734400
2021-10-28,319.809997558593750,327.720001220703100,311.000000000000000,319.130004882812500,5952300,319.130004882812500
2021-10-29,319.320007324218750,326.500000000000000,316.140014648437500,319.420013427734400,3766400,319.420013427734400
2021-11-01,324.769989013671900,338.429992675781250,323.899993896484400,330.989990234375000,6255900,330.989990234375000
2021-11-02,336.329986572265600,345.250000000000000,332.140014648437500,336.339996337890600,6104700,336.339996337890600
2021-11-03,335.260009765625000,344.470001220703100,328.309997558593750,344.380004882812500,4809800,344.380004882812500
2021-11-04,340.739990234375000,345.850006103515600,333.880004882812500,344.450012207031250,5893700,344.450012207031250
2021-11-05,345.230010986328100,345.230010986328100,333.440002441406250,337.049987792968750,3527600,337.049987792968750
2021-11-08,349.500000000000000,363.170013427734400,345.559997558593750,353.920013427734400,8531100,353.920013427734400
2021-11-09,367.390014648437500,368.899993896484400,345.059997558593750,357.390014648437500,10153700,357.390014648437500
2021-11-10,327.220001220703100,348.980010986328100,320.000000000000000,328.600006103515600,15168900,328.600006103515600
2021-11-11,327.429992675781250,342.489990234375000,327.000000000000000,336.390014648437500,4905800,336.390014648437500
2021-11-12,339.250000000000000,344.000000000000000,332.559997558593750,342.980010986328100,4469900,342.980010986328100
2021-11-15,345.100006103515600,355.200012207031250,339.029998779296900,345.359985351562500,4465700,345.359985351562500
2021-11-16,333.140014648437500,347.399993896484400,331.579986572265600,342.119995117187500,4128100,342.119995117187500
2021-11-17,342.029998779296900,348.489990234375000,338.179992675781250,346.519989013671900,3772100,346.519989013671900
2021-11-18,343.000000000000000,344.839996337890600,323.410003662109400,323.570007324218750,5408800,323.570007324218750
2021-11-19,325.559997558593750,339.410003662109400,325.399993896484400,332.549987792968750,3680400,332.549987792968750
2021-11-22,333.329986572265600,335.899993896484400,310.670013427734400,315.480010986328100,5013600,315.480010986328100
2021-11-23,312.500000000000000,319.700012207031250,304.600006103515600,317.200012207031250,3465000,317.200012207031250
2021-11-24,309.380004882812500,316.320007324218750,305.880004882812500,312.380004882812500,2759800,312.380004882812500
2021-11-26,301.299987792968750,307.920013427734400,299.149993896484400,303.190002441406250,2678700,303.190002441406250
2021-11-29,312.220001220703100,321.579986572265600,306.750000000000000,319.390014648437500,4159700,319.390014648437500
2021-11-30,320.750000000000000,331.700012207031250,310.980010986328100,315.000000000000000,7168400,315.000000000000000
2021-12-01,318.600006103515600,323.000000000000000,293.700012207031250,294.500000000000000,4267500,294.500000000000000
2021-12-02,295.160003662109400,305.320007324218750,283.820007324218750,284.709991455078100,4625100,284.709991455078100
2021-12-03,286.000000000000000,286.000000000000000,258.160003662109400,265.649993896484400,7271100,265.649993896484400
2021-12-06,253.130004882812500,267.230010986328100,244.460006713867200,263.239990234375000,5366400,263.239990234375000
2021-12-07,277.649993896484400,290.190002441406250,274.910003662109400,286.420013427734400,4648200,286.420013427734400
2021-12-08,284.440002441406250,290.000000000000000,278.290008544921900,287.480010986328100,2495900,287.480010986328100
2021-12-09,284.970001220703100,284.989990234375000,258.920013427734400,263.910003662109400,5394600,263.910003662109400
2021-12-10,266.299987792968750,269.190002441406250,250.149993896484380,255.759994506835940,5062100,255.759994506835940
2021-12-13,252.139999389648440,256.500000000000000,244.800003051757800,251.369995117187500,3410400,251.369995117187500
2021-12-14,247.279998779296880,260.500000000000000,243.500000000000000,255.860000610351560,3866600,255.860000610351560
2021-12-15,254.490005493164060,261.170013427734400,242.259994506835940,258.299987792968750,4623500,258.299987792968750
2021-12-16,264.459991455078100,268.260009765625000,244.630004882812500,247.169998168945300,3346600,247.169998168945300
2021-12-17,240.000000000000000,250.479995727539060,236.000000000000000,243.350006103515620,4420300,243.350006103515620
2021-12-20,236.559997558593750,239.369995117187500,231.770004272460940,238.050003051757800,3572200,238.050003051757800
2021-12-21,244.149993896484380,248.119995117187500,239.589996337890620,247.690002441406250,2776500,247.690002441406250
2021-12-22,248.509994506835940,254.789993286132800,245.639999389648440,254.550003051757800,3779100,254.550003051757800
2021-12-23,256.559997558593750,269.309997558593750,253.500000000000000,268.149993896484400,4106100,268.149993896484400
2021-12-27,270.260009765625000,281.989990234375000,270.200012207031250,280.269989013671900,4448900,280.269989013671900
2021-12-28,270.000000000000000,270.980010986328100,259.690002441406250,261.329986572265600,4372800,261.329986572265600
2021-12-29,256.670013427734400,263.010009765625000,251.369995117187500,252.600006103515620,3474300,252.600006103515620
2021-12-30,252.600006103515620,260.000000000000000,252.039993286132800,256.790008544921900,2887600,256.790008544921900
2021-12-31,255.809997558593750,259.209991455078100,251.520004272460940,252.369995117187500,2360300,252.369995117187500
2022-01-03,256.269989013671900,261.630004882812500,250.639999389648440,251.050003051757800,3350900,251.050003051757800
2022-01-04,253.050003051757800,258.809997558593750,244.139999389648440,250.149993896484380,3652600,250.149993896484380
2022-01-05,247.720001220703120,248.690002441406250,232.860000610351560,234.229995727539060,5196300,234.229995727539060
2022-01-06,233.190002441406250,235.979995727539060,224.880004882812500,234.000000000000000,5236000,234.000000000000000
2022-01-07,233.630004882812500,238.479995727539060,227.589996337890620,232.330001831054700,3312000,232.330001831054700
2022-01-10,224.429992675781250,225.259994506835940,214.639999389648440,225.009994506835940,6800800,225.009994506835940
2022-01-11,225.500000000000000,238.000000000000000,222.179992675781250,237.229995727539060,5585600,237.229995727539060
2022-01-12,242.110000610351560,246.270004272460940,234.419998168945300,234.699996948242200,3937000,234.699996948242200
2022-01-13,241.990005493164060,242.869995117187500,227.190002441406250,228.229995727539060,3814100,228.229995727539060
2022-01-14,226.619995117187500,232.000000000000000,222.300003051757800,230.029998779296880,4325600,230.029998779296880
2022-01-18,226.820007324218750,227.190002441406250,219.600006103515620,222.000000000000000,3483000,222.000000000000000
2022-01-19,224.250000000000000,227.169998168945300,218.820007324218750,219.500000000000000,2976700,219.500000000000000
2022-01-20,222.300003051757800,232.000000000000000,220.839996337890620,221.619995117187500,3691200,221.619995117187500
2022-01-21,209.979995727539060,210.190002441406250,186.860000610351560,191.970001220703120,13628300,191.970001220703120
2022-01-24,173.179992675781250,191.860000610351560,162.509994506835940,191.479995727539060,12978700,191.479995727539060
2022-01-25,185.169998168945300,193.119995117187500,177.149993896484380,185.630004882812500,6271300,185.630004882812500
2022-01-26,193.600006103515620,198.050003051757800,177.000000000000000,178.639999389648440,7566300,178.639999389648440
2022-01-27,182.029998779296880,182.750000000000000,168.580001831054700,170.199996948242200,5551900,170.199996948242200
2022-01-28,169.100006103515620,181.750000000000000,162.199996948242200,177.580001831054700,6475800,177.580001831054700
2022-01-31,177.869995117187500,192.000000000000000,175.029998779296880,190.149993896484380,4060500,190.149993896484380
2022-02-01,197.970001220703120,201.449996948242200,188.619995117187500,197.729995727539060,5159000,197.729995727539060
2022-02-02,195.809997558593750,197.000000000000000,181.729995727539060,187.369995117187500,3861700,187.369995117187500
2022-02-03,182.259994506835940,189.300003051757800,179.000000000000000,181.309997558593750,3417000,181.309997558593750
2022-02-04,181.020004272460940,197.000000000000000,177.449996948242200,194.440002441406250,4397900,194.440002441406250
2022-02-07,198.699996948242200,211.110000610351560,198.199996948242200,205.740005493164060,6668300,205.740005493164060
2022-02-08,200.369995117187500,209.250000000000000,196.750000000000000,208.729995727539060,4639100,208.729995727539060
2022-02-09,210.179992675781250,215.250000000000000,207.610000610351560,214.500000000000000,3811700,214.500000000000000
2022-02-10,210.570007324218750,217.490005493164060,202.860000610351560,204.770004272460940,4587400,204.770004272460940
2022-02-11,205.800003051757800,205.979995727539060,191.020004272460940,194.529998779296880,5054200,194.529998779296880
2022-02-14,193.479995727539060,203.559997558593750,193.460006713867200,195.250000000000000,4528100,195.250000000000000
2022-02-15,202.309997558593750,209.309997558593750,201.179992675781250,208.949996948242200,3714300,208.949996948242200
2022-02-16,205.380004882812500,214.020004272460940,203.830001831054700,207.960006713867200,3593600,207.960006713867200
2022-02-17,202.100006103515620,206.309997558593750,188.929992675781250,191.919998168945300,4740600,191.919998168945300
2022-02-18,191.080001831054700,192.720001220703120,180.539993286132800,189.160003662109380,4502200,189.160003662109380
2022-02-22,180.869995117187500,185.750000000000000,173.160003662109380,176.759994506835940,4472800,176.759994506835940
2022-02-23,180.690002441406250,183.339996337890620,171.770004272460940,172.740005493164060,3892500,172.740005493164060
2022-02-24,159.080001831054700,183.000000000000000,155.919998168945300,179.559997558593750,8134000,179.559997558593750
2022-02-25,180.240005493164060,182.089996337890620,170.399993896484380,176.830001831054700,6836800,176.830001831054700
2022-02-28,172.500000000000000,192.229995727539060,172.089996337890620,190.770004272460940,8036300,190.770004272460940
2022-03-01,196.279998779296880,205.880004882812500,189.630004882812500,196.169998168945300,7779200,196.169998168945300
2022-03-02,192.259994506835940,196.149993896484380,189.509994506835940,194.500000000000000,3414100,194.500000000000000
2022-03-03,194.710006713867200,194.919998168945300,177.149993896484380,178.029998779296880,3734400,178.029998779296880
2022-03-04,177.610000610351560,178.660003662109380,162.160003662109380,165.750000000000000,5848700,165.750000000000000
2022-03-07,168.250000000000000,172.979995727539060,160.229995727539060,161.139999389648440,4424000,161.139999389648440
2022-03-08,160.100006103515620,168.350006103515620,156.529998779296880,161.990005493164060,3840800,161.990005493164060
2022-03-09,174.259994506835940,181.449996948242200,173.509994506835940,178.970001220703120,4945200,178.970001220703120
2022-03-10,173.139999389648440,174.490005493164060,168.100006103515620,172.970001220703120,2670600,172.970001220703120
2022-03-11,175.350006103515620,175.750000000000000,160.000000000000000,160.070007324218750,3660500,160.070007324218750
2022-03-14,159.990005493164060,161.699996948242200,150.419998168945300,153.190002441406250,4450000,153.190002441406250
2022-03-15,152.899993896484380,156.419998168945300,150.119995117187500,155.979995727539060,4245400,155.979995727539060
2022-03-16,160.470001220703120,173.070007324218750,160.000000000000000,172.529998779296880,5974300,172.529998779296880
2022-03-17,170.729995727539060,177.500000000000000,168.000000000000000,177.220001220703120,2975900,177.220001220703120
2022-03-18,175.029998779296880,186.690002441406250,175.000000000000000,185.940002441406250,4835700,185.940002441406250
2022-03-21,181.800003051757800,183.589996337890620,171.699996948242200,176.809997558593750,4214000,176.809997558593750
2022-03-22,180.500000000000000,188.809997558593750,178.500000000000000,186.080001831054700,4086100,186.080001831054700
2022-03-23,184.720001220703120,189.550003051757800,181.800003051757800,183.110000610351560,2311900,183.110000610351560
2022-03-24,185.259994506835940,192.000000000000000,179.500000000000000,190.190002441406250,3536500,190.190002441406250
2022-03-25,192.000000000000000,195.699996948242200,182.800003051757800,186.710006713867200,3598300,186.710006713867200
2022-03-28,193.309997558593750,203.270004272460940,193.009994506835940,201.410003662109380,6624000,201.410003662109380
2022-03-29,198.949996948242200,206.789993286132800,194.050003051757800,204.529998779296880,4811500,204.529998779296880
2022-03-30,201.289993286132800,206.330001831054700,194.759994506835940,196.699996948242200,3775900,196.699996948242200
2022-03-31,197.250000000000000,198.080001831054700,189.559997558593750,189.860000610351560,2999200,189.860000610351560
2022-04-01,189.860000610351560,191.869995117187500,184.389999389648440,186.960006713867200,2975900,186.960006713867200
2022-04-04,187.339996337890620,193.070007324218750,186.160003662109380,191.649993896484380,2488800,191.649993896484380
2022-04-05,189.759994506835940,191.330001831054700,176.259994506835940,177.169998168945300,5012800,177.169998168945300
2022-04-06,172.830001831054700,174.330001831054700,165.009994506835940,166.839996337890620,4675300,166.839996337890620
2022-04-07,166.710006713867200,169.419998168945300,160.679992675781250,166.190002441406250,3093600,166.190002441406250
2022-04-08,165.210006713867200,166.000000000000000,160.130004882812500,160.940002441406250,2951000,160.940002441406250
2022-04-11,156.570007324218750,157.559997558593750,151.729995727539060,153.869995117187500,4305800,153.869995117187500
2022-04-12,158.070007324218750,162.440002441406250,149.410003662109380,149.850006103515620,4654400,149.850006103515620
2022-04-13,149.029998779296880,156.160003662109380,147.800003051757800,154.789993286132800,3740500,154.789993286132800
2022-04-14,153.539993286132800,154.000000000000000,146.820007324218750,147.289993286132800,4082200,147.289993286132800
2022-04-18,145.449996948242200,149.500000000000000,140.529998779296880,145.160003662109380,4668700,145.160003662109380
2022-04-19,146.020004272460940,152.100006103515620,144.449996948242200,151.270004272460940,2916000,151.270004272460940
2022-04-20,154.929992675781250,154.960006713867200,144.850006103515620,147.130004882812500,3486000,147.130004882812500
2022-04-21,151.970001220703120,153.440002441406250,135.309997558593750,137.320007324218750,6252900,137.320007324218750
2022-04-22,137.289993286132800,141.199996948242200,131.250000000000000,131.520004272460940,5162200,131.520004272460940
2022-04-25,130.009994506835940,137.350006103515620,129.289993286132800,135.139999389648440,4066500,135.139999389648440
2022-04-26,135.309997558593750,136.770004272460940,126.519996643066400,127.150001525878900,3717600,127.150001525878900
2022-04-27,125.279998779296880,130.710006713867200,121.980003356933600,122.550003051757810,4658500,122.550003051757810
2022-04-28,123.690002441406250,126.389999389648440,113.319999694824220,122.690002441406250,8070900,122.690002441406250
2022-04-29,121.099998474121100,129.089996337890620,112.139999389648440,112.709999084472660,5760900,112.709999084472660
2022-05-02,113.069999694824220,122.290000915527340,111.800003051757810,121.339996337890620,6229400,121.339996337890620
2022-05-03,120.230003356933600,129.399993896484380,119.970001220703120,123.559997558593750,5053200,123.559997558593750
2022-05-04,124.000000000000000,132.809997558593750,116.199996948242190,130.149993896484380,6492800,130.149993896484380
2022-05-05,125.000000000000000,125.639999389648440,112.050003051757810,114.250000000000000,7324400,114.250000000000000
2022-05-06,112.500000000000000,112.500000000000000,100.250000000000000,103.739997863769530,9026500,103.739997863769530
2022-05-09,96.000000000000000,96.430000305175780,81.779998779296880,83.510002136230470,16845400,83.510002136230470
2022-05-10,87.000000000000000,89.379997253417970,70.190002441406250,72.989997863769530,31780000,72.989997863769530
2022-05-11,54.849998474121094,61.279998779296875,50.150001525878906,53.720001220703125,67080200,53.720001220703125
2022-05-12,48.540000915527344,60.299999237060550,40.830001831054690,58.500000000000000,58789000,58.500000000000000
2022-05-13,69.260002136230470,74.250000000000000,65.500000000000000,67.870002746582030,38264800,67.870002746582030
2022-05-16,68.059997558593750,68.080001831054690,60.509998321533200,61.700000762939450,18685900,61.700000762939450
2022-05-17,66.199996948242190,70.500000000000000,63.110000610351560,70.000000000000000,15868000,70.000000000000000
2022-05-18,67.690002441406250,71.809997558593750,61.939998626708984,63.029998779296875,17422700,63.029998779296875
2022-05-19,65.000000000000000,70.989997863769530,63.610000610351560,67.419998168945310,15410100,67.419998168945310
2022-05-20,69.370002746582030,70.739997863769530,62.049999237060550,66.150001525878900,15166300,66.150001525878900
2022-05-23,65.540000915527340,68.650001525878900,62.349998474121094,66.099998474121100,12055700,66.099998474121100
2022-05-24,64.559997558593750,64.559997558593750,59.119998931884766,61.360000610351560,10714900,61.360000610351560
2022-05-25,61.069999694824220,68.500000000000000,60.990001678466800,67.169998168945310,11062000,67.169998168945310
2022-05-26,63.970001220703125,71.169998168945310,62.299999237060550,69.870002746582030,12000200,69.870002746582030
2022-05-27,69.839996337890620,77.180000305175780,69.839996337890620,75.319999694824220,14112800,75.319999694824220
2022-05-31,80.000000000000000,83.319999694824220,75.599998474121100,78.099998474121100,22623200,78.099998474121100
2022-06-01,77.500000000000000,77.800003051757810,67.800003051757810,68.629997253417970,14608500,68.629997253417970
2022-06-02,67.800003051757810,74.480003356933600,67.279998779296880,73.819999694824220,8607200,73.819999694824220
2022-06-03,69.389999389648440,70.500000000000000,65.610000610351560,66.690002441406250,10213600,66.690002441406250
2022-06-06,70.760002136230470,74.110000610351560,68.430000305175780,70.669998168945310,9352400,70.669998168945310
2022-06-07,67.309997558593750,69.970001220703120,64.360000610351560,69.569999694824220,8485100,69.569999694824220
2022-06-08,69.230003356933600,72.980003356933600,68.300003051757810,69.199996948242190,6276600,69.199996948242190
2022-06-09,69.080001831054690,69.379997253417970,63.119998931884766,63.759998321533200,9349300,63.759998321533200
2022-06-10,60.000000000000000,61.630001068115234,57.770000457763670,58.709999084472656,10982600,58.709999084472656
2022-06-13,46.180000305175780,54.299999237060550,46.000000000000000,52.009998321533200,28961400,52.009998321533200
2022-06-14,52.500000000000000,53.290000915527344,48.810001373291016,51.580001831054690,17430300,51.580001831054690
2022-06-15,50.939998626708984,56.659999847412110,50.450000762939450,55.009998321533200,16340100,55.009998321533200
2022-06-16,52.580001831054690,54.430000305175780,50.080001831054690,51.049999237060550,13157700,51.049999237060550
2022-06-17,50.119998931884766,52.799999237060550,49.279998779296875,51.220001220703125,11771000,51.220001220703125
2022-06-21,54.200000762939450,60.750000000000000,54.099998474121094,57.490001678466800,16916200,57.490001678466800
2022-06-22,53.869998931884766,56.750000000000000,51.569999694824220,51.909999847412110,18947700,51.909999847412110
2022-06-23,53.599998474121094,59.619998931884766,51.830001831054690,58.880001068115234,15840700,58.880001068115234
2022-06-24,60.000000000000000,64.089996337890620,59.330001831054690,62.709999084472656,24381400,62.709999084472656
2022-06-27,59.560001373291016,60.450000762939450,55.020000457763670,55.959999084472656,15201600,55.959999084472656
2022-06-28,56.259998321533200,57.250000000000000,50.330001831054690,51.180000305175780,10253500,51.180000305175780
2022-06-29,50.500000000000000,51.459999084472656,48.590000152587890,49.750000000000000,9776200,49.750000000000000
2022-06-30,48.200000762939450,48.400001525878906,44.150001525878906,47.020000457763670,12934400,47.020000457763670
2022-07-01,47.990001678466800,50.159999847412110,47.520000457763670,49.040000915527344,8556500,49.040000915527344
2022-07-05,48.130001068115234,55.819999694824220,45.950000762939450,55.409999847412110,13087900,55.409999847412110
2022-07-06,54.169998168945310,56.270000457763670,51.400001525878906,51.709999084472656,11881900,51.709999084472656
2022-07-07,52.139999389648440,57.650001525878906,52.139999389648440,57.459999084472656,12318500,57.459999084472656
2022-07-08,55.610000610351560,63.700000762939450,54.509998321533200,60.290000915527344,17950500,60.290000915527344
2022-07-11,57.540000915527344,58.430000305175780,53.299999237060550,53.880001068115234,10705800,53.880001068115234
2022-07-12,53.700000762939450,56.110000610351560,52.619998931884766,54.240001678466800,8466200,54.240001678466800
2022-07-13,51.680000305175780,54.729999542236330,50.400001525878906,53.099998474121094,9439900,53.099998474121094
2022-07-14,52.340000152587890,54.709999084472656,50.340000152587890,53.419998168945310,9682100,53.419998168945310
2022-07-15,54.349998474121094,56.549999237060550,51.930000305175780,53.790000915527344,10714300,53.790000915527344
2022-07-18,56.709999084472656,63.380001068115234,56.689998626708984,58.669998168945310,21226200,58.669998168945310
2022-07-19,60.860000610351560,65.980003356933600,57.779998779296875,65.830001831054690,19210600,65.830001831054690
2022-07-20,67.080001831054690,79.000000000000000,67.050003051757810,75.269996643066400,34032000,75.269996643066400
2022-07-21,71.000000000000000,76.620002746582030,70.279998779296880,73.980003356933600,17301200,73.980003356933600
2022-07-22,76.199996948242190,76.569999694824220,69.089996337890620,70.819999694824220,12013300,70.819999694824220
2022-07-25,68.930000305175780,69.980003356933600,66.300003051757810,67.069999694824220,8797600,67.069999694824220
2022-07-26,61.689998626708984,62.889999389648440,52.630001068115234,52.930000305175780,26875800,52.930000305175780
2022-07-27,54.869998931884766,60.610000610351560,53.119998931884766,58.830001831054690,18230200,58.830001831054690
2022-07-28,58.240001678466800,62.950000762939450,55.590000152587890,62.250000000000000,13674800,62.250000000000000
2022-07-29,60.139999389648440,64.230003356933600,59.770000457763670,62.959999084472656,9113800,62.959999084472656
2022-08-01,61.189998626708984,63.619998931884766,59.419998168945310,62.700000762939450,7361300,62.700000762939450
2022-08-02,60.909999847412110,69.589996337890620,60.799999237060550,67.230003356933600,12142100,67.230003356933600
2022-08-03,69.050003051757810,82.250000000000000,67.610000610351560,80.809997558593750,24784200,80.809997558593750
2022-08-04,106.099998474121100,116.300003051757810,86.790000915527340,88.900001525878900,54342800,88.900001525878900
2022-08-05,86.580001831054690,98.870002746582030,86.519996643066400,93.050003051757810,24865700,93.050003051757810
2022-08-08,97.839996337890620,103.550003051757810,93.809997558593750,98.019996643066400,18878700,98.019996643066400
2022-08-09,93.889999389648440,93.889999389648440,85.599998474121100,87.680000305175780,17411400,87.680000305175780
2022-08-10,89.980003356933600,95.000000000000000,88.000000000000000,94.139999389648440,23818200,94.139999389648440
2022-08-11,97.250000000000000,98.699996948242190,82.309997558593750,84.000000000000000,23247300,84.000000000000000
2022-08-12,85.230003356933600,92.480003356933600,83.290000915527340,90.489997863769530,13755200,90.489997863769530
2022-08-15,89.110000610351560,93.680000305175780,88.589996337890620,91.970001220703120,11001900,91.970001220703120
2022-08-16,90.550003051757810,95.500000000000000,84.239997863769530,90.389999389648440,17034400,90.389999389648440
2022-08-17,87.510002136230470,88.639999389648440,84.769996643066400,85.440002441406250,10697900,85.440002441406250
2022-08-18,86.330001831054690,86.360000610351560,81.419998168945310,83.470001220703120,7923300,83.470001220703120
2022-08-19,76.000000000000000,78.250000000000000,74.010002136230470,74.059997558593750,13727900,74.059997558593750
2022-08-22,70.910003662109380,74.940002441406250,70.290000915527340,71.470001220703120,9082400,71.470001220703120
2022-08-23,71.949996948242190,76.410003662109380,70.599998474121100,71.180000305175780,9598300,71.180000305175780
2022-08-24,71.879997253417970,74.319999694824220,70.709999084472660,71.480003356933600,6675500,71.480003356933600
2022-08-25,71.839996337890620,72.449996948242190,68.519996643066400,71.370002746582030,8563500,71.370002746582030
2022-08-26,71.709999084472660,71.800003051757810,65.339996337890620,66.739997863769530,9797300,66.739997863769530
2022-08-29,65.510002136230470,69.400001525878900,65.459999084472660,66.339996337890620,7944100,66.339996337890620
2022-08-30,67.970001220703120,69.449996948242190,64.629997253417970,67.029998779296880,8293500,67.029998779296880
2022-08-31,68.699996948242190,70.379997253417970,66.660003662109380,66.800003051757810,6707900,66.800003051757810
2022-09-01,65.550003051757810,65.989997863769530,61.909999847412110,65.529998779296880,8046600,65.529998779296880
2022-09-02,67.709999084472660,68.139999389648440,63.819999694824220,65.260002136230470,6392800,65.260002136230470
2022-09-06,65.559997558593750,66.879997253417970,62.599998474121094,62.779998779296875,7478100,62.779998779296875
2022-09-07,62.000000000000000,68.769996643066400,61.830001831054690,68.250000000000000,8408400,68.250000000000000
2022-09-08,66.360000610351560,73.330001831054690,65.500000000000000,73.080001831054690,9241500,73.080001831054690
2022-09-09,78.199996948242190,81.040000915527340,75.150001525878900,80.870002746582030,15357100,80.870002746582030
2022-09-12,82.599998474121100,84.580001831054690,80.599998474121100,82.550003051757810,12554900,82.550003051757810
2022-09-13,75.339996337890620,78.089996337890620,74.349998474121100,75.250000000000000,11235300,75.250000000000000
2022-09-14,75.300003051757810,79.199996948242190,74.110000610351560,78.699996948242190,10840700,78.699996948242190
2022-09-15,77.629997253417970,82.000000000000000,76.629997253417970,77.230003356933600,10950100,77.230003356933600
2022-09-16,75.150001525878900,76.370002746582030,73.599998474121100,74.000000000000000,17089000,74.000000000000000
2022-09-19,71.879997253417970,72.540000915527340,67.000000000000000,69.930000305175780,13135300,69.930000305175780
2022-09-20,68.089996337890620,69.800003051757810,66.169998168945310,67.940002441406250,7974500,67.940002441406250
2022-09-21,68.900001525878900,72.239997863769530,67.430000305175780,67.639999389648440,12344600,67.639999389648440
2022-09-22,67.400001525878900,68.980003356933600,62.310001373291016,62.939998626708984,11156900,62.939998626708984
2022-09-23,61.560001373291016,63.150001525878906,59.430000305175780,61.880001068115234,10932900,61.880001068115234
2022-09-26,62.979999542236330,66.330001831054690,62.180000305175780,62.279998779296875,9562600,62.279998779296875
2022-09-27,65.290000915527340,67.550003051757810,61.880001068115234,63.049999237060550,11860500,63.049999237060550
2022-09-28,62.799999237060550,67.739997863769530,62.759998321533200,67.309997558593750,8482700,67.309997558593750
2022-09-29,64.620002746582030,65.029998779296880,60.259998321533200,61.939998626708984,11492100,61.939998626708984
2022-09-30,61.250000000000000,67.589996337890620,61.069999694824220,64.489997863769530,10210300,64.489997863769530
2022-10-03,64.949996948242190,67.860000610351560,61.919998168945310,65.949996948242190,10949200,65.949996948242190
2022-10-04,69.089996337890620,74.629997253417970,69.080001831054690,74.500000000000000,11881400,74.500000000000000
2022-10-05,71.800003051757810,73.480003356933600,69.279998779296880,72.970001220703120,9222700,72.970001220703120
2022-10-06,73.069999694824220,76.279998779296880,71.339996337890620,73.910003662109380,11103700,73.910003662109380
2022-10-07,70.849998474121100,71.099998474121100,65.500000000000000,67.000000000000000,11427900,67.000000000000000
2022-10-10,67.580001831054690,69.260002136230470,65.430000305175780,67.040000915527340,7714000,67.040000915527340
2022-10-11,67.610000610351560,72.690002441406250,65.029998779296880,70.160003662109380,17705600,70.160003662109380
2022-10-12,69.739997863769530,71.849998474121100,67.819999694824220,69.949996948242190,8998900,69.949996948242190
2022-10-13,63.659999847412110,69.629997253417970,61.060001373291016,69.260002136230470,18342000,69.260002136230470
2022-10-14,71.849998474121100,73.790000915527340,63.380001068115234,63.590000152587890,13711600,63.590000152587890
2022-10-17,66.480003356933600,70.949996948242190,66.339996337890620,69.169998168945310,11263300,69.169998168945310
2022-10-18,72.900001525878900,73.900001525878900,65.300003051757810,66.209999084472660,13874700,66.209999084472660
2022-10-19,64.819999694824220,66.889999389648440,62.549999237060550,63.189998626708984,8601100,63.189998626708984
2022-10-20,63.139999389648440,67.430000305175780,62.700000762939450,63.590000152587890,8938700,63.590000152587890
2022-10-21,63.400001525878906,66.629997253417970,61.700000762939450,66.379997253417970,9156400,66.379997253417970
2022-10-24,67.400001525878900,68.150001525878900,63.680000305175780,66.389999389648440,8111700,66.389999389648440
2022-10-25,67.010002136230470,75.400001525878900,66.959999084472660,75.050003051757810,14446900,75.050003051757810
2022-10-26,75.279998779296880,78.290000915527340,73.099998474121100,73.809997558593750,14102500,73.809997558593750
2022-10-27,74.510002136230470,75.650001525878900,71.510002136230470,72.470001220703120,5967600,72.470001220703120
2022-10-28,72.000000000000000,73.720001220703120,69.349998474121100,72.069999694824220,7372100,72.069999694824220
2022-10-31,72.370002746582030,74.650001525878900,66.150001525878900,66.250000000000000,10648400,66.250000000000000
2022-11-01,69.000000000000000,69.709999084472660,63.130001068115234,63.290000915527344,8238200,63.290000915527344
2022-11-02,63.400001525878906,66.209999084472660,60.549999237060550,60.709999084472656,12700900,60.709999084472656
2022-11-03,59.400001525878906,61.880001068115234,55.750000000000000,55.799999237060550,14238800,55.799999237060550
2022-11-04,60.400001525878906,63.430000305175780,56.400001525878906,58.819999694824220,18901400,58.819999694824220
2022-11-07,60.000000000000000,60.990001678466800,54.220001220703125,56.970001220703125,13659100,56.970001220703125
2022-11-08,54.500000000000000,58.450000762939450,47.689998626708984,50.830001831054690,61868200,50.830001831054690
2022-11-09,47.090000152587890,49.689998626708984,44.619998931884766,45.979999542236330,42274200,45.979999542236330
2022-11-10,51.040000915527344,53.930000305175780,49.020000457763670,50.919998168945310,30695400,50.919998168945310
2022-11-11,47.500000000000000,58.290000915527344,46.250000000000000,57.459999084472656,30584500,57.459999084472656
2022-11-14,55.700000762939450,55.740001678466800,52.599998474121094,53.220001220703125,16150900,53.220001220703125
2022-11-15,55.000000000000000,58.000000000000000,54.599998474121094,55.529998779296875,14805300,55.529998779296875
2022-11-16,52.830001831054690,54.029998779296875,48.000000000000000,48.830001831054690,24054700,48.830001831054690
2022-11-17,46.669998168945310,49.970001220703125,45.180000305175780,48.790000915527344,17974700,48.790000915527344
2022-11-18,48.799999237060550,49.000000000000000,44.310001373291016,45.259998321533200,20287300,45.259998321533200
2022-11-21,43.599998474121094,44.639999389648440,40.610000610351560,41.229999542236330,22382000,41.229999542236330
2022-11-22,42.349998474121094,44.400001525878906,41.610000610351560,43.389999389648440,20783100,43.389999389648440
2022-11-23,43.849998474121094,46.169998168945310,42.209999084472656,45.569999694824220,14665800,45.569999694824220
2022-11-25,44.759998321533200,45.240001678466800,43.700000762939450,44.279998779296875,6451500,44.279998779296875
2022-11-28,43.299999237060550,44.900001525878906,42.020000457763670,42.509998321533200,10497900,42.509998321533200
2022-11-29,42.909999847412110,44.650001525878906,42.700000762939450,43.110000610351560,9090600,43.110000610351560
2022-11-30,43.709999084472656,45.880001068115234,41.509998321533200,45.729999542236330,15562700,45.729999542236330
2022-12-01,45.819999694824220,47.189998626708984,44.439998626708984,45.270000457763670,11579400,45.270000457763670
2022-12-02,43.970001220703125,47.700000762939450,43.729999542236330,47.669998168945310,10372100,47.669998168945310
2022-12-05,47.979999542236330,49.849998474121094,45.630001068115234,46.000000000000000,11228300,46.000000000000000
2022-12-06,45.599998474121094,46.650001525878906,41.729999542236330,42.409999847412110,12156100,42.409999847412110
2022-12-07,41.880001068115234,43.200000762939450,40.549999237060550,41.259998321533200,10824500,41.259998321533200
2022-12-08,41.560001373291016,43.900001525878906,40.299999237060550,42.810001373291016,9361800,42.810001373291016
2022-12-09,41.599998474121094,42.319999694824220,40.150001525878906,40.240001678466800,10030200,40.240001678466800
2022-12-12,39.979999542236330,42.650001525878906,39.650001525878906,42.599998474121094,9962600,42.599998474121094
2022-12-13,46.009998321533200,46.330001831054690,38.500000000000000,38.689998626708984,20558300,38.689998626708984
2022-12-14,39.409999847412110,41.900001525878906,38.819999694824220,40.189998626708984,16117600,40.189998626708984
2022-12-15,38.950000762939450,39.599998474121094,37.439998626708984,37.979999542236330,12013400,37.979999542236330
2022-12-16,37.400001525878906,38.009998321533200,34.709999084472656,36.599998474121094,18247400,36.599998474121094
2022-12-19,35.970001220703125,36.680000305175780,34.509998321533200,35.169998168945310,11168300,35.169998168945310
2022-12-20,34.750000000000000,36.860000610351560,34.349998474121094,34.970001220703125,9833200,34.970001220703125
2022-12-21,35.310001373291016,36.099998474121094,34.799999237060550,35.150001525878906,6998600,35.150001525878906
2022-12-22,34.930000305175780,35.349998474121094,32.950000762939450,34.590000152587890,10335700,34.590000152587890
2022-12-23,34.770000457763670,35.979999542236330,33.669998168945310,35.490001678466800,8222700,35.490001678466800
2022-12-27,34.500000000000000,34.560001373291016,32.439998626708984,32.650001525878906,10940800,32.650001525878906
2022-12-28,32.580001831054690,33.479999542236330,31.829999923706055,32.529998779296875,7839700,32.529998779296875
2022-12-29,33.459999084472656,35.330001831054690,33.369998931884766,34.779998779296875,7675500,34.779998779296875
2022-12-30,33.959999084472656,35.869998931884766,33.630001068115234,35.389999389648440,8397900,35.389999389648440
2023-01-03,36.490001678466800,36.930000305175780,33.369998931884766,33.599998474121094,8514300,33.599998474121094
2023-01-04,34.590000152587890,38.500000000000000,34.540000915527344,37.700000762939450,17737400,37.700000762939450
2023-01-05,34.709999084472656,35.259998321533200,32.750000000000000,33.529998779296875,16934500,33.529998779296875
2023-01-06,33.669998168945310,33.750000000000000,31.549999237060547,33.259998321533200,15527800,33.259998321533200
2023-01-09,35.189998626708984,39.380001068115234,34.720001220703125,38.270000457763670,18904100,38.270000457763670
2023-01-10,37.759998321533200,43.290000915527344,37.740001678466800,43.229999542236330,24496700,43.229999542236330
2023-01-11,41.959999084472656,43.840000152587890,40.630001068115234,43.790000915527344,16152700,43.790000915527344
2023-01-12,45.150001525878906,47.650001525878906,41.669998168945310,47.549999237060550,20514700,47.549999237060550
2023-01-13,46.240001678466800,50.630001068115234,45.380001068115234,49.979999542236330,22437800,49.979999542236330
2023-01-17,53.310001373291016,54.979999542236330,50.700000762939450,54.139999389648440,23521200,54.139999389648440
2023-01-18,54.220001220703125,57.330001831054690,50.000000000000000,50.209999084472656,24905700,50.209999084472656
2023-01-19,49.209999084472656,51.000000000000000,47.919998168945310,49.419998168945310,14073300,49.419998168945310
2023-01-20,50.380001068115234,55.189998626708984,48.799999237060550,55.159999847412110,15433900,55.159999847412110
2023-01-23,55.000000000000000,56.689998626708984,53.209999084472656,55.959999084472656,17736400,55.959999084472656
2023-01-24,54.200000762939450,56.470001220703125,53.340000152587890,53.560001373291016,12413900,53.560001373291016
2023-01-25,51.500000000000000,53.409999847412110,49.599998474121094,52.759998321533200,13343600,52.759998321533200
2023-01-26,56.060001373291016,56.099998474121094,51.970001220703125,53.020000457763670,12614900,53.020000457763670
2023-01-27,52.939998626708984,62.290000915527344,52.409999847412110,61.369998931884766,24431000,61.369998931884766
2023-01-30,60.009998321533200,61.860000610351560,55.669998168945310,56.159999847412110,14553900,56.159999847412110
2023-01-31,57.700000762939450,60.439998626708984,55.909999847412110,58.479999542236330,14751600,58.479999542236330
2023-02-01,59.080001831054690,66.220001220703120,56.650001525878906,65.699996948242190,18840800,65.699996948242190
2023-02-02,68.459999084472660,85.540000915527340,68.309997558593750,81.459999084472660,43911200,81.459999084472660
2023-02-03,73.720001220703120,87.629997253417970,73.019996643066400,74.629997253417970,37125500,74.629997253417970
2023-02-06,73.180000305175780,75.980003356933600,70.519996643066400,74.589996337890620,17998400,74.589996337890620
2023-02-07,73.430000305175780,73.480003356933600,67.300003051757810,71.419998168945310,19819700,71.419998168945310
2023-02-08,70.830001831054690,73.970001220703120,68.300003051757810,69.440002441406250,11626500,69.440002441406250
2023-02-09,68.489997863769530,68.930000305175780,59.000000000000000,59.630001068115234,23920200,59.630001068115234
2023-02-10,58.259998321533200,61.740001678466800,55.970001220703125,57.090000152587890,17359900,57.090000152587890
2023-02-13,55.520000457763670,57.090000152587890,53.659999847412110,56.400001525878906,14435900,56.400001525878906
2023-02-14,56.330001831054690,61.080001831054690,55.029998779296875,59.029998779296875,23945800,59.029998779296875
2023-02-15,60.209999084472656,69.459999084472660,59.459999084472656,69.339996337890620,25552900,69.339996337890620
2023-02-16,65.900001525878900,73.300003051757810,63.909999847412110,65.589996337890620,31704800,65.589996337890620
2023-02-17,64.940002441406250,67.900001525878900,61.509998321533200,65.199996948242190,23252200,65.199996948242190
2023-02-21,63.319999694824220,66.870002746582030,61.849998474121094,62.069999694824220,19845700,62.069999694824220
2023-02-22,62.500000000000000,67.480003356933600,57.349998474121094,61.180000305175780,32937500,61.180000305175780
2023-02-23,63.959999084472656,64.650001525878900,59.889999389648440,62.360000610351560,16698500,62.360000610351560
2023-02-24,60.880001068115234,61.590000152587890,56.799999237060550,58.439998626708984,14546200,58.439998626708984
2023-02-27,59.939998626708984,60.970001220703125,58.169998168945310,58.959999084472656,13043000,58.959999084472656
2023-02-28,59.680000305175780,67.500000000000000,59.419998168945310,64.830001831054690,24843900,64.830001831054690
2023-03-01,65.300003051757810,66.790000915527340,63.090000152587890,64.669998168945310,15827100,64.669998168945310
2023-03-02,61.069999694824220,63.900001525878906,57.500000000000000,63.700000762939450,18091700,63.700000762939450
2023-03-03,61.639999389648440,65.559997558593750,61.380001068115234,64.510002136230470,17579000,64.510002136230470
2023-03-06,64.599998474121100,69.819999694824220,62.639999389648440,62.770000457763670,19826100,62.770000457763670
2023-03-07,62.799999237060550,64.660003662109380,60.590000152587890,61.889999389648440,15821500,61.889999389648440
2023-03-08,61.200000762939450,65.459999084472660,60.349998474121094,63.009998321533200,15427800,63.009998321533200
2023-03-09,62.389999389648440,64.120002746582030,57.209999084472656,58.090000152587890,20996600,58.090000152587890
2023-03-10,56.389999389648440,56.409999847412110,51.569999694824220,53.439998626708984,25743800,53.439998626708984
2023-03-13,54.709999084472656,61.099998474121094,50.770000457763670,59.169998168945310,31431900,59.169998168945310
2023-03-14,65.449996948242190,66.209999084472660,61.099998474121094,62.650001525878906,25167800,62.650001525878906
2023-03-15,61.900001525878906,66.290000915527340,61.180000305175780,64.470001220703120,20825700,64.470001220703120
2023-03-16,64.400001525878900,68.620002746582030,63.119998931884766,67.779998779296880,15474500,67.779998779296880
2023-03-17,70.519996643066400,76.800003051757810,69.099998474121100,74.980003356933600,31006200,74.980003356933600
2023-03-20,76.760002136230470,77.059997558593750,72.870002746582030,75.139999389648440,19026400,75.139999389648440
2023-03-21,76.239997863769530,85.050003051757810,75.769996643066400,83.989997863769530,22991900,83.989997863769530
2023-03-22,84.250000000000000,85.379997253417970,76.860000610351560,77.139999389648440,24463200,77.139999389648440
2023-03-23,61.849998474121094,70.000000000000000,61.509998321533200,66.300003051757810,43152800,66.300003051757810
2023-03-24,64.180000305175780,68.730003356933600,63.529998779296875,67.830001831054690,21614100,67.830001831054690
2023-03-27,67.199996948242190,67.599998474121100,60.509998321533200,62.540000915527344,23531300,62.540000915527344
2023-03-28,62.319999694824220,64.050003051757810,61.110000610351560,63.040000915527344,11635900,63.040000915527344
2023-03-29,65.419998168945310,68.629997253417970,63.770000457763670,65.300003051757810,17673800,65.300003051757810
2023-03-30,66.529998779296880,67.169998168945310,63.680000305175780,64.160003662109380,11563100,64.160003662109380
2023-03-31,64.699996948242190,68.569999694824220,63.930000305175780,67.569999694824220,15926600,67.569999694824220
2023-04-03,66.010002136230470,68.330001831054690,62.700000762939450,63.610000610351560,14040300,63.610000610351560
2023-04-04,64.660003662109380,65.400001525878900,60.950000762939450,62.540000915527344,11654400,62.540000915527344
2023-04-05,62.540000915527344,63.049999237060550,59.220001220703125,60.779998779296875,10788900,60.779998779296875
2023-04-06,59.569999694824220,62.740001678466800,58.200000762939450,61.439998626708984,11875200,61.439998626708984
2023-04-10,61.369998931884766,66.190002441406250,59.659999847412110,66.129997253417970,14391800,66.129997253417970
2023-04-11,68.089996337890620,72.610000610351560,67.239997863769530,70.190002441406250,25348800,70.190002441406250
2023-04-12,70.769996643066400,72.019996643066400,66.230003356933600,67.839996337890620,16773400,67.839996337890620
2023-04-13,69.889999389648440,72.529998779296880,68.050003051757810,68.949996948242190,19718500,68.949996948242190
2023-04-14,69.300003051757810,71.699996948242190,67.870002746582030,69.910003662109380,12887200,69.910003662109380
2023-04-17,67.120002746582030,68.050003051757810,64.900001525878900,67.720001220703120,13344200,67.720001220703120
2023-04-18,70.389999389648440,71.790000915527340,66.550003051757810,67.260002136230470,14835500,67.260002136230470
2023-04-19,64.360000610351560,65.940002441406250,63.400001525878906,64.440002441406250,10327000,64.440002441406250
2023-04-20,63.229999542236330,65.330001831054690,60.169998168945310,60.500000000000000,11452900,60.500000000000000
2023-04-21,61.080001831054690,61.450000762939450,58.709999084472656,59.040000915527344,13235100,59.040000915527344
2023-04-24,58.959999084472656,59.090000152587890,54.080001831054690,54.750000000000000,21135700,54.750000000000000
2023-04-25,55.709999084472656,56.090000152587890,53.619998931884766,55.549999237060550,14383300,55.549999237060550
2023-04-26,59.509998321533200,59.509998321533200,53.599998474121094,53.889999389648440,16761200,53.889999389648440
2023-04-27,54.669998168945310,55.720001220703125,53.580001831054690,54.169998168945310,12010900,54.169998168945310
2023-04-28,53.650001525878906,54.520000457763670,52.169998168945310,53.790000915527344,11629800,53.790000915527344
2023-05-01,53.169998168945310,54.380001068115234,48.450000762939450,50.139999389648440,18437900,50.139999389648440
2023-05-02,50.200000762939450,52.139999389648440,48.259998321533200,51.319999694824220,16778400,51.319999694824220
2023-05-03,50.150001525878906,51.599998474121094,48.310001373291016,48.490001678466800,13325600,48.490001678466800
2023-05-04,48.720001220703125,50.470001220703125,47.650001525878906,49.220001220703125,13044400,49.220001220703125
2023-05-05,54.049999237060550,58.580001831054690,53.750000000000000,58.240001678466800,25585600,58.240001678466800
2023-05-08,55.900001525878906,58.799999237060550,54.610000610351560,58.099998474121094,15259400,58.099998474121094
2023-05-09,57.900001525878906,60.240001678466800,56.590000152587890,60.209999084472656,9641200,60.209999084472656
2023-05-10,61.450000762939450,63.750000000000000,59.889999389648440,62.639999389648440,15481300,62.639999389648440
2023-05-11,62.409999847412110,63.110000610351560,59.770000457763670,60.349998474121094,8843500,60.349998474121094
2023-05-12,60.889999389648440,61.130001068115234,56.770000457763670,57.340000152587890,9111000,57.340000152587890
2023-05-15,58.400001525878906,61.299999237060550,57.200000762939450,60.770000457763670,9429300,60.770000457763670
2023-05-16,58.680000305175780,60.110000610351560,57.139999389648440,57.880001068115234,7867900,57.880001068115234
2023-05-17,57.490001678466800,61.310001373291016,57.299999237060550,61.040000915527344,8998400,61.040000915527344
2023-05-18,60.470001220703125,61.700000762939450,58.599998474121094,60.259998321533200,8330300,60.259998321533200
2023-05-19,60.569999694824220,61.470001220703125,56.590000152587890,56.779998779296875,12520700,56.779998779296875
2023-05-22,56.889999389648440,61.099998474121094,55.900001525878906,61.069999694824220,12683400,61.069999694824220
2023-05-23,61.000000000000000,63.250000000000000,58.669998168945310,59.099998474121094,12208200,59.099998474121094
2023-05-24,57.779998779296875,58.970001220703125,56.599998474121094,58.360000610351560,8198300,58.360000610351560
2023-05-25,58.560001373291016,59.139999389648440,55.880001068115234,56.869998931884766,7997400,56.869998931884766
2023-05-26,56.860000610351560,58.909999847412110,56.630001068115234,56.919998168945310,7788100,56.919998168945310
2023-05-30,60.099998474121094,63.380001068115234,59.229999542236330,61.169998168945310,14814200,61.169998168945310
2023-05-31,59.299999237060550,62.590000152587890,59.209999084472656,62.200000762939450,10112600,62.200000762939450
2023-06-01,61.799999237060550,66.360000610351560,60.669998168945310,63.569999694824220,11729000,63.569999694824220
2023-06-02,65.110000610351560,65.220001220703120,62.000000000000000,64.550003051757810,8630800,64.550003051757810
2023-06-05,63.380001068115234,64.440002441406250,55.810001373291016,58.709999084472656,26413200,58.709999084472656
2023-06-06,47.099998474121094,52.380001068115234,46.430000305175780,51.610000610351560,56259900,51.610000610351560
2023-06-07,53.290000915527344,54.000000000000000,51.700000762939450,53.259998321533200,18905500,53.259998321533200
2023-06-08,52.209999084472656,55.049999237060550,51.959999084472656,54.900001525878906,12773600,54.900001525878906
2023-06-09,55.000000000000000,57.419998168945310,52.479999542236330,53.279998779296875,14394300,53.279998779296875
2023-06-12,52.529998779296875,52.930000305175780,50.099998474121094,50.560001373291016,12447200,50.560001373291016
2023-06-13,51.799999237060550,52.659999847412110,50.520000457763670,52.400001525878906,11560800,52.400001525878906
2023-06-14,52.810001373291016,54.790000915527344,51.560001373291016,53.900001525878906,11241200,53.900001525878906
2023-06-15,52.709999084472656,54.580001831054690,50.930000305175780,54.250000000000000,11801700,54.250000000000000
2023-06-16,55.409999847412110,56.279998779296875,53.900001525878906,55.590000152587890,13754200,55.590000152587890
2023-06-20,55.900001525878906,57.939998626708984,53.630001068115234,57.090000152587890,14143500,57.090000152587890
2023-06-21,58.900001525878906,59.240001678466800,56.819999694824220,58.099998474121094,20569700,58.099998474121094
2023-06-22,58.979999542236330,59.279998779296875,55.099998474121094,57.490001678466800,12837400,57.490001678466800
2023-06-23,56.849998474121094,61.889999389648440,55.750000000000000,61.470001220703125,26088600,61.470001220703125
2023-06-26,61.099998474121094,66.160003662109380,61.000000000000000,61.939998626708984,20724100,61.939998626708984
2023-06-27,63.799999237060550,70.370002746582030,62.840000152587890,69.889999389648440,25447400,69.889999389648440
2023-06-28,69.000000000000000,74.309997558593750,69.000000000000000,70.750000000000000,23086200,70.750000000000000
2023-06-29,72.029998779296880,74.180000305175780,70.830001831054690,72.430000305175780,14730500,72.430000305175780
2023-06-30,73.800003051757810,74.970001220703120,68.150001525878900,71.550003051757810,24594000,71.550003051757810
2023-07-03,73.199996948242190,80.849998474121100,73.010002136230470,79.930000305175780,19891700,79.930000305175780
2023-07-05,76.900001525878900,79.930000305175780,76.160003662109380,78.349998474121100,14670000,78.349998474121100
2023-07-06,78.050003051757810,78.459999084472660,74.519996643066400,78.099998474121100,11110400,78.099998474121100
2023-07-07,78.150001525878900,81.190002441406250,77.620002746582030,78.720001220703120,13275500,78.720001220703120
2023-07-10,79.080001831054690,81.370002746582030,76.550003051757810,81.209999084472660,10739700,81.209999084472660
2023-07-11,80.489997863769530,92.150001525878900,80.489997863769530,89.150001525878900,35672100,89.150001525878900
2023-07-12,89.000000000000000,89.069999694824220,84.449996948242190,85.949996948242190,16752300,85.949996948242190
2023-07-13,85.349998474121100,109.209999084472660,83.419998168945310,107.000000000000000,65424400,107.000000000000000
2023-07-14,106.680000305175780,114.430000305175780,101.220001220703120,105.309997558593750,42266300,105.309997558593750
2023-07-17,104.569999694824220,109.480003356933600,103.500000000000000,105.550003051757810,19191400,105.550003051757810
2023-07-18,104.500000000000000,109.849998474121100,101.900001525878900,104.589996337890620,17567200,104.589996337890620
2023-07-19,107.309997558593750,111.059997558593750,105.080001831054690,110.150001525878900,15920800,110.150001525878900
2023-07-20,109.260002136230470,111.879997253417970,100.370002746582030,101.260002136230470,15274600,101.260002136230470
2023-07-21,102.569999694824220,104.330001831054690,98.709999084472660,100.819999694824220,10481800,100.819999694824220
2023-07-24,99.230003356933600,100.389999389648440,95.699996948242190,98.849998474121100,9755700,98.849998474121100
2023-07-25,99.339996337890620,102.589996337890620,97.629997253417970,97.680000305175780,7726000,97.680000305175780
2023-07-26,97.370002746582030,101.319999694824220,97.279998779296880,99.750000000000000,6575800,99.750000000000000
2023-07-27,102.589996337890620,102.730003356933600,91.800003051757810,92.690002441406250,12232300,92.690002441406250
2023-07-28,94.800003051757810,96.919998168945310,93.550003051757810,94.760002136230470,7228000,94.760002136230470
2023-07-31,94.750000000000000,100.199996948242190,94.589996337890620,98.610000610351560,8493000,98.610000610351560
2023-08-01,95.879997253417970,95.949996948242190,89.230003356933600,94.150001525878900,11543600,94.150001525878900
2023-08-02,91.449996948242190,95.410003662109380,88.050003051757810,90.430000305175780,10666200,90.430000305175780
2023-08-03,89.000000000000000,93.440002441406250,88.459999084472660,90.750000000000000,10297200,90.750000000000000
2023-08-04,89.000000000000000,94.290000915527340,86.699996948242190,87.309997558593750,13219600,87.309997558593750
2023-08-07,87.199996948242190,87.300003051757810,82.089996337890620,85.959999084472660,10019500,85.959999084472660
2023-08-08,87.089996337890620,88.989997863769530,84.550003051757810,88.040000915527340,8986900,88.040000915527340
2023-08-09,88.529998779296880,88.900001525878900,84.080001831054690,84.339996337890620,7987100,84.339996337890620
2023-08-10,85.000000000000000,88.489997863769530,82.510002136230470,83.389999389648440,7697600,83.389999389648440
2023-08-11,82.059997558593750,83.480003356933600,80.470001220703120,81.010002136230470,5791100,81.010002136230470
2023-08-14,80.040000915527340,81.989997863769530,78.910003662109380,80.809997558593750,5753500,80.809997558593750
2023-08-15,81.150001525878900,83.099998474121100,79.110000610351560,79.180000305175780,7397300,79.180000305175780
2023-08-16,82.510002136230470,82.849998474121100,77.800003051757810,79.000000000000000,10140200,79.000000000000000
2023-08-17,78.379997253417970,79.180000305175780,75.400001525878900,75.559997558593750,9261600,75.559997558593750
2023-08-18,72.339996337890620,75.250000000000000,72.250000000000000,73.190002441406250,10011800,73.190002441406250
2023-08-21,73.250000000000000,76.029998779296880,72.099998474121100,75.279998779296880,7514900,75.279998779296880
2023-08-22,76.690002441406250,77.459999084472660,74.019996643066400,74.900001525878900,6322000,74.900001525878900
2023-08-23,74.349998474121100,78.169998168945310,74.069999694824220,77.779998779296880,6460900,77.779998779296880
2023-08-24,77.760002136230470,78.040000915527340,73.379997253417970,73.660003662109380,5585700,73.660003662109380
2023-08-25,74.319999694824220,75.589996337890620,72.410003662109380,74.260002136230470,5136800,74.260002136230470
2023-08-28,74.569999694824220,74.709999084472660,73.050003051757810,73.709999084472660,4043800,73.709999084472660
2023-08-29,73.500000000000000,86.260002136230470,73.169998168945310,84.699996948242190,24067300,84.699996948242190
2023-08-30,83.559997558593750,86.500000000000000,82.569999694824220,83.830001831054690,9448000,83.830001831054690
2023-08-31,84.430000305175780,84.569999694824220,78.900001525878900,79.599998474121100,8466400,79.599998474121100
2023-09-01,80.000000000000000,80.349998474121100,77.150001525878900,77.989997863769530,6676500,77.989997863769530
2023-09-05,78.000000000000000,79.290000915527340,76.279998779296880,77.500000000000000,4949000,77.500000000000000
2023-09-06,77.379997253417970,79.970001220703120,76.750000000000000,78.040000915527340,6636200,78.040000915527340
2023-09-07,76.269996643066400,82.069999694824220,75.459999084472660,81.790000915527340,6424000,81.790000915527340
2023-09-08,81.639999389648440,82.690002441406250,80.349998474121100,82.089996337890620,5680600,82.089996337890620
2023-09-11,82.000000000000000,83.199996948242190,77.790000915527340,80.620002746582030,7220700,80.620002746582030
2023-09-12,82.019996643066400,86.360000610351560,80.540000915527340,81.319999694824220,10519300,81.319999694824220
2023-09-13,81.889999389648440,83.150001525878900,79.620002746582030,79.860000610351560,5925700,79.860000610351560
2023-09-14,81.669998168945310,84.099998474121100,81.260002136230470,83.449996948242190,7145100,83.449996948242190
2023-09-15,82.739997863769530,83.319999694824220,79.949996948242190,82.150001525878900,6272300,82.150001525878900
2023-09-18,83.800003051757810,84.349998474121100,81.220001220703120,81.610000610351560,6246700,81.610000610351560
2023-09-19,82.150001525878900,82.400001525878900,77.769996643066400,78.129997253417970,7567400,78.129997253417970
2023-09-20,78.620002746582030,80.589996337890620,76.559997558593750,76.669998168945310,5459200,76.669998168945310
2023-09-21,74.379997253417970,75.190002441406250,72.860000610351560,74.419998168945310,6534800,74.419998168945310
2023-09-22,75.489997863769530,75.949996948242190,70.809997558593750,70.959999084472660,6321600,70.959999084472660
2023-09-25,69.910003662109380,72.360000610351560,69.629997253417970,71.750000000000000,5057500,71.750000000000000
2023-09-26,71.739997863769530,73.089996337890620,69.709999084472660,70.519996643066400,5168200,70.519996643066400
2023-09-27,72.720001220703120,73.480003356933600,69.949996948242190,71.519996643066400,5324600,71.519996643066400
2023-09-28,72.589996337890620,77.129997253417970,71.510002136230470,75.160003662109380,8252400,75.160003662109380
2023-09-29,76.750000000000000,77.500000000000000,74.569999694824220,75.080001831054690,5747200,75.080001831054690
2023-10-02,78.550003051757810,79.949996948242190,74.400001525878900,75.309997558593750,9709300,75.309997558593750
2023-10-03,74.339996337890620,75.650001525878900,71.750000000000000,72.480003356933600,5815500,72.480003356933600
2023-10-04,73.199996948242190,74.110000610351560,70.410003662109380,73.470001220703120,7613700,73.470001220703120
2023-10-05,73.529998779296880,75.480003356933600,72.099998474121100,74.620002746582030,6229300,74.620002746582030
2023-10-06,72.470001220703120,78.949996948242190,72.319999694824220,78.459999084472660,7931300,78.459999084472660
2023-10-09,76.540000915527340,80.059997558593750,76.500000000000000,79.099998474121100,5631300,79.099998474121100
2023-10-10,79.000000000000000,82.069999694824220,77.970001220703120,79.620002746582030,5645100,79.620002746582030
2023-10-11,79.269996643066400,80.489997863769530,75.599998474121100,77.349998474121100,6474100,77.349998474121100
2023-10-12,77.040000915527340,77.180000305175780,74.449996948242190,75.190002441406250,5338600,75.190002441406250
2023-10-13,75.000000000000000,75.190002441406250,72.099998474121100,73.430000305175780,6148400,73.430000305175780
2023-10-16,77.610000610351560,79.300003051757810,73.360000610351560,75.209999084472660,12608600,75.209999084472660
2023-10-17,74.800003051757810,79.120002746582030,74.500000000000000,77.459999084472660,7459500,77.459999084472660
2023-10-18,76.879997253417970,78.379997253417970,73.779998779296880,73.930000305175780,5123400,73.930000305175780
2023-10-19,74.279998779296880,76.169998168945310,72.720001220703120,73.099998474121100,5391200,73.099998474121100
2023-10-20,74.639999389648440,76.760002136230470,73.500000000000000,74.660003662109380,8423300,74.660003662109380
2023-10-23,75.500000000000000,80.730003356933600,72.419998168945310,77.209999084472660,13635700,77.209999084472660
2023-10-24,83.290000915527340,89.400001525878900,80.889999389648440,82.069999694824220,23689500,82.069999694824220
2023-10-25,83.510002136230470,84.089996337890620,77.400001525878900,77.790000915527340,13773200,77.790000915527340
2023-10-26,77.199996948242190,79.160003662109380,73.150001525878900,74.610000610351560,8294500,74.610000610351560
2023-10-27,76.449996948242190,76.500000000000000,70.419998168945310,70.779998779296880,9010600,70.779998779296880
2023-10-30,72.050003051757810,74.080001831054690,71.879997253417970,73.599998474121100,6454600,73.599998474121100
2023-10-31,73.599998474121100,77.470001220703120,73.559997558593750,77.120002746582030,6334600,77.120002746582030
2023-11-01,77.419998168945310,79.410003662109380,75.870002746582030,77.809997558593750,6878600,77.809997558593750
2023-11-02,81.709999084472660,84.800003051757810,80.809997558593750,84.599998474121100,12596200,84.599998474121100
2023-11-03,83.790000915527340,88.339996337890620,82.050003051757810,85.800003051757810,12193500,85.800003051757810
2023-11-06,86.819999694824220,89.269996643066400,84.089996337890620,86.370002746582030,9881900,86.370002746582030
2023-11-07,86.199996948242190,89.489997863769530,84.300003051757810,89.069999694824220,6762300,89.069999694824220
2023-11-08,88.800003051757810,89.150001525878900,84.690002441406250,88.319999694824220,7286000,88.319999694824220
2023-11-09,92.900001525878900,99.819999694824220,91.370002746582030,92.860000610351560,20941400,92.860000610351560
2023-11-10,94.400001525878900,96.220001220703120,91.800003051757810,92.919998168945310,9827900,92.919998168945310
2023-11-13,91.779998779296880,93.269996643066400,88.620002746582030,92.639999389648440,8860400,92.639999389648440
2023-11-14,94.910003662109380,95.319999694824220,89.790000915527340,92.089996337890620,10137700,92.089996337890620
2023-11-15,93.919998168945310,100.150001525878900,93.069999694824220,98.150001525878900,11968900,98.150001525878900
2023-11-16,97.680000305175780,97.889999389648440,94.449996948242190,96.919998168945310,7073800,96.919998168945310
2023-11-17,97.000000000000000,99.430000305175780,94.900001525878900,99.050003051757810,7361800,99.050003051757810
2023-11-20,100.709999084472660,106.459999084472660,100.010002136230470,106.099998474121100,10962900,106.099998474121100
2023-11-21,104.000000000000000,106.059997558593750,101.339996337890620,105.489997863769530,9348200,105.489997863769530
2023-11-22,106.169998168945310,109.989997863769530,103.360000610351560,109.250000000000000,10340100,109.250000000000000
2023-11-24,108.449996948242190,116.940002441406250,107.980003356933600,115.540000915527340,11654600,115.540000915527340
2023-11-27,112.580001831054690,121.459999084472660,112.180000305175780,119.769996643066400,14205900,119.769996643066400
2023-11-28,122.050003051757810,129.259994506835940,119.699996948242190,128.270004272460940,17639100,128.270004272460940
2023-11-29,127.819999694824220,131.419998168945300,126.300003051757810,127.819999694824220,13908800,127.819999694824220
2023-11-30,126.059997558593750,127.139999389648440,118.400001525878900,124.720001220703120,14074000,124.720001220703120
2023-12-01,126.389999389648440,134.330001831054700,125.879997253417970,133.759994506835940,13693500,133.759994506835940
2023-12-04,143.529998779296880,146.300003051757800,137.600006103515620,141.089996337890620,21561900,141.089996337890620
2023-12-05,140.000000000000000,147.860000610351560,139.179992675781250,140.199996948242200,18303400,140.199996948242200
2023-12-06,142.500000000000000,143.440002441406250,134.119995117187500,134.630004882812500,12584400,134.630004882812500
2023-12-07,131.020004272460940,138.479995727539060,130.169998168945300,136.190002441406250,9795700,136.190002441406250
2023-12-08,136.190002441406250,146.740005493164060,135.850006103515620,146.619995117187500,12023600,146.619995117187500
2023-12-11,141.500000000000000,142.869995117187500,135.990005493164060,138.020004272460940,12160400,138.020004272460940
2023-12-12,139.889999389648440,141.750000000000000,135.990005493164060,139.619995117187500,8303500,139.619995117187500
2023-12-13,139.619995117187500,150.649993896484380,137.149993896484380,150.460006713867200,12514900,150.460006713867200
2023-12-14,152.100006103515620,154.740005493164060,149.100006103515620,153.630004882812500,12095100,153.630004882812500
2023-12-15,151.809997558593750,151.919998168945300,146.839996337890620,147.899993896484380,11802300,147.899993896484380
2023-12-18,144.809997558593750,155.009994506835940,144.000000000000000,153.429992675781250,9959900,153.429992675781250
2023-12-19,155.500000000000000,162.089996337890620,153.610000610351560,161.160003662109380,13906800,161.160003662109380
2023-12-20,164.729995727539060,169.479995727539060,160.070007324218750,161.860000610351560,16021900,161.860000610351560
2023-12-21,166.710006713867200,170.169998168945300,163.100006103515620,168.029998779296880,12081500,168.029998779296880
2023-12-22,169.770004272460940,178.699996948242200,167.899993896484380,175.479995727539060,15832900,175.479995727539060
2023-12-26,174.800003051757800,178.119995117187500,169.050003051757800,172.050003051757800,12544800,172.050003051757800
2023-12-27,176.320007324218750,186.970001220703120,175.500000000000000,185.240005493164060,15569900,185.240005493164060
2023-12-28,179.309997558593750,187.389999389648440,177.750000000000000,186.360000610351560,17276300,186.360000610351560
2023-12-29,186.059997558593750,187.250000000000000,171.000000000000000,173.919998168945300,19724400,173.919998168945300
2024-01-02,173.020004272460940,175.570007324218750,155.350006103515620,156.880004882812500,26549400,156.880004882812500
2024-01-03,146.000000000000000,156.250000000000000,144.110000610351560,152.240005493164060,18573800,152.240005493164060
2024-01-04,152.500000000000000,161.279998779296880,148.809997558593750,155.600006103515620,14874300,155.600006103515620
2024-01-05,152.669998168945300,157.690002441406250,151.089996337890620,153.979995727539060,10875500,153.979995727539060
2024-01-08,157.800003051757800,161.380004882812500,146.509994506835940,159.419998168945300,18125700,159.419998168945300
2024-01-09,159.600006103515620,159.990005493164060,151.320007324218750,151.990005493164060,12959700,151.990005493164060
2024-01-10,149.210006713867200,153.470001220703120,143.149993896484380,151.289993286132800,18718200,151.289993286132800
2024-01-11,159.190002441406250,161.039993286132800,140.009994506835940,141.160003662109380,31754200,141.160003662109380
2024-01-12,137.190002441406250,141.070007324218750,130.369995117187500,130.779998779296880,20392800,130.779998779296880
2024-01-16,129.440002441406250,136.399993896484380,126.879997253417970,133.880004882812500,14789700,133.880004882812500
2024-01-17,130.509994506835940,134.259994506835940,129.410003662109380,133.860000610351560,8133100,133.860000610351560
2024-01-18,133.250000000000000,137.309997558593750,123.930000305175780,124.339996337890620,14519500,124.339996337890620
2024-01-19,124.339996337890620,124.819999694824220,118.019996643066400,124.750000000000000,16692600,124.750000000000000
2024-01-22,124.050003051757810,131.779998779296880,122.500000000000000,128.210006713867200,12042600,128.210006713867200
2024-01-23,122.410003662109380,126.150001525878900,120.330001831054690,124.190002441406250,9737100,124.190002441406250
2024-01-24,127.279998779296880,127.970001220703120,120.790000915527340,121.339996337890620,9118900,121.339996337890620
2024-01-25,122.379997253417970,124.260002136230470,118.919998168945310,121.010002136230470,8166400,121.010002136230470
2024-01-26,127.519996643066400,128.100006103515620,121.459999084472660,125.199996948242190,13956300,125.199996948242190
2024-01-29,127.089996337890620,136.889999389648440,125.800003051757810,132.820007324218750,17813700,132.820007324218750
2024-01-30,136.050003051757800,136.699996948242200,130.440002441406250,130.820007324218750,8745700,130.820007324218750
2024-01-31,129.089996337890620,135.550003051757800,127.569999694824220,128.199996948242200,9838800,128.199996948242200
2024-02-01,128.750000000000000,132.070007324218750,124.239997863769530,128.949996948242200,8464300,128.949996948242200
2024-02-02,126.900001525878900,130.130004882812500,125.550003051757810,129.220001220703120,6110000,129.220001220703120
2024-02-05,128.699996948242200,128.889999389648440,115.800003051757810,117.300003051757810,13067300,117.300003051757810
2024-02-06,118.610000610351560,120.900001525878900,115.900001525878900,119.790000915527340,6740600,119.790000915527340
2024-02-07,119.680000305175780,124.400001525878900,114.510002136230470,122.069999694824220,8985100,122.069999694824220
2024-02-08,127.220001220703120,133.050003051757800,125.809997558593750,132.550003051757800,11315900,132.550003051757800
2024-02-09,142.160003662109380,144.550003051757800,137.169998168945300,141.990005493164060,15985100,141.990005493164060
2024-02-12,141.100006103515620,150.350006103515620,140.990005493164060,147.309997558593750,10977100,147.309997558593750
2024-02-13,138.389999389648440,143.750000000000000,137.130004882812500,140.389999389648440,9568800,140.389999389648440
2024-02-14,151.830001831054700,161.130004882812500,150.399993896484380,160.380004882812500,18041800,160.380004882812500
2024-02-15,168.789993286132800,172.820007324218750,162.080001831054700,165.669998168945300,22992800,165.669998168945300
2024-02-16,189.050003051757800,193.639999389648440,178.800003051757800,180.309997558593750,33233300,180.309997558593750
2024-02-20,179.869995117187500,181.309997558593750,163.389999389648440,173.300003051757800,16196500,173.300003051757800
2024-02-21,164.250000000000000,168.089996337890620,161.190002441406250,162.410003662109380,10622100,162.410003662109380
2024-02-22,164.850006103515620,171.990005493164060,163.800003051757800,170.910003662109380,9027300,170.910003662109380
2024-02-23,167.380004882812500,170.000000000000000,160.660003662109380,165.979995727539060,7191200,165.979995727539060
2024-02-26,168.660003662109380,196.949996948242200,168.399993896484380,193.940002441406250,22593700,193.940002441406250
2024-02-27,205.179992675781250,209.940002441406250,192.089996337890620,199.220001220703120,22679100,199.220001220703120
2024-02-28,209.410003662109380,212.220001220703120,197.660003662109380,200.800003051757800,25397100,200.800003051757800
2024-02-29,206.460006713867200,211.309997558593750,193.880004882812500,203.559997558593750,16237800,203.559997558593750
2024-03-01,202.699996948242200,206.389999389648440,196.009994506835940,205.770004272460940,9297400,205.770004272460940
2024-03-04,217.389999389648440,236.460006713867200,212.250000000000000,229.149993896484380,23294900,229.149993896484380
2024-03-05,230.000000000000000,239.979995727539060,215.399993896484380,216.770004272460940,23863300,216.770004272460940
2024-03-06,229.199996948242200,239.899993896484380,223.029998779296880,238.550003051757800,17936700,238.550003051757800
2024-03-07,240.000000000000000,242.869995117187500,235.500000000000000,242.619995117187500,10553700,242.619995117187500
2024-03-08,246.000000000000000,270.549987792968750,244.899993896484380,256.619995117187500,21884000,256.619995117187500
2024-03-11,270.079986572265600,271.649993896484400,253.960006713867200,254.169998168945300,20296400,254.169998168945300
2024-03-12,257.829986572265600,260.790008544921900,242.089996337890620,256.140014648437500,14666200,256.140014648437500
2024-03-13,253.360000610351560,269.390014648437500,250.529998779296880,251.729995727539060,17329800,251.729995727539060
2024-03-14,245.000000000000000,248.270004272460940,227.240005493164060,233.669998168945300,18789300,233.669998168945300
2024-03-15,225.059997558593750,244.649993896484380,222.830001831054700,242.360000610351560,17256300,242.360000610351560
2024-03-18,238.610000610351560,244.050003051757800,230.210006713867200,239.619995117187500,9734500,239.619995117187500
2024-03-19,223.240005493164060,233.289993286132800,216.160003662109380,230.119995117187500,12928500,230.119995117187500
2024-03-20,231.380004882812500,256.959991455078100,228.800003051757800,256.880004882812500,13834300,256.880004882812500
2024-03-21,260.239990234375000,276.380004882812500,256.269989013671900,262.000000000000000,16199900,262.000000000000000
2024-03-22,254.240005493164060,260.720001220703100,249.550003051757800,255.509994506835940,9828200,255.509994506835940
2024-03-25,261.000000000000000,283.480010986328100,260.250000000000000,279.709991455078100,13941700,279.709991455078100
2024-03-26,280.119995117187500,280.829986572265600,266.690002441406250,266.809997558593750,10316200,266.809997558593750
2024-03-27,276.220001220703100,276.609985351562500,253.949996948242200,256.700012207031250,11092600,256.700012207031250
2024-03-28,260.209991455078100,270.790008544921900,257.910003662109400,265.119995117187500,11201600,265.119995117187500
2024-04-01,261.869995117187500,268.809997558593750,249.220001220703120,252.110000610351560,10010700,252.110000610351560
2024-04-02,238.100006103515620,248.130004882812500,235.990005493164060,245.839996337890620,8817600,245.839996337890620
2024-04-03,244.039993286132800,256.000000000000000,243.000000000000000,251.580001831054700,6670200,251.580001831054700
2024-04-04,260.149993896484400,261.500000000000000,249.460006713867200,249.610000610351560,8098300,249.610000610351560
2024-04-05,244.910003662109380,253.960006713867200,240.199996948242200,240.899993896484380,8438600,240.899993896484380
2024-04-08,252.860000610351560,261.630004882812500,249.679992675781250,256.989990234375000,10042200,256.989990234375000
2024-04-09,253.229995727539060,254.550003051757800,241.100006103515620,242.949996948242200,7792700,242.949996948242200
2024-04-10,238.240005493164060,251.270004272460940,234.119995117187500,250.990005493164060,8416000,250.990005493164060
2024-04-11,250.990005493164060,264.299987792968750,247.309997558593750,263.010009765625000,8655100,263.010009765625000
2024-04-12,259.420013427734400,259.970001220703100,244.309997558593750,245.750000000000000,9051600,245.750000000000000
2024-04-15,247.940002441406250,249.740005493164060,222.139999389648440,223.410003662109380,11239800,223.410003662109380
2024-04-16,223.000000000000000,223.000000000000000,205.669998168945300,218.830001831054700,16472100,218.830001831054700
2024-04-17,222.039993286132800,224.869995117187500,205.899993896484380,213.779998779296880,9440200,213.779998779296880
2024-04-18,215.570007324218750,228.050003051757800,213.250000000000000,218.080001831054700,9403900,218.080001831054700
2024-04-19,223.830001831054700,227.759994506835940,210.179992675781250,211.009994506835940,9364000,211.009994506835940
2024-04-22,216.789993286132800,227.139999389648440,215.029998779296880,225.860000610351560,8207000,225.860000610351560
2024-04-23,223.619995117187500,238.669998168945300,223.610000610351560,236.429992675781250,7338400,236.429992675781250
2024-04-24,236.830001831054700,239.000000000000000,223.869995117187500,224.369995117187500,6737400,224.369995117187500
2024-04-25,216.050003051757800,225.940002441406250,213.639999389648440,223.610000610351560,5143500,223.610000610351560
2024-04-26,220.770004272460940,237.020004272460940,218.660003662109380,236.320007324218750,6044900,236.320007324218750
2024-04-29,229.940002441406250,230.320007324218750,216.539993286132800,218.160003662109380,9576100,218.160003662109380
2024-04-30,214.350006103515620,216.570007324218750,202.589996337890620,203.929992675781250,9127900,203.929992675781250
2024-05-01,199.000000000000000,218.520004272460940,198.199996948242200,210.089996337890620,10191500,210.089996337890620
2024-05-02,216.479995727539060,232.710006713867200,210.759994506835940,228.850006103515620,12454200,228.850006103515620
2024-05-03,230.899993896484380,232.250000000000000,216.550003051757800,223.250000000000000,13739100,223.250000000000000
2024-05-06,225.839996337890620,235.800003051757800,224.899993896484380,226.929992675781250,9690600,226.929992675781250
2024-05-07,226.940002441406250,230.820007324218750,214.119995117187500,214.339996337890620,8169600,214.339996337890620
2024-05-08,209.500000000000000,214.899993896484380,206.529998779296880,211.199996948242200,4615400,211.199996948242200
2024-05-09,210.220001220703120,213.850006103515620,205.110000610351560,210.449996948242200,4649700,210.449996948242200
2024-05-10,214.500000000000000,214.869995117187500,200.500000000000000,200.919998168945300,7423500,200.919998168945300
2024-05-13,204.000000000000000,206.669998168945300,197.639999389648440,199.509994506835940,7542200,199.509994506835940
2024-05-14,195.960006713867200,206.970001220703120,194.929992675781250,203.050003051757800,5356000,203.050003051757800
2024-05-15,212.210006713867200,221.399993896484380,207.699996948242200,219.910003662109380,9339300,219.910003662109380
2024-05-16,215.000000000000000,216.449996948242200,198.639999389648440,199.169998168945300,12185500,199.169998168945300
2024-05-17,205.660003662109380,210.669998168945300,199.830001831054700,207.600006103515620,8688600,207.600006103515620
2024-05-20,207.960006713867200,226.259994506835940,203.720001220703120,225.190002441406250,11223300,225.190002441406250
2024-05-21,231.970001220703120,233.649993896484380,220.119995117187500,225.779998779296880,10704500,225.779998779296880
2024-05-22,225.009994506835940,238.770004272460940,221.210006713867200,231.509994506835940,8933700,231.509994506835940
2024-05-23,233.809997558593750,234.320007324218750,217.660003662109380,218.860000610351560,9428300,218.860000610351560
2024-05-24,221.000000000000000,237.789993286132800,220.050003051757800,237.649993896484380,10249200,237.649993896484380
2024-05-28,235.449996948242200,247.130004882812500,231.050003051757800,245.000000000000000,10843100,245.000000000000000
2024-05-29,239.020004272460940,240.490005493164060,233.179992675781250,236.649993896484380,6802000,236.649993896484380
2024-05-30,241.100006103515620,248.860000610351560,233.380004882812500,234.759994506835940,9318800,234.759994506835940
2024-05-31,239.279998779296880,240.410003662109380,219.169998168945300,225.919998168945300,10123100,225.919998168945300
2024-06-03,232.500000000000000,239.199996948242200,224.690002441406250,231.389999389648440,7333100,231.389999389648440
2024-06-04,230.229995727539060,247.199996948242200,230.160003662109380,244.199996948242200,10854300,244.199996948242200
2024-06-05,246.860000610351560,251.889999389648440,240.699996948242200,251.399993896484380,9383500,251.399993896484380
2024-06-06,250.000000000000000,263.799987792968750,248.750000000000000,257.079986572265600,9494600,257.079986572265600
2024-06-07,256.190002441406250,263.179992675781250,243.860000610351560,244.160003662109380,9315300,244.160003662109380
2024-06-10,241.110000610351560,253.429992675781250,239.529998779296880,249.809997558593750,6335900,249.809997558593750
2024-06-11,242.929992675781250,245.660003662109380,234.089996337890620,244.199996948242200,8991300,244.199996948242200
2024-06-12,251.800003051757800,263.260009765625000,250.580001831054700,254.960006713867200,11134700,254.960006713867200
2024-06-13,253.770004272460940,257.130004882812500,243.259994506835940,247.639999389648440,8666200,247.639999389648440
2024-06-14,246.160003662109380,250.250000000000000,237.059997558593750,244.500000000000000,7146500,244.500000000000000
2024-06-17,239.869995117187500,248.639999389648440,234.229995727539060,245.100006103515620,6662900,245.100006103515620
2024-06-18,238.250000000000000,242.800003051757800,234.600006103515620,235.949996948242200,6198900,235.949996948242200
2024-06-20,237.360000610351560,240.490005493164060,228.440002441406250,235.029998779296880,6888900,235.029998779296880
2024-06-21,227.000000000000000,228.250000000000000,220.710006713867200,225.860000610351560,11335400,225.860000610351560
2024-06-24,217.220001220703120,221.440002441406250,207.710006713867200,212.309997558593750,10762000,212.309997558593750
2024-06-25,217.000000000000000,222.880004882812500,213.220001220703120,221.710006713867200,8014400,221.710006713867200
2024-06-26,220.000000000000000,223.729995727539060,212.460006713867200,214.580001831054700,6574900,214.580001831054700
2024-06-27,217.600006103515620,225.759994506835940,216.320007324218750,224.000000000000000,5641200,224.000000000000000
2024-06-28,223.949996948242200,225.529998779296880,218.800003051757800,222.229995727539060,10944900,222.229995727539060
2024-07-01,226.000000000000000,236.039993286132800,224.039993286132800,233.369995117187500,7739800,233.369995117187500
2024-07-02,231.339996337890620,234.970001220703120,226.320007324218750,227.509994506835940,4407000,227.509994506835940
2024-07-03,223.809997558593750,227.110000610351560,222.220001220703120,224.940002441406250,3241700,224.940002441406250
2024-07-05,213.479995727539060,225.130004882812500,209.449996948242200,223.679992675781250,10148500,223.679992675781250
2024-07-08,226.509994506835940,226.509994506835940,217.750000000000000,220.559997558593750,5615200,220.559997558593750
2024-07-09,223.550003051757800,225.639999389648440,218.679992675781250,219.970001220703120,5344900,219.970001220703120
2024-07-10,221.639999389648440,223.330001831054700,215.139999389648440,219.559997558593750,4481900,219.559997558593750
2024-07-11,224.369995117187500,227.149993896484380,213.570007324218750,214.630004882812500,7037900,214.630004882812500
2024-07-12,215.339996337890620,222.149993896484380,214.570007324218750,218.020004272460940,4949000,218.020004272460940
2024-07-15,229.380004882812500,247.500000000000000,228.000000000000000,242.850006103515620,14439500,242.850006103515620
2024-07-16,243.190002441406250,252.119995117187500,234.199996948242200,251.490005493164060,10270700,251.490005493164060
2024-07-17,245.899993896484380,255.899993896484380,241.309997558593750,249.100006103515620,8883300,249.100006103515620
2024-07-18,251.210006713867200,253.869995117187500,230.570007324218750,233.240005493164060,8848500,233.240005493164060
2024-07-19,235.100006103515620,259.799987792968750,233.500000000000000,257.790008544921900,12501900,257.790008544921900
2024-07-22,260.470001220703100,266.000000000000000,252.839996337890620,265.149993896484400,11282200,265.149993896484400
2024-07-23,263.600006103515600,272.549987792968750,257.290008544921900,257.630004882812500,9275600,257.630004882812500
2024-07-24,261.000000000000000,265.000000000000000,243.750000000000000,245.059997558593750,8141100,245.059997558593750
2024-07-25,239.259994506835940,241.639999389648440,226.300003051757800,231.520004272460940,8482500,231.520004272460940
2024-07-26,243.339996337890620,249.160003662109380,237.559997558593750,242.929992675781250,7917400,242.929992675781250
2024-07-29,251.550003051757800,255.419998168945300,234.000000000000000,234.199996948242200,9467700,234.199996948242200
2024-07-30,235.619995117187500,239.000000000000000,223.029998779296880,224.460006713867200,6053900,224.460006713867200
2024-07-31,233.000000000000000,234.110000610351560,224.039993286132800,224.360000610351560,4771700,224.360000610351560
2024-08-01,226.600006103515620,227.100006103515620,207.820007324218750,212.639999389648440,8920000,212.639999389648440
2024-08-02,213.119995117187500,219.300003051757800,199.380004882812500,204.440002441406250,10063900,204.440002441406250
2024-08-05,162.009994506835940,197.880004882812500,161.130004882812500,189.470001220703120,18734600,189.470001220703120
2024-08-06,191.990005493164060,197.399993896484380,182.699996948242200,194.169998168945300,7050600,194.169998168945300
2024-08-07,196.800003051757800,199.949996948242200,177.389999389648440,178.910003662109380,8324400,178.910003662109380
2024-08-08,185.669998168945300,194.979995727539060,182.460006713867200,192.320007324218750,7421600,192.320007324218750
2024-08-09,191.289993286132800,199.100006103515620,189.779998779296880,196.289993286132800,5255900,196.289993286132800
2024-08-12,194.300003051757800,197.690002441406250,188.289993286132800,191.740005493164060,5742800,191.740005493164060
2024-08-13,193.130004882812500,201.100006103515620,191.869995117187500,197.940002441406250,4795500,197.940002441406250
2024-08-14,200.899993896484380,201.970001220703120,192.399993896484380,195.960006713867200,5027000,195.960006713867200
2024-08-15,198.520004272460940,205.070007324218750,196.199996948242200,197.119995117187500,6068300,197.119995117187500
2024-08-16,199.000000000000000,205.949996948242200,197.139999389648440,205.309997558593750,6240500,205.309997558593750
2024-08-19,203.339996337890620,207.490005493164060,200.350006103515620,204.460006713867200,6304200,204.460006713867200
2024-08-20,209.100006103515620,209.800003051757800,191.210006713867200,197.250000000000000,12353700,197.250000000000000
2024-08-21,197.160003662109380,207.000000000000000,195.110000610351560,206.229995727539060,7502400,206.229995727539060
2024-08-22,204.779998779296880,207.100006103515620,197.429992675781250,198.429992675781250,5284900,198.429992675781250
2024-08-23,200.970001220703120,211.919998168945300,200.000000000000000,211.399993896484380,8304200,211.399993896484380
2024-08-26,209.300003051757800,210.850006103515620,202.679992675781250,204.000000000000000,5437100,204.000000000000000
2024-08-27,201.839996337890620,202.500000000000000,194.100006103515620,198.300003051757800,5992900,198.300003051757800
2024-08-28,195.020004272460940,197.490005493164060,187.729995727539060,190.199996948242200,4995700,190.199996948242200
2024-08-29,194.000000000000000,196.500000000000000,187.600006103515620,188.279998779296880,3841800,188.279998779296880
2024-08-30,189.220001220703120,189.940002441406250,180.039993286132800,183.360000610351560,7307200,183.360000610351560
2024-09-03,182.000000000000000,182.699996948242200,168.070007324218750,169.130004882812500,9746600,169.130004882812500
2024-09-04,166.500000000000000,169.039993286132800,160.669998168945300,163.220001220703120,7826400,163.220001220703120
2024-09-05,161.619995117187500,166.369995117187500,158.119995117187500,159.699996948242200,5732700,159.699996948242200
2024-09-06,163.240005493164060,164.149993896484380,146.119995117187500,147.350006103515620,11026600,147.350006103515620
2024-09-09,151.270004272460940,157.399993896484380,150.059997558593750,155.050003051757800,9256700,155.050003051757800
2024-09-10,155.009994506835940,159.139999389648440,149.509994506835940,158.460006713867200,5824800,158.460006713867200
2024-09-11,153.559997558593750,158.839996337890620,149.949996948242200,157.149993896484380,6417400,157.149993896484380
2024-09-12,158.610000610351560,165.429992675781250,156.100006103515620,162.889999389648440,6689300,162.889999389648440
2024-09-13,162.240005493164060,168.929992675781250,161.580001831054700,163.050003051757800,5953600,163.050003051757800
2024-09-16,158.500000000000000,163.160003662109380,155.880004882812500,161.500000000000000,4686200,161.500000000000000
2024-09-17,164.139999389648440,167.669998168945300,160.500000000000000,162.449996948242200,5225200,162.449996948242200
2024-09-18,161.539993286132800,169.100006103515620,160.800003051757800,162.639999389648440,5027400,162.639999389648440
2024-09-19,172.000000000000000,175.389999389648440,167.000000000000000,168.240005493164060,9299100,168.240005493164060
2024-09-20,168.990005493164060,173.389999389648440,165.399993896484380,170.089996337890620,8152300,170.089996337890620
2024-09-23,171.300003051757800,173.570007324218750,168.699996948242200,170.220001220703120,4933200,170.220001220703120
2024-09-24,170.380004882812500,172.250000000000000,163.809997558593750,171.679992675781250,6035500,171.679992675781250
2024-09-25,170.300003051757800,173.940002441406250,166.880004882812500,167.080001831054700,5359900,167.080001831054700
2024-09-26,170.610000610351560,181.490005493164060,170.259994506835940,179.929992675781250,12455200,179.929992675781250
2024-09-27,183.070007324218750,192.449996948242200,179.500000000000000,191.229995727539060,10563400,191.229995727539060
2024-09-30,184.190002441406250,185.410003662109380,177.000000000000000,178.169998168945300,11710000,178.169998168945300
2024-10-01,178.720001220703120,178.899993896484380,160.000000000000000,165.009994506835940,15210500,165.009994506835940
2024-10-02,163.029998779296880,169.289993286132800,161.389999389648440,164.470001220703120,7881100,164.470001220703120
2024-10-03,162.830001831054700,166.410003662109380,161.410003662109380,163.100006103515620,4298600,163.100006103515620
2024-10-04,167.960006713867200,171.240005493164060,164.000000000000000,170.910003662109380,6852400,170.910003662109380
2024-10-07,172.000000000000000,176.149993896484380,166.889999389648440,168.919998168945300,6797500,168.919998168945300
2024-10-08,166.360000610351560,170.050003051757800,165.020004272460940,167.690002441406250,5696100,167.690002441406250
2024-10-09,167.690002441406250,172.490005493164060,165.779998779296880,166.970001220703120,5725000,166.970001220703120
2024-10-10,166.050003051757800,167.309997558593750,161.869995117187500,164.270004272460940,5379900,164.270004272460940
2024-10-11,165.539993286132800,179.179992675781250,165.220001220703120,176.380004882812500,10767100,176.380004882812500
2024-10-14,181.190002441406250,197.690002441406250,178.270004272460940,196.350006103515620,18131400,196.350006103515620
2024-10-15,195.679992675781250,204.899993896484380,188.309997558593750,196.339996337890620,17324800,196.339996337890620
2024-10-16,203.529998779296880,212.419998168945300,197.600006103515620,210.479995727539060,13970000,210.479995727539060
2024-10-17,209.199996948242200,209.449996948242200,201.130004882812500,204.199996948242200,8908000,204.199996948242200
2024-10-18,208.050003051757800,220.259994506835940,207.139999389648440,220.210006713867200,13569600,220.210006713867200
2024-10-21,215.399993896484380,216.860000610351560,208.130004882812500,213.720001220703120,12686400,213.720001220703120
2024-10-22,209.449996948242200,215.949996948242200,207.300003051757800,210.720001220703120,7485100,210.720001220703120
2024-10-23,206.300003051757800,209.699996948242200,194.600006103515620,198.929992675781250,10350100,198.929992675781250
2024-10-24,206.869995117187500,210.550003051757800,200.800003051757800,209.160003662109380,9925400,209.160003662109380
2024-10-25,208.300003051757800,213.669998168945300,203.399993896484380,205.039993286132800,9261300,205.039993286132800
2024-10-28,213.350006103515620,218.000000000000000,210.500000000000000,216.100006103515620,10458700,216.100006103515620
2024-10-29,220.910003662109380,223.899993896484380,216.110000610351560,219.660003662109380,11542200,219.660003662109380
2024-10-30,213.100006103515620,220.460006713867200,209.470001220703120,211.740005493164060,9515900,211.740005493164060
2024-10-31,203.729995727539060,206.000000000000000,178.820007324218750,179.250000000000000,18892000,179.250000000000000
2024-11-01,180.000000000000000,190.940002441406250,179.539993286132800,182.880004882812500,14443400,182.880004882812500
2024-11-04,180.089996337890620,186.949996948242200,176.380004882812500,186.270004272460940,11348800,186.270004272460940
2024-11-05,185.589996337890620,197.250000000000000,185.509994506835940,193.960006713867200,9950800,193.960006713867200
2024-11-06,221.479995727539060,257.679992675781250,221.110000610351560,254.309997558593750,35456000,254.309997558593750
2024-11-07,245.630004882812500,259.690002441406250,242.339996337890620,255.580001831054700,16655300,255.580001831054700
2024-11-08,257.670013427734400,273.500000000000000,257.149993896484400,270.739990234375000,17431700,270.739990234375000
2024-11-11,300.309997558593750,334.859985351562500,296.000000000000000,324.239990234375000,42437500,324.239990234375000
2024-11-12,310.049987792968750,327.000000000000000,306.100006103515600,319.130004882812500,24819600,319.130004882812500
2024-11-13,325.010009765625000,332.350006103515600,282.660003662109400,284.720001220703100,27997400,284.720001220703100
2024-11-14,290.809997558593750,292.570007324218750,274.299987792968750,278.839996337890600,17375300,278.839996337890600
2024-11-15,282.510009765625000,306.459991455078100,276.019989013671900,305.850006103515600,18020600,305.850006103515600
2024-11-18,301.829986572265600,329.589996337890600,288.500000000000000,325.410003662109400,25607400,325.410003662109400
2024-11-19,322.079986572265600,327.239990234375000,315.500000000000000,324.570007324218750,13447900,324.570007324218750
2024-11-20,332.250000000000000,341.750000000000000,303.799987792968750,320.010009765625000,22875200,320.010009765625000
2024-11-21,329.950012207031250,330.500000000000000,288.549987792968750,295.230010986328100,25187400,295.230010986328100
2024-11-22,294.890014648437500,311.369995117187500,290.799987792968750,304.640014648437500,12187200,304.640014648437500
2024-11-25,309.000000000000000,317.459991455078100,291.200012207031250,312.220001220703100,14645900,312.220001220703100
2024-11-26,298.260009765625000,309.200012207031250,289.130004882812500,293.290008544921900,13215700,293.290008544921900
2024-11-27,302.779998779296900,314.290008544921900,295.359985351562500,310.980010986328100,13290800,310.980010986328100
2024-11-29,311.950012207031250,316.299987792968750,295.809997558593750,296.200012207031250,9550200,296.200012207031250
2024-12-02,302.029998779296900,311.470001220703100,299.500000000000000,302.399993896484400,11221100,302.399993896484400
2024-12-03,296.779998779296900,314.429992675781250,296.649993896484400,309.350006103515600,10069300,309.350006103515600
2024-12-04,312.000000000000000,332.000000000000000,309.119995117187500,330.940002441406250,15798000,330.940002441406250
2024-12-05,343.359985351562500,349.489990234375000,315.170013427734400,320.570007324218750,19769900,320.570007324218750
2024-12-06,328.559997558593750,349.750000000000000,325.500000000000000,343.619995117187500,16759200,343.619995117187500
2024-12-09,339.910003662109400,340.160003662109400,309.679992675781250,310.519989013671900,16974800,310.519989013671900
2024-12-10,318.029998779296900,318.739990234375000,298.519989013671900,302.420013427734400,11930600,302.420013427734400
2024-12-11,311.850006103515600,320.899993896484400,308.820007324218750,313.809997558593750,10253400,313.809997558593750
2024-12-12,317.760009765625000,323.500000000000000,307.750000000000000,312.959991455078100,8324400,312.959991455078100
2024-12-13,316.000000000000000,317.179992675781250,305.250000000000000,310.579986572265600,5832600,310.579986572265600
2024-12-16,316.899993896484400,326.230010986328100,314.769989013671900,315.309997558593750,11461400,315.309997558593750
2024-12-17,319.829986572265600,323.070007324218750,303.500000000000000,311.640014648437500,7440600,311.640014648437500
2024-12-18,308.000000000000000,312.140014648437500,275.809997558593750,279.859985351562500,12615200,279.859985351562500
2024-12-19,290.640014648437500,295.480010986328100,268.880004882812500,273.920013427734400,11708600,273.920013427734400
2024-12-20,266.130004882812500,281.739990234375000,261.869995117187500,278.709991455078100,10009800,278.709991455078100
2024-12-23,274.519989013671900,275.329986572265600,263.070007324218750,268.149993896484400,6853500,268.149993896484400
2024-12-24,273.220001220703100,284.000000000000000,271.859985351562500,279.619995117187500,4805100,279.619995117187500
2024-12-26,275.579986572265600,279.239990234375000,271.390014648437500,274.410003662109400,4410400,274.410003662109400
2024-12-27,274.200012207031250,274.250000000000000,263.209991455078100,265.709991455078100,5554000,265.709991455078100
2024-12-30,259.980010986328100,260.500000000000000,247.600006103515620,255.559997558593750,7727100,255.559997558593750
2024-12-31,262.970001220703100,263.660003662109400,246.369995117187500,248.300003051757800,5414900,248.300003051757800
2025-01-02,256.480010986328100,262.309997558593750,251.000000000000000,257.209991455078100,6289500,257.209991455078100
2025-01-03,259.890014648437500,271.589996337890600,258.589996337890600,270.649993896484400,5990800,270.649993896484400
2025-01-06,279.070007324218750,293.600006103515600,271.750000000000000,287.760009765625000,10835000,287.760009765625000
2025-01-07,286.739990234375000,287.579986572265600,260.239990234375000,264.329986572265600,11614700,264.329986572265600
2025-01-08,263.880004882812500,267.000000000000000,252.990005493164060,260.010009765625000,5951100,260.010009765625000
2025-01-10,257.769989013671900,261.869995117187500,248.050003051757800,258.779998779296900,5579200,258.779998779296900
2025-01-13,246.979995727539060,251.809997558593750,240.770004272460940,251.199996948242200,7019500,251.199996948242200
2025-01-14,261.730010986328100,263.000000000000000,251.000000000000000,255.369995117187500,5704100,255.369995117187500
2025-01-15,266.869995117187500,278.320007324218750,264.440002441406250,274.929992675781250,9113900,274.929992675781250
2025-01-16,274.000000000000000,285.019989013671900,268.140014648437500,281.630004882812500,6751100,281.630004882812500
2025-01-17,292.000000000000000,300.350006103515600,289.329986572265600,295.480010986328100,11290100,295.480010986328100
2025-01-21,298.519989013671900,303.100006103515600,273.619995117187500,294.190002441406250,12912400,294.190002441406250
2025-01-22,290.459991455078100,298.799987792968750,286.279998779296900,295.850006103515600,6668900,295.850006103515600
2025-01-23,289.739990234375000,303.559997558593750,287.899993896484400,296.010009765625000,11534800,296.010009765625000
2025-01-24,300.000000000000000,310.609985351562500,297.619995117187500,298.000000000000000,9763300,298.000000000000000
2025-01-27,283.700012207031250,289.779998779296900,265.200012207031250,277.989990234375000,12238800,277.989990234375000
2025-01-28,280.500000000000000,284.839996337890600,276.000000000000000,281.820007324218750,4516600,281.820007324218750
2025-01-29,281.820007324218750,294.380004882812500,277.010009765625000,291.000000000000000,6255900,291.000000000000000
2025-01-30,293.709991455078100,306.000000000000000,293.019989013671900,301.299987792968750,8637500,301.299987792968750
2025-01-31,300.859985351562500,304.730010986328100,287.220001220703100,291.329986572265600,6514500,291.329986572265600
2025-02-03,272.980010986328100,288.760009765625000,269.299987792968750,284.410003662109400,9517700,284.410003662109400
2025-02-04,283.000000000000000,289.390014648437500,278.630004882812500,280.390014648437500,6013500,280.390014648437500
2025-02-05,283.609985351562500,285.760009765625000,274.559997558593750,275.140014648437500,5344600,275.140014648437500
2025-02-06,279.519989013671900,284.600006103515600,269.000000000000000,270.369995117187500,6717700,270.369995117187500
2025-02-07,274.049987792968750,282.570007324218750,271.750000000000000,274.489990234375000,7885600,274.489990234375000
2025-02-10,280.399993896484400,285.559997558593750,274.600006103515600,280.220001220703100,5521800,280.220001220703100
2025-02-11,277.549987792968750,279.000000000000000,265.829986572265600,266.899993896484400,6915000,266.899993896484400
2025-02-12,264.390014648437500,277.799987792968750,263.480010986328100,274.899993896484400,6362800,274.899993896484400
2025-02-13,284.000000000000000,302.399993896484400,282.500000000000000,298.109985351562500,18900200,298.109985351562500
2025-02-14,288.019989013671900,291.549987792968750,274.000000000000000,274.309997558593750,19269700,274.309997558593750
2025-02-18,278.799987792968750,279.179992675781250,260.500000000000000,264.630004882812500,11564800,264.630004882812500
2025-02-19,265.760009765625000,267.000000000000000,257.679992675781250,258.670013427734400,6813800,258.670013427734400
2025-02-20,260.660003662109400,262.250000000000000,250.369995117187500,256.589996337890600,6400700,256.589996337890600
2025-02-21,266.989990234375000,267.799987792968750,234.759994506835940,235.380004882812500,17195500,235.380004882812500
2025-02-24,239.139999389648440,240.240005493164060,223.600006103515620,227.070007324218750,12125000,227.070007324218750
2025-02-25,219.970001220703120,222.850006103515620,205.119995117187500,212.490005493164060,15192600,212.490005493164060
2025-02-26,212.630004882812500,218.570007324218750,207.990005493164060,212.960006713867200,7871600,212.960006713867200
2025-02-27,218.130004882812500,221.580001831054700,207.789993286132800,208.369995117187500,8082400,208.369995117187500
2025-02-28,205.270004272460940,216.440002441406250,201.100006103515620,215.619995117187500,9031200,215.619995117187500
2025-03-03,232.229995727539060,233.399993896484380,203.440002441406250,205.750000000000000,15997800,205.750000000000000
2025-03-04,200.520004272460940,218.940002441406250,193.089996337890620,212.550003051757800,13060900,212.550003051757800
2025-03-05,214.889999389648440,223.149993896484380,208.000000000000000,222.449996948242200,9581600,222.449996948242200
2025-03-06,214.509994506835940,226.600006103515620,213.000000000000000,214.169998168945300,8405400,214.169998168945300
2025-03-07,214.889999389648440,222.050003051757800,206.770004272460940,217.449996948242200,8615100,217.449996948242200
2025-03-10,205.080001831054700,206.839996337890620,176.850006103515620,179.229995727539060,18664100,179.229995727539060
2025-03-11,186.000000000000000,195.690002441406250,183.300003051757800,191.690002441406250,11382200,191.690002441406250
2025-03-12,195.399993896484380,199.199996948242200,183.750000000000000,191.729995727539060,9616800,191.729995727539060
2025-03-13,188.619995117187500,188.850006103515620,177.110000610351560,177.490005493164060,9559400,177.490005493164060
2025-03-14,183.809997558593750,186.740005493164060,179.160003662109380,183.119995117187500,9454400,183.119995117187500
2025-03-17,182.000000000000000,193.240005493164060,180.770004272460940,188.960006713867200,7216500,188.960006713867200
2025-03-18,185.000000000000000,186.490005493164060,178.779998779296880,181.139999389648440,7408200,181.139999389648440
2025-03-19,184.830001831054700,193.779998779296880,182.800003051757800,189.750000000000000,8194200,189.750000000000000
2025-03-20,185.889999389648440,193.929992675781250,185.880004882812500,190.380004882812500,6718000,190.380004882812500
2025-03-21,185.570007324218750,190.720001220703120,183.750000000000000,189.860000610351560,7344800,189.860000610351560
2025-03-24,197.500000000000000,203.250000000000000,194.419998168945300,203.039993286132800,9489500,203.039993286132800
2025-03-25,202.130004882812500,206.929992675781250,198.339996337890620,204.229995727539060,7877700,204.229995727539060
2025-03-26,203.000000000000000,206.000000000000000,192.289993286132800,193.949996948242200,7113400,193.949996948242200
2025-03-27,192.970001220703120,195.330001831054700,187.800003051757800,188.580001831054700,5426300,188.580001831054700
2025-03-28,185.720001220703120,186.789993286132800,172.990005493164060,173.929992675781250,10040200,173.929992675781250
2025-03-31,169.380004882812500,173.580001831054700,163.520004272460940,172.229995727539060,7781300,172.229995727539060
2025-04-01,172.820007324218750,176.050003051757800,168.550003051757800,174.520004272460940,5489700,174.520004272460940
2025-04-02,170.570007324218750,184.110000610351560,170.350006103515620,182.949996948242200,8208600,182.949996948242200
2025-04-03,168.580001831054700,172.029998779296880,164.649993896484380,170.759994506835940,9556200,170.759994506835940
2025-04-04,166.020004272460940,167.500000000000000,147.169998168945300,160.550003051757800,14570800,160.550003051757800
2025-04-07,146.039993286132800,167.399993896484380,142.580001831054700,157.279998779296880,13251700,157.279998779296880
2025-04-08,165.199996948242200,167.800003051757800,147.350006103515620,151.470001220703120,11117400,151.470001220703120
2025-04-09,150.080001831054700,183.899993896484380,150.080001831054700,177.089996337890620,15258000,177.089996337890620
2025-04-10,168.500000000000000,173.820007324218750,159.110000610351560,169.619995117187500,11196300,169.619995117187500
2025-04-11,171.300003051757800,178.000000000000000,167.000000000000000,175.500000000000000,7769300,175.500000000000000
2025-04-14,180.500000000000000,182.389999389648440,172.009994506835940,176.580001831054700,6427100,176.580001831054700
2025-04-15,177.740005493164060,179.770004272460940,172.300003051757800,175.570007324218750,5369500,175.570007324218750
2025-04-16,170.500000000000000,174.800003051757800,168.500000000000000,172.210006713867200,5226700,172.210006713867200
2025-04-17,172.600006103515620,177.500000000000000,171.300003051757800,175.029998779296880,5125300,175.029998779296880
2025-04-21,175.100006103515620,177.979995727539060,171.410003662109380,175.000000000000000,5054700,175.000000000000000
2025-04-22,178.789993286132800,193.490005493164060,178.399993896484380,190.000000000000000,12807000,190.000000000000000
2025-04-23,197.750000000000000,200.800003051757800,191.520004272460940,194.800003051757800,9870200,194.800003051757800
2025-04-24,193.419998168945300,204.210006713867200,193.100006103515620,203.869995117187500,6840600,203.869995117187500
2025-04-25,205.570007324218750,211.619995117187500,203.740005493164060,209.639999389648440,8060900,209.639999389648440
2025-04-28,208.199996948242200,208.779998779296880,197.419998168945300,205.270004272460940,7624200,205.270004272460940
2025-04-29,205.300003051757800,207.399993896484380,203.139999389648440,206.130004882812500,4254900,206.130004882812500
2025-04-30,199.669998168945300,203.039993286132800,195.550003051757800,202.889999389648440,4769400,202.889999389648440
2025-05-01,208.460006713867200,208.750000000000000,201.160003662109380,201.300003051757800,6243200,201.300003051757800
2025-05-02,204.699996948242200,209.000000000000000,202.360000610351560,204.929992675781250,6133300,204.929992675781250
2025-05-05,201.729995727539060,204.110000610351560,198.649993896484380,199.399993896484380,5108700,199.399993896484380
2025-05-06,195.380004882812500,198.759994506835940,193.339996337890620,196.889999389648440,4672600,196.889999389648440
2025-05-07,199.830001831054700,200.479995727539060,193.809997558593750,196.559997558593750,4825700,196.559997558593750
2025-05-08,205.309997558593750,210.470001220703120,202.809997558593750,206.500000000000000,14390000,206.500000000000000
2025-05-09,204.520004272460940,214.130004882812500,198.770004272460940,199.320007324218750,16384200,199.320007324218750
2025-05-12,208.940002441406250,213.600006103515620,205.610000610351560,207.220001220703120,14944200,207.220001220703120
2025-05-13,231.710006713867200,260.420013427734400,231.490005493164060,256.899993896484400,39119000,256.899993896484400
2025-05-14,256.859985351562500,264.489990234375000,253.550003051757800,263.410003662109400,18344700,263.410003662109400
2025-05-15,256.500000000000000,257.850006103515600,240.000000000000000,244.440002441406250,25917200,244.440002441406250
2025-05-16,249.759994506835940,270.450012207031250,248.830001831054700,266.459991455078100,72627500,266.459991455078100
2025-05-19,259.779998779296900,267.600006103515600,259.700012207031250,263.989990234375000,12437600,263.989990234375000
2025-05-20,265.119995117187500,265.359985351562500,257.250000000000000,261.380004882812500,8624600,261.380004882812500
2025-05-21,260.200012207031250,270.380004882812500,257.750000000000000,258.989990234375000,11748000,258.989990234375000
2025-05-22,265.130004882812500,277.010009765625000,263.510009765625000,271.950012207031250,15613700,271.950012207031250
2025-05-23,263.000000000000000,268.040008544921900,260.339996337890600,263.160003662109400,9290300,263.160003662109400
2025-05-27,269.019989013671900,270.100006103515600,264.670013427734400,266.399993896484400,7884500,266.399993896484400
2025-05-28,265.700012207031250,265.700012207031250,253.800003051757800,254.289993286132800,8305300,254.289993286132800
2025-05-29,258.720001220703100,258.940002441406250,246.759994506835940,248.839996337890620,7673400,248.839996337890620
2025-05-30,246.869995117187500,249.960006713867200,244.130004882812500,246.619995117187500,6070900,246.619995117187500
2025-06-02,247.460006713867200,249.860000610351560,240.910003662109380,246.720001220703120,6188000,246.720001220703120
2025-06-03,248.389999389648440,260.600006103515600,246.220001220703120,258.910003662109400,9946400,258.910003662109400
2025-06-04,257.519989013671900,261.570007324218750,254.339996337890620,256.000000000000000,6026800,256.000000000000000
2025-06-05,261.049987792968750,265.649993896484400,240.080001831054700,244.199996948242200,11971900,244.199996948242200
2025-06-06,250.529998779296880,256.170013427734400,249.779998779296880,251.270004272460940,7360200,251.270004272460940
2025-06-09,255.660003662109380,258.250000000000000,252.399993896484380,256.630004882812500,6064800,256.630004882812500
2025-06-10,258.880004882812500,262.399993896484400,251.630004882812500,254.940002441406250,5858000,254.940002441406250
2025-06-11,257.209991455078100,259.899993896484400,249.059997558593750,250.679992675781250,5986100,250.679992675781250
2025-06-12,246.520004272460940,247.750000000000000,239.350006103515620,241.050003051757800,7725300,241.050003051757800
2025-06-13,237.449996948242200,243.199996948242200,235.289993286132800,242.710006713867200,7062700,242.710006713867200
2025-06-16,247.770004272460940,263.299987792968750,245.320007324218750,261.570007324218750,12034700,261.570007324218750
2025-06-17,256.630004882812500,259.630004882812500,248.679992675781250,253.850006103515620,9050800,253.850006103515620
2025-06-18,254.000000000000000,299.320007324218750,251.880004882812500,295.290008544921900,37434300,295.290008544921900
2025-06-20,303.579986572265600,310.750000000000000,298.100006103515600,308.380004882812500,31468800,308.380004882812500
2025-06-23,302.079986572265600,314.250000000000000,294.559997558593750,307.589996337890600,17553700,307.589996337890600
2025-06-24,314.390014648437500,348.970001220703100,311.899993896484400,344.820007324218750,29670900,344.820007324218750
2025-06-25,360.600006103515600,369.279998779296900,343.619995117187500,355.369995117187500,30154300,355.369995117187500
2025-06-26,354.529998779296900,382.000000000000000,354.529998779296900,375.070007324218750,27371400,375.070007324218750
2025-06-27,369.540008544921900,372.500000000000000,346.660003662109400,353.429992675781250,29000400,353.429992675781250
2025-06-30,359.230010986328100,360.450012207031250,347.899993896484400,350.489990234375000,11227600,350.489990234375000
2025-07-01,339.980010986328100,353.399993896484400,334.000000000000000,335.329986572265600,13132100,335.329986572265600
2025-07-02,340.579986572265600,357.160003662109400,338.679992675781250,354.450012207031250,12493100,354.450012207031250
2025-07-03,350.350006103515600,357.869995117187500,348.500000000000000,355.799987792968750,6704300,355.799987792968750
2025-07-07,354.200012207031250,364.000000000000000,351.000000000000000,357.100006103515600,7885300,357.100006103515600
2025-07-08,362.750000000000000,368.790008544921900,348.000000000000000,354.820007324218750,9735000,354.820007324218750
2025-07-09,358.630004882812500,374.000000000000000,353.290008544921900,373.850006103515600,13238400,373.850006103515600
2025-07-10,372.410003662109400,389.160003662109400,369.000000000000000,388.959991455078100,17241600,388.959991455078100
2025-07-11,390.190002441406250,395.500000000000000,378.369995117187500,387.059997558593750,16694600,387.059997558593750
2025-07-14,392.500000000000000,398.500000000000000,388.579986572265600,394.010009765625000,12473500,394.010009765625000
2025-07-15,391.529998779296900,400.880004882812500,373.019989013671900,388.019989013671900,16889300,388.019989013671900
2025-07-16,392.799987792968750,405.880004882812500,391.459991455078100,398.200012207031250,14355800,398.200012207031250
2025-07-17,399.700012207031250,415.959991455078100,394.279998779296900,410.750000000000000,16840500,410.750000000000000
2025-07-18,419.820007324218750,444.649993896484400,406.500000000000000,419.779998779296900,28063200,419.779998779296900
2025-07-21,425.549987792968750,436.380004882812500,413.440002441406250,413.630004882812500,17018100,413.630004882812500
2025-07-22,419.100006103515600,420.980010986328100,394.369995117187500,404.440002441406250,14554900,404.440002441406250
2025-07-23,399.989990234375000,400.720001220703100,387.119995117187500,397.809997558593750,12433200,397.809997558593750
2025-07-24,404.250000000000000,405.309997558593750,392.000000000000000,396.700012207031250,7904600,396.700012207031250
2025-07-25,391.899993896484400,397.480010986328100,386.390014648437500,391.660003662109400,8643300,391.660003662109400
2025-07-28,394.619995117187500,395.390014648437500,375.260009765625000,379.489990234375000,11270400,379.489990234375000
2025-07-29,383.589996337890600,384.779998779296900,365.739990234375000,371.440002441406250,9334700,371.440002441406250
2025-07-30,382.950012207031250,386.579986572265600,372.709991455078100,377.480010986328100,11100000,377.480010986328100
2025-07-31,382.890014648437500,387.140014648437500,376.829986572265600,377.760009765625000,12371200,377.760009765625000
2025-08-01,335.140014648437500,337.579986572265600,310.549987792968750,314.690002441406250,31342200,314.690002441406250
2025-08-04,319.540008544921900,324.000000000000000,311.000000000000000,318.170013427734400,12106400,318.170013427734400
2025-08-05,307.109985351562500,312.850006103515600,297.200012207031250,297.989990234375000,16863900,297.989990234375000
2025-08-06,297.549987792968750,304.769989013671900,293.309997558593750,303.579986572265600,15982700,303.579986572265600
2025-08-07,311.230010986328100,317.940002441406250,306.980010986328100,310.790008544921900,13857200,310.790008544921900
2025-08-08,311.440002441406250,313.700012207031250,301.230010986328100,310.540008544921900,9253800,310.540008544921900
2025-08-11,322.100006103515600,333.660003662109400,318.799987792968750,319.619995117187500,14664400,319.619995117187500
2025-08-12,329.350006103515600,329.859985351562500,314.160003662109400,322.619995117187500,9947800,322.619995117187500
2025-08-13,328.209991455078100,345.390014648437500,321.529998779296900,327.010009765625000,15399800,327.010009765625000
2025-08-14,320.489990234375000,327.450012207031250,316.799987792968750,324.890014648437500,9403600,324.890014648437500
2025-08-15,322.850006103515600,323.399993896484400,314.559997558593750,317.549987792968750,7881200,317.549987792968750
2025-08-18,311.480010986328100,324.290008544921900,307.109985351562500,320.730010986328100,8798800,320.730010986328100
2025-08-19,320.690002441406250,322.589996337890600,301.450012207031250,302.070007324218750,10327700,302.070007324218750
2025-08-20,304.269989013671900,306.450012207031250,291.459991455078100,304.390014648437500,8570300,304.390014648437500
2025-08-21,301.420013427734400,305.000000000000000,297.799987792968750,300.279998779296900,5743400,300.279998779296900
2025-08-22,300.589996337890600,322.260009765625000,297.190002441406250,319.850006103515600,13029200,319.850006103515600
2025-08-25,312.179992675781250,315.589996337890600,305.100006103515600,306.000000000000000,8473900,306.000000000000000
2025-08-26,304.000000000000000,309.200012207031250,300.369995117187500,308.480010986328100,7745400,308.480010986328100
2025-08-27,307.209991455078100,312.410003662109400,306.690002441406250,308.970001220703100,5746300,308.970001220703100
2025-08-28,312.559997558593750,315.950012207031250,306.000000000000000,308.470001220703100,6292500,308.470001220703100
2025-08-29,306.190002441406250,308.220001220703100,301.500000000000000,304.540008544921900,6611400,304.540008544921900
2025-09-02,299.970001220703100,310.410003662109400,295.399993896484400,303.559997558593750,6814900,303.559997558593750
2025-09-03,305.010009765625000,308.369995117187500,301.149993896484400,302.309997558593750,5220800,302.309997558593750
2025-09-04,301.959991455078100,307.769989013671900,300.010009765625000,306.799987792968750,6211800,306.799987792968750
2025-09-05,313.850006103515600,315.739990234375000,292.559997558593750,299.070007324218750,11367000,299.070007324218750
2025-09-08,301.880004882812500,306.600006103515600,297.149993896484400,302.200012207031250,8824100,302.200012207031250
2025-09-09,303.769989013671900,319.390014648437500,303.600006103515600,318.779998779296900,10361300,318.779998779296900
2025-09-10,321.399993896484400,328.670013427734400,312.529998779296900,315.339996337890600,8664800,315.339996337890600
2025-09-11,319.000000000000000,326.000000000000000,315.529998779296900,323.950012207031250,7702700,323.950012207031250
2025-09-12,328.029998779296900,329.489990234375000,319.799987792968750,323.040008544921900,6929400,323.040008544921900
2025-09-15,322.869995117187500,328.440002441406250,320.959991455078100,327.019989013671900,6896900,327.019989013671900
2025-09-16,332.250000000000000,333.600006103515600,321.299987792968750,327.910003662109400,7434900,327.910003662109400
2025-09-17,325.959991455078100,328.489990234375000,311.299987792968750,320.559997558593750,8921200,320.559997558593750
2025-09-18,325.820007324218750,351.890014648437500,323.519989013671900,343.130004882812500,17324500,343.130004882812500
2025-09-19,342.760009765625000,349.700012207031250,337.660003662109400,342.459991455078100,13272100,342.459991455078100
2025-09-22,333.440002441406250,336.200012207031250,328.190002441406250,331.950012207031250,8720700,331.950012207031250
2025-09-23,333.380004882812500,335.679992675781250,317.700012207031250,320.070007324218750,8245900,320.070007324218750
2025-09-24,323.760009765625000,327.320007324218750,320.760009765625000,321.769989013671900,4869800,321.769989013671900
2025-09-25,314.329986572265600,317.989990234375000,304.359985351562500,306.690002441406250,8865300,306.690002441406250
2025-09-26,308.579986572265600,314.239990234375000,303.399993896484400,312.589996337890600,6714800,312.589996337890600
2025-09-29,318.010009765625000,334.380004882812500,316.350006103515600,333.989990234375000,12066100,333.989990234375000
2025-09-30,330.000000000000000,338.100006103515600,329.660003662109400,337.489990234375000,6674700,337.489990234375000
2025-10-01,343.260009765625000,349.869995117187500,340.500000000000000,346.170013427734400,8843900,346.170013427734400
2025-10-02,354.760009765625000,376.130004882812500,353.399993896484400,372.070007324218750,15750400,372.070007324218750
2025-10-03,373.350006103515600,383.500000000000000,370.029998779296900,380.019989013671900,13648200,380.019989013671900
2025-10-06,390.329986572265600,392.850006103515600,380.500000000000000,386.070007324218750,8693000,386.070007324218750
2025-10-07,386.839996337890600,388.000000000000000,363.010009765625000,375.779998779296900,9146300,375.779998779296900
2025-10-08,378.619995117187500,390.489990234375000,375.640014648437500,387.269989013671900,7122800,387.269989013671900
2025-10-09,384.260009765625000,392.160003662109400,381.799987792968750,387.000000000000000,6849000,387.000000000000000
2025-10-10,387.660003662109400,402.160003662109400,351.630004882812500,357.010009765625000,17223600,357.010009765625000
2025-10-13,363.200012207031250,364.899993896484400,341.839996337890600,356.989990234375000,10318400,356.989990234375000
2025-10-14,340.850006103515600,353.500000000000000,334.769989013671900,341.549987792968750,9446000,341.549987792968750
2025-10-15,345.809997558593750,347.829986572265600,333.100006103515600,336.299987792968750,7947300,336.299987792968750
2025-10-16,338.489990234375000,342.700012207031250,328.709991455078100,330.250000000000000,7611900,330.250000000000000
2025-10-17,319.410003662109400,336.299987792968750,317.769989013671900,336.019989013671900,9571100,336.019989013671900
2025-10-20,342.209991455078100,354.059997558593750,338.750000000000000,343.779998779296900,7544100,343.779998779296900
2025-10-21,342.279998779296900,344.790008544921900,335.500000000000000,338.619995117187500,6030900,338.619995117187500
2025-10-22,333.880004882812500,334.720001220703100,310.480010986328100,320.329986572265600,12737800,320.329986572265600
2025-10-23,323.000000000000000,328.390014648437500,318.500000000000000,322.760009765625000,5866800,322.760009765625000
2025-10-24,335.000000000000000,356.880004882812500,333.000000000000000,354.459991455078100,13893100,354.459991455078100
2025-10-27,362.820007324218750,373.250000000000000,357.299987792968750,361.429992675781250,9688300,361.429992675781250
2025-10-28,363.230010986328100,368.130004882812500,354.070007324218750,355.220001220703100,6527800,355.220001220703100
2025-10-29,357.429992675781250,360.000000000000000,345.209991455078100,348.609985351562500,7560500,348.609985351562500
2025-10-30,343.470001220703100,344.220001220703100,328.209991455078100,328.510009765625000,8947700,328.510009765625000
2025-10-31,336.000000000000000,361.399993896484400,334.429992675781250,343.779998779296900,13757300,343.779998779296900
2025-11-03,340.869995117187500,342.799987792968750,325.880004882812500,330.420013427734400,9341700,330.420013427734400
2025-11-04,319.000000000000000,325.450012207031250,306.850006103515600,307.320007324218750,12420300,307.320007324218750
2025-11-05,315.890014648437500,324.140014648437500,310.839996337890600,319.299987792968750,8215500,319.299987792968750
2025-11-06,316.500000000000000,316.600006103515600,294.720001220703100,295.220001220703100,12191200,295.220001220703100
2025-11-07,290.200012207031250,310.929992675781250,283.649993896484400,309.140014648437500,11984200,309.140014648437500
2025-11-10,323.019989013671900,324.799987792968750,311.660003662109400,317.929992675781250,8949800,317.929992675781250
2025-11-11,312.200012207031250,317.089996337890600,303.589996337890600,304.010009765625000,7095200,304.010009765625000
2025-11-12,309.230010986328100,311.500000000000000,301.459991455078100,304.000000000000000,6967600,304.000000000000000
2025-11-13,301.660003662109400,303.959991455078100,279.829986572265600,283.140014648437500,11109500,283.140014648437500
2025-11-14,269.519989013671900,292.760009765625000,268.160003662109400,284.000000000000000,11784800,284.000000000000000
2025-11-17,274.920013427734400,277.829986572265600,258.220001220703100,263.950012207031250,15822400,263.950012207031250
2025-11-18,261.750000000000000,271.000000000000000,261.000000000000000,261.790008544921900,10854500,261.790008544921900
2025-11-19,261.869995117187500,262.820007324218750,247.020004272460940,257.290008544921900,13287300,257.290008544921900
2025-11-20,259.980010986328100,263.630004882812500,236.000000000000000,238.160003662109380,15524200,238.160003662109380
2025-11-21,243.919998168945300,246.130004882812500,231.169998168945300,240.410003662109380,12396500,240.410003662109380
2025-11-24,244.679992675781250,257.950012207031250,243.009994506835940,255.970001220703120,10005800,255.970001220703120
2025-11-25,247.759994506835940,254.369995117187500,240.740005493164060,254.119995117187500,8525300,254.119995117187500
2025-11-26,256.200012207031250,266.619995117187500,253.839996337890620,264.970001220703100,9929300,264.970001220703100
2025-11-28,274.010009765625000,279.869995117187500,269.290008544921900,272.820007324218750,8977800,272.820007324218750
2025-12-01,260.529998779296900,265.899993896484400,252.199996948242200,259.839996337890600,12119300,259.839996337890600
2025-12-02,267.679992675781250,272.549987792968750,263.209991455078100,263.260009765625000,9059300,263.260009765625000
2025-12-03,268.000000000000000,277.589996337890600,264.130004882812500,276.920013427734400,9466700,276.920013427734400
2025-12-04,273.600006103515600,284.239990234375000,271.260009765625000,274.049987792968750,6469200,274.049987792968750
2025-12-05,270.429992675781250,274.049987792968750,265.010009765625000,269.730010986328100,7173500,269.730010986328100
2025-12-08,272.809997558593750,276.630004882812500,269.519989013671900,274.200012207031250,5937000,274.200012207031250
2025-12-09,270.630004882812500,284.739990234375000,266.829986572265600,277.359985351562500,7876600,277.359985351562500
2025-12-10,273.200012207031250,279.440002441406250,270.760009765625000,275.089996337890600,6818600,275.089996337890600
2025-12-11,266.899993896484400,271.160003662109400,258.720001220703100,269.019989013671900,7969600,269.019989013671900
2025-12-12,271.660003662109400,278.200012207031250,263.160003662109400,267.459991455078100,8180300,267.459991455078100
2025-12-15,267.989990234375000,268.579986572265600,246.800003051757800,250.419998168945300,10885700,250.419998168945300
2025-12-16,253.559997558593750,257.000000000000000,250.320007324218750,252.610000610351560,6907400,252.610000610351560
2025-12-17,254.779998779296880,259.549987792968750,243.699996948242200,244.190002441406250,8429500,244.190002441406250
2025-12-18,253.100006103515620,255.410003662109380,239.100006103515620,239.199996948242200,9291500,239.199996948242200
2025-12-19,244.580001831054700,247.000000000000000,240.850006103515620,245.119995117187500,10613000,245.119995117187500
2025-12-22,251.679992675781250,254.869995117187500,247.429992675781250,247.899993896484380,6233100,247.899993896484380
2025-12-23,243.250000000000000,245.199996948242200,238.800003051757800,242.300003051757800,7004200,242.300003051757800
2025-12-24,240.279998779296880,241.000000000000000,237.139999389648440,239.729995727539060,3869000,239.729995727539060
2025-12-26,240.399993896484380,240.490005493164060,232.809997558593750,236.899993896484380,5925700,236.899993896484380
2025-12-29,234.360000610351560,239.889999389648440,232.779998779296880,233.770004272460940,6362600,233.770004272460940
2025-12-30,233.649993896484380,236.059997558593750,231.500000000000000,231.600006103515620,5652100,231.600006103515620
2025-12-31,231.220001220703120,232.389999389648440,225.470001220703120,226.139999389648440,6678200,226.139999389648440
2026-01-02,230.600006103515620,238.490005493164060,225.910003662109380,236.529998779296880,8760200,236.529998779296880
2026-01-05,247.110000610351560,258.880004882812500,246.529998779296880,254.919998168945300,13695300,254.919998168945300
2026-01-06,255.210006713867200,258.350006103515600,245.720001220703120,250.559997558593750,8672500,250.559997558593750
2026-01-07,248.279998779296880,248.940002441406250,240.250000000000000,245.929992675781250,7488900,245.929992675781250
2026-01-08,244.619995117187500,250.380004882812500,242.250000000000000,245.589996337890620,6897200,245.589996337890620
2026-01-09,246.070007324218750,246.899993896484380,237.149993896484380,240.779998779296880,8104500,240.779998779296880
2026-01-12,239.630004882812500,248.000000000000000,238.039993286132800,242.979995727539060,5957300,242.979995727539060
2026-01-13,245.500000000000000,255.509994506835940,244.649993896484380,252.690002441406250,9027000,252.690002441406250
2026-01-14,256.920013427734400,263.070007324218750,253.000000000000000,255.860000610351560,10804500,255.860000610351560
2026-01-15,250.589996337890620,251.199996948242200,237.429992675781250,239.279998779296880,12098900,239.279998779296880
2026-01-16,239.490005493164060,243.190002441406250,236.139999389648440,241.149993896484380,7622400,241.149993896484380
2026-01-20,232.639999389648440,234.899993896484380,225.960006713867200,227.729995727539060,9757900,227.729995727539060
2026-01-21,228.759994506835940,231.449996948242200,222.399993896484380,226.929992675781250,8476500,226.929992675781250
2026-01-22,228.529998779296880,230.750000000000000,223.020004272460940,223.139999389648440,7088800,223.139999389648440
2026-01-23,222.750000000000000,222.750000000000000,215.720001220703120,216.949996948242200,12975100,216.949996948242200
2026-01-26,212.179992675781250,215.639999389648440,210.889999389648440,213.479995727539060,7077500,213.479995727539060
2026-01-27,213.479995727539060,213.559997558593750,207.770004272460940,210.830001831054700,7465500,210.830001831054700
2026-01-28,213.279998779296880,214.389999389648440,206.800003051757800,209.429992675781250,9046600,209.429992675781250
2026-01-29,206.820007324218750,207.000000000000000,194.210006713867200,199.179992675781250,14604300,199.179992675781250
2026-01-30,198.699996948242200,198.960006713867200,190.960006713867200,194.740005493164060,9635400,194.740005493164060
2026-02-02,189.809997558593750,190.940002441406250,185.080001831054700,187.860000610351560,12288700,187.860000610351560
2026-02-03,188.679992675781250,188.679992675781250,174.050003051757800,179.660003662109380,12610300,179.660003662109380
2026-02-04,176.110000610351560,176.750000000000000,164.419998168945300,168.619995117187500,16627600,168.619995117187500
2026-02-05,160.429992675781250,165.000000000000000,145.160003662109380,146.119995117187500,29610500,146.119995117187500
2026-02-06,154.559997558593750,165.520004272460940,151.570007324218750,165.119995117187500,19776100,165.119995117187500
2026-02-09,160.100006103515620,167.570007324218750,159.009994506835940,167.250000000000000,10618500,167.250000000000000
2026-02-10,162.559997558593750,167.919998168945300,161.860000610351560,162.509994506835940,8835200,162.509994506835940
2026-02-11,157.699996948242200,158.100006103515620,148.850006103515620,153.199996948242200,13923800,153.199996948242200
2026-02-12,153.100006103515620,153.199996948242200,139.360000610351560,141.089996337890620,19986100,141.089996337890620
2026-02-13,153.699996948242200,167.649993896484380,146.160003662109380,164.320007324218750,32410100,164.320007324218750
2026-02-17,162.479995727539060,170.539993286132800,158.399993896484380,166.020004272460940,16770600,166.020004272460940
2026-02-18,165.399993896484380,173.880004882812500,163.149993896484380,164.050003051757800,13792200,164.050003051757800
2026-02-19,162.419998168945300,167.580001831054700,161.119995117187500,165.940002441406250,8001700,165.940002441406250
2026-02-20,164.880004882812500,175.550003051757800,164.119995117187500,171.350006103515620,13692200,171.350006103515620
2026-02-23,166.160003662109380,168.100006103515620,158.660003662109380,160.240005493164060,12685500,160.240005493164060
2026-02-24,155.839996337890620,162.279998779296880,152.699996948242200,162.029998779296880,10442900,162.029998779296880
2026-02-25,171.779998779296880,185.820007324218750,169.750000000000000,183.940002441406250,23793900,183.940002441406250
2026-02-26,181.440002441406250,186.389999389648440,176.750000000000000,181.059997558593750,12746600,181.059997558593750
2026-02-27,175.350006103515620,179.059997558593750,171.809997558593750,175.850006103515620,11427900,175.850006103515620
2026-03-02,172.500000000000000,186.350006103515620,172.220001220703120,185.240005493164060,12306800,185.240005493164060
2026-03-03,177.179992675781250,186.300003051757800,172.050003051757800,182.360000610351560,12828800,182.360000610351560
2026-03-04,195.910003662109380,212.070007324218750,195.399993896484380,208.929992675781250,27200300,208.929992675781250
2026-03-05,205.750000000000000,213.500000000000000,201.500000000000000,205.710006713867200,15036600,205.710006713867200
2026-03-06,197.759994506835940,202.740005493164060,194.660003662109380,197.220001220703120,11504900,197.220001220703120
2026-03-09,198.000000000000000,203.490005493164060,192.630004882812500,199.789993286132800,12064600,199.789993286132800
2026-03-10,204.429992675781250,206.009994506835940,194.750000000000000,196.520004272460940,10846100,196.520004272460940
2026-03-11,197.509994506835940,203.100006103515620,192.520004272460940,198.630004882812500,9531700,198.630004882812500
2026-03-12,196.130004882812500,198.000000000000000,192.460006713867200,193.229995727539060,7967100,193.229995727539060
2026-03-13,203.759994506835940,207.130004882812500,193.839996337890620,195.529998779296880,12137100,195.529998779296880
2026-03-16,201.809997558593750,206.440002441406250,198.619995117187500,203.320007324218750,13054000,203.320007324218750
2026-03-17,202.270004272460940,213.470001220703120,202.130004882812500,210.229995727539060,11948000,210.229995727539060
2026-03-18,206.770004272460940,209.000000000000000,201.139999389648440,202.289993286132800,12602200,202.289993286132800
2026-03-19,195.339996337890620,205.500000000000000,191.869995117187500,202.910003662109380,9273000,202.910003662109380
2026-03-20,202.500000000000000,203.300003051757800,194.789993286132800,197.500000000000000,13305100,197.500000000000000
2026-03-23,198.600006103515620,203.949996948242200,196.110000610351560,200.619995117187500,12466500,200.619995117187500
2026-03-24,199.100006103515620,201.759994506835940,177.600006103515620,181.039993286132800,20833000,181.039993286132800
2026-03-25,184.580001831054700,190.710006713867200,180.059997558593750,181.100006103515620,10432500,181.100006103515620
2026-03-26,177.000000000000000,179.750000000000000,171.929992675781250,173.380004882812500,9402600,173.380004882812500
2026-03-27,168.050003051757800,168.740005493164060,159.830001831054700,161.139999389648440,12289900,161.139999389648440
2026-03-30,164.529998779296880,166.500000000000000,158.460006713867200,160.789993286132800,11775200,160.789993286132800
2026-03-31,163.800003051757800,175.839996337890620,162.179992675781250,174.610000610351560,12665100,174.610000610351560
2026-04-01,179.000000000000000,179.300003051757800,171.720001220703120,172.990005493164060,8828600,172.990005493164060
2026-04-02,167.630004882812500,173.029998779296880,163.559997558593750,171.460006713867200,8869300,171.460006713867200
2026-04-06,175.100006103515620,177.899993896484380,173.470001220703120,174.789993286132800,7125200,174.789993286132800
2026-04-07,172.119995117187500,175.259994506835940,166.050003051757800,175.179992675781250,7653100,175.179992675781250
2026-04-08,187.889999389648440,189.570007324218750,172.960006713867200,175.089996337890620,9802400,175.089996337890620
2026-04-09,175.830001831054700,177.139999389648440,166.399993896484380,169.020004272460940,10754900,169.020004272460940
2026-04-10,169.360000610351560,170.479995727539060,163.130004882812500,167.850006103515620,7922400,167.850006103515620
2026-04-13,164.830001831054700,175.009994506835940,164.330001831054700,174.529998779296880,7481100,174.529998779296880
2026-04-14,180.029998779296880,187.139999389648440,180.000000000000000,184.410003662109380,10884800,184.410003662109380
2026-04-15,185.660003662109380,196.460006713867200,183.520004272460940,195.899993896484380,11817400,195.899993896484380
2026-04-16,197.500000000000000,200.580001831054700,188.500000000000000,199.830001831054700,11235800,199.830001831054700
2026-04-17,205.199996948242200,216.050003051757800,202.949996948242200,206.330001831054700,15670400,206.330001831054700
2026-04-20,201.039993286132800,212.300003051757800,200.020004272460940,211.630004882812500,9967500,211.630004882812500
2026-04-21,211.199996948242200,211.229995727539060,194.600006103515620,195.949996948242200,15121100,195.949996948242200
2026-04-22,204.179992675781250,211.970001220703120,202.339996337890620,206.240005493164060,12096800,206.240005493164060
2026-04-23,202.279998779296880,205.779998779296880,193.910003662109380,197.929992675781250,8778500,197.929992675781250
2026-04-24,202.080001831054700,202.539993286132800,196.529998779296880,199.770004272460940,5799100,199.770004272460940
2026-04-27,199.100006103515620,204.490005493164060,195.250000000000000,196.679992675781250,7855600,196.679992675781250
2026-04-28,190.199996948242200,195.940002441406250,188.750000000000000,194.100006103515620,6316100,194.100006103515620
2026-04-29,187.270004272460940,187.270004272460940,177.619995117187500,181.729995727539060,12609600,181.729995727539060
2026-04-30,181.600006103515620,189.559997558593750,179.889999389648440,187.770004272460940,7786700,187.770004272460940
2026-05-01,191.880004882812500,194.509994506835940,189.860000610351560,191.250000000000000,6771100,191.250000000000000
2026-05-04,199.410003662109380,206.710006713867200,197.850006103515620,202.990005493164060,11243400,202.990005493164060
2026-05-05,208.880004882812500,208.880004882812500,194.399993896484380,197.750000000000000,10074200,197.750000000000000
2026-05-06,195.779998779296880,198.500000000000000,193.250000000000000,197.960006713867200,7764900,197.960006713867200
2026-05-07,196.029998779296880,198.149993896484380,190.320007324218750,192.960006713867200,9158100,192.960006713867200
2026-05-08,186.050003051757800,201.369995117187500,182.800003051757800,201.160003662109380,12909400,201.160003662109380
2026-05-11,200.380004882812500,217.850006103515620,192.809997558593750,216.600006103515620,13659300,216.600006103515620
2026-05-12,211.899993896484380,218.460006713867200,200.199996948242200,207.639999389648440,9514400,207.639999389648440
2026-05-13,204.199996948242200,204.199996948242200,197.500000000000000,201.800003051757800,8370200,201.800003051757800
2026-05-14,201.250000000000000,222.350006103515620,195.100006103515620,212.009994506835940,16576900,212.009994506835940
2026-05-15,205.639999389648440,206.000000000000000,192.300003051757800,195.429992675781250,14428600,195.429992675781250
2026-05-18,190.250000000000000,194.199996948242200,184.149993896484380,189.440002441406250,10399800,189.440002441406250
2026-05-19,188.380004882812500,195.529998779296880,185.529998779296880,193.449996948242200,7085000,193.449996948242200
2026-05-20,193.750000000000000,196.619995117187500,189.729995727539060,191.289993286132800,7044200,191.289993286132800
2026-05-21,189.809997558593750,195.699996948242200,187.669998168945300,193.559997558593750,5674300,193.559997558593750
2026-05-22,194.020004272460940,195.589996337890620,184.600006103515620,184.990005493164060,7927600,184.990005493164060
2026-05-26,186.070007324218750,187.800003051757800,179.110000610351560,180.009994506835940,7755000,180.009994506835940
2026-05-27,176.380004882812500,179.850006103515620,173.710006713867200,173.779998779296880,8196800,173.779998779296880
2026-05-28,170.490005493164060,182.649993896484380,169.169998168945300,182.250000000000000,9042900,182.250000000000000
2026-05-29,180.229995727539060,191.830001831054700,178.850006103515620,189.029998779296880,10249800,189.029998779296880
2026-06-01,179.210006713867200,186.600006103515620,176.179992675781250,182.610000610351560,9063100,182.610000610351560
2026-06-02,177.169998168945300,178.550003051757800,171.669998168945300,173.990005493164060,9228400,173.990005493164060
2026-06-03,171.539993286132800,172.000000000000000,162.750000000000000,163.220001220703120,9544600,163.220001220703120
2026-06-04,164.190002441406250,166.500000000000000,161.889999389648440,164.130004882812500,8499400,164.130004882812500
2026-06-05,158.699996948242200,158.699996948242200,147.880004882812500,152.399993896484380,16718500,152.399993896484380
2026-06-08,156.610000610351560,164.279998779296880,154.979995727539060,162.110000610351560,8827800,162.110000610351560
2026-06-09,157.250000000000000,164.979995727539060,149.899993896484380,155.500000000000000,8896200,155.500000000000000
2026-06-10,152.830001831054700,161.710006713867200,152.190002441406250,153.970001220703120,6406600,153.970001220703120
2026-06-11,154.699996948242200,161.740005493164060,152.380004882812500,160.429992675781250,6933100,160.429992675781250
2026-06-12,160.429992675781250,165.490005493164060,155.419998168945300,159.779998779296880,6489500,159.779998779296880
2026-06-15,170.000000000000000,174.440002441406250,168.630004882812500,169.619995117187500,8972000,169.619995117187500
2026-06-16,169.300003051757800,173.800003051757800,166.880004882812500,169.270004272460940,6412800,169.270004272460940
2026-06-17,166.539993286132800,174.100006103515620,164.669998168945300,164.919998168945300,8151500,164.919998168945300
2026-06-18,167.750000000000000,169.809997558593750,160.539993286132800,163.259994506835940,9826800,163.259994506835940
2026-06-22,164.949996948242200,176.479995727539060,163.050003051757800,164.839996337890620,8507100,164.839996337890620
2026-06-23,156.979995727539060,164.160003662109380,156.309997558593750,158.179992675781250,7590000,158.179992675781250
2026-06-24,158.300003051757800,158.419998168945300,148.279998779296880,150.110000610351560,10045500,150.110000610351560
2026-06-25,151.169998168945300,152.190002441406250,141.479995727539060,142.520004272460940,7807400,142.520004272460940
2026-06-26,139.229995727539060,149.850006103515620,139.179992675781250,149.059997558593750,10494700,149.059997558593750
2026-06-29,150.820007324218750,152.440002441406250,145.289993286132800,151.649993896484380,7141100,151.649993896484380
2026-06-30,148.179992675781250,148.860000610351560,142.300003051757800,146.190002441406250,8754500,146.190002441406250
2026-07-01,147.130004882812500,164.539993286132800,146.300003051757800,159.240005493164060,11992300,159.240005493164060
2026-07-02,165.190002441406250,173.089996337890620,163.220001220703120,165.479995727539060,9656000,165.479995727539060
2026-07-06,161.369995117187500,171.669998168945300,160.100006103515620,168.869995117187500,6492800,168.869995117187500
2026-07-07,166.820007324218750,170.100006103515620,161.690002441406250,163.509994506835940,4869400,163.509994506835940
2026-07-08,159.289993286132800,161.600006103515620,156.199996948242200,159.360000610351560,4738700,159.360000610351560
2026-07-09,156.729995727539060,161.059997558593750,154.779998779296880,158.440002441406250,4755700,158.440002441406250
2026-07-10,166.669998168945300,167.979995727539060,158.669998168945300,159.070007324218750,6133900,159.070007324218750
2026-07-13,156.199996948242200,161.190002441406250,154.009994506835940,157.369995117187500,5418100,157.369995117187500
2026-07-14,159.789993286132800,162.270004272460940,157.250000000000000,161.500000000000000,7407800,161.500000000000000
2026-07-15,165.169998168945300,168.500000000000000,160.330001831054700,167.210006713867200,7570700,167.210006713867200
2026-07-16,165.369995117187500,166.570007324218750,159.509994506835940,160.490005493164060,6328700,160.490005493164060
2026-07-17,153.360000610351560,160.800003051757800,152.580001831054700,157.119995117187500,6487100,157.119995117187500
2026-07-20,158.190002441406250,164.699996948242200,155.149993896484380,160.429992675781250,5720200,160.429992675781250
2026-07-21,167.889999389648440,181.490005493164060,167.860000610351560,175.850006103515620,13677200,175.850006103515620
2026-07-22,172.250000000000000,174.960006713867200,166.000000000000000,166.119995117187500,6953800,166.119995117187500
2026-07-23,163.119995117187500,165.740005493164060,158.880004882812500,161.160003662109380,5607000,161.160003662109380
2026-07-24,161.080001831054700,161.080001831054700,153.800003051757800,158.289993286132800,5372100,158.289993286132800
2026-07-27,163.320007324218750,167.869995117187500,160.419998168945300,167.490005493164060,6851700,167.490005493164060
2026-07-28,162.479995727539060,168.169998168945300,158.580001831054700,167.899993896484380,5112000,167.899993896484380
2026-07-29,166.149993896484380,169.690002441406250,158.679992675781250,160.089996337890620,6802400,160.089996337890620
2026-07-30,161.179992675781250,164.779998779296880,159.309997558593750,163.580001831054700,7881300,163.580001831054700
2026-07-31,153.100006103515620,153.679992675781250,139.110000610351560,146.259994506835940,20870300,146.259994506835940
2026-08-03,144.149993896484380,152.429992675781250,141.029998779296880,146.500000000000000,9148500,146.500000000000000
2026-08-04,147.399993896484380,152.899993896484380,145.600006103515620,150.729995727539060,7289000,150.729995727539060
2026-08-05,150.800003051757800,153.990005493164060,147.610000610351560,149.889999389648440,6818900,149.889999389648440
2026-08-06,146.759994506835940,150.610000610351560,145.139999389648440,145.410003662109380,5850800,145.410003662109380
2026-08-07,148.210006713867200,155.399993896484380,145.570007324218750,153.600006103515620,8747700,153.600006103515620
2026-08-10,153.350006103515620,153.610000610351560,147.899993896484380,148.679992675781250,6089900,148.679992675781250
2026-08-11,149.839996337890620,152.949996948242200,146.320007324218750,148.580001831054700,6472600,148.580001831054700
2026-08-12,150.100006103515620,151.509994506835940,147.500000000000000,149.039993286132800,5927300,149.039993286132800
2026-08-13,149.039993286132800,154.419998168945300,146.940002441406250,153.899993896484380,7458900,153.899993896484380
2026-08-14,151.419998168945300,152.589996337890620,147.860000610351560,148.470001220703120,7265300,148.470001220703120
2026-08-17,148.360000610351560,152.199996948242200,147.199996948242200,150.550003051757800,5768300,150.550003051757800
2026-08-18,148.000000000000000,150.729995727539060,146.020004272460940,146.229995727539060,6746700,146.229995727539060
2026-08-19,147.500000000000000,165.740005493164060,147.500000000000000,160.199996948242200,16961300,160.199996948242200
2026-08-20,172.750000000000000,174.779998779296880,166.110000610351560,172.350006103515620,17570800,172.350006103515620
2026-08-21,180.059997558593750,191.360000610351560,179.199996948242200,186.490005493164060,22736000,186.490005493164060
2026-08-24,188.750000000000000,191.839996337890620,178.520004272460940,179.479995727539060,13193700,179.479995727539060
