"m_date","m_open_split_adjusted","m_high_split_adjusted","m_low_split_adjusted","m_close_split_adjusted","m_volume_split_adjusted","m_close_dividend_and_split_adjusted"
2016-01-04,5.0018491744995120,5.0388312339782715,4.8354291915893555,4.8354291915893555,10939194,4.6125268936157230
2016-01-05,4.8261828422546390,4.8909020423889160,4.7337279319763180,4.7707099914550780,13781315,4.5507912635803220
2016-01-06,4.7059907913208010,4.8261828422546390,4.6412720680236820,4.7152371406555180,12716912,4.4978756904602050
2016-01-07,4.6042900085449220,4.6320271492004395,4.2529587745666500,4.2806949615478520,20291032,4.0833654403686520
2016-01-08,4.3823962211608890,4.3916420936584470,3.9755918979644775,3.9848370552062990,24177329,3.8011453151702880
2016-01-11,4.0495557785034180,4.1142749786376950,3.9386088848114014,4.0033278465271000,12394920,3.8187830448150635
2016-01-12,4.0865378379821780,4.1697487831115720,3.9940829277038574,4.1235208511352540,13557315,3.9334354400634766
2016-01-13,4.2159762382507320,4.2806949615478520,3.9386088848114014,3.9663460254669190,17024060,3.7835061550140380
2016-01-14,3.9571011066436768,4.1512570381164550,3.8831360340118410,4.1142749786376950,12633196,3.9246156215667725
2016-01-15,4.1142749786376950,4.1142749786376950,3.6150150299072266,3.9940829277038574,23966742,3.8099646568298340
2016-01-19,4.0310649871826170,4.0588021278381350,3.7167160511016846,3.7721889019012450,14374140,3.5982995033264160
2016-01-20,3.6427509784698486,3.7167160511016846,3.3653850555419920,3.6797339916229250,19506440,3.5101065635681152
2016-01-21,3.6612429618835450,3.9940829277038574,3.6242599487304688,3.9293639659881590,17597199,3.7482290267944336
2016-01-22,4.0680470466613770,4.2344670295715330,3.9663460254669190,4.0310649871826170,11494380,3.8452422618865967
2016-01-25,3.9755918979644775,3.9848370552062990,3.6704881191253660,3.6704881191253660,11054168,3.5012869834899902
2016-01-26,3.7814350128173830,3.8553988933563232,3.5780329704284670,3.8553988933563232,12719616,3.6776735782623290
2016-01-27,3.8091719150543213,3.9386088848114014,3.7167160511016846,3.7906799316406250,17291431,3.6159381866455080
2016-01-28,3.9478549957275390,4.0495557785034180,3.7814350128173830,3.9478549957275390,18524022,3.7658674716949463
2016-01-29,4.0588021278381350,4.2252221107482910,3.9755918979644775,4.1882400512695310,22993085,3.9951725006103516
2016-02-01,4.0772929191589355,4.1420121192932130,3.9386088848114014,4.0772929191589355,13843507,3.8893387317657470
2016-02-02,4.0588021278381350,4.1512570381164550,3.9386088848114014,3.9940829277038574,17164235,3.8099646568298340
2016-02-03,4.0957841873168945,4.3176779747009280,3.8276629447937010,4.2991862297058105,19942216,4.1010036468505860
2016-02-04,4.4193792343139650,5.0110950469970700,4.4193792343139650,4.8076920509338380,32148829,4.5860681533813480
2016-02-05,4.7614641189575195,4.8539199829101560,4.6135358810424805,4.6412720680236820,18780686,4.4273204803466800
2016-02-08,4.5395708084106445,4.5765528678894040,4.1789941787719730,4.2344670295715330,21238189,4.0392675399780270
2016-02-09,4.1050300598144530,4.3361687660217285,3.9940829277038574,4.0957841873168945,23781896,3.9069776535034180
2016-02-10,4.0957841873168945,4.2437129020690920,4.0125741958618160,4.0588021278381350,16555294,3.8717002868652344
2016-02-11,3.9755918979644775,4.0495557785034180,3.7721889019012450,3.9478549957275390,18054608,3.7658674716949463
2016-02-12,3.9386088848114014,4.1789941787719730,3.9201180934906006,4.1789941787719730,17312955,3.9863519668579100
2016-02-16,4.3639049530029300,4.4008879661560060,4.2437129020690920,4.3454141616821290,9717743,4.1450996398925780
2016-02-17,4.4101328849792480,4.9463758468627930,4.3916420936584470,4.8631658554077150,36384591,4.6389851570129395
2016-02-18,4.8909020423889160,4.9001479148864750,4.5765528678894040,4.6597628593444820,17443504,4.4449582099914550
2016-02-19,4.6597628593444820,4.7522192001342770,4.5580620765686035,4.7059907913208010,10031516,4.4890542030334470
2016-02-22,4.8261828422546390,5.0573220252990720,4.8076920509338380,5.0573220252990720,14742100,4.8241906166076660
2016-02-23,4.9833579063415530,5.1312870979309080,4.8909020423889160,4.9186391830444340,10714654,4.6919007301330570
2016-02-24,4.7522192001342770,4.9926037788391110,4.6505179405212400,4.9371299743652340,12646392,4.7095389366149900
2016-02-25,5.0110950469970700,5.0665678977966310,4.8909020423889160,5.0388312339782715,9054723,4.8065528869628910
2016-02-26,5.0665678977966310,5.2884621620178220,4.9741120338439940,5.0295858383178710,10035950,4.7977328300476070
2016-02-29,5.0295858383178710,5.1405329704284670,4.9741120338439940,5.1220412254333500,9081438,4.8859262466430660
2016-03-01,5.1682691574096680,5.4178991317749020,5.1405329704284670,5.4086542129516600,13252304,5.1593270301818850
2016-03-02,5.3624258041381840,5.5196008682250980,5.3439350128173830,5.4271450042724610,12421203,5.1769661903381350
2016-03-03,5.3901629447937010,5.4733729362487790,5.2977070808410645,5.4178991317749020,10492169,5.1681466102600100
2016-03-04,5.5011091232299805,5.6675300598144530,5.4733729362487790,5.5011091232299805,17734779,5.2475209236145020
2016-03-07,5.5011091232299805,5.8247041702270510,5.4641270637512210,5.7784762382507320,15172252,5.5121006965637210
2016-03-08,5.6675300598144530,5.6860208511352540,5.4548821449279785,5.4548821449279785,14741667,5.2034244537353520
2016-03-09,5.6397929191589355,5.7230029106140140,5.5843200683593750,5.6213021278381350,14094762,5.3621721267700195
2016-03-10,5.6675300598144530,5.7230029106140140,5.5196008682250980,5.6582841873168945,10049686,5.3974494934082030
2016-03-11,5.7045121192932130,5.8154587745666500,5.6028108596801760,5.6305470466613770,8695415,5.3709912300109860
2016-03-14,5.5843200683593750,5.7137570381164550,5.5473370552062990,5.6767749786376950,10180344,5.4150881767272950
2016-03-15,5.5196008682250980,5.6397929191589355,5.4363908767700195,5.5196008682250980,11675656,5.2651591300964355
2016-03-16,5.5011091232299805,5.7507400512695310,5.4456357955932620,5.7507400512695310,14383766,5.4856433868408200
2016-03-17,5.8339500427246090,6.0465979576110840,5.6952657699584960,6.0096149444580080,15309507,5.7325854301452640
2016-03-18,6.1020708084106445,6.4256658554077150,6.0650892257690430,6.3794379234313965,23308480,6.0853595733642580
2016-03-21,6.4164199829101560,6.6568050384521480,6.3886828422546390,6.5920858383178710,16446269,6.2882051467895510
2016-03-22,6.5551037788391110,6.6660499572753910,6.4256658554077150,6.6660499572753910,12744385,6.3587594032287600
2016-03-23,6.6105771064758300,6.6105771064758300,6.2222628593444820,6.3239641189575195,14088381,6.0324435234069820
2016-03-24,6.2130179405212400,6.5643491744995120,6.1852807998657230,6.4903850555419920,13011215,6.1911921501159670
2016-03-28,6.4718928337097170,6.5273671150207520,6.3794379234313965,6.5181207656860350,8798816,6.2176494598388670
2016-03-29,6.4811391830444340,6.6290678977966310,6.3794379234313965,6.5735950469970700,11946164,6.2705669403076170
2016-03-30,6.6290678977966310,6.7492599487304690,6.6105771064758300,6.6937870979309080,11824700,6.3852181434631350
2016-03-31,6.7122778892517090,6.8694529533386230,6.6752958297729490,6.7307691574096680,12978551,6.4204959869384770
2016-04-01,6.6013312339782715,6.7585058212280270,6.5366120338439940,6.7122778892517090,7808828,6.4028573036193850
2016-04-04,6.6937870979309080,6.7215237617492680,6.5181207656860350,6.6013312339782715,6969614,6.2970247268676760
2016-04-05,6.4996299743652340,6.5920858383178710,6.4164199829101560,6.5273671150207520,9317551,6.2264699935913090
2016-04-06,6.4718928337097170,6.6013312339782715,6.4164199829101560,6.5551037788391110,8903731,6.2529287338256840
2016-04-07,6.4349107742309570,6.5551037788391110,6.3332099914550780,6.3979291915893555,9673939,6.1029982566833500
2016-04-08,6.4718928337097170,6.5551037788391110,6.4256658554077150,6.4441571235656740,6929595,6.1470952033996580
2016-04-11,6.5181207656860350,6.6383137702941895,6.4996299743652340,6.5273671150207520,7105463,6.2264699935913090
2016-04-12,6.5273671150207520,6.6937870979309080,6.5273671150207520,6.6845412254333500,9662798,6.3763985633850100
2016-04-13,6.7492599487304690,6.7769970893859860,6.6013312339782715,6.7585058212280270,10859805,6.4469537734985350
2016-04-14,6.7954878807067870,6.8417158126831055,6.7030329704284670,6.7122778892517090,6898445,6.4028573036193850
2016-04-15,6.6198220252990720,6.8324699401855470,6.6198220252990720,6.7954878807067870,12514004,6.4822306632995605
2016-04-18,6.7307691574096680,6.9064350128173830,6.7030329704284670,6.8694529533386230,7183446,6.5527863502502440
2016-04-19,6.9341721534729000,7.0451178550720215,6.8509621620178220,6.9711542129516600,7229414,6.6497998237609860
2016-04-20,7.0081357955932620,7.0728549957275390,6.9156799316406250,7.0173821449279785,10227177,6.6938962936401370
2016-04-21,7.1005921363830570,7.2207841873168945,6.8971891403198240,6.9526629447937010,16267480,6.6321611404418945
2016-04-22,6.9434170722961430,7.0821008682250980,6.9434170722961430,7.0081357955932620,11677494,6.6850762367248535
2016-04-25,7.0266270637512210,7.0266270637512210,6.7400150299072270,6.7769970893859860,11688527,6.4645924568176270
2016-04-26,6.8694529533386230,6.9064350128173830,6.7954878807067870,6.8879442214965820,15387923,6.5704245567321780
2016-04-27,6.7862429618835450,6.9803991317749020,6.7492599487304690,6.9526629447937010,11275031,6.6321611404418945
2016-04-28,6.9434170722961430,7.1468200683593750,6.9064350128173830,6.9988908767700195,10837524,6.6762585639953610
2016-04-29,7.2403850555419920,7.2403850555419920,7.0384621620178220,7.1634621620178220,10178792,6.8332419395446780
2016-05-02,7.1826920509338380,7.2884621620178220,7.1250000000000000,7.1442308425903320,8264880,6.8148984909057620
2016-05-03,6.9903850555419920,7.0769228935241700,6.7307691574096680,6.8076920509338380,13629304,6.4938721656799320
2016-05-04,6.7019228935241700,6.8461542129516600,6.5384621620178220,6.6923079490661620,15969512,6.3838076591491700
2016-05-05,6.7980771064758300,6.7980771064758300,6.5288457870483400,6.5673079490661620,12093120,6.2645702362060550
2016-05-06,6.5096149444580080,6.6250000000000000,6.3942308425903320,6.5673079490661620,9895704,6.2645702362060550
2016-05-09,6.5000000000000000,6.5576920509338380,6.2115378379821780,6.4807691574096680,11670256,6.1820197105407715
2016-05-10,6.5480771064758300,6.7211542129516600,6.5288457870483400,6.7019228935241700,11192688,6.3929791450500490
2016-05-11,6.7115378379821780,6.8173079490661620,6.5865378379821780,6.6057691574096680,4811872,6.3012585639953610
2016-05-12,6.7596149444580080,6.7788457870483400,6.5288457870483400,6.5769228935241700,8365656,6.2737407684326170
2016-05-13,6.5096149444580080,6.6250000000000000,6.3365378379821780,6.3365378379821780,7538440,6.0444383621215820
2016-05-16,6.4423079490661620,6.5576920509338380,6.3653850555419920,6.3846149444580080,9172384,6.0902991294860840
2016-05-17,6.3750000000000000,6.4903850555419920,6.2884621620178220,6.4134621620178220,9982648,6.1178159713745120
2016-05-18,6.2884621620178220,6.4711542129516600,6.2019228935241700,6.2692308425903320,10195640,5.9802336692810060
2016-05-19,6.1538457870483400,6.2692308425903320,6.0576920509338380,6.1730771064758300,8872760,5.8885116577148440
2016-05-20,6.2596149444580080,6.3173079490661620,6.1730771064758300,6.2211542129516600,5481112,5.9343729019165040
2016-05-23,6.2115378379821780,6.2980771064758300,6.1346149444580080,6.2019228935241700,7213128,5.9160275459289550
2016-05-24,6.2884621620178220,6.2980771064758300,6.1634621620178220,6.2596149444580080,8690968,5.9710602760314940
2016-05-25,6.2980771064758300,6.4326920509338380,6.2884621620178220,6.3461542129516600,8426912,6.0536112785339355
2016-05-26,6.3846149444580080,6.4134621620178220,6.2692308425903320,6.3173079490661620,8724352,6.0260944366455080
2016-05-27,6.3365378379821780,6.3461542129516600,6.2019228935241700,6.2403850555419920,8076952,5.9527173042297360
2016-05-31,6.2115378379821780,6.3173079490661620,6.0576920509338380,6.1153850555419920,7372144,5.8334794044494630
2016-06-01,6.0673079490661620,6.0961542129516600,5.9615378379821780,6.0576920509338380,8837608,5.7784461975097660
2016-06-02,6.0192308425903320,6.1153850555419920,5.9038457870483400,5.9519228935241700,10639096,5.6775517463684080
2016-06-03,6.0096149444580080,6.1923079490661620,5.9423079490661620,6.1730771064758300,12492272,5.8885116577148440
2016-06-06,6.2019228935241700,6.2307691574096680,6.0576920509338380,6.0865378379821780,7463768,5.8059620857238770
2016-06-07,6.1250000000000000,6.3846149444580080,6.0961542129516600,6.3557691574096680,13420680,6.0627827644348145
2016-06-08,6.4711542129516600,6.7019228935241700,6.4519228935241700,6.5961542129516600,21186880,6.2920856475830080
2016-06-09,6.5192308425903320,6.5288457870483400,6.3269228935241700,6.3269228935241700,9227296,6.0352663993835450
2016-06-10,6.2500000000000000,6.2500000000000000,6.0288457870483400,6.0288457870483400,9723168,5.7509293556213380
2016-06-13,5.9326920509338380,6.0096149444580080,5.8653850555419920,5.8942308425903320,8973640,5.6225199699401855
2016-06-14,5.8750000000000000,5.9423079490661620,5.6634621620178220,5.6730771064758300,10809656,5.4115605354309080
2016-06-15,5.7500000000000000,5.9711542129516600,5.7019228935241700,5.9038457870483400,9243520,5.6316909790039060
2016-06-16,5.8173079490661620,5.9711542129516600,5.7307691574096680,5.9519228935241700,8977592,5.6775517463684080
2016-06-17,6.0192308425903320,6.1250000000000000,6.0000000000000000,6.0961542129516600,6654440,5.8151354789733890
2016-06-20,6.2692308425903320,6.3653850555419920,6.2403850555419920,6.2596149444580080,11973936,5.9710602760314940
2016-06-21,6.2980771064758300,6.3557691574096680,6.1826920509338380,6.1923079490661620,6958848,5.9068565368652340
2016-06-22,6.2403850555419920,6.3076920509338380,6.1923079490661620,6.2692308425903320,8840208,5.9802336692810060
2016-06-23,6.4423079490661620,6.5480771064758300,6.4134621620178220,6.5384621620178220,8012160,6.2370533943176270
2016-06-24,5.7307691574096680,5.9615378379821780,5.6250000000000000,5.6538457870483400,33013136,5.3932161331176760
2016-06-27,5.5769228935241700,5.6346149444580080,5.2788457870483400,5.2788457870483400,16741192,5.0355024337768555
2016-06-28,5.4903850555419920,5.5576920509338380,5.3557691574096680,5.4711542129516600,12930944,5.2189464569091800
2016-06-29,5.5961542129516600,5.7692308425903320,5.5480771064758300,5.6730771064758300,16296488,5.4115605354309080
2016-06-30,5.7307691574096680,5.9519228935241700,5.5865378379821780,5.9326920509338380,18412888,5.6592082977294920
2016-07-01,5.9230771064758300,6.1538457870483400,5.8653850555419920,5.9134621620178220,7327840,5.6408643722534180
2016-07-05,5.6826920509338380,5.7211542129516600,5.5384621620178220,5.5865378379821780,13142376,5.3290114402771000
2016-07-06,5.5096149444580080,5.6538457870483400,5.5096149444580080,5.6442308425903320,7302256,5.3840446472167970
2016-07-07,5.6730771064758300,5.8653850555419920,5.6442308425903320,5.8173079490661620,10918128,5.5491428375244140
2016-07-08,5.9326920509338380,6.0480771064758300,5.8461542129516600,6.0192308425903320,9166976,5.7417573928833010
2016-07-11,6.1057691574096680,6.3076920509338380,6.0961542129516600,6.2980771064758300,16769584,6.0077495574951170
2016-07-12,6.3846149444580080,6.5480771064758300,6.3750000000000000,6.5480771064758300,15138864,6.2462244033813480
2016-07-13,6.5576920509338380,6.5769228935241700,6.3942308425903320,6.4326920509338380,16133312,6.1361594200134280
2016-07-14,6.5000000000000000,6.5769228935241700,6.4807691574096680,6.5192308425903320,11147864,6.2187085151672360
2016-07-15,6.5000000000000000,6.5288457870483400,6.4711542129516600,6.5288457870483400,8149752,6.2278804779052730
2016-07-18,6.4807691574096680,6.8269228935241700,6.4807691574096680,6.8173079490661620,17387240,6.5030450820922850
2016-07-19,6.7307691574096680,6.7596149444580080,6.4711542129516600,6.4807691574096680,11081928,6.1820197105407715
2016-07-20,6.5192308425903320,6.7019228935241700,6.4423079490661620,6.6250000000000000,17040088,6.3196020126342770
2016-07-21,6.6634621620178220,6.7019228935241700,6.5288457870483400,6.5288457870483400,8254168,6.2278804779052730
2016-07-22,6.5192308425903320,6.6442308425903320,6.5192308425903320,6.6346149444580080,6557928,6.3287744522094730
2016-07-25,6.5673079490661620,6.6153850555419920,6.5096149444580080,6.5865378379821780,7463976,6.2829132080078125
2016-07-26,6.6538457870483400,6.7115378379821780,6.5769228935241700,6.7019228935241700,8134984,6.3929791450500490
2016-07-27,6.9038457870483400,7.2500000000000000,6.8173079490661620,6.8269228935241700,32430736,6.5122165679931640
2016-07-28,6.8173079490661620,7.1923079490661620,6.8173079490661620,7.1538457870483400,18296096,6.8240690231323240
2016-07-29,7.1346149444580080,7.3750000000000000,7.0961542129516600,7.3557691574096680,12302784,7.0166840553283690
2016-08-01,7.3269228935241700,7.3942308425903320,7.2211542129516600,7.3076920509338380,11508640,6.9708237648010250
2016-08-02,7.2788457870483400,7.3173079490661620,6.9615378379821780,7.0673079490661620,10637432,6.7415213584899900
2016-08-03,7.0480771064758300,7.2596149444580080,7.0192308425903320,7.2596149444580080,11648104,6.9249634742736820
2016-08-04,7.2019228935241700,7.4038457870483400,7.2019228935241700,7.2692308425903320,9645584,6.9341354370117190
2016-08-05,7.3365378379821780,7.5961542129516600,7.2692308425903320,7.5576920509338380,16049072,7.2092995643615720
2016-08-08,7.5576920509338380,7.7307691574096680,7.4807691574096680,7.5769228935241700,10145408,7.2276439666748050
2016-08-09,7.6538457870483400,7.8653850555419920,7.6057691574096680,7.8557691574096680,16658928,7.4936361312866210
2016-08-10,7.8942308425903320,8.1634616851806640,7.8173079490661620,8.1057691574096680,24042720,7.7321109771728520
2016-08-11,8.0480766296386720,8.3846149444580080,8.0480766296386720,8.3557691574096680,25933232,7.9705867767333980
2016-08-12,8.3365383148193360,8.4711542129516600,8.2980766296386720,8.3942308425903320,19828432,8.0072755813598630
2016-08-15,8.5000000000000000,8.7403850555419920,8.4519233703613280,8.5480766296386720,22308520,8.1540298461914060
2016-08-16,8.5576915740966800,8.6153850555419920,8.3750000000000000,8.4711542129516600,14170520,8.0806522369384770
2016-08-17,8.4134616851806640,8.4326915740966800,8.2211542129516600,8.4038457870483400,14196624,8.0164461135864260
2016-08-18,8.4807691574096680,8.4807691574096680,8.3076915740966800,8.3557691574096680,11890424,7.9705867767333980
2016-08-19,8.2307691574096680,8.3653850555419920,8.1250000000000000,8.3173084259033200,13964080,7.9338989257812500
2016-08-22,8.2307691574096680,8.3173084259033200,8.1923084259033200,8.2884616851806640,9298328,7.9063816070556640
2016-08-23,8.3365383148193360,8.4230766296386720,8.0769233703613280,8.1250000000000000,15952040,7.7504558563232420
2016-08-24,8.1057691574096680,8.1153850555419920,7.9519228935241700,8.0096149444580080,9183928,7.6403894424438480
2016-08-25,8.0384616851806640,8.1153850555419920,7.7500000000000000,7.8173079490661620,14243840,7.4569478034973145
2016-08-26,7.9134621620178220,8.1442308425903320,7.7500000000000000,8.0288457870483400,28635984,7.6587333679199220
2016-08-29,8.2019233703613280,8.2019233703613280,8.0000000000000000,8.0865383148193360,9957168,7.7137675285339355
2016-08-30,8.0769233703613280,8.1250000000000000,7.8750000000000000,7.9903850555419920,13217464,7.6220464706420900
2016-08-31,7.9326920509338380,8.0192308425903320,7.7884621620178220,7.9711542129516600,12524512,7.6037011146545410
2016-09-01,7.9903850555419920,8.1153850555419920,7.9423079490661620,7.9615378379821780,9242896,7.5945286750793460
2016-09-02,8.1153850555419920,8.2307691574096680,8.0480766296386720,8.1538457870483400,8879624,7.7779722213745120
2016-09-06,8.2403850555419920,8.2788457870483400,8.1538457870483400,8.2019233703613280,10118056,7.8238329887390140
2016-09-07,8.1346149444580080,8.2692308425903320,7.9423079490661620,8.0384616851806640,11618360,7.6679067611694340
2016-09-08,8.0865383148193360,8.0961542129516600,7.9038457870483400,7.9423079490661620,8740784,7.5761852264404300
2016-09-09,7.8846149444580080,7.8846149444580080,7.3461542129516600,7.5000000000000000,20644936,7.1542673110961910
2016-09-12,7.4519228935241700,7.7596149444580080,7.3653850555419920,7.7211542129516600,17653896,7.3652267456054690
2016-09-13,7.5384621620178220,7.5576920509338380,7.3365378379821780,7.3942308425903320,13616096,7.0533733367919920
2016-09-14,7.3653850555419920,7.3942308425903320,7.2019228935241700,7.2692308425903320,11686688,6.9341354370117190
2016-09-15,7.2596149444580080,7.3269228935241700,7.1730771064758300,7.2596149444580080,8010600,6.9249634742736820
2016-09-16,7.1730771064758300,7.1923079490661620,6.9807691574096680,7.0096149444580080,9278984,6.6864876747131350
2016-09-19,7.1538457870483400,7.2307691574096680,7.0384621620178220,7.0865378379821780,8075080,6.7598643302917480
2016-09-20,7.1250000000000000,7.1442308425903320,7.0192308425903320,7.0865378379821780,6243744,6.7598643302917480
2016-09-21,7.1923079490661620,7.2211542129516600,6.9903850555419920,7.2211542129516600,8621808,6.8882751464843750
2016-09-22,7.3173079490661620,7.5480771064758300,7.2788457870483400,7.5000000000000000,15386488,7.1542673110961910
2016-09-23,7.4134621620178220,7.5384621620178220,7.3461542129516600,7.4326920509338380,7399080,7.0900611877441410
2016-09-26,7.4326920509338380,7.4519228935241700,7.2596149444580080,7.2596149444580080,10600512,6.9249634742736820
2016-09-27,7.3365378379821780,7.6538457870483400,7.2980771064758300,7.6346149444580080,11128208,7.2826762199401855
2016-09-28,7.6442308425903320,7.7884621620178220,7.4807691574096680,7.7884621620178220,16968328,7.4294314384460450
2016-09-29,7.7788457870483400,8.0096149444580080,7.7115378379821780,7.8750000000000000,19627088,7.5119800567626950
2016-09-30,7.9134621620178220,7.9903850555419920,7.6057691574096680,7.6346149444580080,15182752,7.2826762199401855
2016-10-03,7.5384621620178220,7.7307691574096680,7.5288457870483400,7.6250000000000000,7991776,7.2735047340393070
2016-10-04,7.6634621620178220,7.6730771064758300,7.5384621620178220,7.5961542129516600,10719592,7.2459883689880370
2016-10-05,7.6730771064758300,7.8365378379821780,7.6250000000000000,7.7884621620178220,5059392,7.4294314384460450
2016-10-06,7.7019228935241700,7.8846149444580080,7.6826920509338380,7.8557691574096680,6073600,7.4936361312866210
2016-10-07,7.8750000000000000,7.8846149444580080,7.6634621620178220,7.8173079490661620,9495720,7.4569478034973145
2016-10-10,8.0576915740966800,8.2019233703613280,7.9326920509338380,8.1826915740966800,12356240,7.8054876327514650
2016-10-11,8.1250000000000000,8.2500000000000000,8.0673084259033200,8.0673084259033200,15776280,7.6954236030578610
2016-10-12,7.9615378379821780,8.0769233703613280,7.8653850555419920,8.0096149444580080,8533616,7.6403894424438480
2016-10-13,7.8557691574096680,8.1730766296386720,7.7980771064758300,8.1634616851806640,15349048,7.7871441841125490
2016-10-14,8.2211542129516600,8.2692308425903320,8.0192308425903320,8.0384616851806640,7897968,7.6679067611694340
2016-10-17,8.0865383148193360,8.2307691574096680,8.0673084259033200,8.1923084259033200,5655104,7.8146615028381350
2016-10-18,8.2980766296386720,8.4807691574096680,8.2788457870483400,8.3942308425903320,10314720,8.0072755813598630
2016-10-19,8.4615383148193360,8.6250000000000000,8.3557691574096680,8.5384616851806640,13049504,8.1448583602905270
2016-10-20,8.4615383148193360,8.6634616851806640,8.4230766296386720,8.6634616851806640,13143312,8.2640953063964840
2016-10-21,8.6057691574096680,8.9134616851806640,8.5961542129516600,8.7884616851806640,14669408,8.3833341598510740
2016-10-24,8.8942308425903320,8.8942308425903320,8.6923084259033200,8.7980766296386720,9354800,8.3925056457519530
2016-10-25,8.8653850555419920,8.8653850555419920,8.7403850555419920,8.7692308425903320,10227256,8.3649902343750000
2016-10-26,8.6730766296386720,8.7307691574096680,8.6346149444580080,8.6826915740966800,13384176,8.2824401855468750
2016-10-27,8.7596149444580080,8.8173084259033200,8.3846149444580080,8.6153850555419920,14009528,8.2182369232177730
2016-10-28,8.6346149444580080,8.7211542129516600,8.2500000000000000,8.3653850555419920,17542928,7.9797582626342770
2016-10-31,8.3846149444580080,8.4423084259033200,8.2884616851806640,8.3461542129516600,10910848,7.9614148139953610
2016-11-01,8.3846149444580080,8.4134616851806640,7.9615378379821780,8.0576915740966800,20840976,7.6862497329711910
2016-11-02,7.9519228935241700,8.1826915740966800,7.9423079490661620,8.0865383148193360,16080272,7.7137675285339355
2016-11-03,8.0961542129516600,8.3269233703613280,8.0480766296386720,8.1826915740966800,17334512,7.8054876327514650
2016-11-04,8.1153850555419920,8.4230766296386720,7.9807691574096680,8.0096149444580080,19575296,7.6403894424438480
2016-11-07,8.4326915740966800,8.6730766296386720,8.3846149444580080,8.6442308425903320,18056168,8.2457513809204100
2016-11-08,8.6634616851806640,8.9903850555419920,8.6346149444580080,8.6346149444580080,24089104,8.2365789413452150
2016-11-09,7.8173079490661620,8.0576915740966800,7.5000000000000000,8.0192308425903320,52043264,7.6495618820190430
2016-11-10,7.9326920509338380,8.0192308425903320,7.2115378379821780,7.2403850555419920,41597504,6.9066190719604490
2016-11-11,7.2596149444580080,7.2596149444580080,6.9134621620178220,7.1442308425903320,31701176,6.8148984909057620
2016-11-14,7.2500000000000000,7.4519228935241700,7.0576920509338380,7.2019228935241700,24159304,6.8699307441711430
2016-11-15,7.3269228935241700,7.5192308425903320,7.3173079490661620,7.3750000000000000,18700136,7.0350294113159180
2016-11-16,7.2884621620178220,7.4711542129516600,7.2115378379821780,7.4134621620178220,18837000,7.0717186927795410
2016-11-17,7.3846149444580080,7.7211542129516600,7.3846149444580080,7.7115378379821780,25138360,7.3560528755187990
2016-11-18,7.7115378379821780,7.7980771064758300,7.4038457870483400,7.4134621620178220,16978520,7.0717186927795410
2016-11-21,7.5000000000000000,7.7500000000000000,7.5000000000000000,7.5865378379821780,11680448,7.2368154525756840
2016-11-22,7.7500000000000000,7.7500000000000000,7.4326920509338380,7.5288457870483400,8717592,7.1817831993103030
2016-11-23,7.5000000000000000,7.6730771064758300,7.3557691574096680,7.5769228935241700,10980112,7.2276439666748050
2016-11-25,7.5961542129516600,7.7596149444580080,7.5769228935241700,7.7596149444580080,5248360,7.4019136428833010
2016-11-28,7.7692308425903320,7.8365378379821780,7.5480771064758300,7.5576920509338380,29444376,7.2092995643615720
2016-11-29,7.5480771064758300,7.6826920509338380,7.5288457870483400,7.5384621620178220,6942728,7.1909556388854980
2016-11-30,7.6346149444580080,7.7019228935241700,7.4807691574096680,7.5096149444580080,15454816,7.1634387969970700
2016-12-01,7.4615378379821780,7.5673079490661620,7.4038457870483400,7.4423079490661620,13113776,7.0992341041564940
2016-12-02,7.4423079490661620,7.5961542129516600,7.4326920509338380,7.5288457870483400,4643808,7.1817831993103030
2016-12-05,7.5961542129516600,7.7692308425903320,7.5384621620178220,7.7307691574096680,7339800,7.3743982315063480
2016-12-06,7.7884621620178220,7.9134621620178220,7.6538457870483400,7.8942308425903320,12453584,7.5303239822387695
2016-12-07,7.9519228935241700,8.2211542129516600,7.9230771064758300,8.1923084259033200,13904488,7.8146615028381350
2016-12-08,8.2596149444580080,8.6057691574096680,8.2403850555419920,8.5865383148193360,16568136,8.1907196044921880
2016-12-09,8.5865383148193360,8.5865383148193360,8.2500000000000000,8.4326915740966800,12390560,8.0439624786376950
2016-12-12,8.5000000000000000,8.6826915740966800,8.4423084259033200,8.4807691574096680,7771920,8.0898246765136720
2016-12-13,8.5288457870483400,8.5865383148193360,8.3846149444580080,8.4134616851806640,8474648,8.0256214141845700
2016-12-14,8.3846149444580080,8.4134616851806640,7.9615378379821780,7.9903850555419920,11005696,7.6220464706420900
2016-12-15,7.9711542129516600,7.9807691574096680,7.8269228935241700,7.8750000000000000,11150568,7.5119800567626950
2016-12-16,7.8750000000000000,7.8942308425903320,7.5769228935241700,7.6826920509338380,17458168,7.3285374641418460
2016-12-19,7.6923079490661620,7.7596149444580080,7.6250000000000000,7.6634621620178220,6025864,7.3101935386657715
2016-12-20,7.6826920509338380,7.8365378379821780,7.6442308425903320,7.7692308425903320,7318064,7.4110870361328125
2016-12-21,7.8269228935241700,7.8365378379821780,7.7115378379821780,7.7403850555419920,3901872,7.3835706710815430
2016-12-22,7.7307691574096680,7.7500000000000000,7.4230771064758300,7.4711542129516600,10147488,7.1267504692077640
2016-12-23,7.4807691574096680,7.5961542129516600,7.4134621620178220,7.5192308425903320,6645184,7.1726107597351070
2016-12-27,7.5576920509338380,7.7692308425903320,7.5192308425903320,7.7692308425903320,8634912,7.4110870361328125
2016-12-28,7.7980771064758300,7.8269228935241700,7.6730771064758300,7.6826920509338380,5501288,7.3285374641418460
2016-12-29,7.7403850555419920,7.7980771064758300,7.6057691574096680,7.6442308425903320,7058584,7.2918491363525390
2016-12-30,7.7211542129516600,7.7788457870483400,7.6826920509338380,7.7211542129516600,5229016,7.3652267456054690
2017-01-03,7.7980771064758300,7.8461542129516600,7.5288457870483400,7.5961542129516600,10843664,7.2459883689880370
2017-01-04,7.5673079490661620,7.6634621620178220,7.4615378379821780,7.6538457870483400,20734168,7.3010196685791020
2017-01-05,7.7500000000000000,7.7692308425903320,7.6346149444580080,7.6538457870483400,13885248,7.3010196685791020
2017-01-06,7.6826920509338380,7.7596149444580080,7.6538457870483400,7.7211542129516600,8026720,7.3652267456054690
2017-01-09,7.6634621620178220,7.7019228935241700,7.5673079490661620,7.5865378379821780,9602008,7.2368154525756840
2017-01-10,7.5961542129516600,7.5961542129516600,7.4711542129516600,7.5000000000000000,17278456,7.1542673110961910
2017-01-11,7.5000000000000000,7.5192308425903320,7.4134621620178220,7.5096149444580080,9070048,7.1634387969970700
2017-01-12,7.5480771064758300,7.7500000000000000,7.4615378379821780,7.7211542129516600,10647624,7.3652267456054690
2017-01-13,7.7211542129516600,7.7596149444580080,7.6538457870483400,7.6634621620178220,4991064,7.3101935386657715
2017-01-17,7.6153850555419920,7.9903850555419920,7.5865378379821780,7.9711542129516600,17145336,7.6037011146545410
2017-01-18,7.9519228935241700,8.1346149444580080,7.9038457870483400,7.9903850555419920,13929136,7.6220464706420900
2017-01-19,8.0192308425903320,8.0576915740966800,7.9230771064758300,7.9807691574096680,10239632,7.6128730773925780
2017-01-20,8.0769233703613280,8.5576915740966800,7.9903850555419920,8.5000000000000000,18598216,8.1081705093383790
2017-01-23,8.5000000000000000,8.5961542129516600,8.2884616851806640,8.4903850555419920,15721888,8.0989952087402340
2017-01-24,8.5480766296386720,8.9230766296386720,8.5480766296386720,8.7980766296386720,19147440,8.3925056457519530
2017-01-25,8.9326915740966800,9.1442308425903320,8.7115383148193360,9.1250000000000000,20744152,8.7043581008911130
2017-01-26,9.0576915740966800,9.0673084259033200,8.7307691574096680,8.8173084259033200,17036552,8.4108495712280270
2017-01-27,8.8942308425903320,9.0480766296386720,8.7596149444580080,8.9423084259033200,8543912,8.5300874710083000
2017-01-30,8.9326915740966800,8.9807691574096680,8.7884616851806640,8.9423084259033200,8534136,8.5300874710083000
2017-01-31,8.9615383148193360,9.0961542129516600,8.8942308425903320,8.9038457870483400,8218080,8.4933977127075200
2017-02-01,8.9903850555419920,9.0192308425903320,8.7788457870483400,8.7788457870483400,7297680,8.3741626739501950
2017-02-02,8.8076915740966800,8.9807691574096680,8.7980766296386720,8.9038457870483400,11602760,8.4933977127075200
2017-02-03,8.9326915740966800,9.0096149444580080,8.8173084259033200,8.8653850555419920,10682776,8.4567108154296880
2017-02-06,8.8461542129516600,8.8461542129516600,8.5384616851806640,8.6153850555419920,7878832,8.2182369232177730
2017-02-07,8.6826915740966800,8.7019233703613280,8.4230766296386720,8.4423084259033200,9575800,8.0531368255615230
2017-02-08,8.4615383148193360,8.5000000000000000,8.3365383148193360,8.3653850555419920,11210576,7.9797582626342770
2017-02-09,8.3653850555419920,8.6538457870483400,8.2692308425903320,8.5961542129516600,11836136,8.1998910903930660
2017-02-10,8.6730766296386720,8.7884616851806640,8.6634616851806640,8.6923084259033200,8318440,8.2916145324707030
2017-02-13,8.7788457870483400,8.8557691574096680,8.6057691574096680,8.7403850555419920,7734064,8.3374738693237300
2017-02-14,8.6730766296386720,8.7692308425903320,8.5576915740966800,8.7019233703613280,8132072,8.3007841110229500
2017-02-15,8.6346149444580080,8.7403850555419920,8.5865383148193360,8.6057691574096680,8333520,8.2090625762939450
2017-02-16,8.5769233703613280,8.6442308425903320,8.3365383148193360,8.3846149444580080,8743384,7.9981031417846680
2017-02-17,8.3653850555419920,8.4326915740966800,8.3173084259033200,8.3461542129516600,5713136,7.9614148139953610
2017-02-21,8.4134616851806640,8.7211542129516600,8.3461542129516600,8.6730766296386720,10392616,8.2732667922973630
2017-02-22,8.6250000000000000,8.7019233703613280,8.4807691574096680,8.4807691574096680,5403944,8.0898246765136720
2017-02-23,8.6250000000000000,8.6346149444580080,8.2884616851806640,8.3173084259033200,9695400,7.9338989257812500
2017-02-24,8.2211542129516600,8.2788457870483400,8.1346149444580080,8.2115383148193360,9548552,7.8330035209655760
2017-02-27,8.2403850555419920,8.5096149444580080,8.1538457870483400,8.4711542129516600,9849112,8.0806522369384770
2017-02-28,8.4615383148193360,8.5096149444580080,8.1346149444580080,8.1346149444580080,10037872,7.7596278190612790
2017-03-01,8.3942308425903320,8.8076915740966800,8.3076915740966800,8.7884616851806640,18741216,8.3833341598510740
2017-03-02,8.7692308425903320,8.7788457870483400,8.3076915740966800,8.3076915740966800,16620136,7.9247250556945800
2017-03-03,8.5480766296386720,8.7307691574096680,8.4807691574096680,8.5000000000000000,10640136,8.1081705093383790
2017-03-06,8.5000000000000000,8.7115383148193360,8.4326915740966800,8.6923084259033200,8828144,8.2916145324707030
2017-03-07,8.6730766296386720,8.7115383148193360,8.5096149444580080,8.5384616851806640,9635496,8.1448583602905270
2017-03-08,8.4807691574096680,8.6250000000000000,8.3365383148193360,8.3365383148193360,7951944,7.9522423744201660
2017-03-09,8.3173084259033200,8.3269233703613280,8.2019233703613280,8.3076915740966800,15081976,7.9247250556945800
2017-03-10,8.4038457870483400,8.4326915740966800,8.2307691574096680,8.2788457870483400,6904456,7.8972091674804690
2017-03-13,8.3846149444580080,8.4230766296386720,8.2307691574096680,8.3942308425903320,6420752,8.0072755813598630
2017-03-14,8.3269233703613280,8.3461542129516600,8.1346149444580080,8.2115383148193360,12429040,7.8330035209655760
2017-03-15,8.3461542129516600,8.5865383148193360,8.2307691574096680,8.5384616851806640,14620216,8.1448583602905270
2017-03-16,8.5576915740966800,8.7884616851806640,8.4903850555419920,8.7596149444580080,12244232,8.3558149337768550
2017-03-17,8.7788457870483400,8.8076915740966800,8.6634616851806640,8.7884616851806640,8737248,8.3833341598510740
2017-03-20,8.8173084259033200,8.8942308425903320,8.7115383148193360,8.7403850555419920,6229288,8.3374738693237300
2017-03-21,8.7788457870483400,8.8269233703613280,8.4519233703613280,8.4711542129516600,12187032,8.0806522369384770
2017-03-22,8.3653850555419920,8.5576915740966800,8.3557691574096680,8.4903850555419920,7992504,8.0989952087402340
2017-03-23,8.4326915740966800,8.5961542129516600,8.4134616851806640,8.5000000000000000,7820592,8.1081705093383790
2017-03-24,8.5576915740966800,8.6250000000000000,8.3846149444580080,8.5288457870483400,11384880,8.1356859207153320
2017-03-27,8.4134616851806640,8.5673084259033200,8.3365383148193360,8.5192308425903320,9431136,8.1265144348144530
2017-03-28,8.5384616851806640,8.6634616851806640,8.4038457870483400,8.4326915740966800,8113976,8.0439624786376950
2017-03-29,8.4711542129516600,8.6057691574096680,8.3750000000000000,8.6057691574096680,8316048,8.2090625762939450
2017-03-30,8.5673084259033200,8.6826915740966800,8.4615383148193360,8.4807691574096680,7490080,8.0898246765136720
2017-03-31,8.5096149444580080,8.7692308425903320,8.5000000000000000,8.7211542129516600,11581752,8.3191289901733400
2017-04-03,8.7500000000000000,8.7884616851806640,8.6153850555419920,8.7115383148193360,5506176,8.3099565505981450
2017-04-04,8.7884616851806640,9.0673084259033200,8.6923084259033200,9.0096149444580080,16842696,8.5942916870117190
2017-04-05,9.0673084259033200,9.2500000000000000,8.9230766296386720,8.9423084259033200,15835664,8.5300874710083000
2017-04-06,8.9807691574096680,9.1153850555419920,8.8750000000000000,8.9038457870483400,9694152,8.4933977127075200
2017-04-07,8.9615383148193360,9.0673084259033200,8.8846149444580080,8.9807691574096680,10659896,8.5667753219604500
2017-04-10,9.0480766296386720,9.0480766296386720,8.8461542129516600,8.9230766296386720,5432440,8.5117416381835940
2017-04-11,8.9903850555419920,9.0096149444580080,8.7019233703613280,8.8750000000000000,6388304,8.4658823013305660
2017-04-12,8.8653850555419920,8.8846149444580080,8.5961542129516600,8.6538457870483400,8747128,8.2549228668212890
2017-04-13,8.6442308425903320,8.6826915740966800,8.3653850555419920,8.4326915740966800,8628776,8.0439624786376950
2017-04-17,8.4519233703613280,8.6538457870483400,8.4519233703613280,8.6538457870483400,5900440,8.2549228668212890
2017-04-18,8.5961542129516600,8.6634616851806640,8.4807691574096680,8.4903850555419920,6421896,8.0989952087402340
2017-04-19,8.5576915740966800,8.6057691574096680,8.3173084259033200,8.3173084259033200,9716512,7.9338989257812500
2017-04-20,8.4038457870483400,8.5096149444580080,8.3173084259033200,8.5096149444580080,10714184,8.1173429489135740
2017-04-21,8.4711542129516600,8.5000000000000000,8.4134616851806640,8.4423084259033200,7188480,8.0531368255615230
2017-04-24,8.6250000000000000,8.6730766296386720,8.5480766296386720,8.6346149444580080,5204264,8.2365789413452150
2017-04-25,8.6442308425903320,8.8076915740966800,8.5384616851806640,8.7884616851806640,7616440,8.3833341598510740
2017-04-26,8.7596149444580080,8.8269233703613280,8.4711542129516600,8.7596149444580080,17635072,8.3558149337768550
2017-04-27,8.8557691574096680,8.9423084259033200,8.6826915740966800,8.8750000000000000,10847304,8.4658823013305660
2017-04-28,8.9423084259033200,8.9423084259033200,8.7980766296386720,8.8653850555419920,7313800,8.4567108154296880
2017-05-01,8.8557691574096680,9.0865383148193360,8.7980766296386720,8.9711542129516600,5451992,8.5576038360595700
2017-05-02,8.9903850555419920,9.1538457870483400,8.8750000000000000,8.9326915740966800,18505344,8.5209131240844730
2017-05-03,9.0000000000000000,9.0699996948242190,8.7500000000000000,8.7600002288818360,8889800,8.3561849594116210
2017-05-04,8.8000001907348630,8.8599996566772460,8.5200004577636720,8.6000003814697270,8727500,8.2035589218139650
2017-05-05,8.6400003433227540,8.8299999237060550,8.6099996566772460,8.8299999237060550,5791800,8.4229564666748050
2017-05-08,8.7799997329711910,8.8199996948242190,8.6300001144409180,8.6800003051757810,4222800,8.2798700332641600
2017-05-09,8.7200002670288090,8.7899999618530270,8.6199998855590820,8.7500000000000000,3911500,8.3466444015502930
2017-05-10,8.8100004196167000,8.9300003051757810,8.7799997329711910,8.8400001525878900,6100600,8.4324951171875000
2017-05-11,8.8100004196167000,8.8900003433227540,8.6800003051757810,8.7500000000000000,3836000,8.3466444015502930
2017-05-12,8.7700004577636720,8.7899999618530270,8.6499996185302730,8.7299995422363280,3569600,8.3275661468505860
2017-05-15,8.7600002288818360,8.8900003433227540,8.7500000000000000,8.8100004196167000,4030400,8.4038791656494140
2017-05-16,8.8500003814697270,8.8500003814697270,8.6800003051757810,8.6999998092651370,4701800,8.2989501953125000
2017-05-17,8.6400003433227540,8.6400003433227540,8.4499998092651370,8.4499998092651370,13410700,8.0604743957519530
2017-05-18,8.2500000000000000,8.3500003814697270,8.1199998855590820,8.2500000000000000,10639000,7.8696937561035160
2017-05-19,8.3000001907348630,8.6400003433227540,8.2899999618530270,8.5500001907348630,9771300,8.1558647155761720
2017-05-22,8.5500001907348630,8.6400003433227540,8.4600000381469730,8.4799995422363280,5552200,8.0890893936157230
2017-05-23,8.5000000000000000,8.6000003814697270,8.4499998092651370,8.5799999237060550,4210800,8.1844816207885740
2017-05-24,8.6099996566772460,8.6199998855590820,8.4799995422363280,8.4899997711181640,3783400,8.0986299514770500
2017-05-25,8.5500001907348630,8.5500001907348630,8.3100004196167000,8.3599996566772460,6896000,7.9746232032775880
2017-05-26,8.3500003814697270,8.4399995803833000,8.3100004196167000,8.3800001144409180,4724000,7.9937014579772950
2017-05-30,8.3500003814697270,8.5600004196167000,8.3199996948242190,8.4300003051757810,5474400,8.0413970947265620
2017-05-31,8.4099998474121100,8.4799995422363280,8.2500000000000000,8.2700004577636720,5630600,7.8887705802917480
2017-06-01,8.2899999618530270,8.4799995422363280,8.2899999618530270,8.4499998092651370,4266000,8.0604743957519530
2017-06-02,8.4799995422363280,8.5399999618530270,8.4300003051757810,8.5100002288818360,3933000,8.1177072525024410
2017-06-05,8.5000000000000000,8.6700000762939450,8.4799995422363280,8.6599998474121100,8592800,8.2607927322387700
2017-06-06,8.6499996185302730,8.8699998855590820,8.5900001525878900,8.8000001907348630,9933600,8.3943395614624020
2017-06-07,8.8500003814697270,8.9099998474121100,8.7100000381469730,8.8199996948242190,7709400,8.4134187698364260
2017-06-08,8.8800001144409180,9.0900001525878900,8.8199996948242190,8.9799995422363280,9436500,8.5660429000854500
2017-06-09,9.0299997329711910,9.2700004577636720,9.0000000000000000,9.2700004577636720,16500200,8.8426752090454100
2017-06-12,9.1400003433227540,9.2899999618530270,9.1199998855590820,9.2799997329711910,6107300,8.8522129058837890
2017-06-13,9.3000001907348630,9.3100004196167000,9.1800003051757810,9.2700004577636720,7352400,8.8426752090454100
2017-06-14,9.2700004577636720,9.3999996185302730,9.2100000381469730,9.2899999618530270,11033700,8.8617515563964840
2017-06-15,9.0900001525878900,9.2399997711181640,9.0900001525878900,9.1400003433227540,7902700,8.7186679840087890
2017-06-16,9.2500000000000000,9.3500003814697270,9.0799999237060550,9.2399997711181640,11637800,8.8140563964843750
2017-06-19,8.9499998092651370,9.3400001525878900,8.9300003051757810,9.2299995422363280,11356900,8.8045148849487300
2017-06-20,9.2399997711181640,9.2700004577636720,9.0100002288818360,9.0200004577636720,13533700,8.6041994094848630
2017-06-21,9.0500001907348630,9.1400003433227540,8.9399995803833000,9.1000003814697270,12503200,8.6805105209350590
2017-06-22,9.1000003814697270,9.2200002670288090,8.9899997711181640,9.1400003433227540,14212800,8.7186679840087890
2017-06-23,9.1899995803833000,9.2600002288818360,9.1000003814697270,9.1899995803833000,14289400,8.7663602828979500
2017-06-26,9.3100004196167000,9.3100004196167000,9.0900001525878900,9.1899995803833000,7472200,8.7663602828979500
2017-06-27,9.1899995803833000,9.1899995803833000,9.0500001907348630,9.1400003433227540,10153000,8.7186679840087890
2017-06-28,9.1800003051757810,9.3999996185302730,9.1800003051757810,9.3900003433227540,15915400,8.9571409225463870
2017-06-29,9.3900003433227540,9.4200000762939450,9.1899995803833000,9.3000001907348630,16768700,8.8712902069091800
2017-06-30,9.3299999237060550,9.4300003051757810,9.2100000381469730,9.4200000762939450,14732600,8.9857597351074220
2017-07-03,9.4300003051757810,9.7100000381469730,9.3999996185302730,9.6599998474121100,11470800,9.2146949768066400
2017-07-05,9.6199998855590820,9.8400001525878900,9.5799999237060550,9.7799997329711910,17421500,9.3291635513305660
2017-07-06,9.7200002670288090,9.7799997329711910,9.6499996185302730,9.6599998474121100,15960200,9.2146949768066400
2017-07-07,9.6999998092651370,9.9200000762939450,9.6800003051757810,9.8599996566772460,19317100,9.4054756164550780
2017-07-10,9.9200000762939450,10.1099996566772460,9.8400001525878900,10.0699996948242190,21216900,9.6057958602905270
2017-07-11,10.0500001907348630,10.1800003051757810,10.0100002288818360,10.1499996185302730,15434000,9.6821069717407230
2017-07-12,10.2600002288818360,10.3699998855590820,10.2299995422363280,10.2600002288818360,18658100,9.7870378494262700
2017-07-13,10.2600002288818360,10.2600002288818360,10.0799999237060550,10.1999998092651370,15401200,9.7298030853271480
2017-07-14,10.2200002670288090,10.3000001907348630,10.1099996566772460,10.2600002288818360,11259300,9.7870378494262700
2017-07-17,9.9799995422363280,10.1300001144409180,9.9300003051757810,10.0399999618530270,14665100,9.5771770477294920
2017-07-18,10.0100002288818360,10.0100002288818360,9.7100000381469730,9.8400001525878900,24820400,9.3863983154296880
2017-07-19,9.8900003433227540,9.9099998474121100,9.7799997329711910,9.8400001525878900,13624900,9.3863983154296880
2017-07-20,9.8400001525878900,10.0200004577636720,9.8400001525878900,9.9799995422363280,8898000,9.5199441909790040
2017-07-21,9.9600000381469730,10.1999998092651370,9.8999996185302730,10.1800003051757810,9525000,9.7107248306274410
2017-07-24,10.1599998474121100,10.1999998092651370,10.0500001907348630,10.1199998855590820,6617600,9.6534910202026370
2017-07-25,10.1099996566772460,10.1599998474121100,10.0799999237060550,10.1000003814697270,6064700,9.6344137191772460
2017-07-26,9.8599996566772460,9.9899997711181640,9.6400003433227540,9.8599996566772460,17754800,9.4054756164550780
2017-07-27,9.8500003814697270,9.8599996566772460,9.5299997329711910,9.5900001525878900,11723000,9.1479215621948240
2017-07-28,9.5500001907348630,9.6400003433227540,9.4300003051757810,9.6099996566772460,18890200,9.1670007705688480
2017-07-31,9.6700000762939450,9.7200002670288090,9.5200004577636720,9.7100000381469730,8213000,9.2623910903930660
2017-08-01,9.7700004577636720,9.9300003051757810,9.7299995422363280,9.9300003051757810,15945500,9.4722490310668950
2017-08-02,9.7799997329711910,9.9499998092651370,9.7799997329711910,9.8699998855590820,7438000,9.4150161743164060
2017-08-03,9.8800001144409180,9.8900003433227540,9.6499996185302730,9.6999998092651370,6865000,9.2528514862060550
2017-08-04,9.7399997711181640,9.8100004196167000,9.6599998474121100,9.7899999618530270,3041200,9.3387031555175780
2017-08-07,9.8199996948242190,9.8199996948242190,9.6899995803833000,9.7100000381469730,3182900,9.2623910903930660
2017-08-08,9.6700000762939450,9.7700004577636720,9.6300001144409180,9.6499996185302730,3441600,9.2051553726196290
2017-08-09,9.5500001907348630,9.6199998855590820,9.5000000000000000,9.5600004196167000,3146500,9.1193046569824220
2017-08-10,9.4899997711181640,9.5299997329711910,9.2399997711181640,9.2899999618530270,9425000,8.8617515563964840
2017-08-11,9.3000001907348630,9.3699998855590820,9.1800003051757810,9.2200002670288090,9511900,8.7949790954589840
2017-08-14,9.2700004577636720,9.4099998474121100,9.2700004577636720,9.3000001907348630,6176400,8.8712902069091800
2017-08-15,9.2799997329711910,9.3599996566772460,9.2100000381469730,9.2600002288818360,4673800,8.8331346511840820
2017-08-16,9.3299999237060550,9.3699998855590820,9.2299995422363280,9.3199996948242190,6764600,8.8903675079345700
2017-08-17,9.2899999618530270,9.3599996566772460,9.1400003433227540,9.1400003433227540,5082000,8.7186679840087890
2017-08-18,9.1400003433227540,9.3000001907348630,9.0799999237060550,9.1999998092651370,5906600,8.7759008407592770
2017-08-21,9.2100000381469730,9.2600002288818360,9.1300001144409180,9.1800003051757810,4066200,8.7568235397338870
2017-08-22,9.2299995422363280,9.2899999618530270,9.1099996566772460,9.1300001144409180,4498500,8.7091264724731450
2017-08-23,9.0799999237060550,9.1400003433227540,9.0699996948242190,9.0900001525878900,5073700,8.6709728240966800
2017-08-24,9.1000003814697270,9.1099996566772460,8.9799995422363280,9.0600004196167000,12041900,8.6423549652099610
2017-08-25,9.1300001144409180,9.2200002670288090,9.0000000000000000,9.1300001144409180,7378000,8.7091264724731450
2017-08-28,9.1400003433227540,9.1400003433227540,8.8900003433227540,9.1199998855590820,11312600,8.6995868682861330
2017-08-29,8.7799997329711910,9.1800003051757810,8.7799997329711910,9.1599998474121100,9235300,8.7377443313598630
2017-08-30,9.1700000762939450,9.5399999618530270,9.1700000762939450,9.5100002288818360,12986500,9.0716104507446290
2017-08-31,9.5399999618530270,9.5399999618530270,9.3100004196167000,9.3100004196167000,5778300,8.8808298110961910
2017-09-01,9.3999996185302730,9.5000000000000000,9.2899999618530270,9.4700002670288090,10777500,9.0334558486938480
2017-09-05,9.5000000000000000,9.5100002288818360,9.1300001144409180,9.1499996185302730,5342700,8.7282047271728520
2017-09-06,9.1800003051757810,9.2700004577636720,9.1199998855590820,9.1999998092651370,7030000,8.7759008407592770
2017-09-07,9.3000001907348630,9.3299999237060550,9.1300001144409180,9.1700000762939450,3408000,8.7472848892211910
2017-09-08,9.1899995803833000,9.1899995803833000,9.0600004196167000,9.1700000762939450,5445800,8.7472848892211910
2017-09-11,9.2899999618530270,9.3199996948242190,9.0500001907348630,9.1199998855590820,13658900,8.6995868682861330
2017-09-12,9.0699996948242190,9.1499996185302730,9.0399999618530270,9.1499996185302730,5853400,8.7282047271728520
2017-09-13,9.1300001144409180,9.1400003433227540,8.9700002670288090,9.0100002288818360,11366300,8.5946598052978520
2017-09-14,8.9700002670288090,9.1400003433227540,8.9700002670288090,9.1199998855590820,3743400,8.6995868682861330
2017-09-15,9.0900001525878900,9.1099996566772460,9.0000000000000000,9.0600004196167000,4146300,8.6423549652099610
2017-09-18,8.9200000762939450,9.1499996185302730,8.8999996185302730,9.0699996948242190,5806800,8.6518926620483400
2017-09-19,9.0299997329711910,9.1599998474121100,8.9899997711181640,9.1300001144409180,8871500,8.7091264724731450
2017-09-20,9.2500000000000000,9.4499998092651370,9.1400003433227540,9.3400001525878900,10907800,8.9094476699829100
2017-09-21,9.3900003433227540,9.3900003433227540,9.1499996185302730,9.3400001525878900,7815100,8.9094476699829100
2017-09-22,9.3400001525878900,9.4300003051757810,9.3000001907348630,9.3500003814697270,7730400,8.9189863204956050
2017-09-25,9.3199996948242190,9.3199996948242190,9.1000003814697270,9.1800003051757810,8500900,8.7568235397338870
2017-09-26,9.1700000762939450,9.2200002670288090,9.1000003814697270,9.1400003433227540,7876900,8.7186679840087890
2017-09-27,9.1599998474121100,9.1899995803833000,8.9799995422363280,8.9799995422363280,11245100,8.5660429000854500
2017-09-28,8.9700002670288090,9.0900001525878900,8.9399995803833000,9.0100002288818360,5855500,8.5946598052978520
2017-09-29,9.0500001907348630,9.1199998855590820,9.0000000000000000,9.0799999237060550,3816600,8.6614332199096680
2017-10-02,9.0799999237060550,9.1199998855590820,9.0299997329711910,9.0799999237060550,3643100,8.6614332199096680
2017-10-03,9.1199998855590820,9.1199998855590820,9.0100002288818360,9.0699996948242190,5947300,8.6518926620483400
2017-10-04,9.0399999618530270,9.0699996948242190,9.0100002288818360,9.0299997329711910,6128000,8.6137351989746100
2017-10-05,9.0299997329711910,9.0900001525878900,8.8800001144409180,8.9399995803833000,6813500,8.5278844833374020
2017-10-06,8.8800001144409180,9.0000000000000000,8.8299999237060550,8.9399995803833000,7423600,8.5278844833374020
2017-10-09,8.9399995803833000,8.9499998092651370,8.6199998855590820,8.6300001144409180,11706300,8.2321767807006840
2017-10-10,8.6999998092651370,8.7100000381469730,8.3900003433227540,8.3900003433227540,14288100,8.0032396316528320
2017-10-11,8.4399995803833000,8.4499998092651370,8.1800003051757810,8.1800003051757810,21764800,7.8029208183288570
2017-10-12,8.1599998474121100,8.2399997711181640,7.9699997901916500,7.9899997711181640,23291700,7.6216788291931150
2017-10-13,8.0000000000000000,8.1700000762939450,7.9600000381469730,8.0200004577636720,16060500,7.6502971649169920
2017-10-16,8.0500001907348630,8.0600004196167000,7.7699999809265140,7.8099999427795410,12752500,7.4499759674072270
2017-10-17,7.8499999046325680,8.1599998474121100,7.8499999046325680,8.0900001525878900,33973100,7.7170691490173340
2017-10-18,8.1199998855590820,8.2600002288818360,8.0299997329711910,8.0299997329711910,11243000,7.6598343849182130
2017-10-19,8.0100002288818360,8.1000003814697270,7.9600000381469730,8.0900001525878900,9698300,7.7170691490173340
2017-10-20,8.1099996566772460,8.1999998092651370,7.9499998092651370,7.9600000381469730,9937800,7.5930619239807130
2017-10-23,8.0600004196167000,8.1700000762939450,8.0299997329711910,8.0799999237060550,8061600,7.7075300216674805
2017-10-24,8.1199998855590820,8.2600002288818360,8.1099996566772460,8.2200002670288090,10649600,7.8410763740539550
2017-10-25,8.2600002288818360,8.2799997329711910,8.1000003814697270,8.1000003814697270,12891800,7.7266082763671875
2017-10-26,8.3699998855590820,8.4099998474121100,8.1499996185302730,8.1599998474121100,11699500,7.7838411331176760
2017-10-27,8.1199998855590820,8.2600002288818360,8.0699996948242190,8.2100000381469730,7240500,7.8315377235412600
2017-10-30,8.2100000381469730,8.2799997329711910,8.0100002288818360,8.0399999618530270,6277000,7.6693739891052250
2017-10-31,8.0500001907348630,8.2500000000000000,7.9099998474121090,8.1099996566772460,7631700,7.7361469268798830
2017-11-01,8.1599998474121100,8.2200002670288090,7.9499998092651370,7.9600000381469730,9747900,7.5930619239807130
2017-11-02,7.9400000572204590,8.1199998855590820,7.9099998474121090,8.0799999237060550,6266300,7.7075300216674805
2017-11-03,8.1599998474121100,8.1700000762939450,7.8699998855590820,7.9000000953674320,13047000,7.5358276367187500
2017-11-06,7.9299998283386230,8.0699996948242190,7.8600001335144040,8.0500001907348630,9318700,7.6789131164550780
2017-11-07,8.0000000000000000,8.1099996566772460,7.9899997711181640,8.0799999237060550,9078000,7.7075300216674805
2017-11-08,8.1000003814697270,8.2100000381469730,8.0699996948242190,8.1800003051757810,4658000,7.8029208183288570
2017-11-09,8.0900001525878900,8.2799997329711910,8.0900001525878900,8.2399997711181640,5969600,7.8601551055908200
2017-11-10,8.1999998092651370,8.2299995422363280,8.1000003814697270,8.1000003814697270,10096100,7.7266082763671875
2017-11-13,8.0699996948242190,8.0799999237060550,7.8600001335144040,7.9099998474121090,17364500,7.5453658103942870
2017-11-14,7.9499998092651370,7.9499998092651370,7.8099999427795410,7.8099999427795410,7639800,7.4499759674072270
2017-11-15,7.8499999046325680,7.8600001335144040,7.6999998092651370,7.7300000190734860,8809000,7.3736643791198730
2017-11-16,7.7699999809265140,7.9899997711181640,7.7399997711181640,7.8499999046325680,21393400,7.4881324768066410
2017-11-17,7.8600001335144040,7.9400000572204590,7.8299999237060550,7.8499999046325680,5952700,7.4881324768066410
2017-11-20,7.8000001907348630,7.8200001716613770,7.7199997901916500,7.7899999618530270,3834000,7.4308991432189940
2017-11-21,7.8200001716613770,7.9000000953674320,7.8000001907348630,7.8200001716613770,8754300,7.4595155715942380
2017-11-22,7.8499999046325680,7.9200000762939450,7.8200001716613770,7.8499999046325680,4836400,7.4881324768066410
2017-11-24,7.8699998855590820,7.9400000572204590,7.8099999427795410,7.8200001716613770,3530100,7.4595155715942380
2017-11-27,7.8600001335144040,7.8600001335144040,7.7300000190734860,7.7399997711181640,5719000,7.3832030296325680
2017-11-28,7.7199997901916500,7.8499999046325680,7.6399998664855960,7.8400001525878910,6796400,7.4785933494567870
2017-11-29,7.8099999427795410,7.8499999046325680,7.7500000000000000,7.7800002098083500,8086200,7.4213600158691410
2017-11-30,7.7500000000000000,7.8000001907348630,7.5700001716613770,7.5900001525878910,10990300,7.2401175498962400
2017-12-01,7.5599999427795410,7.6599998474121090,7.4099998474121090,7.5100002288818360,10864700,7.1638054847717285
2017-12-04,7.5900001525878910,7.6300001144409180,7.4200000762939450,7.4400000572204590,12163700,7.0970330238342285
2017-12-05,7.4200000762939450,7.4800000190734860,7.2899999618530270,7.2899999618530270,10686700,6.9539470672607420
2017-12-06,7.2699999809265140,7.2899999618530270,7.1500000953674320,7.1900000572204590,9200100,6.8585577011108400
2017-12-07,7.1500000953674320,7.3899998664855960,7.0999999046325680,7.3200001716613770,14245000,6.9825649261474610
2017-12-08,7.3600001335144040,7.5000000000000000,7.3299999237060550,7.4699997901916500,10694300,7.1256499290466310
2017-12-11,7.5399999618530270,7.5700001716613770,7.4400000572204590,7.4899997711181640,7821900,7.1447267532348630
2017-12-12,7.5000000000000000,7.5700001716613770,7.3800001144409180,7.5000000000000000,14049900,7.1542673110961910
2017-12-13,7.4299998283386230,7.5900001525878910,7.4000000953674320,7.5599999427795410,8449200,7.2115006446838380
2017-12-14,7.5399999618530270,7.5399999618530270,7.4299998283386230,7.4800000190734860,11652300,7.1351890563964840
2017-12-15,7.4800000190734860,7.5399999618530270,7.3800001144409180,7.3899998664855960,11982000,7.0493373870849610
2017-12-18,7.4400000572204590,7.5399999618530270,7.4200000762939450,7.4800000190734860,12098800,7.1351890563964840
2017-12-19,7.5700001716613770,7.5900001525878910,7.3400001525878910,7.4000000953674320,17914400,7.0588765144348145
2017-12-20,7.4000000953674320,7.5199999809265140,7.3699998855590820,7.5199999809265140,9167900,7.1733450889587400
2017-12-21,7.5000000000000000,7.6100001335144040,7.4899997711181640,7.5399999618530270,9805700,7.1924223899841310
2017-12-22,7.5199999809265140,7.5500001907348630,7.4200000762939450,7.4499998092651370,7295800,7.1065711975097660
2017-12-26,7.4899997711181640,7.5199999809265140,7.4600000381469730,7.4899997711181640,3922400,7.1447267532348630
2017-12-27,7.4800000190734860,7.5000000000000000,7.4400000572204590,7.4899997711181640,3662100,7.1447267532348630
2017-12-28,7.5399999618530270,7.5700001716613770,7.4499998092651370,7.4899997711181640,6351000,7.1447267532348630
2017-12-29,7.5300002098083500,7.5399999618530270,7.4800000190734860,7.5000000000000000,7322800,7.1542673110961910
2018-01-02,7.5500001907348630,7.7500000000000000,7.5399999618530270,7.7399997711181640,12720400,7.3832030296325680
2018-01-03,7.8699998855590820,7.9499998092651370,7.7500000000000000,7.8800001144409180,20720000,7.5167503356933590
2018-01-04,7.9800000190734860,8.0200004577636720,7.9200000762939450,7.9499998092651370,12862400,7.5835218429565430
2018-01-05,7.9699997901916500,8.0200004577636720,7.8600001335144040,7.8899998664855960,8533000,7.5262885093688965
2018-01-08,7.9200000762939450,7.9200000762939450,7.8299999237060550,7.8499999046325680,6130300,7.4881324768066410
2018-01-09,7.8000001907348630,7.8499999046325680,7.7100000381469730,7.7199997901916500,9100600,7.3641252517700195
2018-01-10,7.7600002288818360,7.8099999427795410,7.6799998283386230,7.7500000000000000,25175200,7.3927416801452640
2018-01-11,7.7500000000000000,7.9699997901916500,7.7300000190734860,7.9400000572204590,11782400,7.5739841461181640
2018-01-12,7.9800000190734860,8.1599998474121100,7.9699997901916500,8.0299997329711910,10322000,7.6598343849182130
2018-01-16,8.0900001525878900,8.2299995422363280,8.0500001907348630,8.1400003433227540,16263600,7.7647652626037600
2018-01-17,8.2100000381469730,8.2200002670288090,8.0900001525878900,8.1400003433227540,9139900,7.7647652626037600
2018-01-18,8.1700000762939450,8.1999998092651370,8.1199998855590820,8.1800003051757810,6665800,7.8029208183288570
2018-01-19,8.2100000381469730,8.2500000000000000,8.1599998474121100,8.1999998092651370,6979900,7.8219981193542480
2018-01-22,8.2600002288818360,8.2700004577636720,8.1400003433227540,8.2500000000000000,6937200,7.8696937561035160
2018-01-23,8.2200002670288090,8.3400001525878900,8.1000003814697270,8.3199996948242190,10145400,7.9364662170410160
2018-01-24,8.3900003433227540,8.5100002288818360,8.3599996566772460,8.3900003433227540,10463700,8.0032396316528320
2018-01-25,8.4300003051757810,8.5100002288818360,8.2600002288818360,8.2600002288818360,9454500,7.8792319297790530
2018-01-26,8.3199996948242190,8.5000000000000000,8.2399997711181640,8.4499998092651370,5526800,8.0604743957519530
2018-01-29,8.3699998855590820,8.4200000762939450,8.1800003051757810,8.2899999618530270,9417400,7.9078512191772460
2018-01-30,8.2299995422363280,8.4300003051757810,8.1800003051757810,8.3800001144409180,7807700,7.9937014579772950
2018-01-31,8.4600000381469730,8.4799995422363280,8.2399997711181640,8.2899999618530270,11083900,7.9078512191772460
2018-02-01,8.2700004577636720,8.4399995803833000,8.2700004577636720,8.3199996948242190,5849400,7.9364662170410160
2018-02-02,8.2200002670288090,8.2899999618530270,8.0799999237060550,8.1199998855590820,6875300,7.7456860542297360
2018-02-05,8.0500001907348630,8.1999998092651370,7.6399998664855960,7.7899999618530270,13546000,7.4308991432189940
2018-02-06,7.7399997711181640,8.0699996948242190,7.7199997901916500,8.0200004577636720,11904800,7.6502971649169920
2018-02-07,7.9800000190734860,8.1099996566772460,7.8000001907348630,7.8000001907348630,9703600,7.4404373168945310
2018-02-08,7.8400001525878910,7.8499999046325680,7.3499999046325680,7.3600001335144040,22589300,7.0207204818725590
2018-02-09,7.4200000762939450,7.6100001335144040,7.1500000953674320,7.4299998283386230,19056900,7.0874929428100590
2018-02-12,7.4800000190734860,7.5700001716613770,7.3400001525878910,7.3800001144409180,14264100,7.0397982597351070
2018-02-13,7.3600001335144040,7.4499998092651370,7.3099999427795410,7.3699998855590820,9854200,7.0302600860595700
2018-02-14,7.3000001907348630,7.6399998664855960,7.2800002098083500,7.6199998855590820,6692500,7.2687349319458010
2018-02-15,7.3499999046325680,7.5799999237060550,7.3499999046325680,7.4800000190734860,10042500,7.1351890563964840
2018-02-16,7.4499998092651370,7.6500000953674320,7.3699998855590820,7.4699997901916500,11080400,7.1256499290466310
2018-02-20,7.3800001144409180,7.3899998664855960,7.1599998474121090,7.1999998092651370,12160800,6.8680953979492190
2018-02-21,7.2699999809265140,7.2699999809265140,7.0300002098083500,7.0399999618530270,11411700,6.7154717445373535
2018-02-22,7.0799999237060550,7.3000001907348630,7.0799999237060550,7.2100000381469730,8692300,6.8776350021362305
2018-02-23,7.2899999618530270,7.2899999618530270,7.0599999427795410,7.0900001525878910,7685500,6.7631673812866210
2018-02-26,7.0700001716613770,7.1100001335144040,6.8600001335144040,6.9600000381469730,10963500,6.6391601562500000
2018-02-27,6.9499998092651370,7.0500001907348630,6.6799998283386230,6.7300000190734860,16498800,6.4197621345520020
2018-02-28,6.7399997711181640,6.7699999809265140,6.4499998092651370,6.5500001907348630,13610600,6.2480607032775880
2018-03-01,6.6100001335144040,6.9400000572204590,6.6100001335144040,6.9200000762939450,15569200,6.6010026931762695
2018-03-02,6.7699999809265140,6.9699997901916500,6.6500000953674320,6.9200000762939450,9516700,6.6010026931762695
2018-03-05,6.8200001716613770,6.9600000381469730,6.8000001907348630,6.8899998664855960,6962600,6.5723857879638670
2018-03-06,6.9899997711181640,7.0599999427795410,6.9499998092651370,6.9899997711181640,11724400,6.6677765846252440
2018-03-07,6.9099998474121090,6.9699997901916500,6.8299999237060550,6.9099998474121090,5811200,6.5914649963378910
2018-03-08,6.9099998474121090,7.2600002288818360,6.9000000953674320,7.2399997711181640,14196300,6.9062519073486330
2018-03-09,7.3000001907348630,7.4200000762939450,7.2699999809265140,7.3499999046325680,11905000,7.0111818313598630
2018-03-12,7.3400001525878910,7.3899998664855960,7.1999998092651370,7.2399997711181640,8433800,6.9062519073486330
2018-03-13,7.2800002098083500,7.3499999046325680,7.2100000381469730,7.3299999237060550,7513900,6.9921030998229980
2018-03-14,7.2699999809265140,7.3200001716613770,7.1399998664855960,7.2100000381469730,9036600,6.8776350021362305
2018-03-15,7.1999998092651370,7.3499999046325680,7.1100001335144040,7.1300001144409180,10887500,6.8013229370117190
2018-03-16,7.0900001525878910,7.1199998855590820,6.9200000762939450,6.9400000572204590,7095500,6.6200809478759770
2018-03-19,6.9000000953674320,6.9400000572204590,6.7100000381469730,6.7600002288818360,8863900,6.4483785629272460
2018-03-20,6.7699999809265140,6.8899998664855960,6.6700000762939450,6.6700000762939450,9649700,6.3625283241271970
2018-03-21,6.7399997711181640,6.8499999046325680,6.6900000572204590,6.8099999427795410,12569900,6.4960746765136720
2018-03-22,6.7100000381469730,6.8000001907348630,6.6300001144409180,6.6399998664855960,13725700,6.3339109420776370
2018-03-23,6.8899998664855960,7.1799998283386230,6.8899998664855960,6.9400000572204590,32652400,6.6200809478759770
2018-03-26,7.0599999427795410,7.0599999427795410,6.8400001525878910,7.0199999809265140,11270100,6.6963930130004880
2018-03-27,7.0100002288818360,7.0700001716613770,6.8000001907348630,6.8200001716613770,11013400,6.5056128501892090
2018-03-28,6.8200001716613770,6.8499999046325680,6.5000000000000000,6.5199999809265140,19908200,6.2194428443908690
2018-03-29,6.5500001907348630,6.6599998474121090,6.5300002098083500,6.6199998855590820,6385800,6.3148322105407715
2018-04-02,6.6500000953674320,6.6700000762939450,6.4299998283386230,6.5300002098083500,10066100,6.2289810180664060
2018-04-03,6.5500001907348630,6.6199998855590820,6.4899997711181640,6.5999999046325680,8758500,6.2957549095153810
2018-04-04,6.5100002288818360,6.8400001525878910,6.4800000190734860,6.7899999618530270,9598600,6.4769954681396480
2018-04-05,6.8299999237060550,7.0000000000000000,6.8299999237060550,6.8800001144409180,6729100,6.5628471374511720
2018-04-06,6.7899999618530270,6.9299998283386230,6.7100000381469730,6.8699998855590820,6949400,6.5533084869384770
2018-04-09,7.1199998855590820,7.1700000762939450,7.0000000000000000,7.0399999618530270,8594800,6.7154717445373535
2018-04-10,7.1300001144409180,7.1799998283386230,7.0199999809265140,7.0799999237060550,7314500,6.7536268234252930
2018-04-11,7.1100001335144040,7.1399998664855960,7.0199999809265140,7.1100001335144040,4264800,6.7822451591491700
2018-04-12,7.1199998855590820,7.2199997901916500,7.0799999237060550,7.1300001144409180,5827700,6.8013229370117190
2018-04-13,7.1500000953674320,7.1799998283386230,7.0199999809265140,7.0999999046325680,5272000,6.7727055549621580
2018-04-16,7.1100001335144040,7.1199998855590820,6.9400000572204590,6.9699997901916500,5260000,6.6486978530883790
2018-04-17,6.9899997711181640,7.1599998474121090,6.9600000381469730,7.1300001144409180,5911100,6.8013229370117190
2018-04-18,7.1700000762939450,7.3000001907348630,7.1399998664855960,7.1900000572204590,5543300,6.8585577011108400
2018-04-19,7.1599998474121090,7.1999998092651370,6.9000000953674320,6.9499998092651370,6738100,6.6296200752258300
2018-04-20,6.9499998092651370,6.9499998092651370,6.7800002098083500,6.8200001716613770,5109500,6.5056128501892090
2018-04-23,6.8099999427795410,6.8499999046325680,6.7500000000000000,6.7699999809265140,5222500,6.4579181671142580
2018-04-24,6.8400001525878910,6.8800001144409180,6.5900001525878910,6.6100001335144040,4250800,6.3052940368652340
2018-04-25,6.5900001525878910,6.6700000762939450,6.4800000190734860,6.6199998855590820,6119400,6.3148322105407715
2018-04-26,6.7500000000000000,6.7500000000000000,6.2899999618530270,6.4499998092651370,17851800,6.1526699066162110
2018-04-27,6.3899998664855960,6.4699997901916500,6.1799998283386230,6.2199997901916500,16527900,5.9332709312438965
2018-04-30,6.2899999618530270,6.3499999046325680,6.1900000572204590,6.2100000381469730,10030200,5.9237327575683590
2018-05-01,6.1900000572204590,6.2500000000000000,5.9699997901916500,6.0700001716613770,8489700,5.7901859283447270
2018-05-02,6.0799999237060550,6.0999999046325680,5.9400000572204590,5.9600000381469730,10187400,5.6852574348449710
2018-05-03,6.0000000000000000,6.0199999809265140,5.8600001335144040,5.9400000572204590,10831200,5.6661787033081055
2018-05-04,6.0300002098083500,6.0399999618530270,5.8899998664855960,5.9600000381469730,7417700,5.6852574348449710
2018-05-07,5.9499998092651370,5.9699997901916500,5.7699999809265140,5.8099999427795410,8774200,5.5421714782714840
2018-05-08,5.8000001907348630,5.9400000572204590,5.8000001907348630,5.9400000572204590,5871100,5.6661787033081055
2018-05-09,5.9800000190734860,6.0000000000000000,5.8600001335144040,5.9600000381469730,4534300,5.6852574348449710
2018-05-10,6.0399999618530270,6.1599998474121090,5.9899997711181640,6.0399999618530270,5571200,5.7615690231323240
2018-05-11,6.0700001716613770,6.0999999046325680,5.9200000762939450,6.0000000000000000,3586800,5.7234134674072270
2018-05-14,6.0000000000000000,6.0100002288818360,5.8800001144409180,5.8899998664855960,4483700,5.6184835433959960
2018-05-15,5.8400001525878910,5.8699998855590820,5.7300000190734860,5.8299999237060550,6761400,5.5612497329711910
2018-05-16,5.8499999046325680,6.0500001907348630,5.8499999046325680,6.0199999809265140,6666300,5.7424917221069340
2018-05-17,6.0000000000000000,6.0500001907348630,5.8099999427795410,5.8400001525878910,7989200,5.5707883834838870
2018-05-18,5.7899999618530270,5.8699998855590820,5.7199997901916500,5.8699998855590820,14221300,5.5994057655334470
2018-05-21,5.9899997711181640,6.1500000953674320,5.9000000953674320,6.0100002288818360,12126900,5.7329521179199220
2018-05-22,6.0199999809265140,6.0799999237060550,6.0100002288818360,6.0300002098083500,5467700,5.7520303726196290
2018-05-23,6.0000000000000000,6.1700000762939450,5.9400000572204590,6.0999999046325680,9536900,5.8188037872314450
2018-05-24,6.0300002098083500,6.0999999046325680,5.9400000572204590,6.0199999809265140,5475400,5.7424917221069340
2018-05-25,6.0399999618530270,6.1100001335144040,6.0000000000000000,6.0500001907348630,6099100,5.7711086273193360
2018-05-29,5.9400000572204590,5.9899997711181640,5.9000000953674320,5.9699997901916500,6783900,5.6947960853576660
2018-05-30,6.0100002288818360,6.0199999809265140,5.9099998474121090,5.9600000381469730,4851300,5.6852574348449710
2018-05-31,5.9499998092651370,5.9800000190734860,5.8800001144409180,5.9600000381469730,14408700,5.6852574348449710
2018-06-01,6.0300002098083500,6.0599999427795410,5.9400000572204590,5.9499998092651370,3804200,5.6757183074951170
2018-06-04,5.9600000381469730,6.0700001716613770,5.9600000381469730,6.0199999809265140,10977500,5.7424917221069340
2018-06-05,6.0000000000000000,6.0399999618530270,5.9099998474121090,5.9600000381469730,12397600,5.6852574348449710
2018-06-06,5.9899997711181640,6.0700001716613770,5.9899997711181640,6.0399999618530270,7400700,5.7615690231323240
2018-06-07,6.0000000000000000,6.0199999809265140,5.8800001144409180,5.9499998092651370,10532000,5.6757183074951170
2018-06-08,5.9899997711181640,6.0599999427795410,5.9299998283386230,6.0300002098083500,9344700,5.7520303726196290
2018-06-11,6.0300002098083500,6.2100000381469730,6.0000000000000000,6.1900000572204590,8004500,5.9046554565429690
2018-06-12,6.1900000572204590,6.2399997711181640,6.0999999046325680,6.1199998855590820,4226600,5.8378810882568360
2018-06-13,6.1500000953674320,6.2199997901916500,6.0500001907348630,6.1100001335144040,5871300,5.8283429145812990
2018-06-14,6.0500001907348630,6.2500000000000000,6.0500001907348630,6.1999998092651370,12259500,5.9141931533813480
2018-06-15,6.2199997901916500,6.2600002288818360,6.1399998664855960,6.2500000000000000,3977200,5.9618887901306150
2018-06-18,6.1599998474121090,6.1999998092651370,6.0599999427795410,6.1700000762939450,3758400,5.8855762481689450
2018-06-19,6.0999999046325680,6.2699999809265140,6.0799999237060550,6.2100000381469730,5999000,5.9237327575683590
2018-06-20,6.2300000190734860,6.3600001335144040,6.1900000572204590,6.3299999237060550,5693800,6.0382008552551270
2018-06-21,6.4499998092651370,6.6300001144409180,6.1700000762939450,6.1799998283386230,11194100,5.8951158523559570
2018-06-22,6.2399997711181640,6.4099998474121090,6.2100000381469730,6.3699998855590820,5587200,6.0763578414916990
2018-06-25,6.3499999046325680,6.3699998855590820,6.2100000381469730,6.3299999237060550,6852700,6.0382008552551270
2018-06-26,6.3600001335144040,6.6300001144409180,6.3099999427795410,6.5999999046325680,13243700,6.2957549095153810
2018-06-27,6.6599998474121090,6.7100000381469730,6.4000000953674320,6.4200000762939450,10664900,6.1240530014038090
2018-06-28,6.4400000572204590,6.6199998855590820,6.3499999046325680,6.5700001716613770,12019100,6.2671380043029785
2018-06-29,6.6100001335144040,6.7199997901916500,6.4499998092651370,6.5599999427795410,12149500,6.2575979232788090
2018-07-02,6.3600001335144040,6.4200000762939450,6.2699999809265140,6.3400001525878910,9006000,6.0477409362792970
2018-07-03,6.4099998474121090,6.7399997711181640,6.3800001144409180,6.6300001144409180,8492200,6.3243718147277830
2018-07-05,6.6799998283386230,7.0000000000000000,6.6599998474121090,6.9699997901916500,11559600,6.6486978530883790
2018-07-06,6.9699997901916500,7.0700001716613770,6.9200000762939450,6.9600000381469730,7096900,6.6391601562500000
2018-07-09,7.0100002288818360,7.0700001716613770,6.8499999046325680,6.9699997901916500,8895800,6.6486978530883790
2018-07-10,6.9800000190734860,7.0700001716613770,6.9200000762939450,7.0300002098083500,4373500,6.7059330940246580
2018-07-11,6.9299998283386230,7.0100002288818360,6.8899998664855960,6.9400000572204590,3832000,6.6200809478759770
2018-07-12,6.9699997901916500,7.0599999427795410,6.8499999046325680,6.8600001335144040,4470200,6.5437698364257810
2018-07-13,6.8200001716613770,6.8400001525878910,6.7300000190734860,6.7699999809265140,4635900,6.4579181671142580
2018-07-16,6.6999998092651370,6.8000001907348630,6.5900001525878910,6.6999998092651370,4648100,6.3911447525024410
2018-07-17,6.5999999046325680,6.7100000381469730,6.5599999427795410,6.6300001144409180,7650500,6.3243718147277830
2018-07-18,6.6399998664855960,6.8099999427795410,6.5599999427795410,6.7600002288818360,4984300,6.4483785629272460
2018-07-19,6.6700000762939450,6.7899999618530270,6.6199998855590820,6.6799998283386230,6367400,6.3720669746398930
2018-07-20,6.7500000000000000,6.8099999427795410,6.6199998855590820,6.6500000953674320,2887000,6.3434505462646480
2018-07-23,6.5599999427795410,6.7199997901916500,6.4600000381469730,6.6999998092651370,3956300,6.3911447525024410
2018-07-24,6.7800002098083500,7.0300002098083500,6.7199997901916500,6.9699997901916500,9126600,6.6486978530883790
2018-07-25,6.9499998092651370,7.1500000953674320,6.9200000762939450,7.0500001907348630,11638100,6.7250103950500490
2018-07-26,7.1300001144409180,7.5500001907348630,7.0500001907348630,7.4299998283386230,16113100,7.0874929428100590
2018-07-27,7.4299998283386230,7.5900001525878910,7.3600001335144040,7.4499998092651370,7889300,7.1065711975097660
2018-07-30,7.4899997711181640,7.5700001716613770,7.4099998474121090,7.5300002098083500,5213600,7.1828842163085940
2018-07-31,7.4000000953674320,7.5500001907348630,7.3899998664855960,7.4499998092651370,8420400,7.1065711975097660
2018-08-01,7.4000000953674320,7.5300002098083500,7.3899998664855960,7.4299998283386230,3618700,7.0874929428100590
2018-08-02,7.3600001335144040,7.4000000953674320,7.2899999618530270,7.3800001144409180,4546000,7.0397982597351070
2018-08-03,7.3800001144409180,7.4699997901916500,7.3299999237060550,7.4699997901916500,2681800,7.1256499290466310
2018-08-06,7.4499998092651370,7.5599999427795410,7.4499998092651370,7.5100002288818360,5192500,7.1638054847717285
2018-08-07,7.5799999237060550,7.5999999046325680,7.4499998092651370,7.4600000381469730,4319100,7.1161108016967770
2018-08-08,7.4899997711181640,7.4899997711181640,7.3899998664855960,7.4299998283386230,3351000,7.0874929428100590
2018-08-09,7.4299998283386230,7.4299998283386230,7.0999999046325680,7.0999999046325680,7677500,6.7727055549621580
2018-08-10,7.0300002098083500,7.0500001907348630,6.8800001144409180,6.9899997711181640,5462300,6.6677765846252440
2018-08-13,6.9400000572204590,7.0000000000000000,6.7800002098083500,6.8699998855590820,6966700,6.5533084869384770
2018-08-14,6.9000000953674320,7.0999999046325680,6.8899998664855960,7.0599999427795410,4759600,6.7345504760742190
2018-08-15,6.9400000572204590,6.9499998092651370,6.6799998283386230,6.7899999618530270,9166700,6.4769954681396480
2018-08-16,6.7800002098083500,6.9099998474121090,6.5300002098083500,6.5799999237060550,13982900,6.2766761779785160
2018-08-17,6.5500001907348630,6.7500000000000000,6.5500001907348630,6.7100000381469730,4430900,6.4006834030151370
2018-08-20,6.6900000572204590,6.7500000000000000,6.5599999427795410,6.6999998092651370,6551500,6.3911447525024410
2018-08-21,6.7300000190734860,7.0300002098083500,6.7100000381469730,6.9600000381469730,11513100,6.6391601562500000
2018-08-22,6.9899997711181640,7.1500000953674320,6.9000000953674320,7.1199998855590820,4999000,6.7917838096618650
2018-08-23,7.0999999046325680,7.1700000762939450,6.9699997901916500,6.9899997711181640,3804400,6.6677765846252440
2018-08-24,7.0500001907348630,7.1100001335144040,6.9000000953674320,6.9899997711181640,3100800,6.6677765846252440
2018-08-27,7.0700001716613770,7.4099998474121090,7.0599999427795410,7.3699998855590820,9766400,7.0302600860595700
2018-08-28,7.4499998092651370,7.4499998092651370,7.0799999237060550,7.1399998664855960,6547100,6.8108615875244140
2018-08-29,7.0999999046325680,7.2899999618530270,7.0999999046325680,7.2800002098083500,4417900,6.9444079399108890
2018-08-30,7.2300000190734860,7.2300000190734860,7.0599999427795410,7.1399998664855960,3900200,6.8108615875244140
2018-08-31,7.1500000953674320,7.1700000762939450,7.0399999618530270,7.0900001525878910,3931000,6.7631673812866210
2018-09-04,7.0000000000000000,7.0500001907348630,6.8400001525878910,6.9200000762939450,6179100,6.6010026931762695
2018-09-05,6.9099998474121090,6.9099998474121090,6.7500000000000000,6.7800002098083500,5199200,6.4674577713012695
2018-09-06,6.7500000000000000,6.8800001144409180,6.7399997711181640,6.7699999809265140,3340200,6.4579181671142580
2018-09-07,6.7399997711181640,6.8099999427795410,6.6599998474121090,6.7899999618530270,4385400,6.4769954681396480
2018-09-10,6.8000001907348630,6.8400001525878910,6.6799998283386230,6.7899999618530270,3225900,6.4769954681396480
2018-09-11,6.7699999809265140,6.8600001335144040,6.6799998283386230,6.8000001907348630,4114500,6.4865360260009770
2018-09-12,6.8699998855590820,7.0399999618530270,6.8400001525878910,6.9699997901916500,6114100,6.6486978530883790
2018-09-13,7.0500001907348630,7.1300001144409180,7.0300002098083500,7.0700001716613770,3188900,6.7440886497497560
2018-09-14,7.0900001525878910,7.1500000953674320,7.0100002288818360,7.1199998855590820,4204100,6.7917838096618650
2018-09-17,7.1300001144409180,7.2300000190734860,7.0700001716613770,7.0999999046325680,4196900,6.7727055549621580
2018-09-18,7.1399998664855960,7.2300000190734860,7.1100001335144040,7.1900000572204590,3274800,6.8585577011108400
2018-09-19,7.2100000381469730,7.3200001716613770,7.1500000953674320,7.1700000762939450,3788600,6.8394789695739750
2018-09-20,7.1999998092651370,7.2600002288818360,7.1199998855590820,7.1599998474121090,4313000,6.8299398422241210
2018-09-21,7.1599998474121090,7.1599998474121090,7.0300002098083500,7.0599999427795410,3853500,6.7345504760742190
2018-09-24,7.0199999809265140,7.0599999427795410,6.8800001144409180,6.9000000953674320,3366500,6.5819253921508790
2018-09-25,6.9400000572204590,7.0000000000000000,6.8899998664855960,6.9000000953674320,2865900,6.5819253921508790
2018-09-26,6.8699998855590820,7.0599999427795410,6.8499999046325680,6.9400000572204590,4769000,6.6200809478759770
2018-09-27,6.9800000190734860,7.0799999237060550,6.9400000572204590,7.0500001907348630,2664200,6.7250103950500490
2018-09-28,7.0799999237060550,7.0799999237060550,6.9200000762939450,7.0399999618530270,5663400,6.7154717445373535
2018-10-01,7.1300001144409180,7.2600002288818360,7.0799999237060550,7.1100001335144040,4668800,6.7822451591491700
2018-10-02,7.0799999237060550,7.1399998664855960,6.9400000572204590,6.9699997901916500,4347200,6.6486978530883790
2018-10-03,7.0399999618530270,7.0399999618530270,6.8000001907348630,6.8200001716613770,8162100,6.5056128501892090
2018-10-04,6.8000001907348630,6.8099999427795410,6.5100002288818360,6.5700001716613770,12857800,6.2671380043029785
2018-10-05,6.5799999237060550,6.6300001144409180,6.3600001335144040,6.4200000762939450,7804100,6.1240530014038090
2018-10-08,6.3499999046325680,6.3699998855590820,6.2300000190734860,6.3400001525878910,7779800,6.0477409362792970
2018-10-09,6.3099999427795410,6.3899998664855960,6.1700000762939450,6.3800001144409180,4491600,6.0858960151672360
2018-10-10,6.3200001716613770,6.3699998855590820,6.1799998283386230,6.1999998092651370,5650600,5.9141931533813480
2018-10-11,6.1700000762939450,6.2899999618530270,6.0500001907348630,6.0700001716613770,6070800,5.7901859283447270
2018-10-12,6.1900000572204590,6.2899999618530270,6.0999999046325680,6.2199997901916500,6507000,5.9332709312438965
2018-10-15,6.2300000190734860,6.4200000762939450,6.1900000572204590,6.3200001716613770,3620100,6.0286626815795900
2018-10-16,6.3899998664855960,6.5300002098083500,6.3899998664855960,6.4299998283386230,5171500,6.1335911750793460
2018-10-17,6.3699998855590820,6.4400000572204590,6.2300000190734860,6.2399997711181640,7922800,5.9523506164550780
2018-10-18,6.1199998855590820,6.1799998283386230,5.8600001335144040,5.8600001335144040,11016100,5.5898671150207520
2018-10-19,5.9099998474121090,5.9899997711181640,5.7899999618530270,5.9000000953674320,8268700,5.6280231475830080
2018-10-22,5.8800001144409180,5.9699997901916500,5.6500000953674320,5.6500000953674320,8192100,5.3895473480224610
2018-10-23,5.5500001907348630,5.6100001335144040,5.4600000381469730,5.5599999427795410,10540300,5.3036971092224120
2018-10-24,5.5399999618530270,5.6199998855590820,5.3499999046325680,5.3699998855590820,11402500,5.1224551200866700
2018-10-25,5.4699997901916500,5.7899999618530270,5.2800002098083500,5.3099999427795410,16615200,5.0652213096618650
2018-10-26,5.2399997711181640,5.3099999427795410,5.0199999809265140,5.2699999809265140,18701500,5.0270648002624510
2018-10-29,5.0700001716613770,5.2500000000000000,4.7899999618530270,4.8899998664855960,31714600,4.6645817756652830
2018-10-30,4.9499998092651370,5.1500000953674320,4.8299999237060550,5.0799999237060550,21074500,4.8458232879638670
2018-10-31,5.1100001335144040,5.2600002288818360,4.9400000572204590,5.0399999618530270,11986100,4.8076667785644530
2018-11-01,5.0999999046325680,5.4400000572204590,5.0799999237060550,5.4099998474121090,10241200,5.1606111526489260
2018-11-02,5.4800000190734860,5.5599999427795410,5.3600001335144040,5.4099998474121090,6741300,5.1606111526489260
2018-11-05,5.4099998474121090,5.6100001335144040,5.4099998474121090,5.4800000190734860,7403300,5.2273836135864260
2018-11-06,5.4299998283386230,5.6999998092651370,5.4299998283386230,5.6100001335144040,10796700,5.3513913154602050
2018-11-07,5.7300000190734860,5.8099999427795410,5.5799999237060550,5.6399998664855960,8405800,5.3800086975097660
2018-11-08,5.5500001907348630,5.6399998664855960,5.2399997711181640,5.3200001716613770,11989800,5.0747599601745605
2018-11-09,5.2800002098083500,5.3499999046325680,4.9299998283386230,5.3099999427795410,18479200,5.0652213096618650
2018-11-12,5.2500000000000000,5.3099999427795410,4.9899997711181640,5.0300002098083500,10807500,4.7981286048889160
2018-11-13,5.0100002288818360,5.1100001335144040,4.8899998664855960,4.9699997901916500,13455200,4.7408938407897950
2018-11-14,5.0399999618530270,5.2100000381469730,4.9299998283386230,4.9699997901916500,15987800,4.7408938407897950
2018-11-15,4.9800000190734860,5.0799999237060550,4.9400000572204590,4.9899997711181640,10055700,4.7599720954895020
2018-11-16,5.0300002098083500,5.1399998664855960,4.9499998092651370,5.0500001907348630,8200500,4.8172068595886230
2018-11-19,5.0100002288818360,5.0999999046325680,4.9299998283386230,4.9800000190734860,6505000,4.7504324913024900
2018-11-20,4.9000000953674320,5.0599999427795410,4.8699998855590820,4.8800001144409180,7690600,4.6550426483154300
2018-11-21,4.8800001144409180,5.0700001716613770,4.6500000953674320,4.6799998283386230,22982300,4.4642624855041500
2018-11-23,4.6500000953674320,4.7899999618530270,4.4699997901916500,4.7500000000000000,7194300,4.5310359001159670
2018-11-26,4.8099999427795410,4.8600001335144040,4.4800000190734860,4.5599999427795410,14740300,4.3497934341430660
2018-11-27,4.5500001907348630,4.6799998283386230,4.5100002288818360,4.6599998474121090,15065100,4.4451837539672850
2018-11-28,4.7300000190734860,4.9400000572204590,4.6399998664855960,4.9200000762939450,12335100,4.6931991577148440
2018-11-29,4.9699997901916500,5.2100000381469730,4.9600000381469730,5.1100001335144040,12675400,4.8744406700134280
2018-11-30,5.0700001716613770,5.1799998283386230,5.0100002288818360,5.1399998664855960,11593900,4.9030570983886720
2018-12-03,5.3000001907348630,5.3800001144409180,5.0799999237060550,5.1500000953674320,10359900,4.9125967025756840
2018-12-04,5.0700001716613770,5.2300000190734860,4.8699998855590820,4.8899998664855960,9570100,4.6645817756652830
2018-12-06,4.7800002098083500,4.9800000190734860,4.7399997711181640,4.9800000190734860,10359300,4.7504324913024900
2018-12-07,5.0000000000000000,5.1599998474121090,5.0000000000000000,5.0199999809265140,7820000,4.7885885238647460
2018-12-10,4.9600000381469730,4.9899997711181640,4.7399997711181640,4.7500000000000000,10981600,4.5310359001159670
2018-12-11,4.8000001907348630,4.8699998855590820,4.6700000762939450,4.6799998283386230,11386400,4.4642624855041500
2018-12-12,4.7600002288818360,4.8000001907348630,4.6999998092651370,4.7100000381469730,9489200,4.4928798675537110
2018-12-13,4.7800002098083500,4.7800002098083500,4.5999999046325680,4.6199998855590820,12716000,4.4070281982421875
2018-12-14,4.5700001716613770,4.6999998092651370,4.5199999809265140,4.6500000953674320,14814300,4.4356451034545900
2018-12-17,4.6500000953674320,4.7600002288818360,4.6399998664855960,4.6500000953674320,6999000,4.4356451034545900
2018-12-18,4.6900000572204590,4.8699998855590820,4.6599998474121090,4.7800002098083500,8395200,4.5596523284912110
2018-12-19,4.8699998855590820,5.0700001716613770,4.7899999618530270,4.8299999237060550,10137100,4.6073474884033200
2018-12-20,4.9000000953674320,5.0100002288818360,4.7600002288818360,4.8099999427795410,10936300,4.5882697105407715
2018-12-21,4.7600002288818360,4.8699998855590820,4.7100000381469730,4.7800002098083500,8068300,4.5596523284912110
2018-12-24,4.7399997711181640,4.8299999237060550,4.6799998283386230,4.6900000572204590,3400400,4.4738016128540040
2018-12-26,4.6799998283386230,4.7800002098083500,4.6199998855590820,4.7699999809265140,5783100,4.5501141548156740
2018-12-27,4.6900000572204590,4.7899999618530270,4.6700000762939450,4.7899999618530270,9041400,4.5691914558410645
2018-12-28,4.8000001907348630,4.8299999237060550,4.7600002288818360,4.7899999618530270,3791400,4.5691914558410645
2018-12-31,4.7899999618530270,4.8699998855590820,4.7300000190734860,4.8200001716613770,4793100,4.5978088378906250
2019-01-02,4.7500000000000000,4.9899997711181640,4.7500000000000000,4.9699997901916500,4172900,4.7408938407897950
2019-01-03,4.9499998092651370,4.9499998092651370,4.8200001716613770,4.8600001335144040,4016300,4.6359648704528810
2019-01-04,4.9099998474121090,4.9699997901916500,4.8600001335144040,4.9099998474121090,7477600,4.6836595535278320
2019-01-07,4.9600000381469730,5.1100001335144040,4.8800001144409180,5.0700001716613770,4678700,4.8362841606140140
2019-01-08,5.1199998855590820,5.2100000381469730,5.0799999237060550,5.2100000381469730,7033700,4.9698309898376465
2019-01-09,5.2100000381469730,5.4000000953674320,5.2100000381469730,5.3000001907348630,10121800,5.0556821823120120
2019-01-10,5.3000001907348630,5.3400001525878910,5.2199997901916500,5.2699999809265140,12064200,5.0270648002624510
2019-01-11,5.2199997901916500,5.2899999618530270,5.1700000762939450,5.2399997711181640,4425600,4.9984478950500490
2019-01-14,5.2199997901916500,5.3299999237060550,5.1900000572204590,5.2300000190734860,4335400,4.9889092445373535
2019-01-15,5.2300000190734860,5.2500000000000000,5.1500000953674320,5.1999998092651370,7328400,4.9602913856506350
2019-01-16,5.1900000572204590,5.3800001144409180,5.1799998283386230,5.3400001525878910,6195200,5.0938382148742680
2019-01-17,5.3200001716613770,5.4800000190734860,5.3000001907348630,5.4600000381469730,7073500,5.2083072662353520
2019-01-18,5.4899997711181640,5.6300001144409180,5.4099998474121090,5.5700001716613770,6529900,5.3132352828979490
2019-01-22,5.5000000000000000,5.5599999427795410,5.3600001335144040,5.4099998474121090,5953500,5.1606111526489260
2019-01-23,5.4400000572204590,5.4600000381469730,5.1599998474121090,5.2399997711181640,9631000,4.9984478950500490
2019-01-24,5.2199997901916500,5.3600001335144040,5.2199997901916500,5.2500000000000000,5322600,5.0079865455627440
2019-01-25,5.3200001716613770,5.4000000953674320,5.3000001907348630,5.3200001716613770,5334200,5.0747599601745605
2019-01-28,5.2500000000000000,5.3499999046325680,5.2399997711181640,5.3200001716613770,3815900,5.0747599601745605
2019-01-29,5.3099999427795410,5.3899998664855960,5.2899999618530270,5.3000001907348630,3054300,5.0556821823120120
2019-01-30,5.2800002098083500,5.4000000953674320,5.1999998092651370,5.3499999046325680,6787200,5.1033763885498050
2019-01-31,5.3699998855590820,5.4899997711181640,5.3299999237060550,5.4400000572204590,7259000,5.1892285346984860
2019-02-01,5.4400000572204590,5.4499998092651370,5.3299999237060550,5.3400001525878910,4424800,5.0938382148742680
2019-02-04,5.3299999237060550,5.4099998474121090,5.3099999427795410,5.3600001335144040,2564000,5.1129169464111330
2019-02-05,5.3800001144409180,5.5199999809265140,5.3600001335144040,5.5000000000000000,4342100,5.2464623451232910
2019-02-06,5.5000000000000000,5.5000000000000000,5.3000001907348630,5.3200001716613770,7224300,5.0747599601745605
2019-02-07,5.3000001907348630,5.3099999427795410,4.8899998664855960,4.9400000572204590,15009300,4.7122769355773930
2019-02-08,4.8800001144409180,4.9499998092651370,4.7699999809265140,4.8600001335144040,12167000,4.6359648704528810
2019-02-11,4.8699998855590820,4.9099998474121090,4.7500000000000000,4.9000000953674320,11829400,4.6741213798522950
2019-02-12,4.9099998474121090,5.0300002098083500,4.9099998474121090,5.0199999809265140,10026700,4.7885885238647460
2019-02-13,5.0000000000000000,5.0500001907348630,4.8099999427795410,4.8299999237060550,8968800,4.6073474884033200
2019-02-14,4.8299999237060550,4.9400000572204590,4.7699999809265140,4.9000000953674320,7708700,4.6741213798522950
2019-02-15,4.9200000762939450,4.9600000381469730,4.8800001144409180,4.9200000762939450,8137400,4.6931991577148440
2019-02-19,4.9299998283386230,5.0000000000000000,4.8899998664855960,4.8899998664855960,3700400,4.6645817756652830
2019-02-20,4.9800000190734860,5.1300001144409180,4.9699997901916500,5.0100002288818360,10848400,4.7790503501892090
2019-02-21,5.0000000000000000,5.0100002288818360,4.9600000381469730,5.0000000000000000,6477800,4.7695116996765140
2019-02-22,5.0100002288818360,5.0500001907348630,4.9299998283386230,4.9699997901916500,7036800,4.7408938407897950
2019-02-25,4.9800000190734860,5.0199999809265140,4.8699998855590820,4.9299998283386230,12676200,4.7027378082275390
2019-02-26,4.9299998283386230,4.9699997901916500,4.8899998664855960,4.9200000762939450,9185000,4.6931991577148440
2019-02-27,4.9299998283386230,4.9400000572204590,4.8499999046325680,4.8699998855590820,6976200,4.6455039978027340
2019-02-28,4.8499999046325680,4.9200000762939450,4.7399997711181640,4.8499999046325680,7038500,4.6264257431030270
2019-03-01,4.9000000953674320,4.9400000572204590,4.7600002288818360,4.8699998855590820,8061300,4.6455039978027340
2019-03-04,4.8800001144409180,4.9000000953674320,4.7699999809265140,4.8099999427795410,7422800,4.5882697105407715
2019-03-05,4.8099999427795410,4.8200001716613770,4.7399997711181640,4.7600002288818360,5485300,4.5405745506286620
2019-03-06,4.7399997711181640,4.7899999618530270,4.6599998474121090,4.7399997711181640,4082400,4.5214967727661130
2019-03-07,4.7300000190734860,4.7300000190734860,4.5799999237060550,4.6599998474121090,10082300,4.4451837539672850
2019-03-08,4.6300001144409180,4.6799998283386230,4.5999999046325680,4.6300001144409180,5506200,4.4165673255920410
2019-03-11,4.6599998474121090,4.7500000000000000,4.6399998664855960,4.6999998092651370,4625600,4.4833402633666990
2019-03-12,4.7300000190734860,4.7899999618530270,4.6999998092651370,4.7300000190734860,4445800,4.5119581222534180
2019-03-13,4.7300000190734860,4.7600002288818360,4.6599998474121090,4.7100000381469730,4664100,4.4928798675537110
2019-03-14,4.6700000762939450,4.7199997901916500,4.6100001335144040,4.6599998474121090,5523500,4.4451837539672850
2019-03-15,4.6799998283386230,4.7699999809265140,4.6700000762939450,4.7699999809265140,6030700,4.5501141548156740
2019-03-18,4.7800002098083500,4.8899998664855960,4.6999998092651370,4.8299999237060550,7426300,4.6073474884033200
2019-03-19,4.8699998855590820,4.9400000572204590,4.8299999237060550,4.8899998664855960,12691800,4.6645817756652830
2019-03-20,4.8699998855590820,4.9800000190734860,4.7699999809265140,4.9699997901916500,10634800,4.7408938407897950
2019-03-21,4.8899998664855960,5.0500001907348630,4.8800001144409180,4.9099998474121090,9470000,4.6836595535278320
2019-03-22,4.8200001716613770,4.8699998855590820,4.5300002098083500,4.5399999618530270,21713400,4.3307166099548340
2019-03-25,4.5399999618530270,4.8200001716613770,4.5399999618530270,4.8000001907348630,14130300,4.5787310600280760
2019-03-26,4.8600001335144040,4.8699998855590820,4.6700000762939450,4.7100000381469730,8770300,4.4928798675537110
2019-03-27,4.6799998283386230,4.7600002288818360,4.6399998664855960,4.7399997711181640,6718300,4.5214967727661130
2019-03-28,4.7199997901916500,4.7399997711181640,4.5399999618530270,4.5599999427795410,14487800,4.3497934341430660
2019-03-29,4.5900001525878910,4.6999998092651370,4.5399999618530270,4.6399998664855960,29947000,4.4261064529418945
2019-04-01,4.7199997901916500,4.7899999618530270,4.6900000572204590,4.7600002288818360,6032000,4.5405745506286620
2019-04-02,4.7399997711181640,4.7800002098083500,4.6399998664855960,4.7600002288818360,10804600,4.5405745506286620
2019-04-03,4.8000001907348630,4.8400001525878910,4.7600002288818360,4.8000001907348630,5892400,4.5787310600280760
2019-04-04,4.8000001907348630,4.9200000762939450,4.7800002098083500,4.8800001144409180,6069900,4.6550426483154300
2019-04-05,4.8899998664855960,4.9899997711181640,4.8800001144409180,4.9699997901916500,6712000,4.7408938407897950
2019-04-08,4.9400000572204590,5.0999999046325680,4.8699998855590820,5.0999999046325680,5823500,4.8649015426635740
2019-04-09,5.0700001716613770,5.0900001525878910,4.9600000381469730,4.9699997901916500,5456500,4.7408938407897950
2019-04-10,5.0000000000000000,5.0000000000000000,4.9200000762939450,4.9400000572204590,3736500,4.7122769355773930
2019-04-11,4.9299998283386230,4.9299998283386230,4.7500000000000000,4.7800002098083500,9421500,4.5596523284912110
2019-04-12,4.8099999427795410,4.8400001525878910,4.7199997901916500,4.7899999618530270,6969600,4.5691914558410645
2019-04-15,4.7800002098083500,4.8699998855590820,4.7199997901916500,4.8000001907348630,4031300,4.5787310600280760
2019-04-16,4.7800002098083500,4.8699998855590820,4.7800002098083500,4.8699998855590820,4511000,4.6455039978027340
2019-04-17,4.9000000953674320,4.9499998092651370,4.8200001716613770,4.9099998474121090,7762000,4.6836595535278320
2019-04-18,4.8800001144409180,4.9800000190734860,4.8600001335144040,4.8800001144409180,4181600,4.6550426483154300
2019-04-22,4.8600001335144040,4.8899998664855960,4.8200001716613770,4.8400001525878910,3467500,4.6168870925903320
2019-04-23,4.8299999237060550,4.8400001525878910,4.6900000572204590,4.7800002098083500,9753300,4.5596523284912110
2019-04-24,4.7800002098083500,4.8299999237060550,4.7300000190734860,4.8200001716613770,7676200,4.5978088378906250
2019-04-25,4.8099999427795410,4.8499999046325680,4.5900001525878910,4.5999999046325680,12018000,4.3879504203796390
2019-04-26,4.5999999046325680,4.6500000953674320,4.5799999237060550,4.6100001335144040,7024200,4.3974895477294920
2019-04-29,4.5799999237060550,4.6300001144409180,4.5399999618530270,4.5700001716613770,5035500,4.3593339920043945
2019-04-30,4.5700001716613770,4.6300001144409180,4.5399999618530270,4.5999999046325680,4176800,4.3879504203796390
2019-05-01,4.6500000953674320,4.6799998283386230,4.5700001716613770,4.5799999237060550,6494200,4.3688721656799320
2019-05-02,4.5599999427795410,4.6199998855590820,4.5199999809265140,4.5700001716613770,6635400,4.3593339920043945
2019-05-03,4.6300001144409180,4.6500000953674320,4.5900001525878910,4.6399998664855960,3901300,4.4261064529418945
2019-05-06,4.5599999427795410,4.6599998474121090,4.5500001907348630,4.6100001335144040,3191600,4.3974895477294920
2019-05-07,4.5599999427795410,4.5799999237060550,4.5000000000000000,4.5300002098083500,4355900,4.3211774826049805
2019-05-08,4.5500001907348630,4.5599999427795410,4.4899997711181640,4.5000000000000000,4818200,4.2925596237182620
2019-05-09,4.4800000190734860,4.5399999618530270,4.4200000762939450,4.5199999809265140,8833700,4.3116374015808105
2019-05-10,4.5100002288818360,4.5599999427795410,4.4299998283386230,4.5199999809265140,6621300,4.3116374015808105
2019-05-13,4.4200000762939450,4.4400000572204590,4.3099999427795410,4.3400001525878910,5578900,4.1399350166320800
2019-05-14,4.3800001144409180,4.4899997711181640,4.3499999046325680,4.3800001144409180,6902700,4.1780924797058105
2019-05-15,4.3600001335144040,4.4400000572204590,4.3499999046325680,4.4099998474121090,4017000,4.2067093849182130
2019-05-16,4.3600001335144040,4.4899997711181640,4.3600001335144040,4.4000000953674320,5257900,4.1971697807312010
2019-05-17,4.3800001144409180,4.4200000762939450,4.3600001335144040,4.3800001144409180,6433900,4.1780924797058105
2019-05-20,4.3699998855590820,4.4299998283386230,4.3499999046325680,4.3899998664855960,2872800,4.1876311302185060
2019-05-21,4.4200000762939450,4.4200000762939450,4.3600001335144040,4.3800001144409180,2792900,4.1780924797058105
2019-05-22,4.3699998855590820,4.4000000953674320,4.3200001716613770,4.3400001525878910,3200500,4.1399350166320800
2019-05-23,4.3099999427795410,4.3200001716613770,4.2100000381469730,4.3200001716613770,5936500,4.1208577156066895
2019-05-24,4.3600001335144040,4.3600001335144040,4.1900000572204590,4.2100000381469730,6021000,4.0159287452697750
2019-05-28,4.1900000572204590,4.2100000381469730,3.9600000381469727,4.0300002098083500,11406600,3.8442261219024660
2019-05-29,3.9800000190734863,4.1999998092651370,3.9400000572204590,4.1900000572204590,9282900,3.9968507289886475
2019-05-30,4.1900000572204590,4.3400001525878910,4.1900000572204590,4.2300000190734860,4719200,4.0350065231323240
2019-05-31,4.0799999237060550,4.1599998474121090,3.9600000381469727,4.1199998855590820,8804500,3.9300775527954100
2019-06-03,4.1500000953674320,4.1999998092651370,4.0599999427795410,4.1300001144409180,5875200,3.9396159648895264
2019-06-04,4.1700000762939450,4.3699998855590820,4.1599998474121090,4.2899999618530270,7092500,4.0922408103942870
2019-06-05,4.3200001716613770,4.3200001716613770,4.1700000762939450,4.1900000572204590,4690800,3.9968507289886475
2019-06-06,4.1799998283386230,4.1900000572204590,4.0399999618530270,4.1100001335144040,9312800,3.9205381870269775
2019-06-07,4.1399998664855960,4.1799998283386230,4.0999999046325680,4.1300001144409180,3912800,3.9396159648895264
2019-06-10,4.2300000190734860,4.4600000381469730,4.1999998092651370,4.3899998664855960,8486500,4.1876311302185060
2019-06-11,4.4400000572204590,4.4400000572204590,4.2300000190734860,4.2500000000000000,7648800,4.0540852546691895
2019-06-12,4.2100000381469730,4.2399997711181640,4.1599998474121090,4.1599998474121090,5032400,3.9682331085205080
2019-06-13,4.1100001335144040,4.2899999618530270,4.1100001335144040,4.2199997901916500,6345300,4.0254678726196290
2019-06-14,4.2100000381469730,4.2100000381469730,4.0999999046325680,4.1700000762939450,4724300,3.9777727127075195
2019-06-17,4.1599998474121090,4.1599998474121090,4.0599999427795410,4.0999999046325680,6328900,3.9584627151489260
2019-06-18,4.1599998474121090,4.2199997901916500,4.1500000953674320,4.1500000953674320,4665900,4.0067372322082520
2019-06-19,4.1700000762939450,4.1900000572204590,4.0999999046325680,4.1500000953674320,6079800,4.0067372322082520
2019-06-20,4.2100000381469730,4.2500000000000000,4.1100001335144040,4.1300001144409180,4483300,3.9874272346496580
2019-06-21,4.1300001144409180,4.1900000572204590,4.0599999427795410,4.1700000762939450,5712800,4.0260467529296875
2019-06-24,4.1999998092651370,4.2100000381469730,4.1300001144409180,4.1599998474121090,1951600,4.0163917541503910
2019-06-25,4.1300001144409180,4.1700000762939450,4.0799999237060550,4.1100001335144040,4196900,3.9681181907653810
2019-06-26,4.1300001144409180,4.2300000190734860,4.0900001525878910,4.1999998092651370,7485100,4.0550112724304200
2019-06-27,4.2300000190734860,4.2800002098083500,4.1999998092651370,4.2100000381469730,5514500,4.0646657943725590
2019-06-28,4.2399997711181640,4.2600002288818360,4.1500000953674320,4.2399997711181640,4277700,4.0936293601989750
2019-07-01,4.2699999809265140,4.3200001716613770,4.2199997901916500,4.3200001716613770,4612300,4.1708683967590330
2019-07-02,4.3200001716613770,4.3499999046325680,4.2500000000000000,4.2899999618530270,3171400,4.1419038772583010
2019-07-03,4.3200001716613770,4.3299999237060550,4.2399997711181640,4.2500000000000000,3482100,4.1032848358154300
2019-07-05,4.2500000000000000,4.3099999427795410,4.2199997901916500,4.3000001907348630,2708600,4.1515583992004395
2019-07-08,4.2699999809265140,4.3400001525878910,4.2600002288818360,4.2800002098083500,3913100,4.1322493553161620
2019-07-09,4.2500000000000000,4.2899999618530270,4.0100002288818360,4.0100002288818360,9910000,3.8715701103210450
2019-07-10,4.0399999618530270,4.0500001907348630,3.9500000476837160,3.9800000190734863,11394400,3.8426051139831543
2019-07-11,4.0199999809265140,4.0599999427795410,3.9800000190734863,4.0500001907348630,8801400,3.9101891517639160
2019-07-12,4.0500001907348630,4.1199998855590820,4.0100002288818360,4.0199999809265140,19533800,3.8812243938446045
2019-07-15,4.0300002098083500,4.0999999046325680,4.0000000000000000,4.0700001716613770,5247200,3.9294981956481934
2019-07-16,4.0700001716613770,4.0700001716613770,3.9700000286102295,4.0000000000000000,4697800,3.8619146347045900
2019-07-17,4.0000000000000000,4.0100002288818360,3.9000000953674316,3.9100000858306885,6687800,3.7750220298767090
2019-07-18,3.9000000953674316,3.9300000667572020,3.7100000381469727,3.7599999904632570,10645000,3.6301999092102050
2019-07-19,3.7599999904632570,3.7999999523162840,3.7000000476837160,3.7599999904632570,8553100,3.6301999092102050
2019-07-22,3.7500000000000000,3.8099999427795410,3.6900000572204590,3.7200000286102295,5317800,3.5915808677673340
2019-07-23,3.7500000000000000,3.7699999809265137,3.6800000667572020,3.6900000572204590,6387200,3.5626165866851807
2019-07-24,3.7100000381469727,3.7599999904632570,3.6900000572204590,3.7400000095367430,5036500,3.6108903884887695
2019-07-25,3.6700000762939453,3.7000000476837160,3.5999999046325684,3.6600000858306885,8511800,3.5336520671844482
2019-07-26,3.6900000572204590,3.6900000572204590,3.5999999046325684,3.6300001144409180,6767300,3.5046880245208740
2019-07-29,3.6500000953674316,3.6900000572204590,3.5899999141693115,3.6400001049041750,5654900,3.5143427848815920
2019-07-30,3.6099998950958250,3.6800000667572020,3.5999999046325684,3.6700000762939453,6005700,3.5433070659637450
2019-07-31,3.6700000762939453,3.6700000762939453,3.5199999809265137,3.5599999427795410,9370700,3.4371044635772705
2019-08-01,3.5699999332427980,3.6099998950958250,3.3699998855590820,3.4000000953674316,9771100,3.2826278209686280
2019-08-02,3.3599998950958250,3.4000000953674316,3.2200000286102295,3.2699999809265137,9987100,3.1571154594421387
2019-08-05,3.2200000286102295,3.2500000000000000,3.0199999809265137,3.0999999046325684,23506200,2.9929842948913574
2019-08-06,3.1600000858306885,3.2599999904632570,3.0499999523162840,3.1199998855590820,16493800,3.0122938156127930
2019-08-07,3.0599999427795410,3.1400001049041750,2.9500000476837160,3.1300001144409180,11341100,3.0219485759735107
2019-08-08,3.1199998855590820,3.2000000476837160,3.0899999141693115,3.1800000667572020,10611500,3.0702223777770996
2019-08-09,3.1600000858306885,3.1800000667572020,3.1199998855590820,3.1600000858306885,7340400,3.0509126186370850
2019-08-12,3.0999999046325684,3.1099998950958250,3.0199999809265137,3.0299999713897705,7842700,2.9254007339477540
2019-08-13,3.0299999713897705,3.1300001144409180,2.9800000190734863,3.0199999809265137,7853700,2.9157459735870360
2019-08-14,2.9900000095367430,3.0199999809265137,2.9300000667572020,2.9600000381469727,14234100,2.8578169345855713
2019-08-15,2.9600000381469727,2.9700000286102295,2.8199999332427980,2.8900001049041750,11502800,2.7902338504791260
2019-08-16,2.9200000762939453,2.9900000095367430,2.9200000762939453,2.9700000286102295,7796400,2.8674719333648680
2019-08-19,3.0199999809265137,3.0499999523162840,2.8199999332427980,2.9900000095367430,5366300,2.8867814540863037
2019-08-20,3.0399999618530273,3.0799999237060547,2.9900000095367430,3.0099999904632570,5519700,2.9060909748077393
2019-08-21,3.0699999332427980,3.1099998950958250,3.0599999427795410,3.1099998950958250,8948300,3.0026388168334960
2019-08-22,3.0899999141693115,3.1400001049041750,3.0599999427795410,3.1300001144409180,7162900,3.0219485759735107
2019-08-23,3.1099998950958250,3.2200000286102295,3.0699999332427980,3.1199998855590820,8815400,3.0122938156127930
2019-08-26,3.1600000858306885,3.1800000667572020,3.1300001144409180,3.1500000953674316,5496200,3.0412580966949463
2019-08-27,3.1500000953674316,3.2300000190734863,3.1300001144409180,3.2000000476837160,5124300,3.0895321369171143
2019-08-28,3.2100000381469727,3.3199999332427980,3.1900000572204590,3.2699999809265137,6662900,3.1571154594421387
2019-08-29,3.3199999332427980,3.6500000953674316,3.2999999523162840,3.5699999332427980,22218800,3.4467589855194090
2019-08-30,3.6099998950958250,3.8399999141693115,3.6099998950958250,3.7500000000000000,12872900,3.6205451488494873
2019-09-03,3.7100000381469727,3.7300000190734863,3.5199999809265137,3.5699999332427980,10622800,3.4467589855194090
2019-09-04,3.6099998950958250,3.7799999713897705,3.6099998950958250,3.7500000000000000,6187200,3.6205451488494873
2019-09-05,3.8199999332427980,3.9300000667572020,3.8099999427795410,3.8800001144409180,5746300,3.7460572719573975
2019-09-06,3.8800001144409180,3.9300000667572020,3.7899999618530273,3.8299999237060547,10499400,3.6977837085723877
2019-09-09,3.8299999237060547,4.0000000000000000,3.8299999237060547,3.9500000476837160,6729500,3.8136408329010010
2019-09-10,3.9500000476837160,4.0700001716613770,3.8800001144409180,4.0399999618530270,9376500,3.9005339145660400
2019-09-11,3.9800000190734863,4.0500001907348630,3.8099999427795410,3.9300000667572020,13079500,3.7943313121795654
2019-09-12,3.9300000667572020,3.9800000190734863,3.8399999141693115,3.8699998855590820,7107100,3.7364025115966797
2019-09-13,3.9100000858306885,3.9500000476837160,3.8699998855590820,3.9500000476837160,5062700,3.8136408329010010
2019-09-16,3.9000000953674316,3.9500000476837160,3.8399999141693115,3.9200000762939453,5118500,3.7846767902374268
2019-09-17,3.8599998950958250,4.0599999427795410,3.8499999046325684,4.0500001907348630,4927600,3.9101891517639160
2019-09-18,4.0199999809265140,4.0700001716613770,3.9400000572204590,3.9800000190734863,9666100,3.8426051139831543
2019-09-19,3.9800000190734863,4.0700001716613770,3.9500000476837160,3.9800000190734863,4582800,3.8426051139831543
2019-09-20,4.0000000000000000,4.1199998855590820,3.9800000190734863,4.1100001335144040,9587900,3.9681181907653810
2019-09-23,4.0599999427795410,4.0999999046325680,4.0000000000000000,4.0300002098083500,4980600,3.8908796310424805
2019-09-24,4.0199999809265140,4.0500001907348630,3.9800000190734863,3.9900000095367430,3685300,3.8522601127624510
2019-09-25,3.9500000476837160,4.0000000000000000,3.8499999046325684,4.0000000000000000,3723200,3.8619146347045900
2019-09-26,3.9600000381469727,3.9900000095367430,3.9400000572204590,3.9800000190734863,2900500,3.8426051139831543
2019-09-27,3.9700000286102295,4.0500001907348630,3.9500000476837160,3.9600000381469727,4117400,3.8232955932617188
2019-09-30,3.9600000381469727,4.0100002288818360,3.9000000953674316,3.9200000762939453,3444300,3.7846767902374268
2019-10-01,3.9500000476837160,3.9500000476837160,3.7899999618530273,3.7999999523162840,5906000,3.6688189506530760
2019-10-02,3.7500000000000000,3.7899999618530273,3.5999999046325684,3.6900000572204590,8948500,3.5626165866851807
2019-10-03,3.6600000858306885,3.7300000190734863,3.6199998855590820,3.6800000667572020,5893700,3.5529618263244630
2019-10-04,3.6600000858306885,3.7599999904632570,3.6500000953674316,3.7500000000000000,4989800,3.6205451488494873
2019-10-07,3.7400000095367430,3.7699999809265137,3.6900000572204590,3.7000000476837160,2981100,3.5722713470458984
2019-10-08,3.6800000667572020,3.8199999332427980,3.6600000858306885,3.7599999904632570,4646300,3.6301999092102050
2019-10-09,3.8299999237060547,3.8699998855590820,3.7500000000000000,3.8599998950958250,6779100,3.7267475128173830
2019-10-10,3.8499999046325684,3.9800000190734863,3.8299999237060547,3.9100000858306885,7774900,3.7750220298767090
2019-10-11,3.9900000095367430,4.1100001335144040,3.9600000381469727,4.0700001716613770,13792900,3.9294981956481934
2019-10-14,4.0500001907348630,4.1199998855590820,4.0000000000000000,4.0999999046325680,8584100,3.9584627151489260
2019-10-15,4.0999999046325680,4.2199997901916500,4.0900001525878910,4.1100001335144040,5785500,3.9681181907653810
2019-10-16,4.1100001335144040,4.1599998474121090,4.0900001525878910,4.1300001144409180,3533600,3.9874272346496580
2019-10-17,4.1199998855590820,4.1999998092651370,4.0700001716613770,4.0700001716613770,3780500,3.9294981956481934
2019-10-18,4.0799999237060550,4.1500000953674320,4.0000000000000000,4.0799999237060550,6400900,3.9391529560089110
2019-10-21,4.0999999046325680,4.1199998855590820,4.0500001907348630,4.0799999237060550,2826700,3.9391529560089110
2019-10-22,4.0599999427795410,4.1599998474121090,4.0500001907348630,4.1399998664855960,6978100,3.9970819950103760
2019-10-23,4.1500000953674320,4.1999998092651370,4.0999999046325680,4.1900000572204590,8105900,4.0453553199768070
2019-10-24,4.0900001525878910,4.0900001525878910,3.8299999237060547,3.9000000953674316,14548700,3.7653670310974120
2019-10-25,3.9200000762939453,4.0000000000000000,3.8699998855590820,3.9800000190734863,6740200,3.8426051139831543
2019-10-28,4.0000000000000000,4.0999999046325680,3.9900000095367430,4.0900001525878910,6041000,3.9488081932067870
2019-10-29,4.0700001716613770,4.0999999046325680,4.0100002288818360,4.0100002288818360,4973400,3.8715701103210450
2019-10-30,3.9900000095367430,4.0100002288818360,3.8099999427795410,3.8399999141693115,17797500,3.7074379920959473
2019-10-31,3.8099999427795410,3.8299999237060547,3.7500000000000000,3.7699999809265137,6177000,3.6398546695709230
2019-11-01,3.8199999332427980,3.8800001144409180,3.7899999618530273,3.8599998950958250,9098900,3.7267475128173830
2019-11-04,3.9000000953674316,3.9700000286102295,3.8599998950958250,3.8699998855590820,7029300,3.7364025115966797
2019-11-05,3.8699998855590820,3.9500000476837160,3.8399999141693115,3.8599998950958250,5571500,3.7267475128173830
2019-11-06,3.8299999237060547,3.8900001049041750,3.7599999904632570,3.8900001049041750,4282600,3.7557122707366943
2019-11-07,3.9100000858306885,3.9300000667572020,3.8800001144409180,3.8800001144409180,4806800,3.7460572719573975
2019-11-08,3.8399999141693115,3.8800001144409180,3.8199999332427980,3.8299999237060547,2765700,3.6977837085723877
2019-11-11,3.7999999523162840,3.8199999332427980,3.7500000000000000,3.7699999809265137,3649400,3.6398546695709230
2019-11-12,3.7799999713897705,3.7899999618530273,3.6199998855590820,3.6300001144409180,5301200,3.5046880245208740
2019-11-13,3.5899999141693115,3.6700000762939453,3.5499999523162840,3.6400001049041750,7119800,3.5143427848815920
2019-11-14,3.5999999046325684,3.6900000572204590,3.5999999046325684,3.6500000953674316,4194500,3.5239970684051514
2019-11-15,3.6800000667572020,3.7100000381469727,3.6600000858306885,3.6900000572204590,4151000,3.5626165866851807
2019-11-18,3.6300001144409180,3.7000000476837160,3.6300001144409180,3.6600000858306885,2421900,3.5336520671844482
2019-11-19,3.6700000762939453,3.7000000476837160,3.6099998950958250,3.6900000572204590,5427300,3.5626165866851807
2019-11-20,3.6600000858306885,3.7200000286102295,3.5999999046325684,3.6099998950958250,4794300,3.4853780269622803
2019-11-21,3.5999999046325684,3.6600000858306885,3.5999999046325684,3.6199998855590820,2932300,3.4950330257415770
2019-11-22,3.6500000953674316,3.6700000762939453,3.5899999141693115,3.6600000858306885,4186200,3.5336520671844482
2019-11-25,3.6400001049041750,3.7300000190734863,3.6400001049041750,3.7100000381469727,3925200,3.5819263458251953
2019-11-26,3.7200000286102295,3.7899999618530273,3.7000000476837160,3.7000000476837160,10624600,3.5722713470458984
2019-11-27,3.7000000476837160,3.7899999618530273,3.6900000572204590,3.7899999618530273,4435500,3.6591641902923584
2019-11-29,3.7899999618530273,3.8099999427795410,3.6900000572204590,3.7300000190734863,4699000,3.6012353897094727
2019-12-02,3.7200000286102295,3.7599999904632570,3.6099998950958250,3.6300001144409180,4469500,3.5046880245208740
2019-12-03,3.5999999046325684,3.6099998950958250,3.5199999809265137,3.5199999809265137,4480200,3.3984849452972410
2019-12-04,3.5199999809265137,3.5999999046325684,3.5199999809265137,3.5399999618530273,8831500,3.4177949428558350
2019-12-05,3.5699999332427980,3.6600000858306885,3.5499999523162840,3.6099998950958250,2902900,3.4853780269622803
2019-12-06,3.6099998950958250,3.6400001049041750,3.5199999809265137,3.5299999713897705,4304600,3.4081397056579590
2019-12-09,3.5000000000000000,3.5799999237060547,3.5000000000000000,3.5699999332427980,3981600,3.4467589855194090
2019-12-10,3.5599999427795410,3.6199998855590820,3.5199999809265137,3.5799999237060547,8659500,3.4564139842987060
2019-12-11,3.5999999046325684,3.7100000381469727,3.5699999332427980,3.6600000858306885,3898700,3.5336520671844482
2019-12-12,3.6700000762939453,3.7899999618530273,3.6700000762939453,3.7200000286102295,4138900,3.5915808677673340
2019-12-13,3.6900000572204590,3.7799999713897705,3.6900000572204590,3.7599999904632570,5419200,3.6796576976776123
2019-12-16,3.7599999904632570,3.8299999237060547,3.7599999904632570,3.8099999427795410,4402400,3.7285895347595215
2019-12-17,3.7899999618530273,3.8199999332427980,3.7400000095367430,3.7799999713897705,4972200,3.6992301940917970
2019-12-18,3.7799999713897705,3.9000000953674316,3.7500000000000000,3.8900001049041750,10420800,3.8068799972534180
2019-12-19,3.9000000953674316,3.9500000476837160,3.8599998950958250,3.8699998855590820,6787000,3.7873072624206543
2019-12-20,3.8900001049041750,3.9100000858306885,3.8099999427795410,3.8199999332427980,3768800,3.7383754253387450
2019-12-23,3.8399999141693115,3.8900001049041750,3.8099999427795410,3.8699998855590820,4295200,3.7873072624206543
2019-12-24,3.8699998855590820,3.8800001144409180,3.8199999332427980,3.8399999141693115,1166500,3.7579479217529297
2019-12-26,3.8399999141693115,3.9100000858306885,3.8199999332427980,3.8900001049041750,2772600,3.8068799972534180
2019-12-27,3.9000000953674316,3.9200000762939453,3.8399999141693115,3.8499999046325684,3665700,3.7677347660064697
2019-12-30,3.8499999046325684,3.8800001144409180,3.7400000095367430,3.7899999618530273,4111600,3.7090167999267580
2019-12-31,3.7699999809265137,3.8199999332427980,3.7500000000000000,3.7799999713897705,2643700,3.6992301940917970
2020-01-02,3.8099999427795410,3.8800001144409180,3.7999999523162840,3.8399999141693115,2661900,3.7579479217529297
2020-01-03,3.7799999713897705,3.8499999046325684,3.7699999809265137,3.7999999523162840,2861600,3.7188029289245605
2020-01-06,3.7799999713897705,3.8399999141693115,3.7599999904632570,3.8399999141693115,3012600,3.7579479217529297
2020-01-07,3.8399999141693115,3.8399999141693115,3.7200000286102295,3.7599999904632570,5000600,3.6796576976776123
2020-01-08,3.7799999713897705,3.8699998855590820,3.7599999904632570,3.8399999141693115,3804800,3.7579479217529297
2020-01-09,3.8599998950958250,3.8800001144409180,3.7500000000000000,3.7999999523162840,5904700,3.7188029289245605
2020-01-10,3.7999999523162840,3.8699998855590820,3.7899999618530273,3.8299999237060547,5956000,3.7481617927551270
2020-01-13,3.8299999237060547,3.8499999046325684,3.7999999523162840,3.8299999237060547,5593400,3.7481617927551270
2020-01-14,3.8099999427795410,3.8399999141693115,3.7899999618530273,3.8199999332427980,2609400,3.7383754253387450
2020-01-15,3.7699999809265137,3.8299999237060547,3.7000000476837160,3.7000000476837160,6059700,3.6209397315979004
2020-01-16,3.7300000190734863,3.9400000572204590,3.7000000476837160,3.9200000762939453,16059000,3.8362390995025635
2020-01-17,3.9900000095367430,4.2500000000000000,3.9500000476837160,4.2100000381469730,17089200,4.1200428009033200
2020-01-21,4.1700000762939450,4.2100000381469730,4.0799999237060550,4.1399998664855960,12076000,4.0515375137329100
2020-01-22,4.1700000762939450,4.3299999237060550,4.1500000953674320,4.2399997711181640,11424300,4.1494007110595700
2020-01-23,4.1700000762939450,4.2500000000000000,4.0900001525878910,4.2399997711181640,9381800,4.1494007110595700
2020-01-24,4.2600002288818360,4.2800002098083500,4.1900000572204590,4.2199997901916500,9452000,4.1298279762268070
2020-01-27,4.0999999046325680,4.1799998283386230,4.0399999618530270,4.1500000953674320,9134300,4.0613250732421875
2020-01-28,4.1599998474121090,4.3699998855590820,4.1599998474121090,4.3499999046325680,8751300,4.2570505142211910
2020-01-29,4.3699998855590820,4.3699998855590820,4.2100000381469730,4.2699999809265140,15948900,4.1787610054016110
2020-01-30,4.1999998092651370,4.2399997711181640,4.1100001335144040,4.1999998092651370,6336100,4.1102557182312010
2020-01-31,4.1700000762939450,4.1799998283386230,4.0300002098083500,4.0399999618530270,7168400,3.9536750316619873
2020-02-03,4.0700001716613770,4.2199997901916500,4.0500001907348630,4.2199997901916500,6591400,4.1298279762268070
2020-02-04,4.2300000190734860,4.3000001907348630,4.1999998092651370,4.2800002098083500,9315900,4.1885476112365720
2020-02-05,4.3200001716613770,4.3299999237060550,4.1700000762939450,4.1900000572204590,4765800,4.1004700660705570
2020-02-06,4.2100000381469730,4.2399997711181640,4.1300001144409180,4.1900000572204590,3276800,4.1004700660705570
2020-02-07,4.1599998474121090,4.2199997901916500,4.1199998855590820,4.1799998283386230,2742300,4.0906829833984375
2020-02-10,4.1700000762939450,4.2100000381469730,4.1199998855590820,4.1500000953674320,2193400,4.0613250732421875
2020-02-11,4.1599998474121090,4.3499999046325680,4.1300001144409180,4.3499999046325680,17188600,4.2570505142211910
2020-02-12,4.1599998474121090,4.1799998283386230,4.0399999618530270,4.1199998855590820,22521200,4.0319657325744630
2020-02-13,4.1199998855590820,4.1399998664855960,3.8800001144409180,3.9500000476837160,15467800,3.8655979633331300
2020-02-14,3.9500000476837160,4.0199999809265140,3.8599998950958250,3.9000000953674316,5730800,3.8166668415069580
2020-02-18,3.8699998855590820,3.9200000762939453,3.7599999904632570,3.7799999713897705,9238500,3.6992301940917970
2020-02-19,3.8099999427795410,3.8099999427795410,3.6900000572204590,3.7799999713897705,15685800,3.6992301940917970
2020-02-20,3.7799999713897705,3.8199999332427980,3.7200000286102295,3.7400000095367430,8533100,3.6600849628448486
2020-02-21,3.7100000381469727,3.8299999237060547,3.7000000476837160,3.7899999618530273,8421400,3.7090167999267580
2020-02-24,3.6500000953674316,3.7999999523162840,3.6199998855590820,3.7400000095367430,22921500,3.6600849628448486
2020-02-25,3.7500000000000000,3.7699999809265137,3.6199998855590820,3.6400001049041750,9531000,3.5622222423553467
2020-02-26,3.6600000858306885,3.6900000572204590,3.3699998855590820,3.3800001144409180,21933000,3.3077776432037354
2020-02-27,3.2999999523162840,3.4200000762939453,3.1600000858306885,3.2300000190734863,15668900,3.1609823703765870
2020-02-28,3.1099998950958250,3.2999999523162840,3.0099999904632570,3.2799999713897705,13112100,3.2099142074584960
2020-03-02,3.3199999332427980,3.4200000762939453,3.2300000190734863,3.3800001144409180,11460600,3.3077776432037354
2020-03-03,3.3599998950958250,3.5999999046325684,3.3099999427795410,3.4200000762939453,18669300,3.3469228744506836
2020-03-04,3.4900000095367430,3.5199999809265137,3.3499999046325684,3.4700000286102295,4912000,3.3958544731140137
2020-03-05,3.3699998855590820,3.3900001049041750,3.1199998855590820,3.1900000572204590,6432900,3.1218371391296387
2020-03-06,3.0799999237060547,3.0999999046325684,2.9000000953674316,2.9200000762939453,10885700,2.8576064109802246
2020-03-09,2.6500000953674316,2.8599998950958250,2.5299999713897705,2.5599999427795410,10052300,2.5052990913391113
2020-03-10,2.7100000381469727,2.7400000095367430,2.6099998950958250,2.7100000381469727,19072000,2.6520934104919434
2020-03-11,2.6199998855590820,2.6900000572204590,2.5799999237060547,2.5999999046325684,14930100,2.5444440841674805
2020-03-12,2.4500000476837160,2.5000000000000000,2.2500000000000000,2.3499999046325684,16422000,2.2997860908508300
2020-03-13,2.4800000190734863,2.5499999523162840,2.3299999237060547,2.4600000381469727,11567800,2.4074356555938720
2020-03-16,2.0099999904632570,2.2599999904632570,1.8799999952316284,1.9299999475479126,7133800,1.8887604475021362
2020-03-17,2.0000000000000000,2.3399999141693115,1.7999999523162842,2.1700000762939453,22669700,2.1236321926116943
2020-03-18,2.0099999904632570,2.1600000858306885,1.8999999761581420,1.9900000095367432,13339300,1.9474784135818481
2020-03-19,2.0000000000000000,2.0399999618530273,1.8200000524520874,1.8600000143051147,8012400,1.8202563524246216
2020-03-20,1.9199999570846558,1.9600000381469727,1.7200000286102295,1.7300000190734863,15812400,1.6930339336395264
2020-03-23,1.7599999904632568,1.7899999618530273,1.5499999523162842,1.6299999952316284,10032300,1.5951708555221558
2020-03-24,1.7400000095367432,1.8300000429153442,1.6799999475479126,1.7500000000000000,7759300,1.7126066684722900
2020-03-25,1.7899999618530273,1.9099999666213990,1.7200000286102295,1.7300000190734863,14834100,1.6930339336395264
2020-03-26,1.7599999904632568,2.0299999713897705,1.7500000000000000,1.9900000095367432,13591000,1.9474784135818481
2020-03-27,1.9299999475479126,1.9299999475479126,1.8300000429153442,1.8500000238418580,12088900,1.8104698657989502
2020-03-30,1.8600000143051147,1.8799999952316284,1.7899999618530273,1.8300000429153442,8831100,1.7908973693847656
2020-03-31,1.8700000047683716,2.1800000667572020,1.8200000524520874,2.1199998855590820,21694700,2.0747003555297850
2020-04-01,2.0599999427795410,2.1099998950958250,1.9099999666213990,1.9099999666213990,9728300,1.8691877126693726
2020-04-02,1.8999999761581420,1.9900000095367432,1.8200000524520874,1.8799999952316284,9352800,1.8398288488388062
2020-04-03,1.8700000047683716,1.8999999761581420,1.6599999666213990,1.7400000095367432,11285900,1.7028204202651978
2020-04-06,1.8300000429153442,1.9500000476837158,1.7999999523162842,1.9500000476837158,9832900,1.9083334207534790
2020-04-07,2.0999999046325684,2.2100000381469727,2.0199999809265137,2.0599999427795410,13858900,2.0159828662872314
2020-04-08,2.0799999237060547,2.1400001049041750,2.0099999904632570,2.1199998855590820,8024100,2.0747003555297850
2020-04-09,2.1800000667572020,2.4000000953674316,2.1800000667572020,2.2500000000000000,8200300,2.2019226551055910
2020-04-13,2.3599998950958250,2.4800000190734863,2.1400001049041750,2.1900000572204590,8535800,2.1432051658630370
2020-04-14,2.2400000095367430,2.2400000095367430,2.0699999332427980,2.1099998950958250,7801600,2.0649139881134033
2020-04-15,2.0099999904632570,2.0799999237060547,1.9500000476837158,2.0599999427795410,7280700,2.0159828662872314
2020-04-16,2.0699999332427980,2.0899999141693115,1.9500000476837158,1.9800000190734863,8958100,1.9376921653747559
2020-04-17,2.0699999332427980,2.1900000572204590,2.0099999904632570,2.1700000762939453,11168200,2.1236321926116943
2020-04-20,2.1400001049041750,2.1700000762939453,2.0699999332427980,2.0999999046325684,7540600,2.0551278591156006
2020-04-21,2.0699999332427980,2.0799999237060547,1.9400000572204590,1.9700000286102295,9584400,1.9279059171676636
2020-04-22,2.0399999618530273,2.0899999141693115,1.9299999475479126,1.9400000572204590,15966700,1.8985469341278076
2020-04-23,1.9900000095367432,2.0000000000000000,1.8999999761581420,1.9199999570846558,11198600,1.8789739608764648
2020-04-24,1.9400000572204590,1.9700000286102295,1.8500000238418580,1.8600000143051147,10738400,1.8202563524246216
2020-04-27,1.9600000381469727,1.9600000381469727,1.8500000238418580,1.9299999475479126,13933500,1.8887604475021362
2020-04-28,1.9900000095367432,2.3900001049041750,1.9800000190734863,2.0899999141693115,19402000,2.0453414916992188
2020-04-29,2.1600000858306885,2.2400000095367430,2.1500000953674316,2.2300000190734863,13928000,2.1823501586914062
2020-04-30,2.2500000000000000,2.2500000000000000,2.0899999141693115,2.1199998855590820,9865500,2.0747003555297850
2020-05-01,2.0799999237060547,2.1400001049041750,1.9700000286102295,2.0499999523162840,4508700,2.0061964988708496
2020-05-04,2.0199999809265137,2.1700000762939453,1.9600000381469727,2.1500000953674316,7089400,2.1040599346160890
2020-05-05,2.1900000572204590,2.2799999713897705,2.1500000953674316,2.2000000476837160,8743400,2.1529912948608400
2020-05-06,2.2100000381469727,2.2100000381469727,2.0799999237060547,2.0799999237060547,5919500,2.0355551242828370
2020-05-07,2.1199998855590820,2.1700000762939453,2.1099998950958250,2.1300001144409180,4393500,2.0844869613647460
2020-05-08,2.1700000762939453,2.2200000286102295,2.1600000858306885,2.2100000381469727,5285600,2.1627774238586426
2020-05-11,2.1600000858306885,2.2000000476837160,2.1400001049041750,2.1800000667572020,4290000,2.1334187984466553
2020-05-12,2.1800000667572020,2.2100000381469727,2.0899999141693115,2.1099998950958250,6449600,2.0649139881134033
2020-05-13,2.0899999141693115,2.1099998950958250,1.8899999856948853,1.9299999475479126,14025800,1.8887604475021362
2020-05-14,1.9299999475479126,1.9900000095367432,1.8500000238418580,1.9299999475479126,8200300,1.8887604475021362
2020-05-15,1.8999999761581420,1.9800000190734863,1.8700000047683716,1.9500000476837158,8014000,1.9083334207534790
2020-05-18,2.0399999618530273,2.0699999332427980,1.9900000095367432,2.0399999618530273,15357000,1.9964096546173096
2020-05-19,2.0399999618530273,2.0699999332427980,1.9800000190734863,1.9900000095367432,14539400,1.9474784135818481
2020-05-20,2.0499999523162840,2.1400001049041750,2.0099999904632570,2.1099998950958250,16816300,2.0649139881134033
2020-05-21,2.0999999046325684,2.2100000381469727,2.0899999141693115,2.1600000858306885,6246100,2.1138460636138916
2020-05-22,2.1700000762939453,2.1800000667572020,2.0899999141693115,2.1199998855590820,2993900,2.0747003555297850
2020-05-26,2.1900000572204590,2.2899999618530273,2.1600000858306885,2.2300000190734863,14616200,2.1823501586914062
2020-05-27,2.2799999713897705,2.4300000667572020,2.2599999904632570,2.4200000762939453,11783900,2.3682901859283447
2020-05-28,2.4800000190734863,2.4800000190734863,2.3299999237060547,2.4100000858306885,7609400,2.3585040569305420
2020-05-29,2.4000000953674316,2.4100000858306885,2.3499999046325684,2.4000000953674316,7030600,2.3487176895141600
2020-06-01,2.3800001144409180,2.4700000286102295,2.3599998950958250,2.4600000381469727,6423600,2.4074356555938720
2020-06-02,2.4800000190734863,2.7500000000000000,2.4800000190734863,2.7500000000000000,15214800,2.6912393569946290
2020-06-03,2.8099999427795410,2.9500000476837160,2.8099999427795410,2.9300000667572020,11507100,2.8673930168151855
2020-06-04,2.9100000858306885,2.9600000381469727,2.8099999427795410,2.8599998950958250,7536300,2.7988884449005127
2020-06-05,2.9900000095367430,3.0899999141693115,2.9100000858306885,3.0199999809265137,10697700,2.9554698467254640
2020-06-08,3.0899999141693115,3.1500000953674316,2.9800000190734863,3.1400001049041750,6161900,3.0729055404663086
2020-06-09,3.0199999809265137,3.0999999046325684,2.9100000858306885,2.9100000858306885,8321400,2.8478200435638428
2020-06-10,2.9000000953674316,2.9300000667572020,2.7599999904632570,2.7599999904632570,6866600,2.7010250091552734
2020-06-11,2.5899999141693115,2.6500000953674316,2.4100000858306885,2.6099998950958250,15389500,2.5542302131652830
2020-06-12,2.8099999427795410,2.8499999046325684,2.7100000381469727,2.8499999046325684,11669500,2.7891020774841310
2020-06-15,2.7400000095367430,2.7799999713897705,2.6600000858306885,2.6900000572204590,5287800,2.6325211524963380
2020-06-16,2.8399999141693115,3.0999999046325684,2.8199999332427980,2.8399999141693115,18909400,2.7793159484863280
2020-06-17,2.8800001144409180,2.9200000762939453,2.7899999618530273,2.8399999141693115,6081800,2.7793159484863280
2020-06-18,2.7899999618530273,2.9600000381469727,2.7599999904632570,2.9200000762939453,17496800,2.8576064109802246
2020-06-19,3.0099999904632570,3.0599999427795410,2.7699999809265137,2.8599998950958250,14527300,2.7988884449005127
2020-06-22,2.8699998855590820,2.9500000476837160,2.8199999332427980,2.9300000667572020,5176100,2.8673930168151855
2020-06-23,2.9500000476837160,2.9900000095367430,2.8699998855590820,2.8800001144409180,7486800,2.8184611797332764
2020-06-24,2.8499999046325684,2.8699998855590820,2.7599999904632570,2.7699999809265137,7574900,2.7108116149902344
2020-06-25,2.7100000381469727,2.8800001144409180,2.6900000572204590,2.8800001144409180,14013400,2.8184611797332764
2020-06-26,2.8399999141693115,2.8399999141693115,2.7400000095367430,2.7400000095367430,10524600,2.6814529895782470
2020-06-29,2.7699999809265137,2.8499999046325684,2.7300000190734863,2.8399999141693115,3092300,2.7793159484863280
2020-06-30,2.8099999427795410,2.8800001144409180,2.7699999809265137,2.8800001144409180,4641600,2.8184611797332764
2020-07-01,2.8699998855590820,2.9300000667572020,2.6900000572204590,2.7500000000000000,16904800,2.6912393569946290
2020-07-02,2.7999999523162840,2.9100000858306885,2.7999999523162840,2.8199999332427980,10327100,2.7597434520721436
2020-07-06,2.9000000953674316,2.9200000762939453,2.8499999046325684,2.8699998855590820,6727700,2.8086748123168945
2020-07-07,2.8499999046325684,2.8699998855590820,2.7799999713897705,2.7799999713897705,5251700,2.7205982208251953
2020-07-08,2.7799999713897705,2.8199999332427980,2.7300000190734863,2.7500000000000000,9014900,2.6912393569946290
2020-07-09,2.7599999904632570,2.7899999618530273,2.6500000953674316,2.6500000953674316,5209100,2.5933759212493896
2020-07-10,2.6900000572204590,2.7000000476837160,2.6099998950958250,2.6400001049041750,7862400,2.5835895538330080
2020-07-13,2.6700000762939453,2.7899999618530273,2.6400001049041750,2.7300000190734863,9522800,2.6716663837432860
2020-07-14,2.7200000286102295,2.7899999618530273,2.6800000667572020,2.7500000000000000,9636100,2.6912393569946290
2020-07-15,2.8499999046325684,2.9400000572204590,2.8299999237060547,2.8900001049041750,9646400,2.8282477855682373
2020-07-16,2.9000000953674316,2.9400000572204590,2.8499999046325684,2.9000000953674316,5410300,2.8380336761474610
2020-07-17,2.9500000476837160,2.9500000476837160,2.8399999141693115,2.8399999141693115,3613600,2.7793159484863280
2020-07-20,2.8399999141693115,2.8699998855590820,2.7899999618530273,2.7999999523162840,3469700,2.7401709556579590
2020-07-21,2.8699998855590820,2.9000000953674316,2.8199999332427980,2.8299999237060547,5745400,2.7695300579071045
2020-07-22,2.8299999237060547,2.8900001049041750,2.8199999332427980,2.8299999237060547,3437900,2.7695300579071045
2020-07-23,2.8299999237060547,2.8599998950958250,2.7899999618530273,2.8099999427795410,3133200,2.7499570846557617
2020-07-24,2.8099999427795410,2.8499999046325684,2.7699999809265137,2.8299999237060547,3498000,2.7695300579071045
2020-07-27,2.9500000476837160,3.1700000762939453,2.9100000858306885,3.1700000762939453,11619400,3.1022646427154540
2020-07-28,3.1400001049041750,3.1900000572204590,3.0599999427795410,3.0899999141693115,7167800,3.0239741802215576
2020-07-29,3.1099998950958250,3.1800000667572020,3.0699999332427980,3.1600000858306885,4270000,3.0924785137176514
2020-07-30,3.1099998950958250,3.1300001144409180,3.0599999427795410,3.1300001144409180,9740700,3.0631194114685060
2020-07-31,3.0999999046325684,3.1099998950958250,3.0000000000000000,3.0599999427795410,14728700,2.9946150779724120
2020-08-03,3.0599999427795410,3.1600000858306885,3.0499999523162840,3.1199998855590820,4272700,3.0533335208892822
2020-08-04,3.0899999141693115,3.2000000476837160,3.0899999141693115,3.1800000667572020,5259000,3.1120510101318360
2020-08-05,3.2000000476837160,3.3099999427795410,3.2000000476837160,3.2799999713897705,3801400,3.2099142074584960
2020-08-06,3.2500000000000000,3.3399999141693115,3.2500000000000000,3.2899999618530273,3721000,3.2197008132934570
2020-08-07,3.2400000095367430,3.3299999237060547,3.2200000286102295,3.2999999523162840,2976300,3.2294869422912598
2020-08-10,3.3499999046325684,3.4000000953674316,3.3299999237060547,3.3599998950958250,3307400,3.2882046699523926
2020-08-11,3.4200000762939453,3.4400000572204590,3.3399999141693115,3.3800001144409180,4816200,3.3077776432037354
2020-08-12,3.4000000953674316,3.4000000953674316,3.3199999332427980,3.3399999141693115,6348500,3.2686321735382080
2020-08-13,3.3399999141693115,3.3900001049041750,3.3399999141693115,3.3599998950958250,4995300,3.2882046699523926
2020-08-14,3.3699998855590820,3.4600000381469727,3.3499999046325684,3.4100000858306885,4059400,3.3371365070343018
2020-08-17,3.4600000381469727,3.5599999427795410,3.4300000667572020,3.5499999523162840,5913800,3.4741446971893310
2020-08-18,3.5499999523162840,3.5499999523162840,3.4100000858306885,3.4600000381469727,6822200,3.3860678672790527
2020-08-19,3.4500000476837160,3.4600000381469727,3.3699998855590820,3.3800001144409180,4349100,3.3077776432037354
2020-08-20,3.3800001144409180,3.5299999713897705,3.3399999141693115,3.4900000095367430,10235200,3.4154269695281982
2020-08-21,3.4700000286102295,3.4900000095367430,3.4200000762939453,3.4600000381469727,5163000,3.3860678672790527
2020-08-24,3.5099999904632570,3.5299999713897705,3.4400000572204590,3.5000000000000000,2624600,3.4252133369445800
2020-08-25,3.4900000095367430,3.5499999523162840,3.4600000381469727,3.5399999618530273,3476200,3.4643585681915283
2020-08-26,3.5299999713897705,3.5299999713897705,3.4700000286102295,3.5000000000000000,5068400,3.4252133369445800
2020-08-27,3.4700000286102295,3.5000000000000000,3.3699998855590820,3.4100000858306885,6818900,3.3371365070343018
2020-08-28,3.4300000667572020,3.5000000000000000,3.3699998855590820,3.3900001049041750,5844100,3.3175640106201170
2020-08-31,3.3800001144409180,3.3800001144409180,3.2000000476837160,3.2100000381469727,5582300,3.1414101123809814
2020-09-01,3.2500000000000000,3.3199999332427980,3.2300000190734863,3.2899999618530273,7814400,3.2197008132934570
2020-09-02,3.2999999523162840,3.3199999332427980,3.2100000381469727,3.2799999713897705,7053300,3.2099142074584960
2020-09-03,3.2899999618530273,3.2999999523162840,3.1099998950958250,3.1400001049041750,9080800,3.0729055404663086
2020-09-04,3.1800000667572020,3.2300000190734863,3.0899999141693115,3.1800000667572020,4913400,3.1120510101318360
2020-09-08,3.1400001049041750,3.1800000667572020,3.0799999237060547,3.1199998855590820,13106100,3.0533335208892822
2020-09-09,3.1700000762939453,3.2599999904632570,3.1400001049041750,3.2200000286102295,8178100,3.1511960029602050
2020-09-10,3.2000000476837160,3.5699999332427980,3.2000000476837160,3.5000000000000000,18874600,3.4252133369445800
2020-09-11,3.5599999427795410,3.8699998855590820,3.5499999523162840,3.7899999618530273,19209000,3.7090167999267580
2020-09-14,3.8499999046325684,3.9700000286102295,3.8099999427795410,3.9400000572204590,7245000,3.8558118343353270
2020-09-15,4.0300002098083500,4.1599998474121090,3.9800000190734863,3.9900000095367430,8149200,3.9047431945800780
2020-09-16,3.9500000476837160,4.1799998283386230,3.9400000572204590,3.9900000095367430,13011200,3.9047431945800780
2020-09-17,3.9300000667572020,3.9800000190734863,3.8900001049041750,3.9000000953674316,8888600,3.8166668415069580
2020-09-18,3.9000000953674316,3.9400000572204590,3.7999999523162840,3.8299999237060547,9392400,3.7481617927551270
2020-09-21,3.7100000381469727,3.7300000190734863,3.5899999141693115,3.6500000953674316,5460800,3.5720083713531494
2020-09-22,3.6700000762939453,3.7300000190734863,3.6199998855590820,3.6700000762939453,4490000,3.5915808677673340
2020-09-23,3.6700000762939453,3.6800000667572020,3.5299999713897705,3.5299999713897705,6265300,3.4545722007751465
2020-09-24,3.4900000095367430,3.6199998855590820,3.4400000572204590,3.5599999427795410,9336100,3.4839313030242920
2020-09-25,3.5399999618530273,3.6099998950958250,3.4500000476837160,3.5899999141693115,6511500,3.5132901668548584
2020-09-28,3.6400001049041750,3.7400000095367430,3.6099998950958250,3.7200000286102295,5320500,3.6405127048492430
2020-09-29,3.7200000286102295,3.7200000286102295,3.6199998855590820,3.6199998855590820,3017600,3.5426492691040040
2020-09-30,3.6199998855590820,3.8399999141693115,3.6199998855590820,3.7999999523162840,7423100,3.7188029289245605
2020-10-01,3.8199999332427980,3.8599998950958250,3.6700000762939453,3.7200000286102295,2483900,3.6405127048492430
2020-10-02,3.6400001049041750,3.7999999523162840,3.5999999046325684,3.7699999809265137,3515300,3.6894443035125732
2020-10-05,3.9100000858306885,3.9900000095367430,3.7999999523162840,3.9700000286102295,12882100,3.8851702213287354
2020-10-06,4.0300002098083500,4.0300002098083500,3.8399999141693115,3.8399999141693115,5325600,3.7579479217529297
2020-10-07,3.9200000762939453,3.9800000190734863,3.8599998950958250,3.8800001144409180,7403900,3.7970938682556152
2020-10-08,3.9400000572204590,4.0900001525878910,3.9000000953674316,4.0900001525878910,9236700,4.0026068687438965
2020-10-09,4.0999999046325680,4.0999999046325680,4.0300002098083500,4.0500001907348630,6317300,3.9634611606597900
2020-10-12,4.0500001907348630,4.0799999237060550,3.9500000476837160,3.9800000190734863,4892100,3.8949568271636963
2020-10-13,3.9700000286102295,3.9700000286102295,3.8699998855590820,3.8900001049041750,3495200,3.8068799972534180
2020-10-14,3.8800001144409180,4.0100002288818360,3.8800001144409180,3.9900000095367430,6197300,3.9047431945800780
2020-10-15,3.9100000858306885,4.1500000953674320,3.9000000953674316,4.1300001144409180,9844200,4.0417518615722660
2020-10-16,4.1399998664855960,4.1999998092651370,4.0799999237060550,4.0999999046325680,4091100,4.0123929977416990
2020-10-19,4.1300001144409180,4.1500000953674320,4.0199999809265140,4.0500001907348630,2944300,3.9634611606597900
2020-10-20,4.0399999618530270,4.2600002288818360,4.0399999618530270,4.1999998092651370,7380100,4.1102557182312010
2020-10-21,4.1999998092651370,4.3099999427795410,4.1900000572204590,4.2300000190734860,7897300,4.1396150588989260
2020-10-22,4.2600002288818360,4.2600002288818360,4.1599998474121090,4.2199997901916500,4804900,4.1298279762268070
2020-10-23,4.2399997711181640,4.2600002288818360,4.1599998474121090,4.1900000572204590,1840900,4.1004700660705570
2020-10-26,4.1199998855590820,4.1700000762939450,4.0599999427795410,4.0900001525878910,3137000,4.0026068687438965
2020-10-27,4.0799999237060550,4.0900001525878910,3.9300000667572020,3.9800000190734863,3368200,3.8949568271636963
2020-10-28,4.0100002288818360,4.0199999809265140,3.8199999332427980,3.9200000762939453,5927900,3.8362390995025635
2020-10-29,3.9000000953674316,4.0199999809265140,3.8499999046325684,3.9800000190734863,5849800,3.8949568271636963
2020-10-30,3.9300000667572020,4.1799998283386230,3.9100000858306885,4.1500000953674320,17672400,4.0613250732421875
2020-11-02,4.1500000953674320,4.2600002288818360,4.1399998664855960,4.1599998474121090,14070600,4.0711102485656740
2020-11-03,4.2300000190734860,4.2899999618530270,4.1700000762939450,4.2600002288818360,13560300,4.1689739227294920
2020-11-04,4.2699999809265140,4.2699999809265140,4.0000000000000000,4.0100002288818360,20240300,3.9243156909942627
2020-11-05,4.0700001716613770,4.1500000953674320,4.0500001907348630,4.1300001144409180,10033700,4.0417518615722660
2020-11-06,4.1799998283386230,4.1999998092651370,3.9600000381469727,4.0199999809265140,8485800,3.9341020584106445
2020-11-09,4.1999998092651370,4.3000001907348630,4.1700000762939450,4.2899999618530270,14394400,4.1983332633972170
2020-11-10,4.2500000000000000,4.5700001716613770,4.2500000000000000,4.5599999427795410,9799400,4.4625639915466310
2020-11-11,4.5799999237060550,4.5999999046325680,4.4400000572204590,4.5100002288818360,7562800,4.4136319160461430
2020-11-12,4.4699997901916500,4.5999999046325680,4.3600001335144040,4.3600001335144040,5904400,4.2668375968933105
2020-11-13,4.4099998474121090,4.4800000190734860,4.3699998855590820,4.4400000572204590,5576800,4.3451285362243650
2020-11-16,4.5399999618530270,4.5900001525878910,4.4699997901916500,4.5000000000000000,6947000,4.4038453102111820
2020-11-17,4.4499998092651370,4.6500000953674320,4.4499998092651370,4.6500000953674320,7313800,4.5506405830383300
2020-11-18,4.6900000572204590,4.8800001144409180,4.6799998283386230,4.8299999237060550,12297500,4.7267947196960450
2020-11-19,4.8000001907348630,4.8400001525878910,4.6799998283386230,4.6799998283386230,4647000,4.5799989700317380
2020-11-20,4.6100001335144040,4.6999998092651370,4.5599999427795410,4.6199998855590820,6201600,4.5212817192077640
2020-11-23,4.6700000762939450,4.6999998092651370,4.6100001335144040,4.6199998855590820,3691500,4.5212817192077640
2020-11-24,4.6900000572204590,4.9099998474121090,4.6500000953674320,4.8800001144409180,8826800,4.7757258415222170
2020-11-25,4.7500000000000000,4.8000001907348630,4.6700000762939450,4.6999998092651370,7833400,4.5995721817016600
2020-11-27,4.7100000381469730,4.7500000000000000,4.6100001335144040,4.6799998283386230,3009000,4.5799989700317380
2020-11-30,4.7300000190734860,4.7300000190734860,4.5300002098083500,4.5999999046325680,7268900,4.5017089843750000
2020-12-01,4.6999998092651370,5.2600002288818360,4.6700000762939450,5.0199999809265140,36088600,4.9127349853515625
2020-12-02,5.0000000000000000,5.0100002288818360,4.8699998855590820,4.9800000190734860,11185000,4.8735895156860350
2020-12-03,5.0100002288818360,5.3800001144409180,4.9800000190734860,5.3099999427795410,15748200,5.1965384483337400
2020-12-04,5.4000000953674320,5.7199997901916500,5.3800001144409180,5.5999999046325680,28792000,5.4803419113159180
2020-12-07,5.5900001525878910,5.6500000953674320,5.4600000381469730,5.6300001144409180,17106800,5.5096998214721680
2020-12-08,5.6100001335144040,5.6700000762939450,5.5199999809265140,5.5500001907348630,23462300,5.4314098358154300
2020-12-09,5.5599999427795410,5.5700001716613770,5.2899999618530270,5.3200001716613770,13807400,5.2063250541687010
2020-12-10,5.2800002098083500,5.5500001907348630,5.2199997901916500,5.5000000000000000,18215200,5.3824787139892580
2020-12-11,5.4899997711181640,5.5000000000000000,5.2100000381469730,5.3699998855590820,14729500,5.2552556991577150
2020-12-14,5.3099999427795410,5.4299998283386230,5.2399997711181640,5.2399997711181640,5263900,5.1280331611633300
2020-12-15,5.2800002098083500,5.3200001716613770,5.2199997901916500,5.3000001907348630,6454600,5.1867518424987790
2020-12-16,5.3000001907348630,5.3600001335144040,5.2600002288818360,5.3000001907348630,5730000,5.1867518424987790
2020-12-17,5.2699999809265140,5.4299998283386230,5.2699999809265140,5.3800001144409180,9278500,5.2650423049926760
2020-12-18,5.3899998664855960,5.4099998474121090,5.0799999237060550,5.1700000762939450,9101200,5.0595293045043945
2020-12-21,5.0300002098083500,5.1399998664855960,5.0100002288818360,5.1300001144409180,5401500,5.0203843116760250
2020-12-22,5.1100001335144040,5.1300001144409180,4.9600000381469730,5.0100002288818360,7119100,4.9029479026794430
2020-12-23,4.9899997711181640,5.1799998283386230,4.9899997711181640,5.1300001144409180,10485300,5.0203843116760250
2020-12-24,5.1599998474121090,5.1900000572204590,5.0599999427795410,5.1399998664855960,2506000,5.0301704406738280
2020-12-28,5.0999999046325680,5.1700000762939450,5.0700001716613770,5.0999999046325680,2432000,4.9910249710083010
2020-12-29,5.0999999046325680,5.1999998092651370,5.0799999237060550,5.0900001525878910,5138900,4.9812388420104980
2020-12-30,5.1199998855590820,5.1999998092651370,5.0999999046325680,5.1799998283386230,4779600,5.0693149566650390
2020-12-31,5.1300001144409180,5.1900000572204590,5.1300001144409180,5.1700000762939450,3385000,5.0595293045043945
2021-01-04,5.1599998474121090,5.2899999618530270,5.1300001144409180,5.1599998474121090,9962300,5.0497431755065920
2021-01-05,5.1700000762939450,5.3699998855590820,5.1300001144409180,5.3400001525878910,9476800,5.2258968353271480
2021-01-06,5.5900001525878910,5.9499998092651370,5.4299998283386230,5.8400001525878910,27929200,5.7152128219604490
2021-01-07,5.9000000953674320,5.9099998474121090,5.7399997711181640,5.7399997711181640,13936100,5.6173496246337890
2021-01-08,5.7800002098083500,5.8600001335144040,5.7199997901916500,5.7600002288818360,24461500,5.6369223594665530
2021-01-11,5.5999999046325680,5.7100000381469730,5.5900001525878910,5.6399998664855960,12070200,5.5194869041442870
2021-01-12,5.6100001335144040,5.8800001144409180,5.6100001335144040,5.8099999427795410,15077800,5.6858544349670410
2021-01-13,5.7899999618530270,5.8299999237060550,5.6999998092651370,5.6999998092651370,7064100,5.5782041549682620
2021-01-14,5.7199997901916500,6.1999998092651370,5.7199997901916500,6.1799998283386230,26065400,6.0479483604431150
2021-01-15,6.0700001716613770,6.4200000762939450,6.0700001716613770,6.3899998664855960,20333700,6.2534608840942380
2021-01-19,6.4099998474121090,6.7199997901916500,6.3800001144409180,6.6799998283386230,21106800,6.5372643470764160
2021-01-20,6.6300001144409180,6.7300000190734860,6.5799999237060550,6.6700000762939450,14903700,6.5274786949157715
2021-01-21,6.6999998092651370,6.7300000190734860,6.4400000572204590,6.4600000381469730,10987500,6.3219647407531740
2021-01-22,6.3899998664855960,6.4200000762939450,6.1399998664855960,6.2399997711181640,11137400,6.1066670417785645
2021-01-25,6.1900000572204590,6.2300000190734860,6.0100002288818360,6.1999998092651370,14694400,6.0675210952758790
2021-01-26,6.2600002288818360,6.2899999618530270,6.1399998664855960,6.2100000381469730,8261300,6.0773072242736820
2021-01-27,6.0000000000000000,6.0700001716613770,5.8299999237060550,5.8299999237060550,12878100,5.7054271697998050
2021-01-28,5.8200001716613770,6.1199998855590820,5.7699999809265140,6.0700001716613770,13089400,5.9402990341186520
2021-01-29,6.0500001907348630,6.0700001716613770,5.7300000190734860,5.7300000190734860,13420000,5.6075639724731445
2021-02-01,5.8699998855590820,6.1399998664855960,5.7899999618530270,5.9699997901916500,9440500,5.8424348831176760
2021-02-02,6.1100001335144040,6.3200001716613770,6.0599999427795410,6.2600002288818360,14012400,6.1262388229370120
2021-02-03,6.3499999046325680,6.4400000572204590,6.2100000381469730,6.4000000953674320,10110100,6.2632470130920410
2021-02-04,6.4499998092651370,6.4800000190734860,6.3099999427795410,6.4099998474121090,9912700,6.2730345726013180
2021-02-05,6.4299998283386230,6.4899997711181640,6.3600001335144040,6.4299998283386230,5125500,6.2926063537597660
2021-02-08,6.4400000572204590,6.5500001907348630,6.3699998855590820,6.4299998283386230,10781900,6.2926063537597660
2021-02-09,6.4299998283386230,6.4699997901916500,6.3699998855590820,6.3899998664855960,5056900,6.2534608840942380
2021-02-10,6.4000000953674320,6.4600000381469730,6.2800002098083500,6.3800001144409180,10117300,6.2436742782592770
2021-02-11,6.4000000953674320,6.8099999427795410,6.4000000953674320,6.6700000762939450,20416500,6.5274786949157715
2021-02-12,6.6900000572204590,6.6900000572204590,6.5000000000000000,6.6799998283386230,7213700,6.5372643470764160
2021-02-16,6.7199997901916500,6.7500000000000000,6.4499998092651370,6.5100002288818360,11505900,6.3708972930908200
2021-02-17,6.5000000000000000,6.5300002098083500,6.3299999237060550,6.4099998474121090,11252700,6.2730345726013180
2021-02-18,6.3499999046325680,6.3899998664855960,6.0300002098083500,6.1199998855590820,10195500,5.9892301559448240
2021-02-19,6.1900000572204590,6.4400000572204590,6.1500000953674320,6.3299999237060550,5551200,6.1947431564331055
2021-02-22,6.2699999809265140,6.4200000762939450,6.2300000190734860,6.3299999237060550,10429000,6.1947431564331055
2021-02-23,6.2899999618530270,6.5399999618530270,6.1100001335144040,6.4899997711181640,10638300,6.3513240814208980
2021-02-24,6.5399999618530270,6.9499998092651370,6.4699997901916500,6.9000000953674320,13434700,6.7525629997253420
2021-02-25,6.8600001335144040,7.0000000000000000,6.5199999809265140,6.5399999618530270,14300800,6.4002561569213870
2021-02-26,6.5100002288818360,6.7699999809265140,6.4000000953674320,6.6100001335144040,12714900,6.4687600135803220
2021-03-01,6.7600002288818360,6.9600000381469730,6.7100000381469730,6.8400001525878910,4886000,6.6938457489013670
2021-03-02,6.9000000953674320,7.0900001525878910,6.8800001144409180,6.9499998092651370,10956100,6.8014950752258300
2021-03-03,7.0199999809265140,7.3800001144409180,6.9800000190734860,7.2399997711181640,18038400,7.0852985382080080
2021-03-04,7.2399997711181640,7.4099998474121090,6.6500000953674320,6.7699999809265140,18205200,6.6253414154052730
2021-03-05,6.9099998474121090,6.9099998474121090,6.4099998474121090,6.8499999046325680,10517100,6.7036318778991700
2021-03-08,6.9099998474121090,7.0500001907348630,6.7399997711181640,6.9299998283386230,10223900,6.7819223403930660
2021-03-09,6.9800000190734860,7.0900001525878910,6.8699998855590820,7.0100002288818360,8785500,6.8602137565612790
2021-03-10,7.0500001907348630,7.0999999046325680,6.8400001525878910,6.9899997711181640,6904200,6.8406410217285160
2021-03-11,7.0700001716613770,7.4299998283386230,7.0199999809265140,7.3800001144409180,11486400,7.2223067283630370
2021-03-12,7.3499999046325680,7.5900001525878910,7.1700000762939450,7.2899999618530270,10123200,7.1342306137084960
2021-03-15,7.3600001335144040,7.3800001144409180,6.8400001525878910,6.9400000572204590,12162000,6.7917089462280270
2021-03-16,6.9099998474121090,7.1500000953674320,6.8600001335144040,7.0799999237060550,11269400,6.9287171363830570
2021-03-17,7.0300002098083500,7.1799998283386230,6.9400000572204590,7.1300001144409180,5517400,6.9776492118835450
2021-03-18,7.1100001335144040,7.1199998855590820,6.8600001335144040,6.8899998664855960,5594400,6.7427768707275390
2021-03-19,6.8899998664855960,6.8899998664855960,6.6999998092651370,6.6999998092651370,6395000,6.5568375587463380
2021-03-22,6.7300000190734860,6.7699999809265140,6.5900001525878910,6.6700000762939450,4559900,6.5274786949157715
2021-03-23,6.5999999046325680,6.6900000572204590,6.3200001716613770,6.3800001144409180,7945900,6.2436742782592770
2021-03-24,6.4499998092651370,6.5700001716613770,6.3299999237060550,6.3600001335144040,8459700,6.2241020202636720
2021-03-25,6.3000001907348630,6.5799999237060550,6.1300001144409180,6.5599999427795410,15799200,6.4198284149169920
2021-03-26,6.7500000000000000,6.7699999809265140,6.4800000190734860,6.7100000381469730,11494800,6.5666241645812990
2021-03-29,6.7500000000000000,6.7500000000000000,6.5300002098083500,6.6999998092651370,6378200,6.5568375587463380
2021-03-30,6.7800002098083500,7.2399997711181640,6.7600002288818360,7.1900000572204590,12754000,7.0363664627075195
2021-03-31,7.2600002288818360,7.3899998664855960,6.9099998474121090,6.9699997901916500,15454700,6.8210678100585940
2021-04-01,7.0199999809265140,7.0399999618530270,6.7300000190734860,6.8499999046325680,6792900,6.7036318778991700
2021-04-05,6.9600000381469730,7.2199997901916500,6.9200000762939450,7.1700000762939450,8778300,7.0167946815490720
2021-04-06,7.1700000762939450,7.1999998092651370,6.9600000381469730,6.9699997901916500,5358000,6.8210678100585940
2021-04-07,7.0100002288818360,7.2199997901916500,6.9800000190734860,7.0999999046325680,8363400,6.9482893943786620
2021-04-08,7.0999999046325680,7.2199997901916500,7.0300002098083500,7.1199998855590820,6584300,6.9678626060485840
2021-04-09,7.1599998474121090,7.1700000762939450,7.0300002098083500,7.1399998664855960,3673400,6.9874353408813480
2021-04-12,7.1599998474121090,7.1599998474121090,6.9600000381469730,7.0199999809265140,5352400,6.8699994087219240
2021-04-13,6.9800000190734860,7.0100002288818360,6.8000001907348630,6.9099998474121090,11224000,6.7623491287231445
2021-04-14,6.9200000762939450,7.3299999237060550,6.9200000762939450,7.3099999427795410,13417400,7.1538028717041020
2021-04-15,7.3299999237060550,7.5799999237060550,7.2300000190734860,7.4699997901916500,12589200,7.3103837966918945
2021-04-16,7.5300002098083500,7.6199998855590820,7.4699997901916500,7.5199999809265140,5174200,7.3593153953552250
2021-04-19,7.5000000000000000,7.5700001716613770,7.3200001716613770,7.3400001525878910,3860900,7.1831617355346680
2021-04-20,7.2899999618530270,7.4200000762939450,7.1700000762939450,7.3499999046325680,8236500,7.1929478645324710
2021-04-21,7.2800002098083500,7.4800000190734860,7.2399997711181640,7.4499998092651370,6627900,7.2908120155334470
2021-04-22,7.4800000190734860,7.4899997711181640,7.3000001907348630,7.3000001907348630,5869000,7.1440167427062990
2021-04-23,7.4000000953674320,7.6199998855590820,7.3400001525878910,7.5799999237060550,6101200,7.4180335998535160
2021-04-26,7.6700000762939450,7.8200001716613770,7.5900001525878910,7.6399998664855960,6665700,7.4767508506774900
2021-04-27,7.6799998283386230,7.9699997901916500,7.6199998855590820,7.6999998092651370,18535700,7.5354695320129395
2021-04-28,7.7600002288818360,7.7899999618530270,7.6100001335144040,7.6399998664855960,6422800,7.4767508506774900
2021-04-29,7.9000000953674320,8.2399997711181640,7.7399997711181640,8.0699996948242190,12841000,7.8975634574890140
2021-04-30,8.0000000000000000,8.0699996948242190,7.7699999809265140,7.8899998664855960,9418600,7.7214093208312990
2021-05-03,8.0699996948242190,8.1599998474121100,7.9600000381469730,8.1199998855590820,5149200,7.9464950561523440
2021-05-04,8.0799999237060550,8.2399997711181640,8.0399999618530270,8.2299995422363280,5269400,8.0541448593139650
2021-05-05,8.3299999237060550,8.5900001525878900,8.2600002288818360,8.3100004196167000,10118800,8.1324348449707030
2021-05-06,8.3299999237060550,8.6199998855590820,8.3100004196167000,8.5900001525878900,10160300,8.4064531326293950
2021-05-07,8.6700000762939450,8.6700000762939450,8.4600000381469730,8.6199998855590820,5735800,8.4358100891113280
2021-05-10,8.6899995803833000,8.8100004196167000,8.4399995803833000,8.4799995422363280,5609200,8.2988014221191400
2021-05-11,8.3999996185302730,8.6000003814697270,8.2799997329711910,8.5900001525878900,8308900,8.4064531326293950
2021-05-12,8.5600004196167000,8.5799999237060550,7.8699998855590820,7.8800001144409180,12036200,7.7116236686706540
2021-05-13,7.9000000953674320,8.2100000381469730,7.9000000953674320,8.0900001525878900,8180300,7.9171352386474610
2021-05-14,8.1999998092651370,8.3699998855590820,8.1999998092651370,8.3400001525878900,5464300,8.1617937088012700
2021-05-17,8.2600002288818360,8.5299997329711910,8.2399997711181640,8.5200004577636720,4351700,8.3379478454589840
2021-05-18,8.5200004577636720,8.5500001907348630,8.3400001525878900,8.3599996566772460,8369500,8.1813659667968750
2021-05-19,8.1700000762939450,8.2500000000000000,7.9000000953674320,8.1499996185302730,10584200,7.9758539199829100
2021-05-20,8.1999998092651370,8.3500003814697270,8.1000003814697270,8.3199996948242190,6468600,8.1422204971313480
2021-05-21,8.3900003433227540,8.4799995422363280,8.1099996566772460,8.2399997711181640,7754100,8.0639314651489260
2021-05-24,8.2700004577636720,8.4099998474121100,8.2700004577636720,8.3500003814697270,6672400,8.1715822219848630
2021-05-25,8.3800001144409180,8.3800001144409180,7.9499998092651370,8.0000000000000000,9915300,7.8290591239929200
2021-05-26,8.0200004577636720,8.1199998855590820,7.9699997901916500,8.0100002288818360,7888400,7.8388457298278810
2021-05-27,8.1499996185302730,8.2399997711181640,8.0900001525878900,8.1000003814697270,5324000,7.9269223213195800
2021-05-28,8.1400003433227540,8.2899999618530270,8.0000000000000000,8.2799997329711910,6312500,8.1030750274658200
2021-06-01,8.4300003051757810,8.8900003433227540,8.4099998474121100,8.8900003433227540,18288100,8.7000427246093750
2021-06-02,8.8900003433227540,8.9099998474121100,8.3599996566772460,8.3599996566772460,13293000,8.1813659667968750
2021-06-03,8.3400001525878900,8.3599996566772460,8.1300001144409180,8.1999998092651370,9863500,8.0247859954833980
2021-06-04,8.2399997711181640,8.3100004196167000,8.1199998855590820,8.2299995422363280,5285900,8.0541448593139650
2021-06-07,8.3699998855590820,8.6499996185302730,8.3199996948242190,8.4300003051757810,9052900,8.2498703002929690
2021-06-08,8.4399995803833000,8.5699996948242190,8.3100004196167000,8.5200004577636720,5618600,8.3379478454589840
2021-06-09,8.5000000000000000,8.5299997329711910,8.3800001144409180,8.3800001144409180,5714900,8.2009401321411130
2021-06-10,8.4600000381469730,8.5100002288818360,8.2899999618530270,8.2899999618530270,5150900,8.1128616333007810
2021-06-11,8.3500003814697270,8.3699998855590820,8.2600002288818360,8.3100004196167000,7777000,8.1324348449707030
2021-06-14,8.2500000000000000,8.3100004196167000,8.0100002288818360,8.0500001907348630,6728200,7.8779911994934080
2021-06-15,8.0200004577636720,8.0799999237060550,7.9600000381469730,8.0299997329711910,8063700,7.8584179878234860
2021-06-16,8.0100002288818360,8.0399999618530270,7.6100001335144040,7.9600000381469730,10880900,7.7899136543273930
2021-06-17,7.9099998474121090,7.9400000572204590,7.4200000762939450,7.5999999046325680,19691700,7.4376058578491210
2021-06-18,7.5199999809265140,7.6199998855590820,7.4200000762939450,7.4499998092651370,11433000,7.2908120155334470
2021-06-21,7.5999999046325680,7.7800002098083500,7.5199999809265140,7.7300000190734860,6554100,7.5648283958435060
2021-06-22,7.7300000190734860,7.8499999046325680,7.6300001144409180,7.8200001716613770,5583900,7.6529059410095215
2021-06-23,7.8800001144409180,8.0399999618530270,7.8200001716613770,7.9200000762939450,7700000,7.7507686614990230
2021-06-24,8.1700000762939450,8.6400003433227540,8.1000003814697270,8.6099996566772460,17401600,8.4260253906250000
2021-06-25,8.8000001907348630,9.0900001525878900,8.6000003814697270,8.6599998474121100,9453300,8.4749555587768550
2021-06-28,8.8199996948242190,8.8800001144409180,8.4899997711181640,8.5799999237060550,6315900,8.3966665267944340
2021-06-29,8.6300001144409180,8.6599998474121100,8.3999996185302730,8.4200000762939450,6248000,8.2400856018066400
2021-06-30,8.3699998855590820,8.5000000000000000,8.3400001525878900,8.3999996185302730,5808100,8.2205114364624020
2021-07-01,8.4700002670288090,8.5000000000000000,8.2799997329711910,8.3500003814697270,4399900,8.1715822219848630
2021-07-02,8.3400001525878900,8.3800001144409180,8.2700004577636720,8.3299999237060550,4855000,8.1520061492919920
2021-07-06,8.3400001525878900,8.3500003814697270,7.9800000190734860,8.1400003433227540,6465100,7.9660677909851070
2021-07-07,8.1899995803833000,8.3400001525878900,8.1700000762939450,8.3100004196167000,6279100,8.1324348449707030
2021-07-08,8.0799999237060550,8.2399997711181640,8.0100002288818360,8.1400003433227540,4401100,7.9660677909851070
2021-07-09,8.2500000000000000,8.4200000762939450,8.1899995803833000,8.3999996185302730,5382200,8.2205114364624020
2021-07-12,8.3500003814697270,8.3699998855590820,8.2399997711181640,8.3100004196167000,5161500,8.1324348449707030
2021-07-13,8.2899999618530270,8.3299999237060550,7.8699998855590820,7.8800001144409180,12159000,7.7116236686706540
2021-07-14,8.0000000000000000,8.1099996566772460,7.8099999427795410,7.8600001335144040,7943900,7.6920509338378910
2021-07-15,7.8000001907348630,8.0799999237060550,7.7600002288818360,7.9699997901916500,5526400,7.7996997833251950
2021-07-16,8.0399999618530270,8.0600004196167000,7.7699999809265140,7.8699998855590820,7295500,7.7018370628356930
2021-07-19,7.6100001335144040,7.6599998474121090,7.3299999237060550,7.6199998855590820,16415500,7.4571790695190430
2021-07-20,7.6599998474121090,7.9400000572204590,7.5900001525878910,7.8600001335144040,6859000,7.6920509338378910
2021-07-21,7.9099998474121090,8.2799997329711910,7.8600001335144040,8.2200002670288090,8806500,8.0443592071533200
2021-07-22,8.1999998092651370,8.2799997329711910,8.0100002288818360,8.1000003814697270,4129400,7.9269223213195800
2021-07-23,8.1499996185302730,8.2399997711181640,8.0100002288818360,8.0799999237060550,3705500,7.9073500633239750
2021-07-26,8.0900001525878900,8.2299995422363280,8.0600004196167000,8.2100000381469730,5691700,8.0345716476440430
2021-07-27,8.1000003814697270,8.1599998474121100,7.8800001144409180,8.0200004577636720,11187800,7.8486313819885250
2021-07-28,8.0500001907348630,8.4399995803833000,7.9699997901916500,8.3999996185302730,12581200,8.2205114364624020
2021-07-29,8.4600000381469730,8.6400003433227540,8.2500000000000000,8.5500001907348630,11185500,8.3673067092895500
2021-07-30,8.4700002670288090,8.5100002288818360,8.1300001144409180,8.1300001144409180,8796400,7.9562811851501465
2021-08-02,8.3100004196167000,8.3699998855590820,8.0399999618530270,8.0399999618530270,4890500,7.8682041168212890
2021-08-03,8.0200004577636720,8.3199996948242190,8.0200004577636720,8.2700004577636720,4156500,8.0932912826538090
2021-08-04,8.1000003814697270,8.2899999618530270,8.1000003814697270,8.1099996566772460,6567100,7.9367079734802250
2021-08-05,8.1999998092651370,8.1999998092651370,8.0100002288818360,8.0500001907348630,6759800,7.8779911994934080
2021-08-06,8.1199998855590820,8.1599998474121100,7.9299998283386230,7.9400000572204590,7906100,7.7703404426574710
2021-08-09,7.9299998283386230,8.0100002288818360,7.8299999237060550,7.9499998092651370,7038900,7.7801270484924320
2021-08-10,7.9699997901916500,8.0900001525878900,7.9299998283386230,7.9499998092651370,7278100,7.7801270484924320
2021-08-11,8.0399999618530270,8.1700000762939450,7.9600000381469730,8.1499996185302730,6100500,7.9758539199829100
2021-08-12,8.1499996185302730,8.1499996185302730,7.9499998092651370,7.9899997711181640,7477600,7.8192729949951170
2021-08-13,8.0200004577636720,8.1599998474121100,7.9400000572204590,8.0799999237060550,7158000,7.9073500633239750
2021-08-16,7.9899997711181640,8.0699996948242190,7.9400000572204590,8.0000000000000000,7902400,7.8290591239929200
2021-08-17,7.9499998092651370,8.0600004196167000,7.8200001716613770,7.8600001335144040,6871600,7.6920509338378910
2021-08-18,7.8400001525878910,7.9899997711181640,7.7500000000000000,7.8800001144409180,7387300,7.7116236686706540
2021-08-19,7.7100000381469730,7.7500000000000000,7.5900001525878910,7.6700000762939450,6575900,7.5061101913452150
2021-08-20,7.6399998664855960,7.7399997711181640,7.5399999618530270,7.7100000381469730,4742700,7.5452561378479000
2021-08-23,7.8000001907348630,8.0100002288818360,7.7600002288818360,7.9200000762939450,4736700,7.7507686614990230
2021-08-24,7.9600000381469730,8.1300001144409180,7.9600000381469730,8.0600004196167000,4062100,7.8877778053283690
2021-08-25,8.0600004196167000,8.2299995422363280,8.0299997329711910,8.2100000381469730,4711600,8.0345716476440430
2021-08-26,8.2100000381469730,8.2200002670288090,8.0000000000000000,8.0200004577636720,4155200,7.8486313819885250
2021-08-27,8.0500001907348630,8.2799997329711910,8.0200004577636720,8.2500000000000000,5157200,8.0737171173095700
2021-08-30,8.1999998092651370,8.2399997711181640,8.1000003814697270,8.1400003433227540,4255600,7.9660677909851070
2021-08-31,8.1199998855590820,8.2399997711181640,8.0799999237060550,8.1999998092651370,6557700,8.0247859954833980
2021-09-01,8.2399997711181640,8.2600002288818360,8.0500001907348630,8.0500001907348630,6514300,7.8779911994934080
2021-09-02,8.0600004196167000,8.1599998474121100,8.0000000000000000,8.0399999618530270,3389400,7.8682041168212890
2021-09-03,8.0100002288818360,8.1099996566772460,7.9899997711181640,8.0600004196167000,3658300,7.8877778053283690
2021-09-07,8.0399999618530270,8.1700000762939450,7.8400001525878910,7.8499999046325680,5356000,7.6822633743286130
2021-09-08,7.8000001907348630,7.8499999046325680,7.5999999046325680,7.6799998283386230,6893700,7.5158958435058590
2021-09-09,7.7100000381469730,7.7100000381469730,7.5700001716613770,7.6300001144409180,6564700,7.4669656753540040
2021-09-10,7.6799998283386230,7.8099999427795410,7.6599998474121090,7.6999998092651370,5032400,7.5354695320129395
2021-09-13,7.8299999237060550,7.8299999237060550,7.5799999237060550,7.6199998855590820,4648000,7.4571790695190430
2021-09-14,7.6799998283386230,7.6999998092651370,7.5199999809265140,7.6300001144409180,5510800,7.4669656753540040
2021-09-15,7.5999999046325680,7.7199997901916500,7.5799999237060550,7.5900001525878910,5097200,7.4278202056884770
2021-09-16,7.5599999427795410,7.6100001335144040,7.4699997901916500,7.5100002288818360,5866800,7.3495292663574220
2021-09-17,7.5000000000000000,7.5300002098083500,7.2399997711181640,7.2399997711181640,14025300,7.0852985382080080
2021-09-20,7.0500001907348630,7.0700001716613770,6.7699999809265140,7.0300002098083500,16322100,6.8797860145568850
2021-09-21,7.0999999046325680,7.1300001144409180,6.9600000381469730,7.0799999237060550,6742200,6.9287171363830570
2021-09-22,7.0000000000000000,7.3600001335144040,6.9899997711181640,7.2800002098083500,10381500,7.1244444847106930
2021-09-23,7.3099999427795410,7.5799999237060550,7.3099999427795410,7.5000000000000000,7857500,7.3397426605224610
2021-09-24,7.4099998474121090,7.5100002288818360,7.3099999427795410,7.3200001716613770,5379200,7.1635894775390625
2021-09-27,7.3499999046325680,7.5700001716613770,7.2899999618530270,7.5100002288818360,4070700,7.3495292663574220
2021-09-28,7.4499998092651370,7.4699997901916500,7.2699999809265140,7.2899999618530270,6496000,7.1342306137084960
2021-09-29,7.3099999427795410,7.3200001716613770,7.0799999237060550,7.1100001335144040,5481300,6.9580764770507810
2021-09-30,7.1500000953674320,7.2100000381469730,7.0599999427795410,7.1700000762939450,8869400,7.0167946815490720
2021-10-01,7.1900000572204590,7.2399997711181640,7.0000000000000000,7.1700000762939450,9888700,7.0167946815490720
2021-10-04,7.1199998855590820,7.2399997711181640,7.0000000000000000,7.0199999809265140,4326600,6.8699994087219240
2021-10-05,7.0199999809265140,7.0199999809265140,6.7899999618530270,6.8000001907348630,14921200,6.6546998023986820
2021-10-06,6.7500000000000000,6.8200001716613770,6.5799999237060550,6.7199997901916500,11833800,6.5764093399047850
2021-10-07,6.8000001907348630,6.8699998855590820,6.6100001335144040,6.6500000953674320,14825200,6.5079054832458500
2021-10-08,6.5999999046325680,6.6900000572204590,6.4899997711181640,6.5199999809265140,8570000,6.3806834220886230
2021-10-11,6.5199999809265140,6.7199997901916500,6.4899997711181640,6.6599998474121090,12155900,6.5176916122436520
2021-10-12,6.6500000953674320,6.9099998474121090,6.6500000953674320,6.8499999046325680,10766200,6.7036318778991700
2021-10-13,6.8699998855590820,6.9200000762939450,6.7500000000000000,6.8099999427795410,5966700,6.6644859313964840
2021-10-14,6.9000000953674320,7.1100001335144040,6.8000001907348630,7.0799999237060550,5938900,6.9287171363830570
2021-10-15,7.1500000953674320,7.2600002288818360,7.0700001716613770,7.1599998474121090,10257800,7.0070085525512695
2021-10-18,7.1199998855590820,7.3000001907348630,7.0799999237060550,7.1700000762939450,9682300,7.0167946815490720
2021-10-19,7.1799998283386230,7.2199997901916500,7.0399999618530270,7.0599999427795410,6787600,6.9091444015502930
2021-10-20,7.0599999427795410,7.1999998092651370,7.0300002098083500,7.1700000762939450,5024900,7.0167946815490720
2021-10-21,7.1399998664855960,7.1599998474121090,6.8899998664855960,6.9000000953674320,12967500,6.7525629997253420
2021-10-22,6.9299998283386230,7.0000000000000000,6.7100000381469730,6.7100000381469730,5912700,6.5666241645812990
2021-10-25,6.7399997711181640,6.8600001335144040,6.7300000190734860,6.8000001907348630,8025400,6.6546998023986820
2021-10-26,6.8400001525878910,6.8899998664855960,6.7399997711181640,6.8200001716613770,5490400,6.6742730140686035
2021-10-27,6.8000001907348630,6.8600001335144040,6.7300000190734860,6.7600002288818360,5837700,6.6155552864074710
2021-10-28,6.5900001525878910,6.7199997901916500,6.4899997711181640,6.5999999046325680,11537800,6.4589738845825195
2021-10-29,6.5199999809265140,6.6500000953674320,6.3600001335144040,6.4299998283386230,8285800,6.2926063537597660
2021-11-01,6.4099998474121090,6.4899997711181640,6.2800002098083500,6.3299999237060550,11090300,6.1947431564331055
2021-11-02,6.3499999046325680,6.4099998474121090,6.2899999618530270,6.4000000953674320,7059600,6.2632470130920410
2021-11-03,6.3400001525878910,6.3600001335144040,6.1799998283386230,6.2899999618530270,7225300,6.1555976867675780
2021-11-04,6.3400001525878910,6.3400001525878910,6.1100001335144040,6.1300001144409180,8888900,5.9990162849426270
2021-11-05,6.1799998283386230,6.4099998474121090,6.1599998474121090,6.3400001525878910,10999300,6.2045292854309080
2021-11-08,6.9200000762939450,7.0199999809265140,6.7199997901916500,6.9699997901916500,18161200,6.8210678100585940
2021-11-09,6.9000000953674320,6.9600000381469730,6.6399998664855960,6.6799998283386230,11671700,6.5372643470764160
2021-11-10,6.6399998664855960,6.6500000953674320,6.4899997711181640,6.5000000000000000,5622400,6.3611111640930180
2021-11-11,6.5100002288818360,6.6100001335144040,6.5100002288818360,6.5999999046325680,5040600,6.4589738845825195
2021-11-12,6.6100001335144040,6.6599998474121090,6.5700001716613770,6.5700001716613770,3507700,6.4296140670776370
2021-11-15,6.5799999237060550,6.6599998474121090,6.5300002098083500,6.5399999618530270,2339300,6.4002561569213870
2021-11-16,6.5500001907348630,6.5500001907348630,6.3499999046325680,6.4299998283386230,9469000,6.2926063537597660
2021-11-17,6.4400000572204590,6.4400000572204590,6.2800002098083500,6.3200001716613770,8747600,6.1849570274353030
2021-11-18,6.3099999427795410,6.3200001716613770,6.0799999237060550,6.2199997901916500,6715500,6.0870933532714840
2021-11-19,6.1599998474121090,6.2300000190734860,6.1199998855590820,6.1599998474121090,5839700,6.0283751487731930
2021-11-22,6.1900000572204590,6.1900000572204590,6.1100001335144040,6.1199998855590820,3728900,5.9892301559448240
2021-11-23,6.1700000762939450,6.3000001907348630,6.1300001144409180,6.2899999618530270,8399800,6.1555976867675780
2021-11-24,6.2500000000000000,6.2800002098083500,6.0999999046325680,6.1500000953674320,8397700,6.0185894966125490
2021-11-26,5.8699998855590820,6.0199999809265140,5.6599998474121090,5.8499999046325680,6268800,5.7249994277954100
2021-11-29,5.8800001144409180,6.3400001525878910,5.8800001144409180,6.3200001716613770,16238200,6.1849570274353030
2021-11-30,6.2100000381469730,6.3200001716613770,6.0999999046325680,6.1500000953674320,12616800,6.0185894966125490
2021-12-01,6.3800001144409180,6.4400000572204590,6.1300001144409180,6.1399998664855960,10930800,6.0088024139404300
2021-12-02,6.1599998474121090,6.2699999809265140,6.1100001335144040,6.2100000381469730,9445900,6.0773072242736820
2021-12-03,6.2100000381469730,6.2300000190734860,5.9699997901916500,6.0300002098083500,10630200,5.9011535644531250
2021-12-06,6.0399999618530270,6.1399998664855960,5.9800000190734860,6.0500001907348630,5276300,5.9207258224487305
2021-12-07,6.1399998664855960,6.2100000381469730,6.0599999427795410,6.1300001144409180,10431900,5.9990162849426270
2021-12-08,6.1500000953674320,6.2199997901916500,6.0999999046325680,6.1300001144409180,6238200,5.9990162849426270
2021-12-09,6.0700001716613770,6.1100001335144040,5.9699997901916500,5.9800000190734860,6848500,5.8522214889526370
2021-12-10,6.0500001907348630,6.0500001907348630,5.9800000190734860,6.0300002098083500,5178400,5.9011535644531250
2021-12-13,6.0399999618530270,6.0399999618530270,5.8800001144409180,5.9800000190734860,8044000,5.8522214889526370
2021-12-14,5.9299998283386230,6.1399998664855960,5.9200000762939450,6.1100001335144040,10048600,5.9794440269470215
2021-12-15,6.1199998855590820,6.2100000381469730,6.0199999809265140,6.1700000762939450,8252500,6.0381617546081540
2021-12-16,6.2199997901916500,6.4099998474121090,6.1999998092651370,6.2899999618530270,10125800,6.1555976867675780
2021-12-17,6.2300000190734860,6.5399999618530270,6.2300000190734860,6.4800000190734860,8695400,6.3415374755859375
2021-12-20,6.3400001525878910,6.4299998283386230,6.2500000000000000,6.2699999809265140,6467400,6.1360244750976560
2021-12-21,6.3499999046325680,6.6500000953674320,6.3499999046325680,6.6199998855590820,9383200,6.4785461425781250
2021-12-22,6.5900001525878910,6.7199997901916500,6.5700001716613770,6.6399998664855960,4233100,6.4981188774108890
2021-12-23,6.6300001144409180,6.7500000000000000,6.6300001144409180,6.6999998092651370,4711000,6.5568375587463380
2021-12-27,6.7199997901916500,6.7699999809265140,6.6199998855590820,6.7600002288818360,3131400,6.6155552864074710
2021-12-28,6.7199997901916500,6.8099999427795410,6.6999998092651370,6.7399997711181640,2848300,6.5959815979003910
2021-12-29,6.7399997711181640,6.7500000000000000,6.6100001335144040,6.6399998664855960,2621900,6.4981188774108890
2021-12-30,6.6399998664855960,6.8400001525878910,6.6300001144409180,6.8099999427795410,6788900,6.6644859313964840
2021-12-31,6.8299999237060550,6.8800001144409180,6.7800002098083500,6.7800002098083500,3099500,6.6351280212402340
2022-01-03,6.8200001716613770,6.8600001335144040,6.6599998474121090,6.6799998283386230,4555400,6.5372643470764160
2022-01-04,6.6900000572204590,6.7699999809265140,6.6399998664855960,6.6700000762939450,6820500,6.5274786949157715
2022-01-05,6.6799998283386230,6.9299998283386230,6.6199998855590820,6.6199998855590820,7966300,6.4785461425781250
2022-01-06,6.6799998283386230,6.7100000381469730,6.5300002098083500,6.5999999046325680,4390400,6.4589738845825195
2022-01-07,6.5900001525878910,6.6199998855590820,6.4600000381469730,6.5500001907348630,4232800,6.4100418090820310
2022-01-10,6.5000000000000000,6.5100002288818360,6.2899999618530270,6.3699998855590820,8168600,6.2338886260986330
2022-01-11,6.4200000762939450,6.4899997711181640,6.3299999237060550,6.4800000190734860,5809900,6.3415374755859375
2022-01-12,6.4899997711181640,6.7699999809265140,6.4699997901916500,6.7699999809265140,9157600,6.6253414154052730
2022-01-13,6.8000001907348630,6.8200001716613770,6.6999998092651370,6.7300000190734860,7583700,6.5861954689025880
2022-01-14,6.7100000381469730,6.8299999237060550,6.6500000953674320,6.8200001716613770,7751000,6.6742730140686035
2022-01-18,6.7600002288818360,6.7800002098083500,6.6700000762939450,6.6999998092651370,6333900,6.5568375587463380
2022-01-19,6.7399997711181640,6.8099999427795410,6.5700001716613770,6.5799999237060550,5335400,6.4394016265869140
2022-01-20,6.5999999046325680,6.6300001144409180,6.2800002098083500,6.2899999618530270,7298200,6.1555976867675780
2022-01-21,6.2399997711181640,6.3200001716613770,5.8400001525878910,5.8499999046325680,18442200,5.7249994277954100
2022-01-24,5.6999998092651370,5.7500000000000000,5.2800002098083500,5.7300000190734860,20994600,5.6075639724731445
2022-01-25,5.6399998664855960,5.9899997711181640,5.5799999237060550,5.9600000381469730,17421000,5.8326497077941895
2022-01-26,6.0399999618530270,6.2100000381469730,5.9699997901916500,5.9800000190734860,14322100,5.8522214889526370
2022-01-27,6.0500001907348630,6.2199997901916500,5.8800001144409180,5.9499998092651370,8905600,5.8228631019592285
2022-01-28,5.8699998855590820,6.1199998855590820,5.8699998855590820,6.0999999046325680,11642700,5.9696574211120605
2022-01-31,6.0599999427795410,6.1300001144409180,6.0100002288818360,6.1199998855590820,5158900,5.9892301559448240
2022-02-01,6.1300001144409180,6.2899999618530270,6.1300001144409180,6.2199997901916500,4802500,6.0870933532714840
2022-02-02,6.2199997901916500,6.3299999237060550,6.1900000572204590,6.2600002288818360,6547400,6.1262388229370120
2022-02-03,6.1599998474121090,6.2500000000000000,6.0300002098083500,6.0500001907348630,6458800,5.9207258224487305
2022-02-04,6.0300002098083500,6.0300002098083500,5.9299998283386230,5.9800000190734860,5101300,5.8522214889526370
2022-02-07,6.0199999809265140,6.0199999809265140,5.8499999046325680,5.8600001335144040,10020700,5.7347860336303710
2022-02-08,5.9099998474121090,5.9299998283386230,5.8000001907348630,5.8800001144409180,12834000,5.7543578147888180
2022-02-09,5.9000000953674320,6.0799999237060550,5.8699998855590820,6.0799999237060550,11488000,5.9500851631164550
2022-02-10,6.0100002288818360,6.0500001907348630,5.5599999427795410,5.5900001525878910,15460900,5.4705548286437990
2022-02-11,5.5700001716613770,5.7300000190734860,5.5100002288818360,5.5999999046325680,13776700,5.4803419113159180
2022-02-14,5.5900001525878910,5.6199998855590820,5.3699998855590820,5.4099998474121090,8606900,5.2944016456604000
2022-02-15,5.4800000190734860,5.7399997711181640,5.4600000381469730,5.6900000572204590,8408200,5.5684180259704590
2022-02-16,5.6799998283386230,5.7800002098083500,5.5999999046325680,5.7100000381469730,7002200,5.5879902839660645
2022-02-17,5.5999999046325680,5.7199997901916500,5.5799999237060550,5.6300001144409180,6393100,5.5096998214721680
2022-02-18,5.6100001335144040,5.7300000190734860,5.5799999237060550,5.5799999237060550,4146200,5.4607691764831540
2022-02-22,5.5000000000000000,5.6799998283386230,5.4200000762939450,5.4899997711181640,7109400,5.3726921081542970
2022-02-23,5.4000000953674320,5.5100002288818360,5.0799999237060550,5.1300001144409180,15089600,5.0203843116760250
2022-02-24,4.9600000381469730,5.0700001716613770,4.8499999046325680,5.0399999618530270,13968500,4.9323081970214840
2022-02-25,5.0700001716613770,5.2399997711181640,5.0599999427795410,5.1399998664855960,8486600,5.0301704406738280
2022-02-28,5.0599999427795410,5.1300001144409180,4.9699997901916500,5.0999999046325680,8837000,4.9910249710083010
2022-03-01,5.0500001907348630,5.1500000953674320,4.9800000190734860,4.9800000190734860,9968700,4.8735895156860350
2022-03-02,5.0999999046325680,5.0999999046325680,4.9000000953674320,5.0900001525878910,11015900,4.9812388420104980
2022-03-03,5.1799998283386230,5.1799998283386230,5.0100002288818360,5.0999999046325680,7573400,4.9910249710083010
2022-03-04,5.0000000000000000,5.0300002098083500,4.6599998474121090,4.7399997711181640,28419200,4.6387176513671875
2022-03-07,4.7100000381469730,4.7399997711181640,4.3499999046325680,4.4299998283386230,18133300,4.3353409767150880
2022-03-08,4.4800000190734860,4.8099999427795410,4.4299998283386230,4.7600002288818360,20416700,4.6582899093627930
2022-03-09,4.9099998474121090,4.9899997711181640,4.7699999809265140,4.9600000381469730,14616800,4.8540167808532715
2022-03-10,4.8699998855590820,4.9099998474121090,4.7199997901916500,4.7300000190734860,7619900,4.6289315223693850
2022-03-11,4.8299999237060550,4.8899998664855960,4.7199997901916500,4.7800002098083500,6730300,4.6778626441955570
2022-03-14,4.8499999046325680,4.8699998855590820,4.6300001144409180,4.7199997901916500,6673600,4.6191444396972660
2022-03-15,4.7100000381469730,4.9299998283386230,4.6300001144409180,4.9200000762939450,7047000,4.8148713111877440
2022-03-16,4.9800000190734860,5.1100001335144040,4.9499998092651370,5.0900001525878910,10198800,4.9812388420104980
2022-03-17,5.0999999046325680,5.1999998092651370,5.0399999618530270,5.1799998283386230,4509200,5.0693149566650390
2022-03-18,5.1500000953674320,5.2899999618530270,5.0700001716613770,5.2699999809265140,5423600,5.1573925018310550
2022-03-21,5.3600001335144040,5.3600001335144040,5.1500000953674320,5.1999998092651370,3625300,5.0888881683349610
2022-03-22,5.2600002288818360,5.3299999237060550,5.2199997901916500,5.2600002288818360,6505700,5.1476063728332520
2022-03-23,5.2100000381469730,5.3000001907348630,5.1300001144409180,5.1999998092651370,5092600,5.0888881683349610
2022-03-24,5.2399997711181640,5.3299999237060550,5.1900000572204590,5.2699999809265140,5927700,5.1573925018310550
2022-03-25,5.2199997901916500,5.3400001525878910,5.2100000381469730,5.3299999237060550,4785400,5.2161107063293460
2022-03-28,5.2600002288818360,5.2800002098083500,5.1700000762939450,5.2100000381469730,6793800,5.0986747741699220
2022-03-29,5.2699999809265140,5.5000000000000000,5.2500000000000000,5.4400000572204590,7397200,5.3237600326538090
2022-03-30,5.3699998855590820,5.4499998092651370,5.2399997711181640,5.3200001716613770,13674100,5.2063250541687010
2022-03-31,5.2800002098083500,5.3899998664855960,5.2699999809265140,5.2899999618530270,13201800,5.1769657135009770
2022-04-01,5.3699998855590820,5.4099998474121090,5.1799998283386230,5.2899999618530270,6813800,5.1769657135009770
2022-04-04,5.4499998092651370,5.4899997711181640,5.2699999809265140,5.2699999809265140,5536600,5.1573925018310550
2022-04-05,5.1799998283386230,5.2699999809265140,5.0399999618530270,5.0700001716613770,7432300,4.9616661071777340
2022-04-06,5.0000000000000000,5.0300002098083500,4.8200001716613770,4.8499999046325680,9280000,4.7463674545288090
2022-04-07,4.8699998855590820,4.8899998664855960,4.7399997711181640,4.7500000000000000,6468400,4.6485042572021480
2022-04-08,4.7500000000000000,4.7500000000000000,4.5300002098083500,4.5300002098083500,14359300,4.4332051277160645
2022-04-11,4.4800000190734860,4.6100001335144040,4.4600000381469730,4.5199999809265140,11939900,4.4234185218811035
2022-04-12,4.6100001335144040,4.7199997901916500,4.5199999809265140,4.5399999618530270,7119200,4.4429907798767090
2022-04-13,4.6300001144409180,4.7699999809265140,4.5799999237060550,4.7399997711181640,6056200,4.6387176513671875
2022-04-14,4.7199997901916500,4.7699999809265140,4.6100001335144040,4.6300001144409180,3943000,4.5310678482055660
2022-04-18,4.6199998855590820,4.7199997901916500,4.5799999237060550,4.5999999046325680,6168800,4.5017089843750000
2022-04-19,4.5999999046325680,4.8200001716613770,4.5900001525878910,4.7699999809265140,9753700,4.6680760383605960
2022-04-20,4.8899998664855960,5.0000000000000000,4.8200001716613770,4.8899998664855960,8505400,4.7855124473571780
2022-04-21,4.9099998474121090,4.9400000572204590,4.5799999237060550,4.5799999237060550,7683500,4.4821367263793945
2022-04-22,4.5999999046325680,4.5999999046325680,4.3699998855590820,4.4000000953674320,6660900,4.3059825897216800
2022-04-25,4.3800001144409180,4.4000000953674320,4.2199997901916500,4.4000000953674320,7862400,4.3059825897216800
2022-04-26,4.3400001525878910,4.3800001144409180,4.1399998664855960,4.1399998664855960,4790300,4.0515375137329100
2022-04-27,4.1999998092651370,4.3099999427795410,4.1500000953674320,4.2899999618530270,9594700,4.1983332633972170
2022-04-28,4.5500001907348630,4.6199998855590820,4.2699999809265140,4.5399999618530270,10950500,4.4429907798767090
2022-04-29,4.4800000190734860,4.6700000762939450,4.3600001335144040,4.4000000953674320,6570900,4.3059825897216800
2022-05-02,4.3800001144409180,4.4099998474121090,4.2500000000000000,4.3600001335144040,4750300,4.2668375968933105
2022-05-03,4.4000000953674320,4.5100002288818360,4.3699998855590820,4.4699997901916500,6169400,4.3744864463806150
2022-05-04,4.4600000381469730,4.5999999046325680,4.3600001335144040,4.5799999237060550,5419600,4.4821367263793945
2022-05-05,4.4600000381469730,4.5100002288818360,4.1599998474121090,4.2699999809265140,10761700,4.1787610054016110
2022-05-06,4.2699999809265140,4.3800001144409180,4.1300001144409180,4.1900000572204590,5564700,4.1004700660705570
2022-05-09,4.1399998664855960,4.1799998283386230,3.9600000381469727,3.9900000095367430,5370300,3.9047431945800780
2022-05-10,4.0700001716613770,4.1199998855590820,3.9000000953674316,4.0199999809265140,7042300,3.9341020584106445
2022-05-11,4.0300002098083500,4.1199998855590820,3.9500000476837160,3.9600000381469727,4483100,3.8753843307495117
2022-05-12,3.9000000953674316,4.1100001335144040,3.8199999332427980,4.0000000000000000,8446400,3.9145295619964600
2022-05-13,4.0599999427795410,4.1700000762939450,4.0599999427795410,4.1199998855590820,4538000,4.0319657325744630
2022-05-16,4.0799999237060550,4.3699998855590820,4.0700001716613770,4.3699998855590820,8241800,4.2766232490539550
2022-05-17,4.4400000572204590,4.5300002098083500,4.3699998855590820,4.4899997711181640,5021000,4.3940591812133790
2022-05-18,4.3899998664855960,4.4699997901916500,4.2699999809265140,4.3000001907348630,3386500,4.2081198692321780
2022-05-19,4.2600002288818360,4.4600000381469730,4.2300000190734860,4.4000000953674320,4715000,4.3059825897216800
2022-05-20,4.6999998092651370,4.6999998092651370,4.3200001716613770,4.4099998474121090,5503600,4.3157682418823240
2022-05-23,4.4299998283386230,4.4800000190734860,4.3200001716613770,4.3600001335144040,8043100,4.2668375968933105
2022-05-24,4.3099999427795410,4.3400001525878910,4.1300001144409180,4.2100000381469730,6726500,4.1200428009033200
2022-05-25,4.1500000953674320,4.3200001716613770,4.1500000953674320,4.3099999427795410,5432000,4.2179050445556640
2022-05-26,4.3400001525878910,4.4699997901916500,4.3200001716613770,4.4099998474121090,5672700,4.3157682418823240
2022-05-27,4.4400000572204590,4.5999999046325680,4.4400000572204590,4.5700001716613770,4966400,4.4723505973815920
2022-05-31,4.6199998855590820,4.7100000381469730,4.4299998283386230,4.6700000762939450,18901100,4.5702133178710940
2022-06-01,4.6399998664855960,4.6999998092651370,4.4099998474121090,4.4600000381469730,8271700,4.3647003173828125
2022-06-02,4.4499998092651370,4.4899997711181640,4.3699998855590820,4.3899998664855960,8551900,4.2961959838867190
2022-06-03,4.3499999046325680,4.3899998664855960,4.2800002098083500,4.3600001335144040,5728400,4.2668375968933105
2022-06-06,4.4000000953674320,4.4699997901916500,4.3600001335144040,4.3899998664855960,2080100,4.2961959838867190
2022-06-07,4.3099999427795410,4.3699998855590820,4.2600002288818360,4.3499999046325680,2263900,4.2570505142211910
2022-06-08,4.3000001907348630,4.3099999427795410,4.2100000381469730,4.2699999809265140,5058800,4.1787610054016110
2022-06-09,4.2600002288818360,4.2600002288818360,4.0999999046325680,4.0999999046325680,9069400,4.0123929977416990
2022-06-10,4.0100002288818360,4.0500001907348630,3.8499999046325684,3.8499999046325684,9242600,3.7677347660064697
2022-06-13,3.7699999809265137,3.7699999809265137,3.5799999237060547,3.6300001144409180,13924600,3.5524356365203857
2022-06-14,3.6700000762939453,3.7000000476837160,3.5699999332427980,3.5699999332427980,6661500,3.4937176704406740
2022-06-15,3.5999999046325684,3.6400001049041750,3.4500000476837160,3.5499999523162840,14841900,3.4741446971893310
2022-06-16,3.4600000381469727,3.5099999904632570,3.2999999523162840,3.3199999332427980,16317900,3.2490594387054443
2022-06-17,3.3299999237060547,3.5399999618530273,3.2200000286102295,3.4600000381469727,25749900,3.3860678672790527
2022-06-21,3.5799999237060547,3.6500000953674316,3.5000000000000000,3.6300001144409180,10138000,3.5524356365203857
2022-06-22,3.5699999332427980,3.6300001144409180,3.5099999904632570,3.6199998855590820,9785300,3.5426492691040040
2022-06-23,3.6400001049041750,3.7799999713897705,3.5899999141693115,3.7300000190734863,8998800,3.6502990722656250
2022-06-24,3.7999999523162840,3.9700000286102295,3.7100000381469727,3.8900001049041750,11145000,3.8068799972534180
2022-06-27,3.8800001144409180,3.9200000762939453,3.7899999618530273,3.9200000762939453,6785100,3.8362390995025635
2022-06-28,3.9400000572204590,4.0300002098083500,3.8499999046325684,3.9100000858306885,8912300,3.8264529705047607
2022-06-29,3.8699998855590820,3.9400000572204590,3.7699999809265137,3.8699998855590820,8882600,3.7873072624206543
2022-06-30,3.7699999809265137,3.9300000667572020,3.6900000572204590,3.9200000762939453,10416800,3.8362390995025635
2022-07-01,3.8800001144409180,3.9000000953674316,3.7500000000000000,3.8599998950958250,4184600,3.7775208950042725
2022-07-05,3.7400000095367430,3.9400000572204590,3.6700000762939453,3.9400000572204590,5718900,3.8558118343353270
2022-07-06,3.8699998855590820,3.9500000476837160,3.8299999237060547,3.8800001144409180,3946800,3.7970938682556152
2022-07-07,3.9400000572204590,4.0000000000000000,3.9100000858306885,3.9300000667572020,2607400,3.8460254669189453
2022-07-08,3.9300000667572020,3.9300000667572020,3.8099999427795410,3.9000000953674316,3012400,3.8166668415069580
2022-07-11,3.8499999046325684,3.8599998950958250,3.7400000095367430,3.7699999809265137,2402200,3.6894443035125732
2022-07-12,3.7599999904632570,3.8699998855590820,3.7300000190734863,3.8699998855590820,2603800,3.7873072624206543
2022-07-13,3.8199999332427980,3.8900001049041750,3.7100000381469727,3.8699998855590820,2604000,3.7873072624206543
2022-07-14,3.7899999618530273,3.7999999523162840,3.6800000667572020,3.7699999809265137,3473000,3.6894443035125732
2022-07-15,3.8299999237060547,3.9200000762939453,3.7500000000000000,3.9000000953674316,4149100,3.8166668415069580
2022-07-18,3.9300000667572020,3.9900000095367430,3.8699998855590820,3.8800001144409180,2701000,3.7970938682556152
2022-07-19,3.9300000667572020,3.9900000095367430,3.9100000858306885,3.9800000190734863,3066700,3.8949568271636963
2022-07-20,3.9500000476837160,4.0199999809265140,3.8900001049041750,3.9100000858306885,1910500,3.8264529705047607
2022-07-21,3.9000000953674316,3.9900000095367430,3.8499999046325684,3.9900000095367430,2164500,3.9047431945800780
2022-07-22,4.0399999618530270,4.0999999046325680,3.9800000190734863,3.9800000190734863,1937800,3.8949568271636963
2022-07-25,3.9900000095367430,4.0599999427795410,3.9100000858306885,4.0399999618530270,2249500,3.9536750316619873
2022-07-26,3.9900000095367430,4.0100002288818360,3.8800001144409180,3.8800001144409180,2652400,3.7970938682556152
2022-07-27,3.9000000953674316,3.9600000381469727,3.8399999141693115,3.9600000381469727,4488300,3.8753843307495117
2022-07-28,3.9700000286102295,3.9900000095367430,3.8299999237060547,3.9900000095367430,2436600,3.9047431945800780
2022-07-29,4.0000000000000000,4.0999999046325680,4.0000000000000000,4.0100002288818360,6962300,3.9243156909942627
2022-08-01,3.9700000286102295,4.1300001144409180,3.9300000667572020,4.1199998855590820,5060200,4.0319657325744630
2022-08-02,4.1100001335144040,4.1100001335144040,3.9900000095367430,4.0700001716613770,2115400,3.9830338954925537
2022-08-03,4.0900001525878910,4.3400001525878910,4.0599999427795410,4.3099999427795410,4517700,4.2179050445556640
2022-08-04,4.2899999618530270,4.4200000762939450,4.2600002288818360,4.3000001907348630,3810800,4.2081198692321780
2022-08-05,4.2100000381469730,4.3499999046325680,4.1799998283386230,4.3499999046325680,3386700,4.2570505142211910
2022-08-08,4.4200000762939450,4.5300002098083500,4.4000000953674320,4.4200000762939450,4224300,4.3255548477172850
2022-08-09,4.4000000953674320,4.4000000953674320,4.2899999618530270,4.2899999618530270,3300900,4.1983332633972170
2022-08-10,4.4099998474121090,4.5999999046325680,4.3899998664855960,4.5199999809265140,7686700,4.4234185218811035
2022-08-11,4.5900001525878910,4.6500000953674320,4.5000000000000000,4.5300002098083500,3356400,4.4332051277160645
2022-08-12,4.5700001716613770,4.6599998474121090,4.5500001907348630,4.6599998474121090,3235300,4.5604267120361330
2022-08-15,4.5900001525878910,4.6300001144409180,4.5199999809265140,4.5300002098083500,4307500,4.4332051277160645
2022-08-16,4.5300002098083500,4.5599999427795410,4.4299998283386230,4.5500001907348630,5256300,4.4527773857116700
2022-08-17,4.4499998092651370,4.5000000000000000,4.4299998283386230,4.4699997901916500,4419700,4.3744864463806150
2022-08-18,4.4200000762939450,4.4800000190734860,4.3400001525878910,4.3800001144409180,2309100,4.2864103317260740
2022-08-19,4.3299999237060550,4.3499999046325680,4.2500000000000000,4.2699999809265140,3102500,4.1787610054016110
2022-08-22,4.1999998092651370,4.2399997711181640,4.1500000953674320,4.1500000953674320,2371000,4.0613250732421875
2022-08-23,4.1599998474121090,4.2500000000000000,4.1300001144409180,4.2100000381469730,2669800,4.1200428009033200
2022-08-24,4.1999998092651370,4.2399997711181640,4.1500000953674320,4.1500000953674320,2791900,4.0613250732421875
2022-08-25,4.1700000762939450,4.2199997901916500,4.1300001144409180,4.2100000381469730,2738400,4.1200428009033200
2022-08-26,4.2600002288818360,4.2699999809265140,3.7599999904632570,4.0300002098083500,6365200,3.9438889026641846
2022-08-29,3.9900000095367430,4.0100002288818360,3.9000000953674316,3.9300000667572020,3481700,3.8460254669189453
2022-08-30,3.9600000381469727,3.9800000190734863,3.8099999427795410,3.8399999141693115,3901300,3.7579479217529297
2022-08-31,3.8599998950958250,3.9100000858306885,3.7200000286102295,3.7400000095367430,5273900,3.6600849628448486
2022-09-01,3.7500000000000000,3.8099999427795410,3.6300001144409180,3.7799999713897705,3624200,3.6992301940917970
2022-09-02,3.8399999141693115,3.9800000190734863,3.8399999141693115,3.9300000667572020,4127300,3.8460254669189453
2022-09-06,3.8900001049041750,3.9800000190734863,3.7699999809265137,3.7999999523162840,2093100,3.7188029289245605
2022-09-07,3.7599999904632570,3.8599998950958250,3.7599999904632570,3.8399999141693115,5973700,3.7579479217529297
2022-09-08,3.7999999523162840,3.8399999141693115,3.7200000286102295,3.8199999332427980,2214900,3.7383754253387450
2022-09-09,3.8800001144409180,3.9700000286102295,3.8599998950958250,3.9600000381469727,1892600,3.8753843307495117
2022-09-12,4.0100002288818360,4.0700001716613770,3.9800000190734863,4.0399999618530270,1780900,3.9536750316619873
2022-09-13,3.9200000762939453,3.9700000286102295,3.8399999141693115,3.8800001144409180,3265100,3.7970938682556152
2022-09-14,3.9000000953674316,3.9000000953674316,3.7899999618530273,3.8199999332427980,5483300,3.7383754253387450
2022-09-15,3.7999999523162840,3.8900001049041750,3.6199998855590820,3.6500000953674316,6060300,3.5720083713531494
2022-09-16,3.6300001144409180,3.6400001049041750,3.5499999523162840,3.6400001049041750,3744200,3.5622222423553467
2022-09-19,3.5999999046325684,3.7300000190734863,3.5999999046325684,3.7100000381469727,3577700,3.6307260990142822
2022-09-20,3.6400001049041750,3.6600000858306885,3.5199999809265137,3.5599999427795410,4401800,3.4839313030242920
2022-09-21,3.6400001049041750,3.7100000381469727,3.5699999332427980,3.5999999046325684,4177100,3.5230765342712402
2022-09-22,3.5699999332427980,3.6099998950958250,3.4600000381469727,3.5000000000000000,4352800,3.4252133369445800
2022-09-23,3.4400000572204590,3.4700000286102295,3.3499999046325684,3.4400000572204590,3222400,3.3664956092834473
2022-09-26,3.4000000953674316,3.4600000381469727,3.2799999713897705,3.2999999523162840,4544800,3.2294869422912598
2022-09-27,3.3399999141693115,3.4100000858306885,3.2400000095367430,3.2799999713897705,5126500,3.2099142074584960
2022-09-28,3.2799999713897705,3.4100000858306885,3.2699999809265137,3.4000000953674316,5061000,3.3273499011993410
2022-09-29,3.3399999141693115,3.4100000858306885,3.2699999809265137,3.4000000953674316,4150000,3.3273499011993410
2022-09-30,3.4200000762939453,3.4600000381469727,3.3699998855590820,3.4300000667572020,3461200,3.3567092418670654
2022-10-03,3.4400000572204590,3.5399999618530273,3.3800001144409180,3.4800000190734863,3888900,3.4056408405303955
2022-10-04,3.5599999427795410,3.7300000190734863,3.5199999809265137,3.7300000190734863,5032400,3.6502990722656250
2022-10-05,3.6500000953674316,3.6800000667572020,3.5699999332427980,3.6099998950958250,3085900,3.5328629016876220
2022-10-06,3.5799999237060547,3.6600000858306885,3.5599999427795410,3.5899999141693115,1951400,3.5132901668548584
2022-10-07,3.5499999523162840,3.6099998950958250,3.5099999904632570,3.5399999618530273,2608300,3.4643585681915283
2022-10-10,3.5499999523162840,3.5599999427795410,3.4300000667572020,3.4300000667572020,2350500,3.3567092418670654
2022-10-11,3.4000000953674316,3.4400000572204590,3.3399999141693115,3.3800001144409180,5411100,3.3077776432037354
2022-10-12,3.3699998855590820,3.4400000572204590,3.3099999427795410,3.3900001049041750,3469600,3.3175640106201170
2022-10-13,3.3099999427795410,3.4500000476837160,3.2599999904632570,3.3499999046325684,8676000,3.2784187793731690
2022-10-14,3.3499999046325684,3.3900001049041750,3.2000000476837160,3.2000000476837160,5106400,3.1316235065460205
2022-10-17,3.2699999809265137,3.4900000095367430,3.2699999809265137,3.4400000572204590,5954300,3.3664956092834473
2022-10-18,3.5499999523162840,3.5699999332427980,3.4300000667572020,3.4600000381469727,4200800,3.3860678672790527
2022-10-19,3.4200000762939453,3.4700000286102295,3.3299999237060547,3.3499999046325684,3694300,3.2784187793731690
2022-10-20,3.3599998950958250,3.4700000286102295,3.3499999046325684,3.3800001144409180,2675300,3.3077776432037354
2022-10-21,3.3599998950958250,3.5099999904632570,3.3399999141693115,3.5000000000000000,3042400,3.4252133369445800
2022-10-24,3.5000000000000000,3.5299999713897705,3.4400000572204590,3.5199999809265137,3123000,3.4447858333587646
2022-10-25,3.4800000190734863,3.6500000953674316,3.4700000286102295,3.6099998950958250,4749000,3.5328629016876220
2022-10-26,3.5999999046325684,3.7100000381469727,3.5999999046325684,3.7000000476837160,4622000,3.6209397315979004
2022-10-27,3.5000000000000000,3.6800000667572020,3.4000000953674316,3.5299999713897705,10732000,3.4545722007751465
2022-10-28,3.5000000000000000,3.7599999904632570,3.5000000000000000,3.7599999904632570,3983000,3.6796576976776123
2022-10-31,3.6600000858306885,3.8800001144409180,3.6600000858306885,3.8599998950958250,5938500,3.7775208950042725
2022-11-01,3.9200000762939453,3.9900000095367430,3.8099999427795410,3.9300000667572020,4583200,3.8460254669189453
2022-11-02,3.9000000953674316,3.9200000762939453,3.6900000572204590,3.7100000381469727,3029800,3.6307260990142822
2022-11-03,3.6900000572204590,3.7799999713897705,3.6199998855590820,3.7400000095367430,5473400,3.6600849628448486
2022-11-04,3.8299999237060547,4.0399999618530270,3.8299999237060547,4.0399999618530270,4101600,3.9536750316619873
2022-11-07,4.0799999237060550,4.0999999046325680,4.0100002288818360,4.0300002098083500,3527600,3.9438889026641846
2022-11-08,4.0599999427795410,4.1700000762939450,4.0100002288818360,4.0999999046325680,4294000,4.0123929977416990
2022-11-09,4.0500001907348630,4.1199998855590820,4.0199999809265140,4.0199999809265140,2893200,3.9341020584106445
2022-11-10,4.2199997901916500,4.4200000762939450,4.1199998855590820,4.3800001144409180,4969900,4.2864103317260740
2022-11-11,4.4200000762939450,4.5999999046325680,4.3699998855590820,4.5700001716613770,6482500,4.4723505973815920
2022-11-14,4.5500001907348630,4.5599999427795410,4.4699997901916500,4.4800000190734860,7726500,4.3842730522155760
2022-11-15,4.5999999046325680,4.6399998664855960,4.4600000381469730,4.4899997711181640,5349100,4.3940591812133790
2022-11-16,4.4600000381469730,4.5999999046325680,4.4400000572204590,4.5900001525878910,5424100,4.4919223785400390
2022-11-17,4.4600000381469730,4.5300002098083500,4.4499998092651370,4.5000000000000000,6641900,4.4038453102111820
2022-11-18,4.5500001907348630,4.5500001907348630,4.4699997901916500,4.5000000000000000,2149100,4.4038453102111820
2022-11-21,4.4299998283386230,4.4600000381469730,4.3699998855590820,4.4000000953674320,1655400,4.3059825897216800
2022-11-22,4.4499998092651370,4.4899997711181640,4.4099998474121090,4.4699997901916500,1603900,4.3744864463806150
2022-11-23,4.4600000381469730,4.6100001335144040,4.4099998474121090,4.5700001716613770,4099800,4.4723505973815920
2022-11-25,4.5399999618530270,4.5799999237060550,4.5199999809265140,4.5399999618530270,1050400,4.4429907798767090
2022-11-28,4.5000000000000000,4.5500001907348630,4.4099998474121090,4.4299998283386230,3048000,4.3353409767150880
2022-11-29,4.4600000381469730,4.5100002288818360,4.3899998664855960,4.3899998664855960,1978000,4.2961959838867190
2022-11-30,4.4000000953674320,4.5799999237060550,4.3499999046325680,4.5700001716613770,4649000,4.4723505973815920
2022-12-01,4.5700001716613770,4.6100001335144040,4.4899997711181640,4.4899997711181640,4533400,4.3940591812133790
2022-12-02,4.4200000762939450,4.4800000190734860,4.3699998855590820,4.3800001144409180,2477800,4.2864103317260740
2022-12-05,4.3400001525878910,4.3499999046325680,4.1799998283386230,4.1900000572204590,3162500,4.1004700660705570
2022-12-06,4.2300000190734860,4.2800002098083500,4.1700000762939450,4.2399997711181640,6162200,4.1494007110595700
2022-12-07,4.2199997901916500,4.3200001716613770,4.1799998283386230,4.1999998092651370,2738100,4.1102557182312010
2022-12-08,4.1900000572204590,4.2899999618530270,4.1900000572204590,4.2100000381469730,4812100,4.1200428009033200
2022-12-09,4.2100000381469730,4.2600002288818360,4.1599998474121090,4.1700000762939450,3151000,4.0808968544006350
2022-12-12,4.1500000953674320,4.1700000762939450,4.0599999427795410,4.1399998664855960,4072100,4.0515375137329100
2022-12-13,4.3299999237060550,4.3499999046325680,4.1500000953674320,4.1799998283386230,9665700,4.0906829833984375
2022-12-14,4.1500000953674320,4.2100000381469730,4.1199998855590820,4.1799998283386230,9048300,4.0906829833984375
2022-12-15,4.0799999237060550,4.1399998664855960,4.0100002288818360,4.0199999809265140,5264900,3.9341020584106445
2022-12-16,4.0000000000000000,4.0700001716613770,3.9800000190734863,4.0300002098083500,8514800,3.9438889026641846
2022-12-19,4.0300002098083500,4.0999999046325680,4.0100002288818360,4.0599999427795410,3326700,3.9732475280761720
2022-12-20,4.0700001716613770,4.1199998855590820,4.0399999618530270,4.0799999237060550,2612800,3.9928193092346190
2022-12-21,4.1199998855590820,4.1999998092651370,4.0900001525878910,4.1900000572204590,2561200,4.1004700660705570
2022-12-22,4.1399998664855960,4.1700000762939450,4.0599999427795410,4.1300001144409180,2052700,4.0417518615722660
2022-12-23,4.1100001335144040,4.2600002288818360,4.1100001335144040,4.2399997711181640,2995700,4.1494007110595700
2022-12-27,4.2199997901916500,4.2800002098083500,4.1399998664855960,4.1599998474121090,3043000,4.0711102485656740
2022-12-28,4.1500000953674320,4.2100000381469730,4.0999999046325680,4.1100001335144040,2250800,4.0221796035766600
2022-12-29,4.1199998855590820,4.2100000381469730,4.1100001335144040,4.1500000953674320,2232200,4.0613250732421875
2022-12-30,4.0999999046325680,4.1399998664855960,4.0300002098083500,4.0500001907348630,3842900,3.9634611606597900
2023-01-03,4.1599998474121090,4.1900000572204590,4.0799999237060550,4.1199998855590820,2342900,4.0319657325744630
2023-01-04,4.1799998283386230,4.4299998283386230,4.1500000953674320,4.3800001144409180,5794300,4.2864103317260740
2023-01-05,4.3299999237060550,4.4600000381469730,4.3099999427795410,4.3899998664855960,3423900,4.2961959838867190
2023-01-06,4.4499998092651370,4.6199998855590820,4.4099998474121090,4.5900001525878910,4493100,4.4919223785400390
2023-01-09,4.6100001335144040,4.7100000381469730,4.4699997901916500,4.4800000190734860,8540300,4.3842730522155760
2023-01-10,4.4400000572204590,4.5199999809265140,4.4299998283386230,4.5100002288818360,7592200,4.4136319160461430
2023-01-11,4.5399999618530270,4.9400000572204590,4.5100002288818360,4.9400000572204590,12590100,4.8344440460205080
2023-01-12,4.9800000190734860,5.1599998474121090,4.9600000381469730,5.0399999618530270,10246300,4.9323081970214840
2023-01-13,5.0000000000000000,5.0399999618530270,4.9299998283386230,4.9800000190734860,5614600,4.8735895156860350
2023-01-17,5.0000000000000000,5.0199999809265140,4.9099998474121090,4.9899997711181640,4936500,4.8833751678466800
2023-01-18,5.0199999809265140,5.0799999237060550,4.8800001144409180,4.8800001144409180,3899000,4.7757258415222170
2023-01-19,4.8800001144409180,4.9499998092651370,4.8099999427795410,4.8499999046325680,4009500,4.7463674545288090
2023-01-20,4.8699998855590820,5.0000000000000000,4.8299999237060550,4.9899997711181640,4888600,4.8833751678466800
2023-01-23,4.9899997711181640,5.0599999427795410,4.9800000190734860,4.9899997711181640,3059200,4.8833751678466800
2023-01-24,4.9499998092651370,5.0700001716613770,4.9099998474121090,5.0199999809265140,2267100,4.9127349853515625
2023-01-25,4.9899997711181640,5.0799999237060550,4.9499998092651370,5.0799999237060550,2827500,4.9714527130126950
2023-01-26,5.1500000953674320,5.3200001716613770,5.0799999237060550,5.3200001716613770,6606600,5.2063250541687010
2023-01-27,5.3499999046325680,5.4000000953674320,5.2699999809265140,5.3699998855590820,5858200,5.2552556991577150
2023-01-30,5.3200001716613770,5.3499999046325680,5.2399997711181640,5.2899999618530270,5408900,5.1769657135009770
2023-01-31,5.3000001907348630,5.3499999046325680,5.2800002098083500,5.3400001525878910,6805700,5.2258968353271480
2023-02-01,5.3400001525878910,5.5199999809265140,5.3099999427795410,5.5100002288818360,5064100,5.3922643661499020
2023-02-02,5.5500001907348630,5.6700000762939450,5.4899997711181640,5.5199999809265140,10893800,5.4020500183105470
2023-02-03,5.3699998855590820,5.5300002098083500,5.3400001525878910,5.4299998283386230,5347700,5.3139739036560060
2023-02-06,5.3499999046325680,5.3800001144409180,5.3099999427795410,5.3499999046325680,2525800,5.2356829643249510
2023-02-07,5.3400001525878910,5.4000000953674320,5.2300000190734860,5.2800002098083500,6058600,5.1671791076660160
2023-02-08,5.2699999809265140,5.3200001716613770,5.2100000381469730,5.2600002288818360,6104400,5.1476063728332520
2023-02-09,5.3099999427795410,5.3699998855590820,5.2500000000000000,5.2600002288818360,2807000,5.1476063728332520
2023-02-10,5.2199997901916500,5.2899999618530270,5.1500000953674320,5.1999998092651370,6055200,5.0888881683349610
2023-02-13,5.0700001716613770,5.2899999618530270,4.9400000572204590,5.2600002288818360,12308600,5.1476063728332520
2023-02-14,5.1999998092651370,5.4099998474121090,5.1999998092651370,5.2500000000000000,8052900,5.1378197669982910
2023-02-15,5.2100000381469730,5.3099999427795410,5.1900000572204590,5.3099999427795410,5391900,5.1965384483337400
2023-02-16,5.2600002288818360,5.3099999427795410,5.1399998664855960,5.1799998283386230,16709600,5.0693149566650390
2023-02-17,5.1599998474121090,5.2199997901916500,5.0999999046325680,5.1399998664855960,7820500,5.0301704406738280
2023-02-21,5.0900001525878910,5.1399998664855960,4.9499998092651370,4.9699997901916500,3791500,4.8638024330139160
2023-02-22,4.9699997901916500,5.0000000000000000,4.8899998664855960,4.9299998283386230,5604900,4.8246569633483890
2023-02-23,4.9299998283386230,5.0000000000000000,4.8600001335144040,4.9299998283386230,3868000,4.8246569633483890
2023-02-24,4.8099999427795410,4.9000000953674320,4.8000001907348630,4.8499999046325680,3282800,4.7463674545288090
2023-02-27,4.9000000953674320,4.9499998092651370,4.8699998855590820,4.9000000953674320,2143000,4.7952990531921390
2023-02-28,4.9499998092651370,5.0199999809265140,4.9000000953674320,4.9800000190734860,6563200,4.8735895156860350
2023-03-01,4.9899997711181640,5.2300000190734860,4.9899997711181640,5.1900000572204590,21515100,5.0791025161743160
2023-03-02,5.1799998283386230,5.4499998092651370,5.1300001144409180,5.4299998283386230,12339900,5.3139739036560060
2023-03-03,5.4099998474121090,5.7100000381469730,5.4099998474121090,5.6700000762939450,10147000,5.5488452911376950
2023-03-06,5.6700000762939450,5.6700000762939450,5.5100002288818360,5.5500001907348630,3280200,5.4314098358154300
2023-03-07,5.5599999427795410,5.5700001716613770,5.3099999427795410,5.3200001716613770,7178400,5.2063250541687010
2023-03-08,5.3200001716613770,5.5399999618530270,5.3200001716613770,5.3800001144409180,4620700,5.2650423049926760
2023-03-09,5.3899998664855960,5.4699997901916500,5.1900000572204590,5.2300000190734860,5264400,5.1182475090026855
2023-03-10,5.1999998092651370,5.1999998092651370,4.9699997901916500,5.0199999809265140,11219800,4.9127349853515625
2023-03-13,4.9200000762939450,5.0900001525878910,4.8600001335144040,5.0000000000000000,16405900,4.8931617736816410
2023-03-14,5.1900000572204590,5.2399997711181640,5.0199999809265140,5.0900001525878910,5816300,4.9812388420104980
2023-03-15,4.9400000572204590,5.0300002098083500,4.7199997901916500,4.8699998855590820,14455700,4.7659401893615720
2023-03-16,4.8200001716613770,5.0500001907348630,4.8000001907348630,4.9800000190734860,5305300,4.8735895156860350
2023-03-17,4.8899998664855960,4.9600000381469730,4.7600002288818360,4.8299999237060550,6954700,4.7267947196960450
2023-03-20,4.9099998474121090,4.9600000381469730,4.8000001907348630,4.8600001335144040,3039400,4.7561540603637695
2023-03-21,4.9400000572204590,5.0199999809265140,4.9299998283386230,5.0100002288818360,3510700,4.9029479026794430
2023-03-22,5.0000000000000000,5.1599998474121090,5.0000000000000000,5.0500001907348630,6700800,4.9420933723449710
2023-03-23,5.0599999427795410,5.1999998092651370,4.9899997711181640,5.0700001716613770,4801600,4.9616661071777340
2023-03-24,5.0399999618530270,5.0599999427795410,4.9400000572204590,5.0199999809265140,11219800,4.9127349853515625
2023-03-27,5.0300002098083500,5.1100001335144040,5.0100002288818360,5.0300002098083500,5262000,4.9225211143493650
2023-03-28,5.0000000000000000,5.1700000762939450,4.9699997901916500,5.1500000953674320,4627600,5.0399570465087890
2023-03-29,5.1999998092651370,5.3899998664855960,5.1599998474121090,5.3800001144409180,5155100,5.2650423049926760
2023-03-30,5.4000000953674320,5.4800000190734860,5.3899998664855960,5.4200000762939450,5927500,5.3041868209838870
2023-03-31,5.4400000572204590,5.5399999618530270,5.4400000572204590,5.5300002098083500,4152700,5.4118366241455080
2023-04-03,5.5500001907348630,5.5799999237060550,5.3499999046325680,5.4099998474121090,4722700,5.2944016456604000
2023-04-04,5.4400000572204590,5.4600000381469730,5.3499999046325680,5.4000000953674320,5014900,5.2846150398254395
2023-04-05,5.3200001716613770,5.3699998855590820,5.1900000572204590,5.2500000000000000,11197000,5.1378197669982910
2023-04-06,5.2399997711181640,5.2600002288818360,5.1799998283386230,5.2399997711181640,4197900,5.1280331611633300
2023-04-10,5.1900000572204590,5.4299998283386230,5.1900000572204590,5.4099998474121090,3971500,5.2944016456604000
2023-04-11,5.4000000953674320,5.5599999427795410,5.3699998855590820,5.5199999809265140,7154800,5.4020500183105470
2023-04-12,5.5500001907348630,5.6799998283386230,5.5199999809265140,5.6599998474121090,8485400,5.5390601158142090
2023-04-13,5.6999998092651370,6.0399999618530270,5.6799998283386230,6.0000000000000000,10823900,5.8717947006225590
2023-04-14,6.0000000000000000,6.0300002098083500,5.8200001716613770,5.9800000190734860,7245000,5.8522214889526370
2023-04-17,5.9800000190734860,6.0399999618530270,5.9400000572204590,6.0199999809265140,5357500,5.8913669586181640
2023-04-18,6.0399999618530270,6.0900001525878910,5.9099998474121090,5.9299998283386230,6135100,5.8032898902893070
2023-04-19,5.9000000953674320,5.9200000762939450,5.8499999046325680,5.9000000953674320,5929200,5.7739315032958980
2023-04-20,5.8299999237060550,5.9400000572204590,5.8200001716613770,5.8600001335144040,4979600,5.7347860336303710
2023-04-21,5.8499999046325680,5.8800001144409180,5.7300000190734860,5.7800002098083500,4868000,5.6564955711364750
2023-04-24,5.7800002098083500,5.8499999046325680,5.7600002288818360,5.8000001907348630,3831100,5.6760673522949220
2023-04-25,5.7399997711181640,5.8299999237060550,5.7100000381469730,5.8099999427795410,4876600,5.6858544349670410
2023-04-26,5.8099999427795410,5.9499998092651370,5.7699999809265140,5.7899999618530270,9600600,5.6662817001342770
2023-04-27,5.8000001907348630,5.9099998474121090,5.8000001907348630,5.8899998664855960,3293600,5.7641448974609375
2023-04-28,5.8099999427795410,6.0399999618530270,5.8099999427795410,6.0000000000000000,9840300,5.8717947006225590
2023-05-01,5.9400000572204590,6.0999999046325680,5.9200000762939450,6.0799999237060550,6663400,5.9500851631164550
2023-05-02,6.1199998855590820,6.7300000190734860,6.0000000000000000,6.3800001144409180,25876900,6.2436742782592770
2023-05-03,6.3200001716613770,6.4499998092651370,6.2800002098083500,6.3099999427795410,7384200,6.1751699447631840
2023-05-04,6.4899997711181640,6.5700001716613770,6.3099999427795410,6.3499999046325680,8856300,6.2143158912658690
2023-05-05,6.3299999237060550,6.6100001335144040,6.3200001716613770,6.6100001335144040,7453000,6.4687600135803220
2023-05-08,6.5999999046325680,6.6700000762939450,6.5199999809265140,6.5500001907348630,5213800,6.4100418090820310
2023-05-09,6.5000000000000000,6.7699999809265140,6.5000000000000000,6.7399997711181640,6918900,6.5959815979003910
2023-05-10,6.8200001716613770,6.8499999046325680,6.5900001525878910,6.6300001144409180,4169400,6.4883322715759280
2023-05-11,6.5700001716613770,6.6999998092651370,6.4899997711181640,6.6599998474121090,6550100,6.5176916122436520
2023-05-12,6.6799998283386230,6.6799998283386230,6.5799999237060550,6.6100001335144040,3955500,6.4687600135803220
2023-05-15,6.5500001907348630,6.6399998664855960,6.5000000000000000,6.5799999237060550,4615500,6.4394016265869140
2023-05-16,6.5500001907348630,6.6599998474121090,6.5399999618530270,6.6100001335144040,2754600,6.4687600135803220
2023-05-17,6.6900000572204590,6.6900000572204590,6.5500001907348630,6.6300001144409180,3785900,6.4883322715759280
2023-05-18,6.6100001335144040,6.6399998664855960,6.5000000000000000,6.5900001525878910,4249400,6.4491872787475590
2023-05-19,6.6399998664855960,6.6900000572204590,6.4899997711181640,6.5000000000000000,5647900,6.3611111640930180
2023-05-22,6.4499998092651370,6.5399999618530270,6.3299999237060550,6.3400001525878910,6351000,6.2045292854309080
2023-05-23,6.2899999618530270,6.3600001335144040,6.1300001144409180,6.1700000762939450,6969800,6.0381617546081540
2023-05-24,6.1999998092651370,6.2199997901916500,6.0199999809265140,6.1700000762939450,9487200,6.0381617546081540
2023-05-25,6.1999998092651370,6.2800002098083500,6.1399998664855960,6.2300000190734860,5494400,6.0968794822692870
2023-05-26,6.2899999618530270,6.3699998855590820,6.2300000190734860,6.3000001907348630,3413100,6.1653838157653810
2023-05-30,6.3200001716613770,6.3899998664855960,5.9600000381469730,6.0199999809265140,5365300,5.8913669586181640
2023-05-31,5.9699997901916500,6.1100001335144040,5.9699997901916500,6.0000000000000000,6868200,5.8717947006225590
2023-06-01,6.0599999427795410,6.1999998092651370,6.0300002098083500,6.0700001716613770,4419800,5.9402990341186520
2023-06-02,6.1500000953674320,6.3899998664855960,6.1300001144409180,6.3699998855590820,4675700,6.2338886260986330
2023-06-05,6.3800001144409180,6.4600000381469730,6.3400001525878910,6.4000000953674320,3094800,6.2632470130920410
2023-06-06,6.3600001335144040,6.7399997711181640,6.3600001335144040,6.7199997901916500,6808600,6.5764093399047850
2023-06-07,6.7500000000000000,6.8899998664855960,6.7100000381469730,6.8699998855590820,8465500,6.7232050895690920
2023-06-08,6.8499999046325680,6.9000000953674320,6.7399997711181640,6.8699998855590820,8563600,6.7232050895690920
2023-06-09,6.8800001144409180,6.9699997901916500,6.8099999427795410,6.9600000381469730,7069800,6.8112816810607910
2023-06-12,6.9499998092651370,6.9899997711181640,6.8800001144409180,6.9000000953674320,3206000,6.7525629997253420
2023-06-13,6.9099998474121090,7.1599998474121090,6.8499999046325680,7.1399998664855960,6844300,6.9874353408813480
2023-06-14,7.1700000762939450,7.2899999618530270,7.1399998664855960,7.2600002288818360,7850900,7.1048712730407715
2023-06-15,7.1900000572204590,7.3499999046325680,7.1900000572204590,7.3000001907348630,7194700,7.1440167427062990
2023-06-16,7.2600002288818360,7.3000001907348630,7.1799998283386230,7.1999998092651370,7172000,7.0461530685424805
2023-06-20,7.1399998664855960,7.2100000381469730,6.9699997901916500,7.0199999809265140,5628100,6.8699994087219240
2023-06-21,7.0100002288818360,7.0999999046325680,6.9699997901916500,7.0100002288818360,4980500,6.8602137565612790
2023-06-22,6.9600000381469730,6.9699997901916500,6.8400001525878910,6.8800001144409180,2774200,6.7329912185668945
2023-06-23,6.8499999046325680,6.9299998283386230,6.8200001716613770,6.9000000953674320,2089600,6.7525629997253420
2023-06-26,6.9200000762939450,7.0500001907348630,6.8899998664855960,6.8899998664855960,3651300,6.7427768707275390
2023-06-27,6.9000000953674320,7.0999999046325680,6.8699998855590820,7.0399999618530270,3918300,6.8895716667175290
2023-06-28,6.9899997711181640,7.0700001716613770,6.9400000572204590,6.9600000381469730,4349100,6.8112816810607910
2023-06-29,6.9499998092651370,7.0999999046325680,6.9499998092651370,6.9899997711181640,6029500,6.8406410217285160
2023-06-30,7.0700001716613770,7.1100001335144040,7.0100002288818360,7.0799999237060550,6098200,6.9287171363830570
2023-07-03,7.0900001525878910,7.1199998855590820,7.0199999809265140,7.0799999237060550,1600600,6.9287171363830570
2023-07-05,6.9800000190734860,7.0399999618530270,6.9200000762939450,6.9699997901916500,4172800,6.8210678100585940
2023-07-06,6.8499999046325680,6.8899998664855960,6.5500001907348630,6.5700001716613770,6338500,6.4296140670776370
2023-07-07,6.6100001335144040,6.7699999809265140,6.5700001716613770,6.6900000572204590,7275500,6.5470509529113770
2023-07-10,6.6999998092651370,6.8600001335144040,6.6599998474121090,6.8099999427795410,4618200,6.6644859313964840
2023-07-11,6.9000000953674320,7.0000000000000000,6.8299999237060550,6.9600000381469730,5863900,6.8112816810607910
2023-07-12,7.0500001907348630,7.1199998855590820,6.9899997711181640,7.0399999618530270,7779400,6.8895716667175290
2023-07-13,7.0999999046325680,7.4000000953674320,7.0399999618530270,7.3400001525878910,7654200,7.1831617355346680
2023-07-14,7.3299999237060550,7.3899998664855960,7.1799998283386230,7.3200001716613770,5710300,7.1635894775390625
2023-07-17,7.3000001907348630,7.4000000953674320,7.2199997901916500,7.3499999046325680,3198500,7.1929478645324710
2023-07-18,7.3099999427795410,7.4800000190734860,7.2899999618530270,7.4400000572204590,3646000,7.2810254096984860
2023-07-19,7.4000000953674320,7.4600000381469730,7.3699998855590820,7.4600000381469730,5245200,7.3005981445312500
2023-07-20,7.4600000381469730,7.5300002098083500,7.3400001525878910,7.4600000381469730,6140000,7.3005981445312500
2023-07-21,7.3699998855590820,7.4699997901916500,7.3499999046325680,7.4099998474121090,3693500,7.2516660690307620
2023-07-24,7.4499998092651370,7.4499998092651370,7.2899999618530270,7.3800001144409180,4062600,7.2223067283630370
2023-07-25,7.3800001144409180,7.4699997901916500,7.3200001716613770,7.4400000572204590,4478400,7.2810254096984860
2023-07-26,7.4299998283386230,7.6399998664855960,7.4299998283386230,7.5399999618530270,7027200,7.3788886070251465
2023-07-27,7.7500000000000000,8.1700000762939450,7.5100002288818360,7.5199999809265140,21784700,7.3593153953552250
2023-07-28,7.7800002098083500,7.8200001716613770,7.5700001716613770,7.6700000762939450,8695600,7.5061101913452150
2023-07-31,7.6700000762939450,7.7500000000000000,7.5199999809265140,7.6199998855590820,7396300,7.4571790695190430
2023-08-01,7.5100002288818360,7.6799998283386230,7.4600000381469730,7.6399998664855960,6171000,7.4767508506774900
2023-08-02,7.5599999427795410,7.5999999046325680,7.4800000190734860,7.5599999427795410,5863700,7.3984603881835940
2023-08-03,7.4800000190734860,7.5399999618530270,7.3699998855590820,7.5000000000000000,5677400,7.3397426605224610
2023-08-04,7.5900001525878910,7.7199997901916500,7.4899997711181640,7.6599998474121090,9160600,7.4963235855102540
2023-08-07,7.7300000190734860,7.8899998664855960,7.6300001144409180,7.8699998855590820,6771900,7.7018370628356930
2023-08-08,7.7300000190734860,7.9299998283386230,7.6399998664855960,7.9200000762939450,4898700,7.7507686614990230
2023-08-09,7.9099998474121090,8.0000000000000000,7.8400001525878910,7.9299998283386230,8239800,7.7605543136596680
2023-08-10,7.9499998092651370,8.0200004577636720,7.7800002098083500,7.8400001525878910,6169300,7.6724781990051270
2023-08-11,7.7899999618530270,7.9299998283386230,7.6999998092651370,7.7800002098083500,5666200,7.6137599945068360
2023-08-14,7.7600002288818360,7.9800000190734860,7.6500000953674320,7.9699997901916500,6368700,7.7996997833251950
2023-08-15,7.8899998664855960,8.0100002288818360,7.8600001335144040,8.0000000000000000,4637100,7.8290591239929200
2023-08-16,7.9299998283386230,8.1899995803833000,7.9299998283386230,8.0699996948242190,7857800,7.8975634574890140
2023-08-17,8.1300001144409180,8.1800003051757810,7.6799998283386230,7.6900000572204590,8126400,7.5256829261779785
2023-08-18,7.6300001144409180,7.8899998664855960,7.5500001907348630,7.8000001907348630,7009100,7.6333336830139160
2023-08-21,7.8400001525878910,7.9699997901916500,7.7399997711181640,7.9600000381469730,4742100,7.7899136543273930
2023-08-22,8.0000000000000000,8.0900001525878900,7.9000000953674320,8.0600004196167000,4396400,7.8877778053283690
2023-08-23,8.1000003814697270,8.2500000000000000,8.0900001525878900,8.1400003433227540,5698700,7.9660677909851070
2023-08-24,8.0500001907348630,8.1999998092651370,7.9800000190734860,8.0100002288818360,4629500,7.8388457298278810
2023-08-25,8.0600004196167000,8.1899995803833000,7.8899998664855960,8.1499996185302730,4742600,7.9758539199829100
2023-08-28,8.1700000762939450,8.3000001907348630,8.1700000762939450,8.2700004577636720,3392200,8.0932912826538090
2023-08-29,8.2100000381469730,8.3699998855590820,8.0699996948242190,8.3699998855590820,4651900,8.1911525726318360
2023-08-30,8.4099998474121100,8.4600000381469730,8.3000001907348630,8.3100004196167000,10378900,8.1324348449707030
2023-08-31,8.3400001525878900,8.3900003433227540,7.9099998474121090,7.9699997901916500,11115500,7.7996997833251950
2023-09-01,8.2200002670288090,8.2600002288818360,8.0000000000000000,8.0699996948242190,6764800,7.8975634574890140
2023-09-05,8.0699996948242190,8.0799999237060550,7.7199997901916500,7.7399997711181640,6822700,7.5746145248413090
2023-09-06,7.7399997711181640,7.8000001907348630,7.5300002098083500,7.5900001525878910,8098900,7.4278202056884770
2023-09-07,7.5199999809265140,7.5900001525878910,7.3699998855590820,7.3800001144409180,10229000,7.2223067283630370
2023-09-08,7.3499999046325680,7.4800000190734860,7.1799998283386230,7.1900000572204590,13193500,7.0363664627075195
2023-09-11,7.3000001907348630,7.3800001144409180,7.0300002098083500,7.0500001907348630,9374600,6.8993587493896480
2023-09-12,6.9899997711181640,7.0500001907348630,6.9099998474121090,6.9499998092651370,16407700,6.8014950752258300
2023-09-13,7.0000000000000000,7.0300002098083500,6.8800001144409180,6.8899998664855960,6850500,6.7427768707275390
2023-09-14,6.9299998283386230,6.9499998092651370,6.8000001907348630,6.8499999046325680,20545700,6.7036318778991700
2023-09-15,6.8499999046325680,6.8699998855590820,6.7100000381469730,6.8200001716613770,10250100,6.6742730140686035
2023-09-18,6.8099999427795410,6.9600000381469730,6.7899999618530270,6.9400000572204590,6418600,6.7917089462280270
2023-09-19,6.9400000572204590,7.1999998092651370,6.8299999237060550,7.1199998855590820,7629200,6.9678626060485840
2023-09-20,7.1399998664855960,7.2500000000000000,7.1100001335144040,7.1199998855590820,6650900,6.9678626060485840
2023-09-21,7.0300002098083500,7.0599999427795410,6.6999998092651370,6.8000001907348630,11436800,6.6546998023986820
2023-09-22,6.8000001907348630,6.9099998474121090,6.6700000762939450,6.6799998283386230,7316000,6.5372643470764160
2023-09-25,6.6700000762939450,6.7899999618530270,6.6300001144409180,6.6599998474121090,16253300,6.5176916122436520
2023-09-26,6.5799999237060550,6.6700000762939450,6.5199999809265140,6.5399999618530270,7183200,6.4002561569213870
2023-09-27,6.5799999237060550,6.6599998474121090,6.4699997901916500,6.5500001907348630,8609800,6.4100418090820310
2023-09-28,6.5599999427795410,6.6500000953674320,6.5199999809265140,6.6300001144409180,8346900,6.4883322715759280
2023-09-29,6.7100000381469730,6.7800002098083500,6.4899997711181640,6.5000000000000000,4856000,6.3611111640930180
2023-10-02,6.5199999809265140,6.6100001335144040,6.3899998664855960,6.4499998092651370,4841000,6.3121786117553710
2023-10-03,6.4099998474121090,6.4600000381469730,6.1100001335144040,6.1399998664855960,8106900,6.0088024139404300
2023-10-04,6.1399998664855960,6.2500000000000000,6.0700001716613770,6.2500000000000000,8217100,6.1164526939392090
2023-10-05,6.2199997901916500,6.2199997901916500,5.7300000190734860,5.8600001335144040,18093700,5.7347860336303710
2023-10-06,5.8400001525878910,6.0100002288818360,5.8099999427795410,5.8099999427795410,14685000,5.6858544349670410
2023-10-09,5.7600002288818360,5.9200000762939450,5.6700000762939450,5.8899998664855960,9504300,5.7641448974609375
2023-10-10,5.9800000190734860,6.1199998855590820,5.8899998664855960,6.0700001716613770,9891900,5.9402990341186520
2023-10-11,6.1399998664855960,6.4299998283386230,6.1100001335144040,6.4099998474121090,12953400,6.2730345726013180
2023-10-12,6.3299999237060550,6.4200000762939450,6.0999999046325680,6.1700000762939450,7205000,6.0381617546081540
2023-10-13,6.2199997901916500,6.3000001907348630,6.1199998855590820,6.1599998474121090,4145200,6.0283751487731930
2023-10-16,6.2600002288818360,6.6399998664855960,6.2199997901916500,6.4499998092651370,7729000,6.3121786117553710
2023-10-17,6.3699998855590820,6.4200000762939450,6.2899999618530270,6.3699998855590820,4343900,6.2338886260986330
2023-10-18,6.2899999618530270,6.3099999427795410,6.0300002098083500,6.0900001525878910,5154000,5.9598712921142580
2023-10-19,6.1399998664855960,6.1900000572204590,6.0199999809265140,6.0300002098083500,4097400,5.9011535644531250
2023-10-20,5.9299998283386230,6.0700001716613770,5.9299998283386230,6.0000000000000000,3507000,5.8717947006225590
2023-10-23,5.9299998283386230,6.0399999618530270,5.8899998664855960,5.9400000572204590,5931400,5.8130764961242680
2023-10-24,6.0399999618530270,6.0599999427795410,5.9099998474121090,5.9400000572204590,3089400,5.8130764961242680
2023-10-25,5.8800001144409180,6.0599999427795410,5.8600001335144040,6.0000000000000000,6252100,5.8717947006225590
2023-10-26,5.9899997711181640,6.3499999046325680,5.9899997711181640,6.1999998092651370,12657000,6.0675210952758790
2023-10-27,6.1900000572204590,6.2899999618530270,5.9200000762939450,5.9499998092651370,4832900,5.8228631019592285
2023-10-30,6.0000000000000000,6.0700001716613770,5.8699998855590820,5.9400000572204590,4909400,5.8130764961242680
2023-10-31,5.9699997901916500,6.0799999237060550,5.9000000953674320,5.9699997901916500,3796900,5.8424348831176760
2023-11-01,6.0000000000000000,6.1700000762939450,5.9899997711181640,6.1399998664855960,6789300,6.0088024139404300
2023-11-02,6.2500000000000000,6.5000000000000000,6.2399997711181640,6.4299998283386230,6169200,6.2926063537597660
2023-11-03,6.4899997711181640,6.7600002288818360,6.4200000762939450,6.6900000572204590,9051500,6.5470509529113770
2023-11-06,6.6900000572204590,6.7600002288818360,6.6399998664855960,6.7100000381469730,7053400,6.5666241645812990
2023-11-07,6.6599998474121090,6.8299999237060550,6.6399998664855960,6.7899999618530270,5333700,6.6449141502380370
2023-11-08,6.7899999618530270,6.9299998283386230,6.7600002288818360,6.8800001144409180,6124300,6.7329912185668945
2023-11-09,6.9699997901916500,7.0599999427795410,6.8200001716613770,6.8200001716613770,6462800,6.6742730140686035
2023-11-10,6.8899998664855960,6.9600000381469730,6.8400001525878910,6.9400000572204590,2481600,6.7917089462280270
2023-11-13,6.9000000953674320,6.9699997901916500,6.8400001525878910,6.8400001525878910,2377700,6.6938457489013670
2023-11-14,7.0100002288818360,7.1700000762939450,7.0000000000000000,7.0900001525878910,4531600,6.9385032653808590
2023-11-15,7.1199998855590820,7.1700000762939450,6.9699997901916500,7.0000000000000000,3683000,6.8504266738891600
2023-11-16,7.0000000000000000,7.0799999237060550,6.8499999046325680,6.8800001144409180,4318500,6.7329912185668945
2023-11-17,6.8800001144409180,7.0799999237060550,6.8800001144409180,6.9800000190734860,2870800,6.8308539390563965
2023-11-20,6.9200000762939450,6.9200000762939450,6.5500001907348630,6.7300000190734860,6634500,6.5861954689025880
2023-11-21,6.8099999427795410,6.9299998283386230,6.7100000381469730,6.8200001716613770,5537700,6.6742730140686035
2023-11-22,6.8699998855590820,6.9099998474121090,6.7500000000000000,6.7600002288818360,3205800,6.6155552864074710
2023-11-24,6.8299999237060550,6.8499999046325680,6.6799998283386230,6.7199997901916500,3554300,6.5764093399047850
2023-11-27,6.7899999618530270,6.8899998664855960,6.6700000762939450,6.6999998092651370,9763900,6.5568375587463380
2023-11-28,6.6500000953674320,6.9000000953674320,6.6500000953674320,6.7699999809265140,5010100,6.6253414154052730
2023-11-29,6.8000001907348630,6.9600000381469730,6.7199997901916500,6.9299998283386230,5661500,6.7819223403930660
2023-11-30,6.9299998283386230,7.0000000000000000,6.7800002098083500,6.9099998474121090,6304500,6.7623491287231445
2023-12-01,6.9600000381469730,7.2100000381469730,6.8699998855590820,7.1999998092651370,6549800,7.0461530685424805
2023-12-04,7.1199998855590820,7.1799998283386230,6.9899997711181640,7.0399999618530270,3658500,6.8895716667175290
2023-12-05,6.9499998092651370,7.0199999809265140,6.8400001525878910,6.9499998092651370,4090800,6.8014950752258300
2023-12-06,7.0300002098083500,7.0999999046325680,6.9899997711181640,6.9899997711181640,3180800,6.8406410217285160
2023-12-07,6.9800000190734860,7.0199999809265140,6.9000000953674320,7.0000000000000000,2859300,6.8504266738891600
2023-12-08,6.9899997711181640,7.1199998855590820,6.9400000572204590,7.0900001525878910,2712100,6.9385032653808590
2023-12-11,7.0999999046325680,7.2199997901916500,7.0599999427795410,7.1100001335144040,2321900,6.9580764770507810
2023-12-12,7.1399998664855960,7.1799998283386230,7.0700001716613770,7.1199998855590820,1935000,6.9678626060485840
2023-12-13,7.0799999237060550,7.4699997901916500,7.0799999237060550,7.4600000381469730,6134400,7.3005981445312500
2023-12-14,7.4299998283386230,7.9299998283386230,7.4299998283386230,7.8499999046325680,10228800,7.6822633743286130
2023-12-15,7.8600001335144040,7.9600000381469730,7.7699999809265140,7.8099999427795410,7975200,7.6431188583374020
2023-12-18,7.8299999237060550,7.9099998474121090,7.7699999809265140,7.8699998855590820,4440600,7.7018370628356930
2023-12-19,7.9200000762939450,8.0000000000000000,7.9000000953674320,7.9899997711181640,4235100,7.8192729949951170
2023-12-20,7.9499998092651370,8.0299997329711910,7.8299999237060550,7.8299999237060550,6488700,7.6626911163330080
2023-12-21,7.9800000190734860,8.0900001525878900,7.8499999046325680,8.0900001525878900,3772500,7.9171352386474610
2023-12-22,8.1000003814697270,8.2299995422363280,8.0699996948242190,8.2100000381469730,5994800,8.0345716476440430
2023-12-26,8.1899995803833000,8.2700004577636720,8.0900001525878900,8.1300001144409180,3229000,7.9562811851501465
2023-12-27,8.1199998855590820,8.1599998474121100,8.0699996948242190,8.1000003814697270,2072500,7.9269223213195800
2023-12-28,8.0399999618530270,8.1000003814697270,7.7800002098083500,7.8899998664855960,6053500,7.7214093208312990
2023-12-29,7.9000000953674320,7.9099998474121090,7.7399997711181640,7.7500000000000000,4938100,7.5844011306762695
2024-01-02,7.6900000572204590,7.7699999809265140,7.5700001716613770,7.6100001335144040,4621100,7.4473929405212400
2024-01-03,7.4899997711181640,7.5500001907348630,7.3800001144409180,7.4200000762939450,4559500,7.2614521980285645
2024-01-04,7.3499999046325680,7.4899997711181640,7.3400001525878910,7.4299998283386230,2916400,7.2712383270263670
2024-01-05,7.3699998855590820,7.6900000572204590,7.3699998855590820,7.6799998283386230,4320300,7.5158958435058590
2024-01-08,7.6500000953674320,7.7699999809265140,7.6300001144409180,7.7399997711181640,4137200,7.5746145248413090
2024-01-09,7.7199997901916500,7.8600001335144040,7.7199997901916500,7.8000001907348630,4427700,7.6333336830139160
2024-01-10,7.7600002288818360,7.8800001144409180,7.6799998283386230,7.8699998855590820,5334900,7.7018370628356930
2024-01-11,7.8600001335144040,7.8899998664855960,7.7500000000000000,7.8299999237060550,4240400,7.6626911163330080
2024-01-12,7.8000001907348630,7.9099998474121090,7.7600002288818360,7.8499999046325680,4276100,7.6822633743286130
2024-01-16,7.7800002098083500,7.7899999618530270,7.3699998855590820,7.4099998474121090,8451300,7.2516660690307620
2024-01-17,7.3400001525878910,7.4499998092651370,7.2500000000000000,7.4299998283386230,5638100,7.2712383270263670
2024-01-18,7.4899997711181640,7.5199999809265140,7.3299999237060550,7.4099998474121090,3392400,7.2516660690307620
2024-01-19,7.4200000762939450,7.4899997711181640,7.3099999427795410,7.4600000381469730,4994000,7.3005981445312500
2024-01-22,7.4699997901916500,7.5599999427795410,7.3899998664855960,7.4299998283386230,3444200,7.2712383270263670
2024-01-23,7.4699997901916500,7.5999999046325680,7.4099998474121090,7.5100002288818360,5674600,7.3495292663574220
2024-01-24,7.6399998664855960,7.8000001907348630,7.5799999237060550,7.7399997711181640,10921200,7.5746145248413090
2024-01-25,7.8600001335144040,8.1999998092651370,7.7699999809265140,8.1199998855590820,12027300,7.9464950561523440
2024-01-26,8.1599998474121100,8.3400001525878900,8.1000003814697270,8.2399997711181640,6357600,8.0639314651489260
2024-01-29,8.2600002288818360,8.3400001525878900,8.1800003051757810,8.3199996948242190,5937200,8.1422204971313480
2024-01-30,8.3000001907348630,8.3900003433227540,8.2399997711181640,8.3500003814697270,4593200,8.1715822219848630
2024-01-31,8.2799997329711910,8.3900003433227540,8.2399997711181640,8.2799997329711910,5886900,8.1030750274658200
2024-02-01,8.3699998855590820,8.4700002670288090,8.2899999618530270,8.4200000762939450,9310300,8.2400856018066400
2024-02-02,8.3900003433227540,8.5900001525878900,8.3100004196167000,8.5699996948242190,5238100,8.3868799209594730
2024-02-05,8.5000000000000000,8.5299997329711910,8.3699998855590820,8.4600000381469730,3469400,8.2792301177978520
2024-02-06,8.5000000000000000,8.6899995803833000,8.5000000000000000,8.6800003051757810,4600000,8.4945287704467770
2024-02-07,8.6700000762939450,8.8100004196167000,8.6300001144409180,8.7399997711181640,4877100,8.5532464981079100
2024-02-08,8.6300001144409180,8.7299995422363280,7.7500000000000000,7.9800000190734860,17051600,7.8094863891601560
2024-02-09,7.7899999618530270,7.9600000381469730,7.5599999427795410,7.6599998474121090,10927400,7.4963235855102540
2024-02-12,7.6399998664855960,7.8299999237060550,7.6199998855590820,7.7899999618530270,3944800,7.6235461235046390
2024-02-13,7.5900001525878910,7.6999998092651370,7.5100002288818360,7.5999999046325680,4662900,7.4376058578491210
2024-02-14,7.6500000953674320,7.6999998092651370,7.5399999618530270,7.5700001716613770,11026700,7.4082474708557130
2024-02-15,7.5700001716613770,7.7699999809265140,7.5700001716613770,7.6799998283386230,10169500,7.5158958435058590
2024-02-16,7.6900000572204590,7.8699998855590820,7.6599998474121090,7.8299999237060550,5922900,7.6626911163330080
2024-02-20,7.8000001907348630,8.0000000000000000,7.7399997711181640,7.8299999237060550,4054100,7.6626911163330080
2024-02-21,7.8699998855590820,7.9600000381469730,7.7800002098083500,7.9499998092651370,5389300,7.7801270484924320
2024-02-22,8.0000000000000000,8.0200004577636720,7.8899998664855960,8.0100002288818360,5111300,7.8388457298278810
2024-02-23,7.9800000190734860,8.1899995803833000,7.9600000381469730,8.1499996185302730,5893500,7.9758539199829100
2024-02-26,8.1199998855590820,8.2200002670288090,8.0699996948242190,8.0799999237060550,3733700,7.9073500633239750
2024-02-27,8.1099996566772460,8.1400003433227540,7.9499998092651370,7.9600000381469730,4278100,7.7899136543273930
2024-02-28,7.9000000953674320,7.9499998092651370,7.6799998283386230,7.6799998283386230,3810300,7.5158958435058590
2024-02-29,7.8099999427795410,7.9200000762939450,7.6300001144409180,7.6399998664855960,6640800,7.4767508506774900
2024-03-01,7.6700000762939450,7.9000000953674320,7.6500000953674320,7.8400001525878910,4783800,7.6724781990051270
2024-03-04,7.8899998664855960,7.9600000381469730,7.7100000381469730,7.7500000000000000,5044700,7.5844011306762695
2024-03-05,7.7199997901916500,7.7600002288818360,7.5599999427795410,7.6900000572204590,6261000,7.5256829261779785
2024-03-06,7.7100000381469730,7.8800001144409180,7.7100000381469730,7.8600001335144040,5446900,7.6920509338378910
2024-03-07,7.9400000572204590,8.0399999618530270,7.8699998855590820,7.9000000953674320,4370900,7.7311959266662600
2024-03-08,7.9200000762939450,7.9899997711181640,7.8800001144409180,7.9099998474121090,4496300,7.7409820556640625
2024-03-11,7.9400000572204590,8.1400003433227540,7.8800001144409180,8.1199998855590820,7468200,7.9464950561523440
2024-03-12,8.1400003433227540,8.1899995803833000,8.0100002288818360,8.0799999237060550,4945400,7.9073500633239750
2024-03-13,8.0200004577636720,8.1700000762939450,8.0200004577636720,8.1599998474121100,4714200,7.9856386184692380
2024-03-14,8.1599998474121100,8.4700002670288090,8.1099996566772460,8.4600000381469730,9766600,8.2792301177978520
2024-03-15,8.4799995422363280,8.5200004577636720,8.3500003814697270,8.3699998855590820,12626000,8.1911525726318360
2024-03-18,8.4399995803833000,8.4399995803833000,8.2399997711181640,8.3100004196167000,3809500,8.1324348449707030
2024-03-19,8.2399997711181640,8.3299999237060550,8.2100000381469730,8.2600002288818360,3357800,8.0835037231445310
2024-03-20,8.2299995422363280,8.4700002670288090,8.1899995803833000,8.4300003051757810,13017400,8.2498703002929690
2024-03-21,8.4899997711181640,8.5200004577636720,8.3999996185302730,8.4600000381469730,15068300,8.2792301177978520
2024-03-22,8.4499998092651370,8.6199998855590820,8.3900003433227540,8.5900001525878900,13921800,8.4064531326293950
2024-03-25,8.5900001525878900,8.6700000762939450,8.4499998092651370,8.5900001525878900,9817500,8.4064531326293950
2024-03-26,8.6099996566772460,8.8000001907348630,8.5500001907348630,8.8000001907348630,6344700,8.6119651794433600
2024-03-27,8.8299999237060550,8.9200000762939450,8.8100004196167000,8.8500003814697270,7047500,8.6608972549438480
2024-03-28,8.8400001525878900,9.0299997329711910,8.7799997329711910,9.0100002288818360,9395300,8.8174762725830080
2024-04-01,9.0000000000000000,9.1499996185302730,8.9499998092651370,9.0699996948242190,13458300,8.8761959075927730
2024-04-02,9.0299997329711910,9.1199998855590820,8.9899997711181640,9.0200004577636720,13123000,8.8272638320922850
2024-04-03,9.0200004577636720,9.2700004577636720,8.9600000381469730,9.1499996185302730,10288800,8.9544858932495120
2024-04-04,9.1999998092651370,9.2399997711181640,8.8299999237060550,8.8299999237060550,7734000,8.6413240432739260
2024-04-05,8.8400001525878900,8.9499998092651370,8.7600002288818360,8.8000001907348630,6475300,8.6119651794433600
2024-04-08,8.8500003814697270,8.9300003051757810,8.7700004577636720,8.8699998855590820,3965100,8.6804695129394530
2024-04-09,8.8900003433227540,9.0000000000000000,8.7200002670288090,8.7600002288818360,6972700,8.5728206634521480
2024-04-10,8.6000003814697270,8.7299995422363280,8.5500001907348630,8.5799999237060550,5401200,8.3966665267944340
2024-04-11,8.6499996185302730,8.7500000000000000,8.5500001907348630,8.7399997711181640,5196800,8.5532464981079100
2024-04-12,8.6599998474121100,8.7299995422363280,8.5100002288818360,8.5600004196167000,4076400,8.3770952224731450
2024-04-15,8.7100000381469730,8.7100000381469730,8.3699998855590820,8.3999996185302730,3832500,8.2205114364624020
2024-04-16,8.2799997329711910,8.6000003814697270,8.2600002288818360,8.3999996185302730,8933200,8.2205114364624020
2024-04-17,8.4799995422363280,8.4799995422363280,8.1800003051757810,8.1800003051757810,6713600,8.0052137374877930
2024-04-18,8.2600002288818360,8.3100004196167000,8.0399999618530270,8.0799999237060550,9867500,7.9073500633239750
2024-04-19,8.0399999618530270,8.0699996948242190,7.8400001525878910,7.9899997711181640,6100500,7.8192729949951170
2024-04-22,8.0200004577636720,8.2100000381469730,7.9899997711181640,8.1800003051757810,4807300,8.0052137374877930
2024-04-23,8.1199998855590820,8.3500003814697270,8.1000003814697270,8.2700004577636720,3988900,8.0932912826538090
2024-04-24,8.1199998855590820,8.2200002670288090,7.8299999237060550,8.1199998855590820,8237300,7.9464950561523440
2024-04-25,8.0000000000000000,8.2700004577636720,7.8200001716613770,8.1800003051757810,10528100,8.0052137374877930
2024-04-26,8.2200002670288090,8.3100004196167000,8.1899995803833000,8.2700004577636720,4029600,8.0932912826538090
2024-04-29,8.3100004196167000,8.3100004196167000,8.0900001525878900,8.1099996566772460,8746500,7.9367079734802250
2024-04-30,8.0699996948242190,8.1700000762939450,7.8600001335144040,7.9099998474121090,8576700,7.7409820556640625
2024-05-01,7.9499998092651370,8.0200004577636720,7.7800002098083500,7.8800001144409180,3599500,7.7116236686706540
2024-05-02,7.9299998283386230,7.9800000190734860,7.8000001907348630,7.8200001716613770,5485600,7.6529059410095215
2024-05-03,7.9899997711181640,8.0699996948242190,7.9400000572204590,8.0000000000000000,3746200,7.8290591239929200
2024-05-06,8.0100002288818360,8.1099996566772460,7.9200000762939450,7.9800000190734860,4888900,7.8094863891601560
2024-05-07,8.0000000000000000,8.0399999618530270,7.7699999809265140,7.8099999427795410,8983100,7.6431188583374020
2024-05-08,7.7600002288818360,7.8299999237060550,7.6900000572204590,7.7600002288818360,4256500,7.5941877365112305
2024-05-09,7.7899999618530270,7.9400000572204590,7.7600002288818360,7.8899998664855960,4681800,7.7214093208312990
2024-05-10,7.9699997901916500,8.0299997329711910,7.8400001525878910,7.9499998092651370,5494400,7.7801270484924320
2024-05-13,8.0000000000000000,8.0500001907348630,7.9299998283386230,7.9499998092651370,2095000,7.7801270484924320
2024-05-14,7.8600001335144040,7.9499998092651370,7.8099999427795410,7.9099998474121090,7437100,7.7409820556640625
2024-05-15,7.9899997711181640,8.1000003814697270,7.8899998664855960,7.9099998474121090,3551700,7.7409820556640625
2024-05-16,7.8600001335144040,7.9699997901916500,7.8200001716613770,7.8400001525878910,6985100,7.6724781990051270
2024-05-17,7.9000000953674320,7.9000000953674320,7.7600002288818360,7.7899999618530270,2751200,7.6235461235046390
2024-05-20,7.7899999618530270,7.8899998664855960,7.7600002288818360,7.8600001335144040,2327900,7.6920509338378910
2024-05-21,7.7800002098083500,7.8400001525878910,7.6399998664855960,7.7500000000000000,6508400,7.5844011306762695
2024-05-22,7.6999998092651370,7.7300000190734860,7.5700001716613770,7.6100001335144040,3330100,7.4473929405212400
2024-05-23,7.6500000953674320,7.6799998283386230,7.5500001907348630,7.5900001525878910,4475800,7.4278202056884770
2024-05-24,7.6500000953674320,7.6500000953674320,7.5599999427795410,7.6100001335144040,1860600,7.4473929405212400
2024-05-28,7.6300001144409180,7.6999998092651370,7.5300002098083500,7.5799999237060550,3676500,7.4180335998535160
2024-05-29,7.5000000000000000,7.5500001907348630,7.3200001716613770,7.5100002288818360,5466500,7.3495292663574220
2024-05-30,7.5100002288818360,7.7300000190734860,7.4099998474121090,7.6199998855590820,6174500,7.4571790695190430
2024-05-31,7.6100001335144040,7.6500000953674320,7.4400000572204590,7.5300002098083500,7740700,7.3691024780273440
2024-06-03,7.3099999427795410,7.3699998855590820,6.7699999809265140,6.8899998664855960,16986500,6.7427768707275390
2024-06-04,6.8800001144409180,7.1199998855590820,6.8600001335144040,6.9000000953674320,7800300,6.7525629997253420
2024-06-05,6.9699997901916500,7.1799998283386230,6.9299998283386230,7.0599999427795410,6363400,6.9091444015502930
2024-06-06,7.0300002098083500,7.2100000381469730,6.8899998664855960,6.9299998283386230,7173400,6.7819223403930660
2024-06-07,6.9099998474121090,6.9899997711181640,6.5199999809265140,6.6100001335144040,15742900,6.4687600135803220
2024-06-10,6.6300001144409180,6.7500000000000000,6.5500001907348630,6.6799998283386230,6609200,6.5372643470764160
2024-06-11,6.6599998474121090,6.6999998092651370,6.4299998283386230,6.4499998092651370,7843000,6.3121786117553710
2024-06-12,6.5799999237060550,6.6900000572204590,6.5100002288818360,6.6199998855590820,8306700,6.4785461425781250
2024-06-13,6.5500001907348630,6.6900000572204590,6.5300002098083500,6.6300001144409180,4290000,6.4883322715759280
2024-06-14,6.5199999809265140,6.5500001907348630,6.3800001144409180,6.4299998283386230,5632800,6.2926063537597660
2024-06-17,6.3800001144409180,6.5199999809265140,6.3400001525878910,6.5000000000000000,4806500,6.3819532394409180
2024-06-18,6.5500001907348630,6.6399998664855960,6.4800000190734860,6.4800000190734860,4991800,6.3623166084289550
2024-06-20,6.4899997711181640,6.5100002288818360,6.3499999046325680,6.3899998664855960,8070700,6.2739510536193850
2024-06-21,6.4099998474121090,6.4800000190734860,6.1799998283386230,6.2899999618530270,27066300,6.1757674217224120
2024-06-24,6.3200001716613770,6.4299998283386230,6.2500000000000000,6.3600001335144040,8044900,6.2444963455200195
2024-06-25,6.2899999618530270,6.3800001144409180,6.2399997711181640,6.3400001525878910,5601800,6.2248587608337400
2024-06-26,6.3000001907348630,6.4299998283386230,6.2199997901916500,6.3200001716613770,8629900,6.2052226066589355
2024-06-27,6.3299999237060550,6.4000000953674320,6.2699999809265140,6.3400001525878910,4265700,6.2248587608337400
2024-06-28,6.4200000762939450,6.4499998092651370,6.3299999237060550,6.3899998664855960,8173800,6.2739510536193850
2024-07-01,6.3899998664855960,6.4499998092651370,6.2600002288818360,6.2800002098083500,3651000,6.1659483909606930
2024-07-02,6.2500000000000000,6.3099999427795410,6.0399999618530270,6.1399998664855960,7226200,6.0284914970397950
2024-07-03,6.1100001335144040,6.3099999427795410,6.1100001335144040,6.1799998283386230,1981800,6.0677647590637210
2024-07-05,6.1500000953674320,6.2300000190734860,6.1399998664855960,6.1799998283386230,7163200,6.0677647590637210
2024-07-08,6.1799998283386230,6.3000001907348630,6.1700000762939450,6.2899999618530270,6289500,6.1757674217224120
2024-07-09,6.2899999618530270,6.3400001525878910,6.1900000572204590,6.2699999809265140,8236800,6.1561307907104490
2024-07-10,6.2800002098083500,6.7300000190734860,6.2800002098083500,6.6799998283386230,19293700,6.5586843490600590
2024-07-11,6.7300000190734860,7.0300002098083500,6.7300000190734860,6.8400001525878910,14586400,6.7157788276672360
2024-07-12,6.8899998664855960,6.9800000190734860,6.8400001525878910,6.8800001144409180,4898100,6.7550516128540040
2024-07-15,6.8200001716613770,6.9299998283386230,6.7100000381469730,6.7399997711181640,10685200,6.6175947189331055
2024-07-16,6.6500000953674320,6.8699998855590820,6.6500000953674320,6.8600001335144040,6352400,6.7354149818420410
2024-07-17,6.8099999427795410,6.8200001716613770,6.4600000381469730,6.4699997901916500,10186700,6.3524985313415530
2024-07-18,6.5100002288818360,6.5900001525878910,6.3000001907348630,6.3400001525878910,11687300,6.2248587608337400
2024-07-19,6.3000001907348630,6.3699998855590820,6.1399998664855960,6.1500000953674320,12969200,6.0383095741271970
2024-07-22,6.1700000762939450,6.4699997901916500,6.1500000953674320,6.4400000572204590,11962900,6.3230433464050290
2024-07-23,6.3800001144409180,6.5199999809265140,6.3400001525878910,6.4899997711181640,8006100,6.3721351623535160
2024-07-24,6.4000000953674320,6.4299998283386230,6.1799998283386230,6.2100000381469730,14591800,6.0972199440002440
2024-07-25,6.2100000381469730,6.4899997711181640,6.0100002288818360,6.3699998855590820,15515500,6.2543144226074220
2024-07-26,6.4299998283386230,6.5999999046325680,6.3200001716613770,6.4200000762939450,11989100,6.3034062385559080
2024-07-29,6.4600000381469730,6.4699997901916500,6.2899999618530270,6.4299998283386230,11885600,6.3132247924804690
2024-07-30,6.4400000572204590,6.5500001907348630,6.2699999809265140,6.2800002098083500,6180600,6.1659483909606930
2024-07-31,6.4499998092651370,6.5300002098083500,6.3099999427795410,6.4200000762939450,24194200,6.3034062385559080
2024-08-01,6.4200000762939450,6.5100002288818360,6.2199997901916500,6.2500000000000000,11469600,6.1364941596984860
2024-08-02,6.1199998855590820,6.1500000953674320,5.9699997901916500,6.0399999618530270,14441900,5.9303073883056640
2024-08-05,5.7899999618530270,6.0300002098083500,5.6700000762939450,6.0000000000000000,13514900,5.8910346031188965
2024-08-06,5.9600000381469730,6.2300000190734860,5.9600000381469730,6.1300001144409180,10200400,6.0186734199523930
2024-08-07,6.2500000000000000,6.4099998474121090,6.1700000762939450,6.1900000572204590,10777800,6.0775833129882810
2024-08-08,6.2699999809265140,6.3800001144409180,6.1900000572204590,6.3699998855590820,7961000,6.2543144226074220
2024-08-09,6.3899998664855960,6.4000000953674320,6.3000001907348630,6.3699998855590820,4674200,6.2543144226074220
2024-08-12,6.3899998664855960,6.3899998664855960,6.2199997901916500,6.2699999809265140,7173300,6.1561307907104490
2024-08-13,6.3099999427795410,6.3899998664855960,6.2800002098083500,6.3299999237060550,6343300,6.2150406837463380
2024-08-14,6.3800001144409180,6.4000000953674320,6.2899999618530270,6.3899998664855960,6219100,6.2739510536193850
2024-08-15,6.4000000953674320,6.8600001335144040,6.4000000953674320,6.8400001525878910,16351600,6.7157788276672360
2024-08-16,6.8000001907348630,6.8400001525878910,6.6300001144409180,6.6799998283386230,10384800,6.5586843490600590
2024-08-19,6.6399998664855960,6.7399997711181640,6.5900001525878910,6.6599998474121090,5546000,6.5390477180480960
2024-08-20,6.6599998474121090,6.7399997711181640,6.5500001907348630,6.5500001907348630,6369300,6.4310455322265625
2024-08-21,6.5100002288818360,6.6100001335144040,6.3800001144409180,6.4499998092651370,12520900,6.3328614234924320
2024-08-22,6.4600000381469730,6.5900001525878910,6.3699998855590820,6.3699998855590820,24500400,6.2543144226074220
2024-08-23,6.4499998092651370,6.7199997901916500,6.4299998283386230,6.5799999237060550,24179600,6.4605007171630860
2024-08-26,6.5700001716613770,6.6300001144409180,6.2899999618530270,6.3200001716613770,13838400,6.2052226066589355
2024-08-27,6.3099999427795410,6.3099999427795410,6.0000000000000000,6.0000000000000000,15784000,5.8910346031188965
2024-08-28,6.0000000000000000,6.1399998664855960,5.9099998474121090,6.0000000000000000,19315200,5.8910346031188965
2024-08-29,5.9600000381469730,6.0700001716613770,5.8800001144409180,6.0500001907348630,19216000,5.9401259422302250
2024-08-30,6.0900001525878910,6.1700000762939450,6.0700001716613770,6.1300001144409180,11285700,6.0186734199523930
2024-09-03,6.0700001716613770,6.0900001525878910,5.9299998283386230,5.9499998092651370,13237500,5.8419423103332520
2024-09-04,5.8299999237060550,6.0000000000000000,5.7600002288818360,5.7699999809265140,14131300,5.6652116775512695
2024-09-05,5.8000001907348630,5.9200000762939450,5.7899999618530270,5.8400001525878910,19319600,5.7339401245117190
2024-09-06,5.9099998474121090,5.9499998092651370,5.6300001144409180,5.6799998283386230,10958600,5.5768456459045410
2024-09-09,5.6900000572204590,5.7600002288818360,5.6599998474121090,5.6700000762939450,8003400,5.5670275688171390
2024-09-10,5.6500000953674320,5.6700000762939450,5.5399999618530270,5.5999999046325680,9390100,5.4982986450195310
2024-09-11,5.6300001144409180,5.7699999809265140,5.5000000000000000,5.7699999809265140,20189200,5.6652116775512695
2024-09-12,5.8200001716613770,6.0000000000000000,5.7399997711181640,5.9600000381469730,10120200,5.8517603874206540
2024-09-13,6.0500001907348630,6.0999999046325680,5.9600000381469730,6.0100002288818360,11240100,5.9217176437377930
2024-09-16,6.0199999809265140,6.1100001335144040,6.0100002288818360,6.0599999427795410,5342000,5.9709835052490230
2024-09-17,6.0700001716613770,6.1599998474121090,6.0000000000000000,6.1300001144409180,8705700,6.0399551391601560
2024-09-18,6.1599998474121090,6.2699999809265140,6.0700001716613770,6.1799998283386230,11207600,6.0892205238342285
2024-09-19,6.2899999618530270,6.4099998474121090,6.2399997711181640,6.3600001335144040,11945800,6.2665758132934570
2024-09-20,6.2899999618530270,6.5000000000000000,6.1500000953674320,6.4400000572204590,30262700,6.3454008102416990
2024-09-23,6.4400000572204590,6.4899997711181640,6.2899999618530270,6.4200000762939450,10841100,6.3256950378417970
2024-09-24,6.5199999809265140,6.5399999618530270,6.3600001335144040,6.4699997901916500,9283200,6.3749604225158690
2024-09-25,6.4699997901916500,6.4699997901916500,6.3299999237060550,6.3499999046325680,5182600,6.2567229270935060
2024-09-26,6.4800000190734860,6.5199999809265140,6.2800002098083500,6.4099998474121090,6716500,6.3158416748046875
2024-09-27,6.4400000572204590,6.4400000572204590,6.1999998092651370,6.2199997901916500,9566500,6.1286325454711910
2024-09-30,6.2300000190734860,6.2300000190734860,6.0500001907348630,6.0999999046325680,9463600,6.0103950500488280
2024-10-01,6.0900001525878910,6.1100001335144040,5.8899998664855960,5.9099998474121090,15685000,5.8231863975524900
2024-10-02,5.9600000381469730,6.1900000572204590,5.8899998664855960,5.9099998474121090,14247300,5.8231863975524900
2024-10-03,5.8800001144409180,5.9899997711181640,5.7500000000000000,5.9699997901916500,8309100,5.8823051452636720
2024-10-04,6.0399999618530270,6.1100001335144040,5.8800001144409180,5.9200000762939450,7266400,5.8330397605896000
2024-10-07,5.9000000953674320,6.0000000000000000,5.8600001335144040,5.8800001144409180,7502300,5.7936267852783200
2024-10-08,5.8499999046325680,6.0999999046325680,5.7899999618530270,6.0799999237060550,8696700,5.9906888008117680
2024-10-09,6.0300002098083500,6.1100001335144040,6.0000000000000000,6.0500001907348630,12359000,5.9611291885375980
2024-10-10,6.0100002288818360,6.1799998283386230,5.9899997711181640,6.1599998474121090,12561500,6.0695142745971680
2024-10-11,6.1999998092651370,6.1999998092651370,6.1100001335144040,6.1399998664855960,11942500,6.0498075485229490
2024-10-14,6.1199998855590820,6.1900000572204590,6.0100002288818360,6.0199999809265140,8515900,5.9315705299377440
2024-10-15,6.0000000000000000,6.0399999618530270,5.9099998474121090,5.9200000762939450,9133400,5.8330397605896000
2024-10-16,5.9899997711181640,5.9899997711181640,5.8899998664855960,5.9299998283386230,6947000,5.8428921699523930
2024-10-17,5.9200000762939450,5.9600000381469730,5.8699998855590820,5.9400000572204590,4119200,5.8527450561523440
2024-10-18,5.9400000572204590,6.0000000000000000,5.9000000953674320,5.9699997901916500,3896300,5.8823051452636720
2024-10-21,5.9499998092651370,5.9499998092651370,5.8800001144409180,5.8800001144409180,7473700,5.7936267852783200
2024-10-22,5.8299999237060550,5.8899998664855960,5.8000001907348630,5.8400001525878910,7656400,5.7542142868041990
2024-10-23,5.8400001525878910,5.9099998474121090,5.8299999237060550,5.9000000953674320,7947700,5.8133330345153810
2024-10-24,5.9400000572204590,6.0300002098083500,5.8600001335144040,6.0199999809265140,5494200,5.9315705299377440
2024-10-25,6.0599999427795410,6.1199998855590820,5.9600000381469730,5.9800000190734860,10776000,5.8921580314636230
2024-10-28,5.6199998855590820,5.7500000000000000,5.3400001525878910,5.4600000381469730,33734700,5.3797965049743650
2024-10-29,5.4499998092651370,5.4800000190734860,5.2100000381469730,5.2500000000000000,11959300,5.1728816032409670
2024-10-30,5.2199997901916500,5.3299999237060550,5.1900000572204590,5.2399997711181640,10426700,5.1630272865295410
2024-10-31,5.2699999809265140,5.2699999809265140,5.1900000572204590,5.2199997901916500,11338400,5.1433215141296390
2024-11-01,5.2199997901916500,5.3200001716613770,5.1700000762939450,5.1799998283386230,8165000,5.1039085388183590
2024-11-04,5.2399997711181640,5.3299999237060550,5.1599998474121090,5.1700000762939450,8866700,5.0940561294555660
2024-11-05,5.1700000762939450,5.3099999427795410,5.1700000762939450,5.2699999809265140,14500300,5.1925873756408690
2024-11-06,5.2800002098083500,5.7699999809265140,5.0000000000000000,5.7500000000000000,39196900,5.6655364036560060
2024-11-07,5.8000001907348630,6.1700000762939450,5.7699999809265140,6.0799999237060550,16791500,5.9906888008117680
2024-11-08,6.0199999809265140,6.0300002098083500,5.8200001716613770,5.8899998664855960,15363500,5.8034801483154300
2024-11-11,5.8499999046325680,5.9200000762939450,5.6199998855590820,5.6500000953674320,9057800,5.5670056343078610
2024-11-12,5.5599999427795410,5.6100001335144040,5.4099998474121090,5.4499998092651370,5537300,5.3699426651000980
2024-11-13,5.4899997711181640,5.4899997711181640,5.3000001907348630,5.3200001716613770,16099100,5.2418532371521000
2024-11-14,5.3099999427795410,5.3800001144409180,5.2699999809265140,5.3299999237060550,12520400,5.2517056465148930
2024-11-15,5.3499999046325680,5.4899997711181640,5.3200001716613770,5.4699997901916500,9724700,5.3896489143371580
2024-11-18,5.4600000381469730,5.5599999427795410,5.4499998092651370,5.4800000190734860,6272900,5.3995027542114260
2024-11-19,5.3899998664855960,5.5300002098083500,5.3899998664855960,5.4400000572204590,8076400,5.3600907325744630
2024-11-20,5.4299998283386230,5.4400000572204590,5.3200001716613770,5.4299998283386230,6743800,5.3502373695373535
2024-11-21,5.4800000190734860,5.5300002098083500,5.3800001144409180,5.4499998092651370,9557000,5.3699426651000980
2024-11-22,5.4499998092651370,5.5500001907348630,5.4499998092651370,5.5000000000000000,3704600,5.4192094802856445
2024-11-25,5.5500001907348630,5.8000001907348630,5.5500001907348630,5.7500000000000000,8872200,5.6655364036560060
2024-11-26,5.5999999046325680,5.6300001144409180,5.4099998474121090,5.4400000572204590,9261800,5.3600907325744630
2024-11-27,5.4499998092651370,5.5500001907348630,5.4099998474121090,5.4299998283386230,6430100,5.3502373695373535
2024-11-29,5.5100002288818360,5.6700000762939450,5.4299998283386230,5.5700001716613770,4607700,5.4881806373596190
2024-12-02,5.5799999237060550,5.7699999809265140,5.5199999809265140,5.6999998092651370,9112000,5.6162710189819340
2024-12-03,5.7399997711181640,5.7399997711181640,5.5799999237060550,5.7100000381469730,8886200,5.6261243820190430
2024-12-04,5.7100000381469730,5.8699998855590820,5.6700000762939450,5.7600002288818360,6553100,5.6753897666931150
2024-12-05,5.7500000000000000,5.8699998855590820,5.6500000953674320,5.8299999237060550,8615100,5.7443618774414060
2024-12-06,5.8899998664855960,5.9099998474121090,5.7699999809265140,5.8099999427795410,5252300,5.7246551513671875
2024-12-09,5.8899998664855960,5.9299998283386230,5.8299999237060550,5.8400001525878910,7720900,5.7542142868041990
2024-12-10,5.8000001907348630,5.8400001525878910,5.6300001144409180,5.7300000190734860,9999600,5.6662054061889650
2024-12-11,5.6399998664855960,5.6999998092651370,5.4400000572204590,5.5500001907348630,12908500,5.4882097244262695
2024-12-12,5.5500001907348630,5.6199998855590820,5.5000000000000000,5.5799999237060550,10426700,5.5178751945495605
2024-12-13,5.5700001716613770,5.5999999046325680,5.4699997901916500,5.5999999046325680,8160800,5.5376529693603520
2024-12-16,5.5999999046325680,5.6100001335144040,5.5000000000000000,5.5999999046325680,9632700,5.5376529693603520
2024-12-17,5.5399999618530270,5.6300001144409180,5.5000000000000000,5.6199998855590820,10384900,5.5574302673339840
2024-12-18,5.6300001144409180,5.6399998664855960,5.5300002098083500,5.5399999618530270,28012600,5.4783205986022950
2024-12-19,5.5599999427795410,5.6199998855590820,5.5000000000000000,5.6199998855590820,19646700,5.5574302673339840
2024-12-20,5.6100001335144040,5.7500000000000000,5.5300002098083500,5.6500000953674320,14022500,5.5870962142944340
2024-12-23,5.6599998474121090,5.7100000381469730,5.5399999618530270,5.5599999427795410,6844600,5.4980983734130860
2024-12-24,5.5999999046325680,5.6599998474121090,5.5700001716613770,5.6599998474121090,2238400,5.5969848632812500
2024-12-26,5.6300001144409180,5.7500000000000000,5.5900001525878910,5.6999998092651370,3954500,5.6365394592285160
2024-12-27,5.6500000953674320,5.7399997711181640,5.6199998855590820,5.6799998283386230,5936300,5.6167621612548830
2024-12-30,5.5999999046325680,5.6300001144409180,5.5199999809265140,5.5700001716613770,10690500,5.5079865455627440
2024-12-31,5.5900001525878910,5.6599998474121090,5.5599999427795410,5.6399998664855960,7953500,5.5772070884704590
2025-01-02,5.6799998283386230,5.7699999809265140,5.6500000953674320,5.6900000572204590,6861400,5.6266503334045410
2025-01-03,5.7300000190734860,5.7300000190734860,5.6199998855590820,5.6599998474121090,13939800,5.5969848632812500
2025-01-06,5.7300000190734860,5.8800001144409180,5.7100000381469730,5.7300000190734860,6661100,5.6662054061889650
2025-01-07,5.7500000000000000,5.7600002288818360,5.5999999046325680,5.7100000381469730,16538200,5.6464281082153320
2025-01-08,5.6900000572204590,5.6999998092651370,5.6100001335144040,5.6900000572204590,12637600,5.6266503334045410
2025-01-10,5.6799998283386230,5.6799998283386230,5.5500001907348630,5.5700001716613770,20620800,5.5079865455627440
2025-01-13,5.5100002288818360,5.5500001907348630,5.3499999046325680,5.3800001144409180,7950100,5.3201022148132320
2025-01-14,5.5000000000000000,5.5000000000000000,5.3400001525878910,5.4000000953674320,14083700,5.3398795127868650
2025-01-15,5.5700001716613770,5.5700001716613770,5.4499998092651370,5.5599999427795410,11719700,5.4980983734130860
2025-01-16,5.5599999427795410,5.5700001716613770,5.4099998474121090,5.4499998092651370,6340800,5.3893222808837890
2025-01-17,5.5100002288818360,5.5599999427795410,5.3499999046325680,5.3600001335144040,8219300,5.3003244400024410
2025-01-21,5.4400000572204590,5.5399999618530270,5.3899998664855960,5.5100002288818360,5498200,5.4486546516418460
2025-01-22,5.5000000000000000,5.6500000953674320,5.4699997901916500,5.5799999237060550,7095600,5.5178751945495605
2025-01-23,5.5799999237060550,5.8699998855590820,5.5199999809265140,5.7699999809265140,7112300,5.7057604789733890
2025-01-24,5.8600001335144040,5.9899997711181640,5.8499999046325680,5.9800000190734860,7935600,5.9134221076965330
2025-01-27,5.8400001525878910,5.9600000381469730,5.8000001907348630,5.9000000953674320,9024200,5.8343124389648440
2025-01-28,5.9200000762939450,5.9400000572204590,5.8099999427795410,5.8400001525878910,9088000,5.7749805450439450
2025-01-29,5.8299999237060550,5.9699997901916500,5.7899999618530270,5.8899998664855960,6107500,5.8244242668151855
2025-01-30,5.9400000572204590,6.1999998092651370,5.9299998283386230,6.0799999237060550,11240700,6.0123085975646970
2025-01-31,6.0199999809265140,6.1300001144409180,5.9000000953674320,5.9299998283386230,10246800,5.8639783859252930
2025-02-03,5.7500000000000000,6.1399998664855960,5.5999999046325680,6.0300002098083500,15161800,5.9628653526306150
2025-02-04,6.1100001335144040,6.1700000762939450,6.0000000000000000,6.0799999237060550,6920500,6.0123085975646970
2025-02-05,6.0799999237060550,6.1100001335144040,5.9400000572204590,5.9800000190734860,9009500,5.9134221076965330
2025-02-06,6.2800002098083500,6.8000001907348630,6.2300000190734860,6.7800002098083500,25565200,6.7045159339904785
2025-02-07,6.7399997711181640,6.8400001525878910,6.5799999237060550,6.6900000572204590,8312500,6.6155171394348145
2025-02-10,6.6999998092651370,6.8000001907348630,6.6100001335144040,6.6399998664855960,8086600,6.5660743713378910
2025-02-11,6.5700001716613770,6.6500000953674320,6.5399999618530270,6.6199998855590820,7306700,6.5462961196899410
2025-02-12,6.5300002098083500,6.6100001335144040,6.4200000762939450,6.5900001525878910,7200300,6.5166306495666500
2025-02-13,6.5399999618530270,6.7500000000000000,6.5399999618530270,6.6599998474121090,7844700,6.5858511924743650
2025-02-14,6.7199997901916500,6.7699999809265140,6.5900001525878910,6.7100000381469730,5143300,6.6352944374084470
2025-02-18,6.7500000000000000,6.7600002288818360,6.6599998474121090,6.7199997901916500,5812900,6.6451830863952640
2025-02-19,6.6900000572204590,6.6999998092651370,6.5999999046325680,6.6599998474121090,5753800,6.5858511924743650
2025-02-20,6.6999998092651370,6.7500000000000000,6.6399998664855960,6.7100000381469730,6247400,6.6352944374084470
2025-02-21,6.7600002288818360,6.7899999618530270,6.5300002098083500,6.5300002098083500,7159700,6.4572987556457520
2025-02-24,6.5199999809265140,6.5599999427795410,6.3299999237060550,6.3899998664855960,12054800,6.3188571929931640
2025-02-25,6.4200000762939450,6.5300002098083500,6.3600001335144040,6.4400000572204590,11772200,6.3683004379272460
2025-02-26,6.4800000190734860,6.5999999046325680,6.3899998664855960,6.4600000381469730,9435000,6.3880777359008790
2025-02-27,6.4499998092651370,6.5500001907348630,6.2899999618530270,6.2899999618530270,5932000,6.2199707031250000
2025-02-28,6.1999998092651370,6.3200001716613770,6.1100001335144040,6.1999998092651370,13845500,6.1309723854064940
2025-03-03,6.2699999809265140,6.3099999427795410,5.9299998283386230,5.9299998283386230,7269100,5.8639783859252930
2025-03-04,5.8299999237060550,6.0599999427795410,5.6399998664855960,5.9299998283386230,11256000,5.8639783859252930
2025-03-05,6.1100001335144040,6.2699999809265140,6.0300002098083500,6.2600002288818360,9504200,6.1903042793273930
2025-03-06,6.1999998092651370,6.4200000762939450,6.1799998283386230,6.3600001335144040,8732000,6.2891912460327150
2025-03-07,6.3099999427795410,6.3200001716613770,5.9800000190734860,6.0599999427795410,13268400,5.9925317764282230
2025-03-10,5.9499998092651370,6.0399999618530270,5.8299999237060550,5.9000000953674320,12149700,5.8546009063720700
2025-03-11,5.8800001144409180,6.0000000000000000,5.8000001907348630,5.9899997711181640,20633700,5.9439077377319340
2025-03-12,6.0199999809265140,6.1100001335144040,5.8899998664855960,6.0000000000000000,13327500,5.9538316726684570
2025-03-13,5.9600000381469730,6.0599999427795410,5.8400001525878910,5.8699998855590820,10523900,5.8248314857482910
2025-03-14,5.9400000572204590,6.0500001907348630,5.8400001525878910,6.0199999809265140,12237000,5.9736776351928710
2025-03-17,6.0100002288818360,6.1300001144409180,6.0000000000000000,6.0700001716613770,7985300,6.0232934951782230
2025-03-18,6.0599999427795410,6.1399998664855960,5.9800000190734860,6.0700001716613770,8392000,6.0232934951782230
2025-03-19,6.0799999237060550,6.1700000762939450,6.0399999618530270,6.0999999046325680,10641900,6.0530619621276855
2025-03-20,6.0399999618530270,6.1300001144409180,6.0199999809265140,6.0300002098083500,8147100,5.9836010932922360
2025-03-21,5.9299998283386230,6.0199999809265140,5.8899998664855960,5.9099998474121090,12959400,5.8645238876342770
2025-03-24,5.9899997711181640,6.0900001525878910,5.9600000381469730,6.0599999427795410,7691600,6.0133700370788570
2025-03-25,6.0799999237060550,6.3299999237060550,6.0599999427795410,6.2800002098083500,17723800,6.2316770553588870
2025-03-26,6.1999998092651370,6.2300000190734860,5.9800000190734860,5.9899997711181640,10214900,5.9439077377319340
2025-03-27,6.0000000000000000,6.0599999427795410,5.9299998283386230,6.0199999809265140,8996000,5.9736776351928710
2025-03-28,5.9800000190734860,5.9899997711181640,5.6500000953674320,5.6599998474121090,20251500,5.6164479255676270
2025-03-31,5.5900001525878910,5.6500000953674320,5.4099998474121090,5.6100001335144040,8884600,5.5668330192565920
2025-04-01,5.6399998664855960,5.6999998092651370,5.5300002098083500,5.6999998092651370,11585600,5.6561398506164550
2025-04-02,5.6199998855590820,5.7699999809265140,5.6199998855590820,5.6900000572204590,11373800,5.6462168693542480
2025-04-03,5.4699997901916500,5.7500000000000000,5.4699997901916500,5.5599999427795410,26679600,5.5172171592712400
2025-04-04,5.3200001716613770,5.3600001335144040,4.9699997901916500,5.1399998664855960,47618400,5.1004490852355960
2025-04-07,4.9800000190734860,5.4400000572204590,4.9299998283386230,5.1100001335144040,21540600,5.0706801414489750
2025-04-08,5.3299999237060550,5.3299999237060550,5.0100002288818360,5.0799999237060550,37181800,5.0409111976623535
2025-04-09,5.0399999618530270,5.3800001144409180,4.8899998664855960,5.3299999237060550,25832700,5.2889866828918460
2025-04-10,5.1799998283386230,5.2600002288818360,4.9699997901916500,5.0199999809265140,23577200,4.9813723564147950
2025-04-11,5.0399999618530270,5.2199997901916500,4.9699997901916500,5.1799998283386230,30192000,5.1401410102844240
2025-04-14,5.2600002288818360,5.4499998092651370,5.2500000000000000,5.3299999237060550,20319000,5.2889866828918460
2025-04-15,5.3400001525878910,5.4000000953674320,5.2199997901916500,5.2300000190734860,14764500,5.1897563934326170
2025-04-16,5.2300000190734860,5.3200001716613770,5.1199998855590820,5.1999998092651370,12470900,5.1599874496459960
2025-04-17,5.2300000190734860,5.4200000762939450,5.2199997901916500,5.4000000953674320,10945900,5.3584480285644530
2025-04-21,5.3699998855590820,5.4000000953674320,5.1799998283386230,5.2899999618530270,12116800,5.2492947578430180
2025-04-22,5.4000000953674320,5.5500001907348630,5.3499999046325680,5.4600000381469730,18483500,5.4179863929748535
2025-04-23,5.5999999046325680,5.7100000381469730,5.5700001716613770,5.6100001335144040,18072100,5.5668330192565920
2025-04-24,5.6399998664855960,5.8000001907348630,5.5700001716613770,5.6900000572204590,14062400,5.6462168693542480
2025-04-25,5.5700001716613770,5.9800000190734860,5.5700001716613770,5.9200000762939450,18726900,5.8744468688964840
2025-04-28,6.0199999809265140,6.2600002288818360,5.8499999046325680,6.1900000572204590,14117000,6.1423697471618650
2025-04-29,6.1500000953674320,6.2100000381469730,6.0399999618530270,6.0900001525878910,14621800,6.0431394577026370
2025-04-30,5.9899997711181640,6.1799998283386230,5.8800001144409180,6.1700000762939450,15217400,6.1225233078002930
2025-05-01,6.2100000381469730,6.2399997711181640,6.0900001525878910,6.0999999046325680,8763100,6.0530619621276855
2025-05-02,6.1900000572204590,6.1900000572204590,6.0900001525878910,6.1500000953674320,6400000,6.1026773452758790
2025-05-05,6.0799999237060550,6.2100000381469730,6.0700001716613770,6.1100001335144040,7663700,6.0629849433898930
2025-05-06,6.0599999427795410,6.2600002288818360,5.9400000572204590,6.1900000572204590,16665300,6.1423697471618650
2025-05-07,6.1700000762939450,6.4899997711181640,6.1700000762939450,6.4200000762939450,23744400,6.3705997467041020
2025-05-08,6.4499998092651370,6.5399999618530270,6.4200000762939450,6.4600000381469730,18323100,6.4102916717529300
2025-05-09,6.4899997711181640,6.5300002098083500,6.3800001144409180,6.4099998474121090,11856700,6.3606762886047360
2025-05-12,6.5999999046325680,6.5999999046325680,6.4000000953674320,6.5599999427795410,24626600,6.5095224380493160
2025-05-13,6.6300001144409180,6.8600001335144040,6.5700001716613770,6.8200001716613770,20530300,6.7675218582153320
2025-05-14,6.8299999237060550,6.8899998664855960,6.7800002098083500,6.8200001716613770,13147500,6.7675218582153320
2025-05-15,6.7699999809265140,6.8800001144409180,6.7199997901916500,6.8499999046325680,12872600,6.7972908020019530
2025-05-16,6.8699998855590820,6.9099998474121090,6.7699999809265140,6.8499999046325680,9883000,6.7972908020019530
2025-05-19,6.7300000190734860,6.9400000572204590,6.7300000190734860,6.9000000953674320,10681800,6.8469061851501465
2025-05-20,6.8699998855590820,7.0500001907348630,6.8699998855590820,7.0300002098083500,11150600,6.9759063720703125
2025-05-21,6.9600000381469730,7.0900001525878910,6.9600000381469730,7.0100002288818360,17577100,6.9560604095458980
2025-05-22,6.9600000381469730,7.0700001716613770,6.9400000572204590,7.0000000000000000,13867500,6.9461369514465330
2025-05-23,6.8899998664855960,7.1799998283386230,6.8899998664855960,7.1300001144409180,16928900,7.0751366615295410
2025-05-27,7.1999998092651370,7.3400001525878910,7.1599998474121090,7.1900000572204590,20276400,7.1346750259399410
2025-05-28,7.1999998092651370,7.2199997901916500,7.0500001907348630,7.0599999427795410,13906200,7.0056753158569340
2025-05-29,7.1500000953674320,7.1599998474121090,7.0300002098083500,7.0399999618530270,10237700,6.9858288764953610
2025-05-30,6.9600000381469730,7.0000000000000000,6.8099999427795410,6.8499999046325680,22304100,6.7972908020019530
2025-06-02,6.8600001335144040,6.9299998283386230,6.7800002098083500,6.8200001716613770,11558400,6.7675218582153320
2025-06-03,6.7800002098083500,6.9200000762939450,6.7399997711181640,6.8200001716613770,10997500,6.7675218582153320
2025-06-04,6.7899999618530270,6.8499999046325680,6.7699999809265140,6.7800002098083500,9352200,6.7278299331665040
2025-06-05,6.8200001716613770,6.8600001335144040,6.7399997711181640,6.8099999427795410,10303800,6.7575984001159670
2025-06-06,6.8200001716613770,6.8299999237060550,6.6700000762939450,6.7300000190734860,8920500,6.6782140731811520
2025-06-09,6.7399997711181640,6.8400001525878910,6.6999998092651370,6.7699999809265140,11695200,6.7179064750671390
2025-06-10,6.7500000000000000,6.9600000381469730,6.7500000000000000,6.9099998474121090,12507400,6.8568286895751950
2025-06-11,6.9899997711181640,7.2399997711181640,6.9600000381469730,6.9600000381469730,24928400,6.9064440727233890
2025-06-12,6.9600000381469730,7.0500001907348630,6.9000000953674320,6.9899997711181640,15439100,6.9362139701843260
2025-06-13,6.8699998855590820,6.9099998474121090,6.7500000000000000,6.7699999809265140,11327300,6.7179064750671390
2025-06-16,6.8499999046325680,7.0000000000000000,6.8299999237060550,6.9000000953674320,10135000,6.8469061851501465
2025-06-17,6.8299999237060550,6.8800001144409180,6.7600002288818360,6.8099999427795410,10479700,6.7792134284973145
2025-06-18,6.8200001716613770,6.9200000762939450,6.8000001907348630,6.8600001335144040,16034300,6.8289875984191895
2025-06-20,6.8800001144409180,6.9099998474121090,6.7600002288818360,6.7800002098083500,13947800,6.7493495941162110
2025-06-23,6.7300000190734860,6.8000001907348630,6.6300001144409180,6.7899999618530270,10306200,6.7593040466308590
2025-06-24,6.8400001525878910,6.9899997711181640,6.8299999237060550,6.9400000572204590,9022900,6.9086260795593260
2025-06-25,6.9200000762939450,6.9600000381469730,6.7300000190734860,6.7399997711181640,8403300,6.7095298767089840
2025-06-26,6.7699999809265140,6.8800001144409180,6.7199997901916500,6.8299999237060550,12624400,6.7991232872009280
2025-06-27,6.8200001716613770,6.8699998855590820,6.7399997711181640,6.8099999427795410,8300800,6.7792134284973145
2025-06-30,6.7699999809265140,6.9800000190734860,6.6700000762939450,6.9299998283386230,16591500,6.8986711502075195
2025-07-01,6.8899998664855960,7.1100001335144040,6.8800001144409180,7.0999999046325680,13155000,7.0679025650024410
2025-07-02,7.0999999046325680,7.2699999809265140,7.0999999046325680,7.1700000762939450,13858100,7.1375865936279300
2025-07-03,7.2100000381469730,7.2899999618530270,7.1700000762939450,7.2300000190734860,4544100,7.1973152160644530
2025-07-07,7.1700000762939450,7.2300000190734860,7.1300001144409180,7.1399998664855960,12051700,7.1077218055725100
2025-07-08,7.1799998283386230,7.2899999618530270,7.1199998855590820,7.2100000381469730,8109400,7.1774053573608400
2025-07-09,7.2600002288818360,7.4299998283386230,7.2300000190734860,7.3600001335144040,9764700,7.3267273902893070
2025-07-10,7.3200001716613770,7.5000000000000000,7.3200001716613770,7.4099998474121090,10431200,7.3765010833740230
2025-07-11,7.3000001907348630,7.4099998474121090,7.1700000762939450,7.3899998664855960,7862200,7.3565912246704100
2025-07-14,7.3600001335144040,7.4499998092651370,7.3499999046325680,7.3800001144409180,8975700,7.3466367721557620
2025-07-15,7.4699997901916500,7.4699997901916500,7.2399997711181640,7.2699999809265140,6641600,7.2371339797973630
2025-07-16,7.2899999618530270,7.3899998664855960,7.2500000000000000,7.3699998855590820,10923200,7.3366818428039550
2025-07-17,7.3499999046325680,7.8000001907348630,7.3400001525878910,7.7399997711181640,13558800,7.7050094604492190
2025-07-18,7.7800002098083500,7.7899999618530270,7.5900001525878910,7.6199998855590820,5672200,7.5855517387390140
2025-07-21,7.7100000381469730,7.8299999237060550,7.6399998664855960,7.7300000190734860,16171200,7.6950545310974120
2025-07-22,7.7300000190734860,7.9400000572204590,7.6999998092651370,7.9099998474121090,15332500,7.8742403984069820
2025-07-23,7.9499998092651370,8.0000000000000000,7.8499999046325680,7.9699997901916500,16384700,7.9339694976806640
2025-07-24,8.0000000000000000,8.4600000381469730,7.8600001335144040,8.2500000000000000,29452400,8.2127046585083000
2025-07-25,8.2500000000000000,8.4399995803833000,8.2100000381469730,8.4099998474121100,9945800,8.3719806671142580
2025-07-28,8.3100004196167000,8.4200000762939450,8.1499996185302730,8.4099998474121100,15442200,8.3719806671142580
2025-07-29,8.4399995803833000,8.6999998092651370,8.3900003433227540,8.6400003433227540,15272700,8.6009416580200200
2025-07-30,8.5699996948242190,8.6199998855590820,8.4499998092651370,8.5399999618530270,14131000,8.5013933181762700
2025-07-31,8.4300003051757810,8.7899999618530270,8.3999996185302730,8.6999998092651370,16040700,8.6606693267822270
2025-08-01,8.6599998474121100,8.6800003051757810,8.3299999237060550,8.3999996185302730,19212200,8.3620252609252930
2025-08-04,8.5000000000000000,8.5799999237060550,8.1700000762939450,8.2100000381469730,22240400,8.1728849411010740
2025-08-05,8.2200002670288090,8.3500003814697270,8.1800003051757810,8.3299999237060550,16743800,8.2923421859741210
2025-08-06,8.2600002288818360,8.5299997329711910,8.2399997711181640,8.3900003433227540,8708800,8.3520717620849610
2025-08-07,8.5399999618530270,8.6499996185302730,8.4799995422363280,8.5699996948242190,14707700,8.5312566757202150
2025-08-08,8.6499996185302730,8.7399997711181640,8.6099996566772460,8.6199998855590820,9969300,8.5810308456420900
2025-08-11,8.5799999237060550,8.6899995803833000,8.5799999237060550,8.6499996185302730,5859300,8.6108951568603520
2025-08-12,8.7399997711181640,8.8299999237060550,8.6599998474121100,8.7700004577636720,7768300,8.7303533554077150
2025-08-13,8.8100004196167000,8.8100004196167000,8.6400003433227540,8.6899995803833000,10986900,8.6507139205932620
2025-08-14,8.6300001144409180,8.6599998474121100,8.4799995422363280,8.5000000000000000,9607900,8.4615736007690430
2025-08-15,8.5500001907348630,8.5900001525878900,8.5000000000000000,8.5299997329711910,5849500,8.4914379119873050
2025-08-18,8.5500001907348630,8.6499996185302730,8.4399995803833000,8.6400003433227540,13629600,8.6009416580200200
2025-08-19,8.6400003433227540,8.7200002670288090,8.6000003814697270,8.6499996185302730,16294900,8.6108951568603520
2025-08-20,8.6199998855590820,8.7200002670288090,8.5699996948242190,8.6499996185302730,13950700,8.6108951568603520
2025-08-21,8.5900001525878900,8.8999996185302730,8.5900001525878900,8.7899999618530270,8734300,8.7502622604370120
2025-08-22,8.8100004196167000,9.0399999618530270,8.7700004577636720,8.8999996185302730,18900800,8.8597650527954100
2025-08-25,8.8999996185302730,8.9799995422363280,8.8199996948242190,8.8699998855590820,11005300,8.8299007415771480
2025-08-26,9.0200004577636720,9.1899995803833000,8.9300003051757810,8.9700002670288090,12413700,8.9294490814208980
2025-08-27,8.9200000762939450,8.9399995803833000,8.7399997711181640,8.9300003051757810,9079900,8.8896303176879880
2025-08-28,8.9399995803833000,9.1300001144409180,8.8999996185302730,9.0399999618530270,20100800,8.9991321563720700
2025-08-29,9.0500001907348630,9.1599998474121100,9.0100002288818360,9.0900001525878900,13088200,9.0489063262939450
2025-09-02,8.9200000762939450,9.2200002670288090,8.8599996566772460,9.1599998474121100,12370900,9.1185903549194340
2025-09-03,9.1599998474121100,9.2500000000000000,9.1199998855590820,9.1599998474121100,7459100,9.1185903549194340
2025-09-04,9.2200002670288090,9.2700004577636720,9.1000003814697270,9.2299995422363280,10294200,9.1882734298706050
2025-09-05,9.3100004196167000,9.4399995803833000,9.2799997329711910,9.3999996185302730,11446800,9.3575048446655270
2025-09-08,9.4399995803833000,9.5399999618530270,9.3800001144409180,9.5100002288818360,12085100,9.4670085906982420
2025-09-09,9.4899997711181640,9.5100002288818360,9.3800001144409180,9.3900003433227540,11643000,9.3475503921508790
2025-09-10,9.3999996185302730,9.5500001907348630,9.1400003433227540,9.1800003051757810,9526900,9.1385002136230470
2025-09-11,9.2100000381469730,9.5000000000000000,9.1300001144409180,9.4899997711181640,9537200,9.4470977783203120
2025-09-12,9.4499998092651370,9.5100002288818360,9.3500003814697270,9.3800001144409180,7090100,9.3375959396362300
2025-09-15,9.3900003433227540,9.5399999618530270,9.3699998855590820,9.5399999618530270,7893600,9.4968719482421880
2025-09-16,9.5500001907348630,9.5799999237060550,9.4799995422363280,9.5500001907348630,7277800,9.5068273544311520
2025-09-17,9.5100002288818360,9.6199998855590820,9.4300003051757810,9.4300003051757810,11664300,9.3873701095581050
2025-09-18,9.5200004577636720,9.5200004577636720,9.2899999618530270,9.3199996948242190,7520900,9.2778663635253900
2025-09-19,9.3299999237060550,9.3599996566772460,9.0299997329711910,9.0699996948242190,14325500,9.0289964675903320
2025-09-22,9.0699996948242190,9.2500000000000000,9.0200004577636720,9.2200002670288090,9340400,9.1783199310302730
2025-09-23,9.2299995422363280,9.4099998474121100,9.1099996566772460,9.1400003433227540,8792500,9.0986814498901370
2025-09-24,9.1599998474121100,9.2600002288818360,8.8800001144409180,8.9799995422363280,6373000,8.9394025802612300
2025-09-25,8.8999996185302730,9.1400003433227540,8.8999996185302730,8.9799995422363280,9885800,8.9394025802612300
2025-09-26,9.0000000000000000,9.0900001525878900,8.9499998092651370,9.0000000000000000,4505800,8.9593133926391600
2025-09-29,9.0799999237060550,9.1300001144409180,8.9899997711181640,9.0500001907348630,7433800,9.0090875625610350
2025-09-30,9.0799999237060550,9.1099996566772460,8.9499998092651370,8.9899997711181640,6999800,8.9493579864501950
2025-10-01,9.0200004577636720,9.1999998092651370,8.8699998855590820,8.8900003433227540,6483700,8.8498106002807620
2025-10-02,8.8900003433227540,9.0600004196167000,8.7299995422363280,9.0600004196167000,8130900,9.0190420150756840
2025-10-03,9.0699996948242190,9.1099996566772460,8.9300003051757810,9.0699996948242190,9087100,9.0289964675903320
2025-10-06,9.1000003814697270,9.1300001144409180,8.9799995422363280,8.9899997711181640,5277700,8.9493579864501950
2025-10-07,8.9799995422363280,9.1199998855590820,8.9600000381469730,9.1000003814697270,7850200,9.0588607788085940
2025-10-08,9.1700000762939450,9.2899999618530270,9.0100002288818360,9.2799997329711910,6223000,9.2380475997924800
2025-10-09,9.3000001907348630,9.3100004196167000,9.1099996566772460,9.1199998855590820,6441000,9.0787706375122070
2025-10-10,9.1800003051757810,9.2700004577636720,9.0799999237060550,9.1499996185302730,7147800,9.1086349487304690
2025-10-13,9.1099996566772460,9.3999996185302730,9.1099996566772460,9.3199996948242190,6443700,9.2778663635253900
2025-10-14,9.3000001907348630,9.5600004196167000,9.1999998092651370,9.5500001907348630,7804400,9.5068273544311520
2025-10-15,9.6499996185302730,9.9700002670288090,9.6099996566772460,9.8299999237060550,13999900,9.7855606079101560
2025-10-16,9.8900003433227540,9.9200000762939450,9.6499996185302730,9.6999998092651370,16001600,9.6561489105224610
2025-10-17,9.6300001144409180,9.7399997711181640,9.5900001525878900,9.6499996185302730,23985700,9.6063747406005860
2025-10-20,9.6800003051757810,9.7500000000000000,9.5000000000000000,9.5600004196167000,6148900,9.5167818069458000
2025-10-21,9.3400001525878900,9.4499998092651370,9.1099996566772460,9.1599998474121100,15426200,9.1185903549194340
2025-10-22,9.1300001144409180,9.3400001525878900,9.1300001144409180,9.1999998092651370,10301500,9.1584091186523440
2025-10-23,9.1999998092651370,9.4099998474121100,9.1300001144409180,9.3299999237060550,10110200,9.2878217697143550
2025-10-24,9.3599996566772460,9.4399995803833000,9.3100004196167000,9.3599996566772460,7243300,9.3176860809326170
2025-10-27,9.4700002670288090,9.5000000000000000,9.3000001907348630,9.3599996566772460,11545300,9.3176860809326170
2025-10-28,9.5799999237060550,10.3599996566772460,9.5799999237060550,10.2899999618530270,26921100,10.2434816360473630
2025-10-29,10.3199996948242190,10.4499998092651370,10.1700000762939450,10.2700004577636720,9667600,10.2235727310180660
2025-10-30,10.1400003433227540,10.3199996948242190,10.1000003814697270,10.1300001144409180,7732800,10.0842056274414060
2025-10-31,10.1099996566772460,10.2399997711181640,10.1099996566772460,10.1499996185302730,6746900,10.1041145324707030
2025-11-03,10.1899995803833000,10.3000001907348630,10.1199998855590820,10.1499996185302730,8641700,10.1041145324707030
2025-11-04,10.0200004577636720,10.3000001907348630,9.8999996185302730,10.0399999618530270,8052800,9.9946117401123050
2025-11-05,10.0799999237060550,10.3999996185302730,10.0500001907348630,10.2700004577636720,12682300,10.2235727310180660
2025-11-06,10.3100004196167000,10.4099998474121100,10.1899995803833000,10.1899995803833000,12584400,10.1439332962036130
2025-11-07,10.1099996566772460,10.2899999618530270,10.0299997329711910,10.1999998092651370,7693200,10.1538887023925780
2025-11-10,10.2700004577636720,10.3999996185302730,10.1999998092651370,10.3500003814697270,6902500,10.3032112121582030
2025-11-11,10.3599996566772460,10.5600004196167000,10.3500003814697270,10.5100002288818360,7600400,10.4624872207641600
2025-11-12,10.5500001907348630,10.5600004196167000,10.3500003814697270,10.3599996566772460,4975300,10.3131647109985350
2025-11-13,10.4099998474121100,10.4899997711181640,10.1599998474121100,10.1899995803833000,11934600,10.1439332962036130
2025-11-14,10.0900001525878900,10.2700004577636720,10.0100002288818360,10.1099996566772460,3711200,10.0642957687377930
2025-11-17,10.1499996185302730,10.2200002670288090,9.9499998092651370,10.0000000000000000,9119700,9.9547920227050780
2025-11-18,9.9600000381469730,10.3199996948242190,9.9399995803833000,10.2100000381469730,10395600,10.1638441085815430
2025-11-19,10.2500000000000000,10.4200000762939450,10.1999998092651370,10.3299999237060550,3918400,10.2833013534545900
2025-11-20,10.4399995803833000,10.5500001907348630,10.1599998474121100,10.1700000762939450,6631100,10.1240243911743160
2025-11-21,10.1999998092651370,10.2700004577636720,10.0100002288818360,10.0299997329711910,10063100,9.9846563339233400
2025-11-24,10.0100002288818360,10.2399997711181640,10.0000000000000000,10.0699996948242190,9853700,10.0244750976562500
2025-11-25,10.1700000762939450,10.4799995422363280,10.1000003814697270,10.4200000762939450,9812700,10.3728942871093750
2025-11-26,10.4499998092651370,10.5900001525878900,10.3999996185302730,10.5699996948242190,6741200,10.5222158432006840
2025-11-28,10.6000003814697270,10.8400001525878900,10.4499998092651370,10.7899999618530270,7034700,10.7412214279174800
2025-12-01,10.7299995422363280,10.7899999618530270,10.5799999237060550,10.6000003814697270,6969200,10.5520801544189450
2025-12-02,10.6300001144409180,10.8400001525878900,10.6099996566772460,10.7500000000000000,10083000,10.7014017105102540
2025-12-03,10.7600002288818360,10.9200000762939450,10.6800003051757810,10.8800001144409180,4358700,10.8308143615722660
2025-12-04,10.8599996566772460,11.0100002288818360,10.8599996566772460,10.9799995422363280,5470200,10.9303617477417000
2025-12-05,11.0500001907348630,11.0500001907348630,10.8100004196167000,10.8299999237060550,2910100,10.7810401916503900
2025-12-08,10.9899997711181640,11.1700000762939450,10.8299999237060550,10.9799995422363280,6039200,10.9303617477417000
2025-12-09,10.8999996185302730,11.0299997329711910,10.8900003433227540,10.9600000381469730,4803100,10.9104528427124020
2025-12-10,10.9399995803833000,10.9700002670288090,10.7899999618530270,10.8699998855590820,4299700,10.8208589553833000
2025-12-11,10.9799995422363280,11.2299995422363280,10.8999996185302730,11.1899995803833000,18502200,11.1394128799438480
2025-12-12,11.2500000000000000,11.5699996948242190,11.1000003814697270,11.5100002288818360,8727000,11.4579668045043950
2025-12-15,11.3999996185302730,11.8599996566772460,11.3999996185302730,11.6599998474121100,6498300,11.6072883605957030
2025-12-16,11.6700000762939450,11.8199996948242190,11.5100002288818360,11.5299997329711910,5356800,11.4778757095336910
2025-12-17,11.4600000381469730,11.5100002288818360,11.1599998474121100,11.2200002670288090,5396900,11.1692781448364260
2025-12-18,11.2899999618530270,11.6400003433227540,11.2100000381469730,11.5600004196167000,7028500,11.5077409744262700
2025-12-19,11.6199998855590820,11.8100004196167000,11.5900001525878900,11.6599998474121100,6416100,11.6072883605957030
2025-12-22,11.6000003814697270,11.8000001907348630,11.5799999237060550,11.7799997329711910,3619400,11.7267456054687500
2025-12-23,11.8000001907348630,11.8999996185302730,11.7299995422363280,11.8800001144409180,4409100,11.8262929916381840
2025-12-24,11.8999996185302730,11.8999996185302730,11.8100004196167000,11.8400001525878900,1638600,11.7864742279052730
2025-12-26,11.8599996566772460,12.0399999618530270,11.8599996566772460,11.9799995422363280,3951100,11.9258403778076170
2025-12-29,11.9099998474121100,11.9799995422363280,11.7600002288818360,11.7899999618530270,4857000,11.7367000579833980
2025-12-30,11.8199996948242190,11.8199996948242190,11.5900001525878900,11.6099996566772460,2276300,11.5575141906738280
2025-12-31,11.5399999618530270,11.6199998855590820,11.4700002670288090,11.4899997711181640,4168800,11.4380569458007810
2026-01-02,11.6099996566772460,11.6499996185302730,11.4399995803833000,11.5699996948242190,2472900,11.5176944732666020
2026-01-05,11.5799999237060550,11.9600000381469730,11.5799999237060550,11.8400001525878900,5211400,11.7864742279052730
2026-01-06,11.9399995803833000,12.0299997329711910,11.8699998855590820,11.9200000762939450,6154200,11.8661127090454100
2026-01-07,11.8999996185302730,11.9200000762939450,11.5100002288818360,11.5299997329711910,4785700,11.4778757095336910
2026-01-08,11.5500001907348630,12.2899999618530270,11.5500001907348630,12.2700004577636720,8330800,12.2145309448242190
2026-01-09,12.3000001907348630,12.4700002670288090,12.2899999618530270,12.4200000762939450,5892200,12.3638525009155270
2026-01-12,12.3999996185302730,12.5699996948242190,12.3100004196167000,12.4399995803833000,4253300,12.3837614059448240
2026-01-13,12.4899997711181640,12.5200004577636720,12.2899999618530270,12.3599996566772460,9087500,12.3041238784790040
2026-01-14,12.4300003051757810,12.6899995803833000,12.3299999237060550,12.5699996948242190,7544100,12.5131740570068360
2026-01-15,12.6099996566772460,12.6300001144409180,12.3100004196167000,12.3500003814697270,5906000,12.2941694259643550
2026-01-16,12.4200000762939450,12.5399999618530270,12.3100004196167000,12.4899997711181640,8822100,12.4335355758667000
2026-01-20,12.3500003814697270,12.6300001144409180,12.3100004196167000,12.4899997711181640,7968000,12.4335355758667000
2026-01-21,12.6499996185302730,12.9799995422363280,12.6000003814697270,12.9200000762939450,7373900,12.8615913391113280
2026-01-22,12.9799995422363280,13.0399999618530270,12.7899999618530270,12.9899997711181640,7778800,12.9312763214111330
2026-01-23,12.9300003051757810,12.9899997711181640,12.8100004196167000,12.9099998474121100,5367900,12.8516368865966800
2026-01-26,13.1000003814697270,13.1199998855590820,12.7200002670288090,12.7600002288818360,5425100,12.7023153305053710
2026-01-27,12.9399995803833000,13.1400003433227540,12.7700004577636720,12.8800001144409180,5959200,12.8217725753784180
2026-01-28,12.8999996185302730,13.1999998092651370,12.8999996185302730,13.1700000762939450,6289300,13.1104621887207030
2026-01-29,13.3000001907348630,13.3500003814697270,12.7500000000000000,12.8900003433227540,6864100,12.8317279815673830
2026-01-30,12.6899995803833000,12.9099998474121100,12.3900003433227540,12.4799995422363280,5978800,12.4235811233520500
2026-02-02,12.4499998092651370,12.6800003051757810,12.3999996185302730,12.6499996185302730,4731400,12.5928125381469730
2026-02-03,12.7500000000000000,13.1899995803833000,12.6099996566772460,12.7500000000000000,9075000,12.6923599243164060
2026-02-04,12.7899999618530270,12.8000001907348630,12.1000003814697270,12.1000003814697270,10967300,12.0452995300292970
2026-02-05,11.8000001907348630,12.2399997711181640,11.6300001144409180,11.9499998092651370,13049900,11.8959770202636720
2026-02-06,11.9899997711181640,12.2399997711181640,11.8999996185302730,12.1999998092651370,6260400,12.1448469161987300
2026-02-09,12.2500000000000000,12.8299999237060550,12.2200002670288090,12.7899999618530270,7136800,12.7321796417236330
2026-02-10,12.7299995422363280,13.0699996948242190,12.5600004196167000,12.9399995803833000,7271700,12.8815011978149410
2026-02-11,13.0399999618530270,13.1499996185302730,12.7500000000000000,12.9399995803833000,6606900,12.8815011978149410
2026-02-12,12.9399995803833000,13.0399999618530270,12.2600002288818360,12.2700004577636720,8684000,12.2145309448242190
2026-02-13,12.3000001907348630,12.5900001525878900,12.1899995803833000,12.5699996948242190,7126800,12.5131740570068360
2026-02-17,12.3699998855590820,12.6800003051757810,12.3000001907348630,12.5000000000000000,5463500,12.4434909820556640
2026-02-18,12.6499996185302730,12.8199996948242190,12.5200004577636720,12.5699996948242190,3497100,12.5131740570068360
2026-02-19,12.4300003051757810,12.7600002288818360,12.4099998474121100,12.6300001144409180,3441600,12.5729026794433600
2026-02-20,12.6599998474121100,12.9099998474121100,12.5299997329711910,12.8999996185302730,4313200,12.8416814804077150
2026-02-23,12.8000001907348630,12.8900003433227540,12.3199996948242190,12.3400001525878900,6596700,12.2842140197753900
2026-02-24,12.3699998855590820,12.6899995803833000,12.3599996566772460,12.5699996948242190,8432000,12.5131740570068360
2026-02-25,12.5200004577636720,12.8199996948242190,12.4600000381469730,12.7399997711181640,6168000,12.6824054718017580
2026-02-26,12.6400003433227540,12.7799997329711910,12.4700002670288090,12.7600002288818360,4774700,12.7023153305053710
2026-02-27,12.6800003051757810,12.7299995422363280,12.4600000381469730,12.5100002288818360,4618600,12.4534454345703120
2026-03-02,12.3100004196167000,12.4300003051757810,11.9600000381469730,12.1499996185302730,6891300,12.0950727462768550
2026-03-03,11.5299997329711910,11.7500000000000000,10.8299999237060550,11.3999996185302730,9818900,11.3484630584716800
2026-03-04,11.5900001525878900,12.0699996948242190,11.5100002288818360,11.9399995803833000,6314200,11.8860216140747070
2026-03-05,11.7799997329711910,11.9600000381469730,11.1999998092651370,11.3400001525878900,10384500,11.2887353897094730
2026-03-06,11.0200004577636720,11.1000003814697270,10.7600002288818360,10.9200000762939450,8505800,10.8706331253051760
2026-03-09,10.6700000762939450,10.9399995803833000,10.3999996185302730,10.9300003051757810,18730600,10.8805885314941400
2026-03-10,10.9799995422363280,11.2399997711181640,10.7299995422363280,10.7600002288818360,8812200,10.7113571166992190
2026-03-11,10.8100004196167000,10.8800001144409180,10.5399999618530270,10.6099996566772460,11115300,10.5846595764160160
2026-03-12,10.5000000000000000,10.5500001907348630,10.3400001525878900,10.3800001144409180,10532000,10.3552093505859380
2026-03-13,10.4099998474121100,10.6700000762939450,10.3400001525878900,10.4099998474121100,7030400,10.3851375579833980
2026-03-16,10.5399999618530270,10.8699998855590820,10.5299997329711910,10.7700004577636720,7213200,10.7442789077758790
2026-03-17,10.7700004577636720,10.8999996185302730,10.5100002288818360,10.5600004196167000,4647200,10.5347795486450200
2026-03-18,10.4099998474121100,10.6300001144409180,10.2500000000000000,10.2700004577636720,8323800,10.2454729080200200
2026-03-19,9.9700002670288090,10.3500003814697270,9.8999996185302730,10.3000001907348630,7132100,10.2754011154174800
2026-03-20,10.3199996948242190,10.3199996948242190,9.9099998474121100,9.9899997711181640,5143500,9.9661407470703120
2026-03-23,10.3999996185302730,10.6700000762939450,10.2799997329711910,10.6300001144409180,6731000,10.6046123504638670
2026-03-24,10.5000000000000000,10.8800001144409180,10.3800001144409180,10.8500003814697270,5558600,10.8240871429443360
2026-03-25,11.1400003433227540,11.3599996566772460,11.0000000000000000,11.3299999237060550,8074300,11.3029403686523440
2026-03-26,10.9700002670288090,11.4700002670288090,10.9499998092651370,10.9600000381469730,8228000,10.9338245391845700
2026-03-27,10.9099998474121100,10.9899997711181640,10.6700000762939450,10.7500000000000000,5668400,10.7243261337280270
2026-03-30,11.0399999618530270,11.0399999618530270,10.6700000762939450,10.7100000381469730,4366300,10.6844215393066400
2026-03-31,10.9200000762939450,11.5299997329711910,10.8000001907348630,11.4399995803833000,12350800,11.4126777648925780
2026-04-01,11.5600004196167000,11.7100000381469730,11.5000000000000000,11.5900001525878900,3747600,11.5623197555542000
2026-04-02,11.1400003433227540,11.6300001144409180,11.0200004577636720,11.2299995422363280,3266100,11.2031793594360350
2026-04-06,11.3299999237060550,11.5699996948242190,11.1300001144409180,11.3599996566772460,5699900,11.3328685760498050
2026-04-07,11.2200002670288090,11.3500003814697270,11.1199998855590820,11.3100004196167000,5148700,11.2829885482788090
2026-04-08,12.0600004196167000,12.2799997329711910,11.6999998092651370,11.7799997329711910,9613800,11.7518653869628900
2026-04-09,11.7799997329711910,12.1499996185302730,11.7500000000000000,11.9099998474121100,7484200,11.8815555572509770
2026-04-10,12.0799999237060550,12.1700000762939450,11.8999996185302730,11.9200000762939450,2891700,11.8915319442749020
2026-04-13,11.7899999618530270,11.8999996185302730,11.6999998092651370,11.8900003433227540,2473700,11.8616037368774410
2026-04-14,11.9200000762939450,12.0000000000000000,11.6899995803833000,11.8199996948242190,5824000,11.7917699813842770
2026-04-15,11.8299999237060550,11.9799995422363280,11.6700000762939450,11.8699998855590820,4356800,11.8416509628295900
2026-04-16,11.9099998474121100,11.9099998474121100,11.5299997329711910,11.6599998474121100,4872300,11.6321525573730470
2026-04-17,11.8199996948242190,12.1700000762939450,11.8199996948242190,11.9700002670288090,4784400,11.9414119720458980
2026-04-20,11.8800001144409180,12.0000000000000000,11.7100000381469730,12.0000000000000000,4230200,11.9713401794433600
2026-04-21,12.1199998855590820,12.1199998855590820,11.7399997711181640,11.7899999618530270,4764600,11.7618417739868160
2026-04-22,11.9499998092651370,12.0500001907348630,11.7500000000000000,11.7700004577636720,6297600,11.7418899536132810
2026-04-23,11.7799997329711910,12.6599998474121100,11.7799997329711910,12.5100002288818360,16134400,12.4801225662231450
2026-04-24,12.6700000762939450,12.6999998092651370,12.3199996948242190,12.3599996566772460,5919800,12.3304805755615230
2026-04-27,12.3199996948242190,12.4899997711181640,12.1800003051757810,12.2399997711181640,4092900,12.2107667922973630
2026-04-28,12.1400003433227540,12.3199996948242190,12.0200004577636720,12.1300001144409180,5132500,12.1010303497314450
2026-04-29,12.0600004196167000,12.2600002288818360,12.0200004577636720,12.1700000762939450,4036400,12.1409349441528320
2026-04-30,12.2700004577636720,12.3599996566772460,12.1199998855590820,12.3000001907348630,4141100,12.2706241607666020
2026-05-01,12.2399997711181640,12.3699998855590820,12.1599998474121100,12.2500000000000000,2540800,12.2207431793212890
2026-05-04,12.1599998474121100,12.3400001525878900,11.7799997329711910,11.8900003433227540,3914600,11.8616037368774410
2026-05-05,12.0399999618530270,12.9399995803833000,11.9200000762939450,12.8699998855590820,8129300,12.8392620086669920
2026-05-06,13.0000000000000000,13.6700000762939450,12.9700002670288090,13.5500001907348630,10361400,13.5176391601562500
2026-05-07,13.5500001907348630,13.5500001907348630,13.1300001144409180,13.1400003433227540,6662900,13.1086177825927730
2026-05-08,13.3000001907348630,13.3900003433227540,13.0299997329711910,13.1099996566772460,5451400,13.0786886215209960
2026-05-11,13.0799999237060550,13.3900003433227540,13.0600004196167000,13.2899999618530270,4346800,13.2582597732543950
2026-05-12,13.2399997711181640,13.3800001144409180,13.0600004196167000,13.1700000762939450,4016300,13.1385459899902340
2026-05-13,13.1899995803833000,13.3900003433227540,13.0100002288818360,13.2500000000000000,5367900,13.2183551788330080
2026-05-14,13.3100004196167000,13.3900003433227540,13.0900001525878900,13.1599998474121100,7705200,13.1285696029663090
2026-05-15,12.8500003814697270,12.9600000381469730,12.5299997329711910,12.5600004196167000,6198400,12.5300035476684570
2026-05-18,12.7299995422363280,12.8100004196167000,12.6000003814697270,12.6999998092651370,3015100,12.6696681976318360
2026-05-19,12.4399995803833000,12.5299997329711910,12.1899995803833000,12.2700004577636720,7014300,12.2406959533691400
2026-05-20,12.3999996185302730,12.8000001907348630,12.2899999618530270,12.6700000762939450,5635900,12.6397399902343750
2026-05-21,12.5100002288818360,12.8400001525878900,12.3699998855590820,12.5900001525878900,3876800,12.5599317550659180
2026-05-22,12.6000003814697270,12.6300001144409180,12.4700002670288090,12.5600004196167000,5796100,12.5300035476684570
2026-05-26,12.7500000000000000,13.1000003814697270,12.7100000381469730,13.1000003814697270,3167000,13.0687141418457030
2026-05-27,12.9700002670288090,13.3199996948242190,12.9700002670288090,13.2100000381469730,3815100,13.1784505844116210
2026-05-28,13.1300001144409180,13.2700004577636720,12.9399995803833000,13.0600004196167000,3139300,13.0288095474243160
2026-05-29,13.0299997329711910,13.2200002670288090,12.9399995803833000,13.0900001525878900,4413400,13.0587377548217770
2026-06-01,12.8999996185302730,13.3299999237060550,12.8900003433227540,13.1000003814697270,3536100,13.0687141418457030
2026-06-02,13.1499996185302730,13.3999996185302730,13.0000000000000000,13.0600004196167000,3697400,13.0288095474243160
2026-06-03,12.9600000381469730,13.1599998474121100,12.8800001144409180,12.8999996185302730,3363300,12.8691902160644530
2026-06-04,12.8699998855590820,13.0100002288818360,12.8699998855590820,12.9399995803833000,2825900,12.9090948104858400
2026-06-05,12.8299999237060550,12.8699998855590820,12.3500003814697270,12.4700002670288090,4673100,12.4402179718017580
2026-06-08,12.5000000000000000,12.5900001525878900,12.0100002288818360,12.0399999618530270,5583000,12.0112447738647460
2026-06-09,12.2700004577636720,12.3599996566772460,11.6499996185302730,12.0799999237060550,5869400,12.0511493682861330
2026-06-10,12.0799999237060550,12.1899995803833000,11.7899999618530270,11.8000001907348630,3742100,11.7718181610107420
2026-06-11,12.0299997329711910,12.7500000000000000,11.9099998474121100,12.6999998092651370,5613500,12.6696681976318360
2026-06-12,12.8199996948242190,13.1000003814697270,12.7500000000000000,12.9799995422363280,4476600,12.9489994049072270
2026-06-15,13.2299995422363280,13.3999996185302730,12.8800001144409180,12.8900003433227540,4359900,12.8592147827148440
2026-06-16,12.9899997711181640,13.1099996566772460,12.8999996185302730,12.9799995422363280,3169200,12.9489994049072270
2026-06-17,13.0100002288818360,13.1099996566772460,12.5399999618530270,12.6000003814697270,3641100,12.6000003814697270
2026-06-18,12.7600002288818360,12.9600000381469730,12.6999998092651370,12.7299995422363280,3870500,12.7299995422363280
2026-06-22,12.7200002670288090,12.8100004196167000,12.4700002670288090,12.5799999237060550,2554500,12.5799999237060550
2026-06-23,12.1300001144409180,12.3699998855590820,12.0900001525878900,12.1599998474121100,3568900,12.1599998474121100
2026-06-24,12.1000003814697270,12.1700000762939450,11.9200000762939450,12.0200004577636720,3723700,12.0200004577636720
2026-06-25,12.1700000762939450,12.4600000381469730,12.1199998855590820,12.3800001144409180,5587900,12.3800001144409180
2026-06-26,12.2799997329711910,12.5699996948242190,12.2600002288818360,12.2799997329711910,5841200,12.2799997329711910
2026-06-29,11.9899997711181640,12.1999998092651370,11.9300003051757810,12.1400003433227540,4604700,12.1400003433227540
2026-06-30,12.1599998474121100,12.1999998092651370,11.9300003051757810,12.0000000000000000,3670000,12.0000000000000000
2026-07-01,12.0000000000000000,12.1999998092651370,11.8400001525878900,12.1300001144409180,6981900,12.1300001144409180
2026-07-02,12.4099998474121100,12.5500001907348630,12.2100000381469730,12.2899999618530270,6204300,12.2899999618530270
2026-07-06,12.3800001144409180,12.4499998092651370,12.2600002288818360,12.3199996948242190,5118400,12.3199996948242190
2026-07-07,12.1999998092651370,12.3000001907348630,11.9499998092651370,12.1099996566772460,3220600,12.1099996566772460
2026-07-08,12.0000000000000000,12.1899995803833000,11.8500003814697270,12.1700000762939450,4022200,12.1700000762939450
2026-07-09,12.1800003051757810,12.4399995803833000,12.0900001525878900,12.3699998855590820,5232800,12.3699998855590820
2026-07-10,12.3999996185302730,12.6899995803833000,12.3999996185302730,12.4799995422363280,4055500,12.4799995422363280
2026-07-13,12.3299999237060550,12.5399999618530270,12.2700004577636720,12.4499998092651370,7368000,12.4499998092651370
2026-07-14,12.6899995803833000,13.1199998855590820,12.6599998474121100,12.8000001907348630,7023800,12.8000001907348630
2026-07-15,12.8199996948242190,13.1599998474121100,12.7700004577636720,13.0699996948242190,7995100,13.0699996948242190
2026-07-16,12.8999996185302730,13.2200002670288090,12.8400001525878900,13.1000003814697270,5215100,13.1000003814697270
2026-07-17,12.7899999618530270,13.0200004577636720,12.7700004577636720,12.9700002670288090,3628000,12.9700002670288090
2026-07-20,12.9799995422363280,13.0399999618530270,12.4700002670288090,12.4899997711181640,5326700,12.4899997711181640
2026-07-21,12.6499996185302730,12.7100000381469730,12.5299997329711910,12.6999998092651370,3064400,12.6999998092651370
2026-07-22,12.7600002288818360,12.8999996185302730,12.6400003433227540,12.7200002670288090,4828000,12.7200002670288090
2026-07-23,12.9399995803833000,13.0799999237060550,12.1700000762939450,12.2600002288818360,13159500,12.2600002288818360
2026-07-24,12.3000001907348630,12.3500003814697270,12.0299997329711910,12.0600004196167000,11286400,12.0600004196167000
2026-07-27,12.2100000381469730,12.3199996948242190,12.0100002288818360,12.1999998092651370,8586100,12.1999998092651370
2026-07-28,12.1999998092651370,12.2600002288818360,11.9399995803833000,12.0000000000000000,6895800,12.0000000000000000
2026-07-29,11.8599996566772460,11.9399995803833000,11.6499996185302730,11.6999998092651370,8762900,11.6999998092651370
2026-07-30,12.0200004577636720,12.1199998855590820,11.7299995422363280,11.9300003051757810,7755200,11.9300003051757810
2026-07-31,11.8500003814697270,11.9099998474121100,11.7200002670288090,11.8199996948242190,3632200,11.8199996948242190
2026-08-03,11.8199996948242190,12.0100002288818360,11.8199996948242190,11.8400001525878900,3741200,11.8400001525878900
2026-08-04,11.9799995422363280,12.0299997329711910,11.5399999618530270,11.6099996566772460,6768000,11.6099996566772460
2026-08-05,11.7299995422363280,11.7399997711181640,11.4899997711181640,11.5500001907348630,8646900,11.5500001907348630
2026-08-06,11.4700002670288090,11.5500001907348630,11.2700004577636720,11.3000001907348630,11019300,11.3000001907348630
2026-08-07,11.3500003814697270,11.3999996185302730,11.1199998855590820,11.3299999237060550,9860700,11.3299999237060550
2026-08-10,11.3000001907348630,11.4600000381469730,11.2700004577636720,11.3000001907348630,10528000,11.3000001907348630
2026-08-11,11.3299999237060550,11.3800001144409180,11.0399999618530270,11.1899995803833000,11835100,11.1899995803833000
2026-08-12,11.2899999618530270,11.3400001525878900,11.1599998474121100,11.2399997711181640,7892700,11.2399997711181640
2026-08-13,11.2500000000000000,11.3000001907348630,11.0600004196167000,11.0799999237060550,3624100,11.0799999237060550
2026-08-14,11.0900001525878900,11.1999998092651370,11.0200004577636720,11.0600004196167000,3779100,11.0600004196167000
2026-08-17,11.0299997329711910,11.1499996185302730,10.9600000381469730,11.1099996566772460,6067700,11.1099996566772460
2026-08-18,10.9799995422363280,11.0699996948242190,10.6400003433227540,10.6599998474121100,7397600,10.6599998474121100
2026-08-19,10.7799997329711910,10.9399995803833000,10.6400003433227540,10.6599998474121100,7083800,10.6599998474121100
2026-08-20,10.5799999237060550,10.7399997711181640,10.5000000000000000,10.6000003814697270,10131500,10.6000003814697270
2026-08-21,10.7299995422363280,11.1199998855590820,10.6499996185302730,11.1099996566772460,9819000,11.1099996566772460
2026-08-24,11.0900001525878900,11.1899995803833000,10.9799995422363280,11.0299997329711910,4999600,11.0299997329711910
