"m_date","m_open_split_adjusted","m_high_split_adjusted","m_low_split_adjusted","m_close_split_adjusted","m_volume_split_adjusted","m_close_dividend_and_split_adjusted"
2016-01-04,63.950000762939450,64.059997558593750,63.009998321533200,63.619998931884766,25393200,48.184062957763670
2016-01-05,63.700000762939450,64.129997253417970,63.040000915527344,63.729999542236330,16566700,48.267372131347656
2016-01-06,62.720001220703125,63.130001068115234,62.340000152587890,62.810001373291016,22961500,47.570594787597656
2016-01-07,61.459999084472656,62.000000000000000,60.080001831054690,60.270000457763670,27630900,45.646869659423830
2016-01-08,61.130001068115234,61.270000457763670,58.849998474121094,58.919998168945310,22373300,44.624420166015625
2016-01-11,58.830001831054690,59.220001220703125,58.040000915527344,58.830001831054690,20925500,44.556259155273440
2016-01-12,59.450000762939450,59.560001373291016,58.099998474121094,58.959999084472656,22971600,44.654712677001950
2016-01-13,59.459999084472656,59.680000305175780,56.909999847412110,57.340000152587890,28808100,43.427772521972656
2016-01-14,58.159999847412110,59.380001068115234,57.290000915527344,58.200000762939450,31296300,44.079109191894530
2016-01-15,56.450000762939450,57.569999694824220,56.220001220703125,57.040000915527344,38131700,43.200561523437500
2016-01-19,57.729999542236330,57.970001220703125,56.509998321533200,57.009998321533200,22818900,43.177829742431640
2016-01-20,55.630001068115234,56.180000305175780,54.659999847412110,55.509998321533200,34646100,42.041774749755860
2016-01-21,55.740001678466800,56.520000457763670,55.060001373291016,55.250000000000000,31301100,41.844844818115234
2016-01-22,56.439998626708984,57.159999847412110,56.299999237060550,56.950000762939450,22732200,43.132385253906250
2016-01-25,56.479999542236330,56.849998474121094,55.599998474121094,55.659999847412110,21114400,42.155384063720700
2016-01-26,55.849998474121094,57.150001525878906,55.810001373291016,57.080001831054690,17535700,43.230846405029300
2016-01-27,57.080001831054690,58.270000457763670,56.560001373291016,57.040000915527344,20560000,43.200561523437500
2016-01-28,57.520000457763670,57.970001220703125,56.630001068115234,57.279998779296875,15497900,43.382324218750000
2016-01-29,57.830001831054690,59.540000915527344,57.509998321533200,59.500000000000000,26992200,45.063701629638670
2016-02-01,59.159999847412110,59.650001525878906,58.439998626708984,58.860000610351560,16807900,44.578983306884766
2016-02-02,57.880001068115234,57.979999542236330,56.750000000000000,57.029998779296875,22448200,43.192974090576170
2016-02-03,57.369998931884766,57.799999237060550,55.020000457763670,57.409999847412110,31543200,43.480777740478516
2016-02-04,57.060001373291016,58.520000457763670,57.060001373291016,58.400001525878906,21651300,44.230583190917970
2016-02-05,58.580001831054690,59.139999389648440,57.419998168945310,57.750000000000000,22001300,43.738296508789060
2016-02-08,56.689998626708984,56.919998168945310,55.540000915527344,56.540000915527344,28267600,42.821865081787110
2016-02-09,55.290000915527344,56.689998626708984,55.130001068115234,56.200000762939450,26300000,42.564369201660156
2016-02-10,56.569999694824220,57.409999847412110,55.470001220703125,55.520000457763670,22389600,42.049350738525390
2016-02-11,53.900001525878906,53.909999847412110,52.500000000000000,53.069999694824220,44334700,40.193782806396484
2016-02-12,55.650001525878906,57.569999694824220,55.169998168945310,57.490001678466800,37011400,43.541370391845700
2016-02-16,58.229999542236330,58.599998474121094,57.639999389648440,58.349998474121094,23730700,44.192722320556640
2016-02-17,58.849998474121094,59.250000000000000,58.389999389648440,58.770000457763670,21580100,44.510807037353516
2016-02-18,58.840000152587890,58.860000610351560,57.250000000000000,57.810001373291016,17037800,43.783733367919920
2016-02-19,57.500000000000000,58.169998168945310,57.080001831054690,57.819999694824220,15658200,43.791301727294920
2016-02-22,58.509998321533200,58.880001068115234,58.419998168945310,58.569999694824220,14882800,44.359336853027344
2016-02-23,57.900001525878906,58.090000152587890,55.959999084472656,56.119998931884766,31772500,42.503768920898440
2016-02-24,55.200000762939450,56.209999084472656,54.330001831054690,56.139999389648440,25560100,42.518917083740234
2016-02-25,56.130001068115234,57.029998779296875,56.040000915527344,57.009998321533200,14473300,43.177829742431640
2016-02-26,57.639999389648440,58.110000610351560,57.139999389648440,57.540000915527344,20947500,43.579235076904300
2016-02-29,57.409999847412110,57.610000610351560,56.290000915527344,56.299999237060550,19554100,42.640094757080080
2016-03-01,56.759998321533200,59.200000762939450,56.669998168945310,59.200000762939450,23958100,44.836490631103516
2016-03-02,59.200000762939450,59.900001525878906,58.959999084472656,59.759998321533200,20943100,45.260597229003906
2016-03-03,59.580001831054690,59.959999084472656,59.099998474121094,59.959999084472656,15790600,45.412082672119140
2016-03-04,60.099998474121094,60.549999237060550,59.529998779296875,60.049999237060550,18459000,45.480247497558594
2016-03-07,59.540000915527344,60.049999237060550,59.319999694824220,59.939998626708984,12832400,45.396930694580080
2016-03-08,59.209999084472656,59.500000000000000,58.680000305175780,58.779998779296875,14132900,44.518379211425780
2016-03-09,59.150001525878906,59.540000915527344,58.680000305175780,59.119998931884766,13238800,44.775897979736330
2016-03-10,59.590000152587890,59.669998168945310,57.810001373291016,58.610000610351560,21139200,44.389621734619140
2016-03-11,59.389999389648440,59.509998321533200,58.650001525878906,59.340000152587890,21055000,44.942516326904300
2016-03-14,59.150001525878906,59.310001373291016,58.599998474121094,59.119998931884766,13436100,44.775897979736330
2016-03-15,58.540000915527344,59.209999084472656,58.430000305175780,59.200000762939450,10910500,44.836490631103516
2016-03-16,58.979999542236330,59.750000000000000,58.470001220703125,58.919998168945310,17423900,44.624420166015625
2016-03-17,58.770000457763670,59.130001068115234,57.990001678466800,58.750000000000000,19405700,44.495662689208984
2016-03-18,60.049999237060550,60.970001220703125,59.659999847412110,60.479999542236330,29570200,45.805927276611330
2016-03-21,60.220001220703125,60.819999694824220,59.959999084472656,60.459999084472656,12684400,45.790775299072266
2016-03-22,59.990001678466800,60.580001831054690,59.619998931884766,60.240001678466800,12042700,45.624153137207030
2016-03-23,60.340000152587890,60.509998321533200,59.860000610351560,59.939998626708984,11658700,45.396930694580080
2016-03-24,59.299999237060550,59.509998321533200,58.869998931884766,59.479999542236330,12921200,45.048549652099610
2016-03-28,59.529998779296875,59.750000000000000,59.180000305175780,59.400001525878906,11159700,44.987957000732420
2016-03-29,59.330001831054690,59.330001831054690,58.529998779296875,59.029998779296875,15933400,44.707725524902344
2016-03-30,59.459999084472656,60.229999542236330,59.380001068115234,59.709999084472656,13307100,45.222732543945310
2016-03-31,59.450000762939450,59.930000305175780,59.110000610351560,59.220001220703125,14904700,44.851627349853516
2016-04-01,59.020000457763670,60.060001373291016,58.560001373291016,59.869998931884766,15417500,45.343917846679690
2016-04-04,59.439998626708984,59.569999694824220,58.959999084472656,59.200000762939450,12305000,45.168449401855470
2016-04-05,58.590000152587890,58.830001831054690,58.209999084472656,58.360000610351560,12886600,44.527534484863280
2016-04-06,58.180000305175780,58.880001068115234,57.950000762939450,58.810001373291016,12167900,44.870880126953125
2016-04-07,58.259998321533200,58.430000305175780,57.069999694824220,57.319999694824220,19226800,43.734024047851560
2016-04-08,57.709999084472656,58.580001831054690,57.689998626708984,57.740001678466800,13547700,44.054477691650390
2016-04-11,57.909999847412110,58.880001068115234,57.909999847412110,58.200000762939450,17627800,44.405452728271484
2016-04-12,58.340000152587890,59.389999389648440,58.200000762939450,59.279998779296875,17779200,45.229465484619140
2016-04-13,60.479999542236330,62.159999847412110,60.380001068115234,61.790000915527344,37516800,47.144554138183594
2016-04-14,61.689998626708984,62.909999847412110,61.610000610351560,62.590000152587890,24249900,47.754936218261720
2016-04-15,62.880001068115234,62.900001525878906,61.450000762939450,61.869998931884766,19290700,47.205596923828125
2016-04-18,61.639999389648440,62.580001831054690,61.529998779296875,62.270000457763670,13813100,47.510791778564450
2016-04-19,62.549999237060550,63.479999542236330,62.549999237060550,63.319999694824220,19255600,48.311904907226560
2016-04-20,63.479999542236330,64.309997558593750,63.150001525878906,64.239997863769530,14594400,49.013854980468750
2016-04-21,64.260002136230470,64.660003662109380,63.340000152587890,63.599998474121094,15395800,48.525539398193360
2016-04-22,63.639999389648440,64.379997253417970,63.639999389648440,63.970001220703125,12444700,48.807853698730470
2016-04-25,63.599998474121094,63.950000762939450,63.150001525878906,63.599998474121094,10687200,48.525539398193360
2016-04-26,63.810001373291016,64.069999694824220,63.330001831054690,63.930000305175780,12048000,48.777343750000000
2016-04-27,63.860000610351560,64.639999389648440,63.599998474121094,64.110000610351560,15284100,48.914684295654300
2016-04-28,63.639999389648440,64.419998168945310,63.349998474121094,63.599998474121094,12852500,48.525539398193360
2016-04-29,63.090000152587890,63.610000610351560,62.700000762939450,63.200000762939450,16376400,48.220355987548830
2016-05-02,63.689998626708984,64.000000000000000,63.139999389648440,63.790000915527344,10247300,48.670520782470700
2016-05-03,62.900001525878906,62.909999847412110,61.799999237060550,62.560001373291016,19120300,47.732055664062500
2016-05-04,61.750000000000000,62.259998321533200,61.270000457763670,61.569999694824220,17030200,46.976707458496094
2016-05-05,61.599998474121094,62.000000000000000,61.060001373291016,61.240001678466800,14033900,46.724914550781250
2016-05-06,60.700000762939450,61.680000305175780,60.590000152587890,61.599998474121094,11057900,46.999584197998050
2016-05-09,61.369998931884766,61.889999389648440,61.049999237060550,61.209999084472656,11197100,46.702030181884766
2016-05-10,61.549999237060550,62.259998321533200,61.349998474121094,62.040000915527344,11897200,47.335304260253906
2016-05-11,61.970001220703125,62.599998474121094,61.810001373291016,61.810001373291016,11254000,47.159801483154300
2016-05-12,62.270000457763670,62.560001373291016,61.369998931884766,61.770000457763670,11071700,47.129291534423830
2016-05-13,61.700000762939450,62.400001525878906,61.020000457763670,61.200000762939450,15122300,46.694404602050780
2016-05-16,61.209999084472656,61.990001678466800,61.000000000000000,61.659999847412110,10951300,47.045360565185550
2016-05-17,61.430000305175780,62.159999847412110,61.150001525878906,61.659999847412110,12180900,47.045360565185550
2016-05-18,61.700000762939450,64.169998168945310,61.689998626708984,64.040000915527340,24007100,48.861255645751950
2016-05-19,63.529998779296875,64.220001220703120,62.900001525878906,63.389999389648440,16076200,48.365322113037110
2016-05-20,63.860000610351560,64.190002441406250,63.369998931884766,63.509998321533200,11862000,48.456878662109375
2016-05-23,63.450000762939450,63.869998931884766,63.159999847412110,63.459999084472656,9347500,48.418735504150390
2016-05-24,63.939998626708984,64.769996643066400,63.810001373291016,64.540000915527340,13839400,49.242752075195310
2016-05-25,64.940002441406250,66.199996948242190,64.919998168945310,65.519996643066400,18935200,49.990478515625000
2016-05-26,65.569999694824220,65.580001831054690,64.910003662109380,65.029998779296880,9428400,49.616611480712890
2016-05-27,65.209999084472660,65.459999084472660,65.050003051757810,65.430000305175780,10116000,49.921798706054690
2016-05-31,65.730003356933600,65.819999694824220,64.959999084472660,65.269996643066400,15139400,49.799724578857420
2016-06-01,64.760002136230470,65.919998168945310,64.260002136230470,65.690002441406250,14031000,50.120185852050780
2016-06-02,65.519996643066400,65.809997558593750,65.160003662109380,65.809997558593750,10637600,50.211738586425780
2016-06-03,64.250000000000000,64.860000610351560,63.549999237060550,64.639999389648440,20261700,49.319049835205080
2016-06-06,64.639999389648440,65.760002136230470,64.599998474121100,65.279998779296880,13193500,49.807346343994140
2016-06-07,65.449996948242190,65.739997863769530,65.040000915527340,65.059997558593750,9924100,49.639492034912110
2016-06-08,64.930000305175780,65.480003356933600,64.919998168945310,65.250000000000000,9428000,49.784454345703125
2016-06-09,64.790000915527340,64.900001525878900,64.269996643066400,64.750000000000000,10817800,49.402973175048830
2016-06-10,63.930000305175780,64.069999694824220,63.580001831054690,63.840000152587890,16678400,48.708663940429690
2016-06-13,63.479999542236330,64.339996337890620,63.259998321533200,63.270000457763670,14314900,48.273765563964844
2016-06-14,62.680000305175780,63.470001220703125,61.680000305175780,62.080001831054690,19509300,47.365810394287110
2016-06-15,62.409999847412110,62.979999542236330,61.909999847412110,61.970001220703125,16982100,47.281898498535156
2016-06-16,61.450000762939450,62.299999237060550,60.900001525878906,62.220001220703125,16791200,47.472633361816406
2016-06-17,62.299999237060550,62.709999084472656,61.930000305175780,62.279998779296875,15751500,47.518413543701170
2016-06-20,63.450000762939450,63.849998474121094,62.340000152587890,62.369998931884766,12213200,47.587074279785156
2016-06-21,62.729999542236330,63.000000000000000,62.139999389648440,62.950000762939450,11611600,48.029609680175780
2016-06-22,62.950000762939450,63.709999084472656,62.680000305175780,62.709999084472656,12643500,47.846488952636720
2016-06-23,63.700000762939450,64.150001525878900,63.529998779296875,64.050003051757810,16583600,48.868888854980470
2016-06-24,60.479999542236330,61.700000762939450,59.340000152587890,59.599998474121094,44108700,45.473625183105470
2016-06-27,58.709999084472656,58.750000000000000,57.049999237060550,57.610000610351560,37300700,43.955299377441406
2016-06-28,59.189998626708984,59.549999237060550,58.259998321533200,59.520000457763670,29088700,45.412586212158200
2016-06-29,60.360000610351560,61.209999084472656,60.000000000000000,61.200000762939450,21483000,46.694404602050780
2016-06-30,61.630001068115234,62.189998626708984,61.020000457763670,62.139999389648440,21343600,47.411598205566406
2016-07-01,61.659999847412110,62.009998321533200,61.159999847412110,61.259998321533200,14217800,47.104019165039060
2016-07-05,60.450000762939450,60.599998474121094,59.099998474121094,59.549999237060550,23357700,45.789176940917970
2016-07-06,59.009998321533200,60.290000915527344,58.759998321533200,60.189998626708984,20429800,46.281288146972656
2016-07-07,60.520000457763670,61.139999389648440,60.159999847412110,60.580001831054690,13771400,46.581153869628906
2016-07-08,61.330001831054690,62.169998168945310,61.330001831054690,61.830001831054690,16998800,47.542320251464844
2016-07-11,62.419998168945310,62.950000762939450,62.139999389648440,62.270000457763670,13151400,47.880641937255860
2016-07-12,63.029998779296875,63.560001373291016,62.889999389648440,63.200000762939450,16588100,48.595741271972656
2016-07-13,63.080001831054690,63.430000305175780,62.639999389648440,63.159999847412110,18526900,48.564975738525390
2016-07-14,64.739997863769530,64.980003356933600,64.050003051757810,64.120002746582030,28985900,49.303138732910156
2016-07-15,64.750000000000000,64.800003051757810,63.610000610351560,64.180000305175780,17607100,49.349266052246094
2016-07-18,64.129997253417970,64.400001525878900,63.900001525878906,63.959999084472656,10824400,49.180099487304690
2016-07-19,63.610000610351560,64.099998474121100,63.459999084472656,63.860000610351560,9737400,49.103221893310550
2016-07-20,64.110000610351560,64.230003356933600,63.709999084472656,63.930000305175780,10411100,49.157035827636720
2016-07-21,64.000000000000000,64.180000305175780,63.630001068115234,63.689998626708984,9808700,48.972499847412110
2016-07-22,63.900001525878906,64.089996337890620,63.599998474121094,64.040000915527340,8195700,49.241626739501950
2016-07-25,63.979999542236330,64.169998168945310,63.680000305175780,63.869998931884766,8168300,49.110904693603516
2016-07-26,63.979999542236330,64.260002136230470,63.709999084472656,64.129997253417970,8067800,49.310832977294920
2016-07-27,64.080001831054690,64.690002441406250,64.059997558593750,64.330001831054690,11806800,49.464614868164060
2016-07-28,64.000000000000000,64.190002441406250,63.720001220703125,64.099998474121100,10013400,49.287757873535156
2016-07-29,63.799999237060550,64.290000915527340,63.750000000000000,63.970001220703125,13210400,49.187805175781250
2016-08-01,64.150001525878900,64.309997558593750,63.610000610351560,63.799999237060550,11422600,49.057083129882810
2016-08-02,63.590000152587890,64.010002136230470,63.380001068115234,63.650001525878906,13550000,48.941738128662110
2016-08-03,63.689998626708984,64.669998168945310,63.650001525878906,64.660003662109380,13122300,49.718353271484375
2016-08-04,64.489997863769530,64.819999694824220,64.269996643066400,64.559997558593750,9873000,49.641468048095700
2016-08-05,65.139999389648440,66.370002746582030,65.069999694824220,66.300003051757810,20752700,50.979389190673830
2016-08-08,66.069999694824220,66.489997863769530,65.839996337890620,66.099998474121100,11359200,50.825595855712890
2016-08-09,66.180000305175780,66.279998779296880,65.690002441406250,65.870002746582030,10097000,50.648754119873050
2016-08-10,65.919998168945310,66.069999694824220,65.160003662109380,65.279998779296880,11556100,50.195064544677734
2016-08-11,65.269996643066400,65.690002441406250,65.019996643066400,65.459999084472660,9604500,50.333499908447266
2016-08-12,64.970001220703120,65.349998474121100,64.860000610351560,65.319999694824220,7685400,50.225837707519530
2016-08-15,65.559997558593750,65.830001831054690,65.459999084472660,65.720001220703120,8371600,50.533390045166016
2016-08-16,65.360000610351560,65.959999084472660,65.239997863769530,65.709999084472660,10128900,50.525730133056640
2016-08-17,65.800003051757810,65.980003356933600,65.540000915527340,65.889999389648440,11868100,50.664131164550780
2016-08-18,65.620002746582030,65.989997863769530,65.529998779296880,65.949996948242190,9313600,50.710254669189450
2016-08-19,65.720001220703120,65.910003662109380,65.220001220703120,65.860000610351560,9084900,50.641052246093750
2016-08-22,65.750000000000000,65.879997253417970,65.410003662109380,65.800003051757810,9055600,50.594921112060550
2016-08-23,66.069999694824220,66.339996337890620,65.760002136230470,65.769996643066400,8949600,50.571861267089844
2016-08-24,65.989997863769530,66.230003356933600,65.769996643066400,65.949996948242190,10167200,50.710254669189450
2016-08-25,65.910003662109380,66.139999389648440,65.790000915527340,66.069999694824220,9978700,50.802543640136720
2016-08-26,66.330001831054690,66.879997253417970,65.849998474121100,66.220001220703120,14038600,50.917865753173830
2016-08-29,66.489997863769530,67.099998474121100,66.459999084472660,66.949996948242190,14583100,51.479183197021484
2016-08-30,66.949996948242190,67.599998474121100,66.949996948242190,67.500000000000000,13791200,51.902069091796875
2016-08-31,67.459999084472660,67.769996643066400,66.860000610351560,67.500000000000000,14952300,51.902069091796875
2016-09-01,67.639999389648440,67.720001220703120,66.650001525878900,67.209999084472660,12226500,51.679100036621094
2016-09-02,67.400001525878900,67.580001831054690,66.980003356933600,67.489997863769530,13720700,51.894393920898440
2016-09-06,67.500000000000000,67.550003051757810,66.709999084472660,67.440002441406250,16649400,51.855953216552734
2016-09-07,67.160003662109380,67.589996337890620,66.959999084472660,67.160003662109380,10070400,51.640647888183594
2016-09-08,67.220001220703120,67.680000305175780,67.000000000000000,67.250000000000000,12253000,51.709850311279300
2016-09-09,67.029998779296880,67.430000305175780,66.639999389648440,66.650001525878900,19686900,51.248493194580080
2016-09-12,66.139999389648440,67.300003051757810,65.760002136230470,67.059997558593750,16453000,51.563758850097656
2016-09-13,66.110000610351560,66.860000610351560,65.819999694824220,66.529998779296880,18876100,51.156227111816406
2016-09-14,66.269996643066400,67.250000000000000,66.209999084472660,66.400001525878900,12648600,51.056270599365234
2016-09-15,66.290000915527340,66.930000305175780,66.089996337890620,66.639999389648440,12531300,51.240821838378906
2016-09-16,66.089996337890620,66.260002136230470,65.440002441406250,65.819999694824220,25161500,50.610298156738280
2016-09-19,66.150001525878900,66.639999389648440,65.849998474121100,66.190002441406250,13466900,50.894805908203125
2016-09-20,66.750000000000000,66.849998474121100,66.239997863769530,66.459999084472660,10092200,51.102409362792970
2016-09-21,66.839996337890620,67.129997253417970,66.309997558593750,66.839996337890620,14116800,51.394599914550780
2016-09-22,66.989997863769530,67.419998168945310,66.839996337890620,67.389999389648440,12781700,51.817493438720700
2016-09-23,67.389999389648440,67.900001525878900,67.180000305175780,67.250000000000000,13967400,51.709850311279300
2016-09-26,66.599998474121100,66.800003051757810,65.540000915527340,65.779998779296880,16408100,50.579547882080080
2016-09-27,65.410003662109380,66.410003662109380,65.110000610351560,66.360000610351560,13711400,51.025520324707030
2016-09-28,66.580001831054690,66.769996643066400,65.989997863769530,66.709999084472660,11278000,51.294639587402344
2016-09-29,66.699996948242190,67.209999084472660,65.349998474121100,65.650001525878900,18727200,50.479602813720700
2016-09-30,66.080001831054690,67.059997558593750,66.080001831054690,66.589996337890620,21680100,51.202373504638670
2016-10-03,66.349998474121100,66.919998168945310,66.260002136230470,66.510002136230470,14901700,51.140876770019530
2016-10-04,66.209999084472660,67.180000305175780,66.099998474121100,66.599998474121100,17226900,51.582317352294920
2016-10-05,66.889999389648440,68.069999694824220,66.800003051757810,67.690002441406250,16280000,52.426544189453125
2016-10-06,67.730003356933600,67.970001220703120,67.050003051757810,67.870002746582030,17485000,52.565967559814450
2016-10-07,67.790000915527340,68.180000305175780,67.400001525878900,68.110000610351560,18497000,52.751827239990234
2016-10-10,68.339996337890620,69.059997558593750,68.230003356933600,68.639999389648440,13027500,53.162334442138670
2016-10-11,68.500000000000000,68.819999694824220,67.930000305175780,68.309997558593750,15657100,52.906707763671875
2016-10-12,68.260002136230470,68.589996337890620,68.050003051757810,68.129997253417970,11899800,52.767318725585940
2016-10-13,67.459999084472660,67.870002746582030,66.819999694824220,67.739997863769530,17890000,52.465270996093750
2016-10-14,68.800003051757810,69.029998779296880,67.300003051757810,67.519996643066400,24163800,52.294860839843750
2016-10-17,67.419998168945310,67.790000915527340,66.739997863769530,67.169998168945310,14963400,52.023796081542970
2016-10-18,67.849998474121100,68.209999084472660,67.540000915527340,67.699996948242190,11870300,52.434280395507810
2016-10-19,67.809997558593750,68.500000000000000,67.809997558593750,68.349998474121100,12705800,52.937709808349610
2016-10-20,68.080001831054690,68.680000305175780,67.940002441406250,68.260002136230470,14122000,52.868007659912110
2016-10-21,67.809997558593750,68.529998779296880,67.699996948242190,68.489997863769530,12175700,53.046138763427734
2016-10-24,68.970001220703120,69.050003051757810,68.500000000000000,68.870002746582030,10197100,53.340461730957030
2016-10-25,68.879997253417970,68.930000305175780,68.379997253417970,68.800003051757810,9945100,53.286251068115234
2016-10-26,68.370002746582030,69.250000000000000,68.370002746582030,69.129997253417970,9801300,53.541839599609375
2016-10-27,69.489997863769530,69.769996643066400,69.099998474121100,69.230003356933600,14210700,53.619289398193360
2016-10-28,69.529998779296880,69.550003051757810,68.470001220703120,69.110000610351560,12766500,53.526348114013670
2016-10-31,69.430000305175780,69.580001831054690,69.230003356933600,69.260002136230470,14336300,53.642528533935550
2016-11-01,69.480003356933600,69.779998779296880,68.330001831054690,68.970001220703120,15564500,53.417915344238280
2016-11-02,68.650001525878900,68.849998474121100,68.010002136230470,68.680000305175780,12449800,53.193305969238280
2016-11-03,68.860000610351560,69.190002441406250,68.220001220703120,68.379997253417970,10369700,52.960945129394530
2016-11-04,68.489997863769530,68.559997558593750,67.639999389648440,67.760002136230470,13571300,52.480747222900390
2016-11-07,69.080001831054690,69.970001220703120,69.000000000000000,69.879997253417970,16515100,54.122703552246094
2016-11-08,69.699996948242190,70.550003051757810,69.239997863769530,70.029998779296880,17531700,54.238864898681640
2016-11-09,71.459999084472660,74.150001525878900,71.319999694824220,73.250000000000000,50948400,56.732830047607420
2016-11-10,74.220001220703120,77.250000000000000,74.220001220703120,76.650001525878900,56192300,59.366142272949220
2016-11-11,76.300003051757810,76.720001220703120,75.769996643066400,76.690002441406250,27574300,59.397129058837890
2016-11-14,77.250000000000000,80.440002441406250,77.250000000000000,79.510002136230470,46130700,61.581230163574220
2016-11-15,78.370002746582030,79.410003662109380,77.779998779296880,79.360000610351560,28126300,61.465061187744140
2016-11-16,78.220001220703120,78.349998474121100,76.879997253417970,77.400001525878900,26054900,59.947032928466800
2016-11-17,77.930000305175780,78.459999084472660,77.599998474121100,78.019996643066400,19306700,60.427211761474610
2016-11-18,77.959999084472660,78.419998168945310,77.550003051757810,77.709999084472660,19770000,60.187133789062500
2016-11-21,78.000000000000000,78.169998168945310,77.290000915527340,78.050003051757810,11983500,60.450447082519530
2016-11-22,78.349998474121100,78.559997558593750,77.760002136230470,78.529998779296880,14410100,60.822219848632810
2016-11-23,78.870002746582030,79.239997863769530,77.889999389648440,78.860000610351560,13373700,61.077793121337890
2016-11-25,79.099998474121100,79.449996948242190,78.470001220703120,78.830001831054690,6185700,61.054580688476560
2016-11-28,78.180000305175780,78.870002746582030,78.019996643066400,78.319999694824220,13007200,60.659587860107420
2016-11-29,78.389999389648440,79.160003662109380,78.389999389648440,78.919998168945310,14144100,61.124301910400390
2016-11-30,79.919998168945310,80.529998779296880,79.699996948242190,80.169998168945310,25351900,62.092411041259766
2016-12-01,80.650001525878900,82.279998779296880,80.650001525878900,81.790000915527340,23823600,63.347106933593750
2016-12-02,81.800003051757810,81.830001831054690,80.900001525878900,81.599998474121100,16931500,63.199985504150390
2016-12-05,82.300003051757810,83.290000915527340,82.290000915527340,83.260002136230470,18529800,64.485671997070310
2016-12-06,83.599998474121100,83.809997558593750,82.430000305175780,83.690002441406250,16130000,64.818687438964840
2016-12-07,83.550003051757810,84.089996337890620,82.849998474121100,84.069999694824220,18996900,65.112998962402340
2016-12-08,84.230003356933600,85.500000000000000,83.940002441406250,85.120002746582030,20844900,65.926246643066400
2016-12-09,85.019996643066400,85.500000000000000,84.139999389648440,85.489997863769530,14567200,66.212806701660160
2016-12-12,85.360000610351560,85.790000915527340,84.290000915527340,84.730003356933600,14511300,65.624176025390620
2016-12-13,84.980003356933600,85.669998168945310,83.819999694824220,84.760002136230470,16669000,65.647407531738280
2016-12-14,83.879997253417970,86.120002746582030,83.760002136230470,84.730003356933600,22622600,65.624176025390620
2016-12-15,85.400001525878900,86.489997863769530,84.900001525878900,86.000000000000000,19438900,66.607803344726560
2016-12-16,86.290000915527340,86.290000915527340,84.889999389648440,84.940002441406250,23008500,65.786804199218750
2016-12-19,84.800003051757810,85.440002441406250,84.190002441406250,85.430000305175780,21685100,66.166351318359380
2016-12-20,85.790000915527340,86.540000915527340,85.550003051757810,86.529998779296880,14587300,67.018302917480470
2016-12-21,86.430000305175780,86.809997558593750,86.029998779296880,86.750000000000000,11400500,67.188690185546880
2016-12-22,86.440002441406250,87.169998168945310,86.209999084472660,86.889999389648440,13924200,67.297119140625000
2016-12-23,87.000000000000000,87.150001525878900,86.400001525878900,87.050003051757810,10759400,67.421020507812500
2016-12-27,87.050003051757810,87.160003662109380,86.750000000000000,87.129997253417970,6946400,67.483009338378900
2016-12-28,87.160003662109380,87.389999389648440,86.349998474121100,86.500000000000000,9455600,66.995048522949220
2016-12-29,86.580001831054690,86.669998168945310,85.040000915527340,85.889999389648440,14689000,66.522621154785160
2016-12-30,86.099998474121100,86.419998168945310,85.660003662109380,86.290000915527340,13617800,66.832412719726560
2017-01-03,87.339996337890620,87.760002136230470,85.980003356933600,87.230003356933600,20550700,67.560470581054690
2017-01-04,86.959999084472660,87.180000305175780,86.400001525878900,86.910003662109380,15266600,67.685058593750000
2017-01-05,86.809997558593750,87.110000610351560,85.260002136230470,86.110000610351560,14300800,67.062034606933600
2017-01-06,86.389999389648440,86.620002746582030,85.940002441406250,86.120002746582030,12893300,67.069801330566400
2017-01-09,85.730003356933600,86.769996643066400,85.519996643066400,86.180000305175780,12806600,67.116539001464840
2017-01-10,86.069999694824220,86.900001525878900,85.720001220703120,86.430000305175780,13989000,67.311241149902340
2017-01-11,86.430000305175780,87.080001831054690,85.910003662109380,87.080001831054690,14713100,67.817459106445310
2017-01-12,86.760002136230470,87.269996643066400,86.019996643066400,86.239997863769530,21337400,67.163261413574220
2017-01-13,87.110000610351560,88.169998168945310,86.099998474121100,86.699996948242190,28296000,67.521537780761720
2017-01-17,84.930000305175780,85.220001220703120,83.279998779296880,83.550003051757810,30024600,65.068305969238280
2017-01-18,83.629997253417970,84.230003356933600,83.029998779296880,83.940002441406250,21270100,65.372039794921880
2017-01-19,84.059997558593750,84.669998168945310,83.120002746582030,83.300003051757810,16555600,64.873634338378900
2017-01-20,83.430000305175780,83.830001831054690,83.290000915527340,83.669998168945310,18436800,65.161758422851560
2017-01-23,83.300003051757810,84.000000000000000,83.209999084472660,83.709999084472660,12179200,65.192916870117190
2017-01-24,83.919998168945310,85.000000000000000,83.559997558593750,84.720001220703120,15175300,65.979515075683600
2017-01-25,85.839996337890620,86.169998168945310,85.169998168945310,86.029998779296880,17551000,66.999732971191400
2017-01-26,85.949996948242190,86.949996948242190,85.949996948242190,86.750000000000000,15962800,67.560447692871100
2017-01-27,86.660003662109380,86.980003356933600,86.269996643066400,86.930000305175780,12535400,67.700622558593750
2017-01-30,86.190002441406250,86.500000000000000,85.319999694824220,86.029998779296880,13661900,66.999732971191400
2017-01-31,85.599998474121100,86.150001525878900,84.089996337890620,84.629997253417970,15655100,65.909393310546880
2017-02-01,85.540000915527340,86.099998474121100,84.680000305175780,84.949996948242190,15430900,66.158615112304690
2017-02-02,84.339996337890620,84.910003662109380,84.160003662109380,84.589996337890620,11081400,65.878242492675780
2017-02-03,86.190002441406250,87.309997558593750,85.870002746582030,87.180000305175780,17885200,67.895324707031250
2017-02-06,86.790000915527340,87.449996948242190,86.610000610351560,86.769996643066400,11828400,67.576019287109380
2017-02-07,87.139999389648440,87.400001525878900,86.480003356933600,86.720001220703120,9392800,67.537086486816400
2017-02-08,86.180000305175780,86.309997558593750,85.370002746582030,85.959999084472660,13970900,66.945198059082030
2017-02-09,85.959999084472660,87.330001831054690,85.959999084472660,87.199996948242190,13749100,67.910903930664060
2017-02-10,87.480003356933600,87.480003356933600,86.889999389648440,87.000000000000000,10992500,67.755142211914060
2017-02-13,87.440002441406250,88.739997863769530,87.430000305175780,88.150001525878900,18739100,68.650764465332030
2017-02-14,88.300003051757810,89.699996948242190,88.110000610351560,89.559997558593750,17932100,69.748870849609380
2017-02-15,90.080001831054690,90.870002746582030,89.349998474121100,90.589996337890620,17381800,70.551040649414060
2017-02-16,90.400001525878900,91.040000915527340,89.769996643066400,90.529998779296880,17672700,70.504318237304690
2017-02-17,89.819999694824220,90.470001220703120,89.690002441406250,90.230003356933600,15776600,70.270668029785160
2017-02-21,90.510002136230470,91.150001525878900,90.459999084472660,91.010002136230470,14068300,70.878112792968750
2017-02-22,90.519996643066400,91.300003051757810,90.419998168945310,91.059997558593750,11839000,70.917076110839840
2017-02-23,91.180000305175780,91.339996337890620,90.519996643066400,91.129997253417970,11067000,70.971580505371100
2017-02-24,90.180000305175780,90.540000915527340,89.730003356933600,90.330001831054690,15062300,70.348526000976560
2017-02-27,90.319999694824220,90.730003356933600,90.019996643066400,90.430000305175780,12361000,70.426429748535160
2017-02-28,89.849998474121100,90.819999694824220,89.589996337890620,90.620002746582030,15183500,70.574386596679690
2017-03-01,92.790000915527340,93.980003356933600,92.610000610351560,93.599998474121100,24451400,72.895202636718750
2017-03-02,93.870002746582030,93.919998168945310,92.029998779296880,92.139999389648440,16862500,71.758186340332030
2017-03-03,92.139999389648440,93.110000610351560,92.139999389648440,92.800003051757810,12817500,72.272140502929690
2017-03-06,92.250000000000000,92.319999694824220,91.099998474121100,91.919998168945310,15059200,71.586860656738280
2017-03-07,91.639999389648440,92.089996337890620,91.209999084472660,91.410003662109380,11156800,71.189659118652340
2017-03-08,92.680000305175780,92.849998474121100,91.099998474121100,91.209999084472660,17378400,71.033874511718750
2017-03-09,91.599998474121100,92.139999389648440,91.150001525878900,91.569999694824220,13726200,71.314254760742190
2017-03-10,91.949996948242190,92.000000000000000,90.529998779296880,91.279998779296880,13729900,71.088394165039060
2017-03-13,91.309997558593750,91.779998779296880,90.930000305175780,91.360000610351560,10004300,71.150680541992190
2017-03-14,91.019996643066400,91.650001525878900,90.769996643066400,91.510002136230470,10237700,71.267509460449220
2017-03-15,91.800003051757810,92.550003051757810,91.129997253417970,91.730003356933600,16601400,71.438873291015620
2017-03-16,92.029998779296880,92.809997558593750,91.569999694824220,91.639999389648440,14492000,71.368743896484380
2017-03-17,91.830001831054690,92.040000915527340,90.650001525878900,90.680000305175780,21734700,70.621116638183600
2017-03-20,90.269996643066400,91.169998168945310,89.790000915527340,90.029998779296880,14623600,70.114883422851560
2017-03-21,90.360000610351560,90.639999389648440,87.059997558593750,87.389999389648440,33089200,68.058883666992190
2017-03-22,86.889999389648440,88.069999694824220,86.010002136230470,87.529998779296880,21741000,68.167930603027340
2017-03-23,87.209999084472660,88.500000000000000,87.089996337890620,87.389999389648440,16090100,68.058883666992190
2017-03-24,87.790000915527340,88.089996337890620,86.769996643066400,87.290000915527340,16093200,67.981002807617190
2017-03-27,85.529998779296880,87.400001525878900,85.230003356933600,87.239997863769530,16689300,67.942054748535160
2017-03-28,87.019996643066400,89.019996643066400,86.980003356933600,88.599998474121100,16264400,69.001235961914060
2017-03-29,88.599998474121100,88.819999694824220,88.080001831054690,88.269996643066400,10207600,68.744216918945310
2017-03-30,88.199996948242190,89.459999084472660,88.120002746582030,89.029998779296880,11631000,69.336097717285160
2017-03-31,88.709999084472660,88.739997863769530,87.750000000000000,87.839996337890620,16987600,68.409332275390620
2017-04-03,87.989997863769530,88.169998168945310,86.599998474121100,87.519996643066400,19831800,68.160110473632810
2017-04-04,86.889999389648440,87.669998168945310,86.720001220703120,87.309997558593750,14280800,68.387275695800780
2017-04-05,88.419998168945310,88.540000915527340,86.129997253417970,86.190002441406250,17635500,67.510017395019530
2017-04-06,85.980003356933600,86.910003662109380,85.250000000000000,86.480003356933600,14379600,67.737174987792970
2017-04-07,85.930000305175780,86.809997558593750,85.709999084472660,86.180000305175780,13097100,67.502174377441400
2017-04-10,86.080001831054690,86.690002441406250,85.400001525878900,85.879997253417970,15081600,67.267196655273440
2017-04-11,85.540000915527340,85.790000915527340,84.800003051757810,85.730003356933600,14690500,67.149726867675780
2017-04-12,85.930000305175780,85.949996948242190,85.029998779296880,85.400001525878900,14730600,66.891220092773440
2017-04-13,85.500000000000000,86.989997863769530,84.400001525878900,84.400001525878900,30529800,66.107948303222660
2017-04-17,84.440002441406250,86.080001831054690,84.370002746582030,85.860000610351560,19071700,67.251533508300780
2017-04-18,85.360000610351560,85.629997253417970,84.739997863769530,85.160003662109380,14127000,66.703254699707030
2017-04-19,85.500000000000000,85.919998168945310,84.360000610351560,84.459999084472660,17588500,66.154968261718750
2017-04-20,84.980003356933600,85.779998779296880,84.550003051757810,85.550003051757810,15635800,67.008735656738280
2017-04-21,85.500000000000000,85.680000305175780,84.510002136230470,84.519996643066400,19820600,66.201950073242190
2017-04-24,86.550003051757810,88.050003051757810,86.419998168945310,87.500000000000000,25468300,68.536087036132810
2017-04-25,88.550003051757810,89.129997253417970,88.260002136230470,88.260002136230470,18253800,69.131378173828120
2017-04-26,88.349998474121100,89.050003051757810,88.139999389648440,88.430000305175780,12832200,69.264556884765620
2017-04-27,88.370002746582030,88.370002746582030,87.010002136230470,87.610000610351560,13329000,68.622261047363280
2017-04-28,87.599998474121100,87.849998474121100,86.949996948242190,87.000000000000000,10755600,68.144470214843750
2017-05-01,87.360000610351560,87.739997863769530,86.559997558593750,87.059997558593750,15712300,68.191444396972660
2017-05-02,86.709999084472660,86.879997253417970,86.019996643066400,86.500000000000000,14414200,67.752845764160160
2017-05-03,86.059997558593750,87.099998474121100,86.019996643066400,87.000000000000000,11540500,68.144470214843750
2017-05-04,87.690002441406250,87.730003356933600,86.569999694824220,87.099998474121100,11540100,68.222801208496100
2017-05-05,87.250000000000000,87.339996337890620,86.419998168945310,87.000000000000000,9436000,68.144470214843750
2017-05-08,87.040000915527340,87.319999694824220,86.650001525878900,87.099998474121100,8162200,68.222801208496100
2017-05-09,87.260002136230470,87.839996337890620,86.500000000000000,86.750000000000000,10273900,67.948646545410160
2017-05-10,86.529998779296880,87.480003356933600,86.470001220703120,87.430000305175780,8334900,68.481239318847660
2017-05-11,87.089996337890620,87.480003356933600,86.349998474121100,87.160003662109380,10907400,68.269790649414060
2017-05-12,86.680000305175780,87.050003051757810,86.339996337890620,86.919998168945310,8738800,68.081787109375000
2017-05-15,87.099998474121100,87.489997863769530,86.860000610351560,87.339996337890620,8835600,68.410766601562500
2017-05-16,87.360000610351560,88.089996337890620,87.339996337890620,87.610000610351560,9795000,68.622261047363280
2017-05-17,87.610000610351560,87.610000610351560,83.970001220703120,84.269996643066400,24679700,66.006126403808600
2017-05-18,84.069999694824220,84.800003051757810,83.360000610351560,83.959999084472660,23350100,65.763328552246100
2017-05-19,84.209999084472660,85.339996337890620,84.150001525878900,84.779998779296880,13412900,66.405593872070310
2017-05-22,85.180000305175780,85.290000915527340,84.209999084472660,84.699996948242190,11636000,66.342948913574220
2017-05-23,84.750000000000000,86.069999694824220,84.510002136230470,85.760002136230470,11753000,67.173225402832030
2017-05-24,85.879997253417970,85.970001220703120,85.239997863769530,85.709999084472660,9833800,67.134025573730470
2017-05-25,85.989997863769530,86.080001831054690,85.080001831054690,85.349998474121100,12238500,66.852081298828120
2017-05-26,85.110000610351560,85.559997558593750,85.019996643066400,85.360000610351560,8113500,66.859893798828120
2017-05-30,85.129997253417970,85.150001525878900,83.779998779296880,83.900001525878900,12603200,65.716331481933600
2017-05-31,83.730003356933600,83.819999694824220,81.639999389648440,82.150001525878900,28327900,64.345611572265620
2017-06-01,82.459999084472660,83.080001831054690,81.650001525878900,83.059997558593750,17123500,65.058372497558600
2017-06-02,82.290000915527340,82.989997863769530,81.980003356933600,82.639999389648440,14998500,64.729423522949220
2017-06-05,82.639999389648440,83.510002136230470,82.580001831054690,82.790000915527340,9080200,64.846900939941400
2017-06-06,82.290000915527340,83.220001220703120,82.129997253417970,82.959999084472660,12196800,64.980056762695310
2017-06-07,83.309997558593750,84.110000610351560,83.099998474121100,83.910003662109380,13711100,65.724159240722660
2017-06-08,83.910003662109380,85.730003356933600,83.889999389648440,84.949996948242190,17951000,66.538749694824220
2017-06-09,85.510002136230470,87.050003051757810,85.389999389648440,86.959999084472660,19120200,68.113128662109380
2017-06-12,86.959999084472660,87.739997863769530,86.889999389648440,86.980003356933600,16053400,68.128799438476560
2017-06-13,87.550003051757810,87.849998474121100,86.980003356933600,87.269996643066400,12557200,68.355949401855470
2017-06-14,86.769996643066400,87.309997558593750,85.819999694824220,87.089996337890620,16175700,68.214950561523440
2017-06-15,86.250000000000000,87.080001831054690,86.239997863769530,86.569999694824220,12509700,67.807655334472660
2017-06-16,86.849998474121100,86.959999084472660,86.019996643066400,86.180000305175780,16936600,67.502174377441400
2017-06-19,86.970001220703120,88.230003356933600,86.849998474121100,88.069999694824220,15972300,68.982551574707030
2017-06-20,87.750000000000000,87.919998168945310,87.370002746582030,87.519996643066400,11197800,68.551742553710940
2017-06-21,87.480003356933600,87.550003051757810,86.760002136230470,87.120002746582030,10005900,68.238441467285160
2017-06-22,86.930000305175780,87.360000610351560,86.650001525878900,87.019996643066400,12180600,68.160125732421880
2017-06-23,87.660003662109380,88.000000000000000,86.610000610351560,86.860000610351560,18812000,68.034805297851560
2017-06-26,87.010002136230470,87.669998168945310,86.620002746582030,87.239997863769530,10082400,68.332450866699220
2017-06-27,87.709999084472660,88.940002441406250,87.500000000000000,88.050003051757810,15415200,68.966896057128900
2017-06-28,88.599998474121100,90.069999694824220,88.599998474121100,89.819999694824220,17466200,70.353302001953120
2017-06-29,92.339996337890620,92.650001525878900,90.309997558593750,91.150001525878900,27697800,71.395034790039060
2017-06-30,91.959999084472660,92.000000000000000,91.160003662109380,91.400001525878900,16892700,71.590843200683600
2017-07-03,91.559997558593750,93.480003356933600,91.410003662109380,92.750000000000000,13208100,73.047866821289060
2017-07-05,93.120002746582030,93.790000915527340,92.610000610351560,93.680000305175780,17535400,73.780296325683600
2017-07-06,93.540000915527340,94.510002136230470,92.879997253417970,93.379997253417970,16596100,73.544052124023440
2017-07-07,93.959999084472660,94.169998168945310,93.230003356933600,93.849998474121100,12817800,73.914207458496100
2017-07-10,93.500000000000000,93.680000305175780,93.089996337890620,93.190002441406250,13987200,73.394432067871100
2017-07-11,93.330001831054690,93.330001831054690,92.279998779296880,92.830001831054690,13262300,73.110877990722660
2017-07-12,92.610000610351560,92.830001831054690,92.069999694824220,92.510002136230470,13540100,72.858848571777340
2017-07-13,92.690002441406250,93.379997253417970,92.339996337890620,93.099998474121100,12820100,73.323524475097660
2017-07-14,90.809997558593750,92.610000610351560,90.580001831054690,92.250000000000000,22235200,72.654090881347660
2017-07-17,91.819999694824220,91.989997863769530,91.250000000000000,91.389999389648440,14374200,71.976760864257810
2017-07-18,90.449996948242190,91.580001831054690,90.319999694824220,91.069999694824220,14719400,71.724739074707030
2017-07-19,91.339996337890620,91.620002746582030,91.000000000000000,91.199996948242190,11651200,71.827133178710940
2017-07-20,91.150001525878900,91.720001220703120,90.900001525878900,91.199996948242190,11561700,71.827133178710940
2017-07-21,91.059997558593750,91.360000610351560,90.519996643066400,90.889999389648440,10971300,71.582962036132810
2017-07-24,90.959999084472660,91.540000915527340,90.910003662109380,91.279998779296880,10725100,71.890129089355470
2017-07-25,92.370002746582030,93.519996643066400,92.269996643066400,92.800003051757810,16447700,73.087219238281250
2017-07-26,93.099998474121100,93.190002441406250,91.680000305175780,91.930000305175780,11815500,72.402046203613280
2017-07-27,91.830001831054690,92.059997558593750,91.160003662109380,91.550003051757810,12332400,72.102790832519530
2017-07-28,91.449996948242190,91.750000000000000,90.910003662109380,91.279998779296880,9351900,71.890129089355470
2017-07-31,91.510002136230470,92.360000610351560,91.500000000000000,91.800003051757810,11520300,72.299674987792970
2017-08-01,92.489997863769530,93.139999389648440,92.279998779296880,93.029998779296880,12523700,73.268409729003900
2017-08-02,92.870002746582030,93.209999084472660,92.510002136230470,93.110000610351560,10165600,73.331382751464840
2017-08-03,92.699996948242190,93.129997253417970,92.239997863769530,92.500000000000000,11078800,72.850959777832030
2017-08-04,93.500000000000000,94.400001525878900,93.470001220703120,93.660003662109380,14324000,73.764587402343750
2017-08-07,93.889999389648440,94.190002441406250,93.709999084472660,94.019996643066400,7978300,74.048072814941400
2017-08-08,93.949996948242190,95.220001220703120,93.599998474121100,93.680000305175780,13745400,73.780296325683600
2017-08-09,92.980003356933600,93.680000305175780,92.830001831054690,93.529998779296880,11214400,73.662193298339840
2017-08-10,92.900001525878900,93.069999694824220,92.069999694824220,92.190002441406250,13252300,72.606811523437500
2017-08-11,92.129997253417970,92.669998168945310,91.239997863769530,91.419998168945310,10679500,72.000389099121100
2017-08-14,92.370002746582030,92.900001525878900,92.330001831054690,92.489997863769530,10994800,72.843101501464840
2017-08-15,93.309997558593750,93.559997558593750,92.650001525878900,92.730003356933600,8812700,73.032127380371100
2017-08-16,93.040000915527340,93.230003356933600,91.879997253417970,92.089996337890620,11085400,72.528045654296880
2017-08-17,91.760002136230470,91.959999084472660,90.500000000000000,90.650001525878900,13837500,71.393943786621100
2017-08-18,90.309997558593750,91.540000915527340,90.190002441406250,90.739997863769530,13040700,71.464843750000000
2017-08-21,90.849998474121100,90.940002441406250,90.160003662109380,90.629997253417970,11502100,71.378196716308600
2017-08-22,91.069999694824220,91.709999084472660,91.000000000000000,91.559997558593750,9211800,72.110633850097660
2017-08-23,90.870002746582030,92.339996337890620,90.839996337890620,91.669998168945310,8811300,72.197273254394530
2017-08-24,91.930000305175780,92.120002746582030,91.410003662109380,91.519996643066400,8623200,72.079147338867190
2017-08-25,91.879997253417970,92.480003356933600,91.800003051757810,91.889999389648440,11794600,72.370559692382810
2017-08-28,92.160003662109380,92.190002441406250,91.129997253417970,91.599998474121100,7292900,72.142158508300780
2017-08-29,90.449996948242190,91.309997558593750,90.309997558593750,91.099998474121100,10886100,71.748367309570310
2017-08-30,91.250000000000000,91.879997253417970,91.190002441406250,91.309997558593750,9165300,71.913757324218750
2017-08-31,91.809997558593750,91.849998474121100,90.800003051757810,90.889999389648440,13217400,71.582962036132810
2017-09-01,91.250000000000000,92.360000610351560,90.949996948242190,91.699996948242190,9815800,72.220893859863280
2017-09-05,91.019996643066400,91.110000610351560,89.019996643066400,89.510002136230470,16897300,70.496124267578120
2017-09-06,90.000000000000000,90.519996643066400,89.639999389648440,90.110000610351560,11845700,70.968650817871100
2017-09-07,90.110000610351560,90.129997253417970,88.080001831054690,88.529998779296880,14592300,69.724288940429690
2017-09-08,88.309997558593750,89.419998168945310,88.239997863769530,88.419998168945310,14242200,69.637641906738280
2017-09-11,89.389999389648440,90.250000000000000,88.949996948242190,89.790000915527340,13219000,70.716636657714840
2017-09-12,90.169998168945310,91.250000000000000,90.099998474121100,90.889999389648440,14003800,71.582962036132810
2017-09-13,90.610000610351560,91.500000000000000,90.319999694824220,91.150001525878900,12485400,71.787727355957030
2017-09-14,91.199996948242190,91.529998779296880,90.739997863769530,90.970001220703120,10562800,71.645980834960940
2017-09-15,91.080001831054690,91.709999084472660,90.760002136230470,91.620002746582030,18171800,72.157928466796880
2017-09-18,91.930000305175780,93.139999389648440,91.849998474121100,92.919998168945310,11318700,73.181755065917970
2017-09-19,92.709999084472660,94.360000610351560,92.519996643066400,93.940002441406250,12626100,73.985084533691400
2017-09-20,94.099998474121100,95.290000915527340,93.709999084472660,94.599998474121100,15311600,74.504913330078120
2017-09-21,94.459999084472660,95.370002746582030,94.190002441406250,95.029998779296880,10851500,74.843544006347660
2017-09-22,94.699996948242190,94.980003356933600,94.430000305175780,94.830001831054690,8358300,74.686027526855470
2017-09-25,94.510002136230470,94.879997253417970,93.449996948242190,94.120002746582030,10463400,74.126838684082030
2017-09-26,93.779998779296880,94.029998779296880,93.339996337890620,93.699996948242190,9358100,73.796066284179690
2017-09-27,94.970001220703120,95.720001220703120,94.580001831054690,95.180000305175780,15090200,74.961677551269530
2017-09-28,95.589996337890620,95.879997253417970,94.910003662109380,95.379997253417970,10270400,75.119201660156250
2017-09-29,95.300003051757810,95.519996643066400,95.019996643066400,95.510002136230470,11438400,75.221580505371100
2017-10-02,95.769996643066400,96.879997253417970,95.459999084472660,96.839996337890620,13797200,76.269073486328120
2017-10-03,96.830001831054690,97.430000305175780,96.769996643066400,97.349998474121100,9633500,76.670730590820310
2017-10-04,97.300003051757810,97.440002441406250,96.279998779296880,96.360000610351560,12166600,75.890991210937500
2017-10-05,96.000000000000000,97.400001525878900,95.550003051757810,97.089996337890620,14236200,76.912948608398440
2017-10-06,97.550003051757810,97.639999389648440,96.470001220703120,96.919998168945310,10231900,76.778251647949220
2017-10-09,96.959999084472660,97.069999694824220,96.139999389648440,96.410003662109380,7765100,76.374275207519530
2017-10-10,96.459999084472660,97.180000305175780,96.239997863769530,97.129997253417970,10631500,76.944602966308600
2017-10-11,96.830001831054690,97.010002136230470,96.139999389648440,96.839996337890620,14283600,76.714881896972660
2017-10-12,97.300003051757810,97.500000000000000,95.620002746582030,95.989997863769530,18251600,76.041526794433600
2017-10-13,95.480003356933600,96.709999084472660,94.959999084472660,95.860000610351560,13190600,75.938552856445310
2017-10-16,96.339996337890620,97.949996948242190,96.339996337890620,97.839996337890620,12434000,77.507072448730470
2017-10-17,98.069999694824220,98.180000305175780,97.319999694824220,97.620002746582030,10335700,77.332778930664060
2017-10-18,98.150001525878900,98.550003051757810,97.629997253417970,97.989997863769530,10158600,77.625877380371100
2017-10-19,97.190002441406250,98.199996948242190,97.089996337890620,98.110000610351560,9133900,77.720962524414060
2017-10-20,99.279998779296880,99.889999389648440,98.730003356933600,99.510002136230470,15326600,78.830047607421880
2017-10-23,99.510002136230470,99.989997863769530,99.239997863769530,99.339996337890620,9238600,78.695343017578120
2017-10-24,99.879997253417970,101.190002441406250,99.760002136230470,100.919998168945310,13000800,79.946998596191400
2017-10-25,101.250000000000000,101.449996948242190,100.190002441406250,101.019996643066400,14632700,80.026214599609380
2017-10-26,101.349998474121100,102.419998168945310,101.319999694824220,101.739997863769530,13054400,80.596549987792970
2017-10-27,101.430000305175780,102.230003356933600,101.050003051757810,101.769996643066400,10400400,80.620338439941400
2017-10-30,101.129997253417970,101.930000305175780,100.870002746582030,101.410003662109380,8839500,80.335151672363280
2017-10-31,101.370002746582030,101.699996948242190,100.569999694824220,100.610000610351560,8690200,79.701408386230470
2017-11-01,101.099998474121100,101.699996948242190,100.730003356933600,100.919998168945310,8418200,79.946998596191400
2017-11-02,100.870002746582030,101.769996643066400,100.160003662109380,101.589996337890620,8731800,80.477760314941400
2017-11-03,101.099998474121100,101.529998779296880,100.730003356933600,101.410003662109380,7103500,80.335151672363280
2017-11-06,101.339996337890620,101.690002441406250,100.660003662109380,100.779998779296880,8121500,79.836105346679690
2017-11-07,100.559997558593750,100.750000000000000,98.250000000000000,98.750000000000000,18822600,78.227966308593750
2017-11-08,98.269996643066400,98.370002746582030,97.150001525878900,97.639999389648440,18524700,77.348632812500000
2017-11-09,97.120002746582030,98.220001220703120,96.809997558593750,97.629997253417970,13697800,77.340728759765620
2017-11-10,97.809997558593750,98.339996337890620,97.500000000000000,97.510002136230470,9314000,77.245643615722660
2017-11-13,96.690002441406250,98.050003051757810,96.620002746582030,97.860000610351560,9303100,77.522918701171880
2017-11-14,97.339996337890620,97.779998779296880,96.849998474121100,97.269996643066400,11043800,77.055534362792970
2017-11-15,96.389999389648440,98.739997863769530,95.949996948242190,98.190002441406250,15384100,77.784347534179690
2017-11-16,98.529998779296880,99.059997558593750,98.309997558593750,98.470001220703120,9808000,78.006156921386720
2017-11-17,97.819999694824220,98.410003662109380,97.569999694824220,98.139999389648440,9017900,77.744720458984380
2017-11-20,98.449996948242190,99.150001525878900,97.760002136230470,99.010002136230470,9483200,78.433937072753900
2017-11-21,99.500000000000000,99.550003051757810,98.910003662109380,98.930000305175780,13389400,78.370544433593750
2017-11-22,99.029998779296880,99.519996643066400,98.589996337890620,98.639999389648440,7342200,78.140815734863280
2017-11-24,98.830001831054690,98.900001525878900,98.260002136230470,98.319999694824220,3680000,77.887329101562500
2017-11-27,98.309997558593750,99.129997253417970,97.930000305175780,97.930000305175780,13076200,77.578384399414060
2017-11-28,98.209999084472660,101.699996948242190,97.970001220703120,101.360000610351560,16773000,80.295570373535160
2017-11-29,102.410003662109380,104.220001220703120,101.959999084472660,103.730003356933600,21105500,82.173034667968750
2017-11-30,104.739997863769530,106.660003662109380,104.040000915527340,104.519996643066400,23945900,82.798843383789060
2017-12-01,104.900001525878900,105.319999694824220,102.199996948242190,104.790000915527340,19683500,83.012718200683600
2017-12-04,107.730003356933600,108.400001525878900,106.769996643066400,106.949996948242190,23576600,84.723846435546880
2017-12-05,105.580001831054690,107.410003662109380,104.120002746582030,105.720001220703120,17193900,83.749458312988280
2017-12-06,105.550003051757810,105.760002136230470,104.529998779296880,104.930000305175780,15476200,83.123619079589840
2017-12-07,103.949996948242190,105.190002441406250,103.730003356933600,104.620002746582030,13371800,82.878074645996100
2017-12-08,104.750000000000000,105.940002441406250,104.339996337890620,105.930000305175780,13506900,83.915824890136720
2017-12-11,105.720001220703120,106.059997558593750,105.309997558593750,105.620002746582030,10591200,83.670249938964840
2017-12-12,106.910003662109380,107.370002746582030,105.540000915527340,106.849998474121100,15508800,84.644638061523440
2017-12-13,106.699996948242190,107.110000610351560,105.480003356933600,105.510002136230470,15020300,83.583114624023440
2017-12-14,106.120002746582030,106.449996948242190,104.639999389648440,104.660003662109380,13034200,82.909759521484380
2017-12-15,105.790000915527340,106.519996643066400,105.199996948242190,106.139999389648440,29350600,84.082168579101560
2017-12-18,107.190002441406250,107.629997253417970,106.480003356933600,106.959999084472660,12713100,84.731765747070310
2017-12-19,107.349998474121100,107.489997863769530,106.440002441406250,106.510002136230470,12149900,84.375289916992190
2017-12-20,107.599998474121100,107.730003356933600,106.089996337890620,106.139999389648440,13091500,84.082168579101560
2017-12-21,106.589996337890620,108.069999694824220,106.559997558593750,107.830001831054690,12323700,85.420974731445310
2017-12-22,108.199996948242190,108.459999084472660,106.809997558593750,107.449996948242190,14573400,85.119918823242190
2017-12-26,107.199996948242190,107.989997863769530,106.400001525878900,107.019996643066400,7403700,84.779281616210940
2017-12-27,106.669998168945310,107.290000915527340,106.669998168945310,107.220001220703120,9496500,84.937736511230470
2017-12-28,107.400001525878900,107.839996337890620,107.160003662109380,107.790000915527340,7440600,85.389274597167970
2017-12-29,108.089996337890620,108.279998779296880,106.940002441406250,106.940002441406250,8925700,84.715927124023440
2018-01-02,107.629997253417970,108.019996643066400,106.809997558593750,107.949996948242190,13578800,85.516029357910160
2018-01-03,107.860000610351560,108.489997863769530,107.480003356933600,108.059997558593750,11901000,85.603157043457030
2018-01-04,108.360000610351560,110.029998779296880,108.199996948242190,109.040000915527340,12953700,86.829483032226560
2018-01-05,109.260002136230470,109.550003051757810,107.779998779296880,108.339996337890620,14155000,86.272071838378900
2018-01-08,108.150001525878900,108.680000305175780,107.699996948242190,108.500000000000000,12466500,86.399490356445310
2018-01-09,108.720001220703120,109.629997253417970,108.489997863769530,109.050003051757810,13292300,86.837463378906250
2018-01-10,109.470001220703120,110.699996948242190,109.389999389648440,110.250000000000000,15834500,87.793006896972660
2018-01-11,110.669998168945310,110.930000305175780,110.050003051757810,110.839996337890620,13676800,88.262847900390620
2018-01-12,111.650001525878900,112.849998474121100,110.839996337890620,112.669998168945310,18884200,89.720092773437500
2018-01-16,111.510002136230470,113.430000305175780,111.069999694824220,112.269996643066400,22703300,89.401580810546880
2018-01-17,111.889999389648440,113.300003051757810,111.309997558593750,112.989997863769530,14940300,89.974914550781250
2018-01-18,112.760002136230470,113.720001220703120,112.269996643066400,113.260002136230470,14572900,90.189910888671880
2018-01-19,113.940002441406250,114.339996337890620,112.800003051757810,113.010002136230470,18785500,89.990829467773440
2018-01-22,112.660003662109380,114.389999389648440,112.500000000000000,114.330001831054690,12475700,91.041961669921880
2018-01-23,113.669998168945310,114.639999389648440,113.349998474121100,114.209999084472660,12320800,90.946388244628900
2018-01-24,114.860000610351560,116.000000000000000,114.660003662109380,115.669998168945310,15904500,92.109039306640620
2018-01-25,116.040000915527340,116.169998168945310,115.080001831054690,115.699996948242190,13510000,92.132888793945310
2018-01-26,115.699996948242190,116.319999694824220,114.959999084472660,116.319999694824220,13883900,92.626602172851560
2018-01-29,116.019996643066400,117.349998474121100,116.019996643066400,116.199996948242190,11679900,92.531066894531250
2018-01-30,115.529998779296880,116.599998474121100,114.980003356933600,115.110000610351560,14279100,91.663101196289060
2018-01-31,115.650001525878900,116.660003662109380,115.160003662109380,115.669998168945310,13141400,92.109039306640620
2018-02-01,115.769996643066400,116.989997863769530,115.480003356933600,116.870002746582030,13800600,93.064575195312500
2018-02-02,116.489997863769530,116.919998168945310,114.089996337890620,114.279998779296880,16477300,91.002128601074220
2018-02-05,113.000000000000000,114.589996337890620,103.980003356933600,108.800003051757810,30097600,86.638381958007810
2018-02-06,106.849998474121100,112.480003356933600,106.610000610351560,112.110000610351560,33114800,89.274154663085940
2018-02-07,111.550003051757810,114.449996948242190,111.150001525878900,112.870002746582030,21878300,89.879364013671880
2018-02-08,113.110000610351560,113.110000610351560,107.839996337890620,107.879997253417970,27425800,85.905746459960940
2018-02-09,109.099998474121100,111.050003051757810,106.230003356933600,110.040000915527340,28188000,87.625785827636720
2018-02-12,111.169998168945310,112.730003356933600,110.069999694824220,111.739997863769530,18043300,88.979507446289060
2018-02-13,111.319999694824220,113.050003051757810,110.800003051757810,112.430000305175780,16358200,89.528968811035160
2018-02-14,112.629997253417970,115.269996643066400,112.529998779296880,115.029998779296880,15186900,91.599372863769530
2018-02-15,115.739997863769530,115.989997863769530,114.220001220703120,115.510002136230470,12130200,91.981620788574220
2018-02-16,114.550003051757810,116.069999694824220,114.500000000000000,114.680000305175780,13214300,91.320655822753900
2018-02-20,114.650001525878900,115.389999389648440,113.970001220703120,114.709999084472660,13461500,91.344558715820310
2018-02-21,115.000000000000000,117.449996948242190,114.669998168945310,115.190002441406250,14212500,91.726799011230470
2018-02-22,115.500000000000000,116.430000305175780,114.760002136230470,114.980003356933600,17070400,91.559585571289060
2018-02-23,115.309997558593750,117.389999389648440,115.309997558593750,117.309997558593750,12162500,93.414947509765620
2018-02-26,118.139999389648440,118.900001525878900,117.319999694824220,118.769996643066400,16511200,94.577560424804690
2018-02-27,118.910003662109380,119.330001831054690,117.349998474121100,117.360000610351560,17563300,93.454788208007810
2018-02-28,117.819999694824220,118.489997863769530,115.339996337890620,115.500000000000000,17735600,91.973648071289060
2018-03-01,115.480003356933600,116.639999389648440,112.650001525878900,113.430000305175780,18690000,90.325302124023440
2018-03-02,112.389999389648440,113.559997558593750,111.120002746582030,113.319999694824220,18353700,90.237693786621100
2018-03-05,112.050003051757810,115.930000305175780,111.889999389648440,115.059997558593750,13933000,91.623275756835940
2018-03-06,115.639999389648440,115.819999694824220,114.319999694824220,115.160003662109380,10674400,91.702911376953120
2018-03-07,113.750000000000000,115.099998474121100,113.110000610351560,114.730003356933600,13006500,91.360481262207030
2018-03-08,115.110000610351560,115.230003356933600,113.209999084472660,114.739997863769530,11173700,91.368438720703120
2018-03-09,116.550003051757810,118.080001831054690,115.669998168945310,118.040000915527340,15366600,93.996269226074220
2018-03-12,118.000000000000000,118.750000000000000,117.250000000000000,117.660003662109380,12339300,93.693672180175780
2018-03-13,118.199996948242190,118.470001220703120,115.830001831054690,116.250000000000000,13312300,92.570877075195310
2018-03-14,116.559997558593750,116.589996337890620,114.599998474121100,114.949996948242190,12905100,91.535667419433600
2018-03-15,115.870002746582030,116.000000000000000,114.830001831054690,115.239997863769530,8748000,91.766601562500000
2018-03-16,115.339996337890620,116.599998474121100,115.339996337890620,115.440002441406250,19888900,91.925842285156250
2018-03-19,115.099998474121100,115.449996948242190,113.300003051757810,114.529998779296880,13214900,91.201225280761720
2018-03-20,114.870002746582030,115.449996948242190,114.449996948242190,114.639999389648440,9921200,91.288833618164060
2018-03-21,114.809997558593750,116.629997253417970,114.209999084472660,114.739997863769530,13633000,91.368438720703120
2018-03-22,113.199996948242190,113.599998474121100,109.540000915527340,109.949996948242190,22550400,87.554122924804690
2018-03-23,110.269996643066400,110.919998168945310,106.760002136230470,107.010002136230470,23081500,85.212989807128900
2018-03-26,109.190002441406250,111.160003662109380,108.650001525878900,110.309997558593750,20217500,87.840789794921880
2018-03-27,111.069999694824220,111.690002441406250,107.300003051757810,108.169998168945310,18039900,86.136688232421880
2018-03-28,108.279998779296880,109.169998168945310,106.650001525878900,108.000000000000000,19189300,86.001327514648440
2018-03-29,108.500000000000000,110.779998779296880,107.779998779296880,109.970001220703120,13274600,87.570045471191400
2018-04-02,109.959999084472660,110.730003356933600,106.080001831054690,107.849998474121100,18822500,85.881896972656250
2018-04-03,108.360000610351560,109.500000000000000,107.260002136230470,109.330001831054690,14050700,87.060401916503900
2018-04-04,107.099998474121100,111.209999084472660,107.019996643066400,110.989997863769530,15302600,88.382278442382810
2018-04-05,111.629997253417970,112.830001831054690,111.389999389648440,111.879997253417970,16627000,89.542816162109380
2018-04-06,110.550003051757810,111.550003051757810,107.819999694824220,109.089996337890620,18906000,87.309829711914060
2018-04-09,110.010002136230470,112.980003356933600,109.889999389648440,110.400001525878900,15974300,88.358283996582030
2018-04-10,112.129997253417970,112.870002746582030,111.419998168945310,112.510002136230470,13951400,90.047004699707030
2018-04-11,111.660003662109380,111.809997558593750,110.519996643066400,110.620002746582030,14503300,88.534347534179690
2018-04-12,111.559997558593750,114.389999389648440,111.500000000000000,113.370002746582030,16435500,90.735305786132810
2018-04-13,115.019996643066400,115.150001525878900,109.050003051757810,110.300003051757810,39152800,88.278236389160160
2018-04-16,110.940002441406250,111.470001220703120,109.790000915527340,110.209999084472660,16580500,88.206214904785160
2018-04-17,111.370002746582030,111.919998168945310,109.989997863769530,110.209999084472660,15501400,88.206214904785160
2018-04-18,110.529998779296880,111.069999694824220,108.889999389648440,109.319999694824220,16081400,87.493888854980470
2018-04-19,109.529998779296880,111.870002746582030,109.500000000000000,111.720001220703120,17911000,89.414733886718750
2018-04-20,112.300003051757810,112.739997863769530,110.879997253417970,111.470001220703120,15584400,89.214645385742190
2018-04-23,111.569999694824220,111.949996948242190,110.629997253417970,110.930000305175780,11285800,88.782470703125000
2018-04-24,111.750000000000000,112.900001525878900,109.589996337890620,110.410003662109380,16453100,88.366279602050780
2018-04-25,110.269996643066400,110.529998779296880,108.599998474121100,109.989997863769530,13548200,88.030128479003900
2018-04-26,109.970001220703120,110.819999694824220,109.339996337890620,110.099998474121100,10299500,88.118171691894530
2018-04-27,109.550003051757810,110.160003662109380,109.129997253417970,109.400001525878900,9384000,87.557922363281250
2018-04-30,109.750000000000000,110.300003051757810,108.750000000000000,108.779998779296880,13744900,87.061698913574220
2018-05-01,108.449996948242190,108.970001220703120,107.540000915527340,108.779998779296880,10503400,87.061698913574220
2018-05-02,108.110000610351560,109.489997863769530,107.730003356933600,107.919998168945310,12162100,86.373390197753900
2018-05-03,107.589996337890620,107.769996643066400,105.180000305175780,107.239997863769530,15379100,85.829185485839840
2018-05-04,106.430000305175780,108.739997863769530,105.980003356933600,108.430000305175780,11967900,86.781578063964840
2018-05-07,108.760002136230470,109.680000305175780,108.360000610351560,109.370002746582030,9356700,87.533920288085940
2018-05-08,109.529998779296880,111.339996337890620,109.279998779296880,110.989997863769530,12543200,88.830490112304690
2018-05-09,111.440002441406250,113.639999389648440,111.029998779296880,113.410003662109380,11368100,90.767333984375000
2018-05-10,113.190002441406250,114.440002441406250,112.750000000000000,114.290000915527340,9159700,91.471633911132810
2018-05-11,114.489997863769530,114.730003356933600,113.669998168945310,113.860000610351560,10253000,91.127487182617190
2018-05-14,114.110000610351560,114.699996948242190,113.739997863769530,113.900001525878900,8710700,91.159492492675780
2018-05-15,113.910003662109380,113.910003662109380,112.569999694824220,113.029998779296880,11536200,90.463195800781250
2018-05-16,112.889999389648440,113.690002441406250,112.629997253417970,113.339996337890620,7571100,90.711288452148440
2018-05-17,113.199996948242190,113.410003662109380,112.199996948242190,112.959999084472660,8617200,90.407173156738280
2018-05-18,112.750000000000000,112.800003051757810,110.839996337890620,111.129997253417970,11806300,88.942527770996100
2018-05-21,112.050003051757810,112.540000915527340,111.919998168945310,112.150001525878900,9441900,89.758888244628900
2018-05-22,112.349998474121100,114.290000915527340,112.290000915527340,113.010002136230470,11507600,90.447189331054690
2018-05-23,112.510002136230470,112.769996643066400,111.120002746582030,112.489997863769530,11453900,90.030990600585940
2018-05-24,112.139999389648440,112.150001525878900,110.120002746582030,111.230003356933600,14084800,89.022575378417970
2018-05-25,110.459999084472660,111.080001831054690,110.199996948242190,110.660003662109380,8283500,88.566368103027340
2018-05-29,109.180000305175780,109.199996948242190,104.959999084472660,105.930000305175780,30643800,84.780731201171880
2018-05-30,107.639999389648440,108.599998474121100,106.650001525878900,108.349998474121100,17490800,86.717575073242190
2018-05-31,107.949996948242190,108.190002441406250,106.419998168945310,107.010002136230470,19808200,85.645111083984380
2018-06-01,108.339996337890620,108.940002441406250,107.800003051757810,108.400001525878900,13594200,86.757568359375000
2018-06-04,108.989997863769530,109.260002136230470,108.269996643066400,108.449996948242190,9415400,86.797576904296880
2018-06-05,108.239997863769530,108.309997558593750,107.069999694824220,107.839996337890620,10415200,86.309394836425780
2018-06-06,108.660003662109380,110.739997863769530,108.480003356933600,110.360000610351560,15453600,88.326278686523440
2018-06-07,111.180000305175780,111.500000000000000,110.029998779296880,110.800003051757810,13444400,88.678405761718750
2018-06-08,110.620002746582030,111.139999389648440,110.059997558593750,111.110000610351560,10383200,88.926544189453120
2018-06-11,111.120002746582030,111.910003662109380,110.769996643066400,110.830001831054690,12642900,88.702430725097660
2018-06-12,111.139999389648440,111.529998779296880,109.519996643066400,110.190002441406250,15294100,88.190216064453120
2018-06-13,110.459999084472660,111.449996948242190,109.580001831054690,109.970001220703120,14979700,88.014137268066400
2018-06-14,110.279998779296880,110.360000610351560,107.779998779296880,108.029998779296880,20487300,86.461448669433600
2018-06-15,107.800003051757810,108.379997253417970,106.269996643066400,107.900001525878900,26028600,86.357406616210940
2018-06-18,107.260002136230470,108.400001525878900,106.690002441406250,108.180000305175780,9786800,86.581504821777340
2018-06-19,106.900001525878900,107.879997253417970,106.599998474121100,107.550003051757810,12707200,86.077285766601560
2018-06-20,108.180000305175780,108.639999389648440,107.440002441406250,107.540000915527340,8876900,86.069282531738280
2018-06-21,107.099998474121100,108.209999084472660,106.529998779296880,107.510002136230470,11048700,86.045265197753900
2018-06-22,108.160003662109380,108.370002746582030,105.510002136230470,105.750000000000000,19478900,84.636642456054690
2018-06-25,105.660003662109380,105.699996948242190,103.959999084472660,104.790000915527340,16907600,83.868316650390620
2018-06-26,104.709999084472660,105.209999084472660,103.110000610351560,104.860000610351560,17086800,83.924362182617190
2018-06-27,104.680000305175780,105.919998168945310,103.230003356933600,103.239997863769530,16276800,82.627784729003900
2018-06-28,103.680000305175780,105.459999084472660,103.510002136230470,104.930000305175780,14491300,83.980392456054690
2018-06-29,106.680000305175780,106.900001525878900,104.150001525878900,104.199996948242190,18972400,83.396133422851560
2018-07-02,103.720001220703120,105.089996337890620,103.379997253417970,105.080001831054690,11130000,84.100433349609380
2018-07-03,105.410003662109380,105.779998779296880,103.519996643066400,103.610000610351560,8311700,82.923942565917970
2018-07-05,104.129997253417970,104.379997253417970,103.529998779296880,103.720001220703120,10723400,83.463058471679690
2018-07-06,103.120002746582030,104.500000000000000,102.199996948242190,104.059997558593750,12173700,83.736679077148440
2018-07-09,104.709999084472660,107.459999084472660,104.709999084472660,107.279998779296880,13900800,86.327789306640620
2018-07-10,108.019996643066400,108.400001525878900,106.529998779296880,106.620002746582030,14575900,85.796714782714840
2018-07-11,106.309997558593750,107.059997558593750,106.209999084472660,106.389999389648440,10186500,85.611587524414060
2018-07-12,107.419998168945310,107.559997558593750,105.970001220703120,106.849998474121100,12456800,85.981773376464840
2018-07-13,107.300003051757810,107.800003051757810,105.139999389648440,106.360000610351560,21289100,85.587471008300780
2018-07-16,107.050003051757810,110.769996643066400,106.980003356933600,110.580001831054690,24662600,88.983283996582030
2018-07-17,110.690002441406250,110.930000305175780,109.750000000000000,110.500000000000000,14821900,88.918922424316400
2018-07-18,110.419998168945310,112.120002746582030,110.199996948242190,111.529998779296880,14244900,89.747741699218750
2018-07-19,111.059997558593750,111.089996337890620,109.730003356933600,109.889999389648440,16775300,88.428039550781250
2018-07-20,110.000000000000000,111.739997863769530,109.779998779296880,111.279998779296880,13578100,89.546562194824220
2018-07-23,111.059997558593750,114.239997863769530,110.930000305175780,113.349998474121100,18140000,91.212295532226560
2018-07-24,113.550003051757810,114.779998779296880,113.419998168945310,114.150001525878900,14000400,91.856033325195310
2018-07-25,113.879997253417970,115.519996643066400,113.379997253417970,115.180000305175780,13329100,92.684875488281250
2018-07-26,115.419998168945310,115.589996337890620,114.580001831054690,114.849998474121100,11897800,92.419342041015620
2018-07-27,115.180000305175780,116.300003051757810,114.809997558593750,116.029998779296880,12802700,93.368881225585940
2018-07-30,116.279998779296880,117.610000610351560,116.059997558593750,116.730003356933600,13411600,93.932159423828120
2018-07-31,117.080001831054690,117.080001831054690,114.819999694824220,114.949996948242190,15843800,92.499794006347660
2018-08-01,115.750000000000000,116.690002441406250,115.279998779296880,115.660003662109380,13531600,93.071159362792970
2018-08-02,114.569999694824220,116.250000000000000,114.330001831054690,116.150001525878900,11058100,93.465454101562500
2018-08-03,116.000000000000000,117.129997253417970,115.940002441406250,117.089996337890620,11016100,94.221870422363280
2018-08-06,116.790000915527340,117.529998779296880,116.180000305175780,117.120002746582030,9857400,94.245994567871100
2018-08-07,117.739997863769530,118.290000915527340,117.330001831054690,117.550003051757810,10562100,94.592010498046880
2018-08-08,117.330001831054690,118.269996643066400,117.279998779296880,117.790000915527340,8997100,94.785156250000000
2018-08-09,117.510002136230470,117.720001220703120,116.699996948242190,116.879997253417970,9694200,94.052864074707030
2018-08-10,115.500000000000000,115.949996948242190,114.680000305175780,115.730003356933600,12630600,93.127456665039060
2018-08-13,115.559997558593750,115.879997253417970,113.819999694824220,113.889999389648440,10336300,91.646842956542970
2018-08-14,114.269996643066400,115.040000915527340,113.650001525878900,114.650001525878900,10597600,92.258407592773440
2018-08-15,113.819999694824220,114.330001831054690,112.970001220703120,113.699996948242190,10152100,91.493927001953120
2018-08-16,114.349998474121100,115.309997558593750,114.300003051757810,114.769996643066400,10118600,92.354980468750000
2018-08-17,114.639999389648440,115.069999694824220,114.300003051757810,114.769996643066400,8505100,92.354980468750000
2018-08-20,114.589996337890620,115.050003051757810,114.110000610351560,114.620002746582030,8618700,92.234275817871100
2018-08-21,115.370002746582030,116.389999389648440,114.879997253417970,115.319999694824220,10976700,92.797531127929690
2018-08-22,115.309997558593750,115.410003662109380,114.779998779296880,114.970001220703120,8314700,92.515922546386720
2018-08-23,114.959999084472660,115.150001525878900,114.430000305175780,114.730003356933600,9265400,92.322776794433600
2018-08-24,114.980003356933600,115.220001220703120,114.449996948242190,114.680000305175780,8845700,92.282531738281250
2018-08-27,115.220001220703120,117.279998779296880,115.169998168945310,116.709999084472660,13768000,93.916084289550780
2018-08-28,117.000000000000000,117.029998779296880,115.970001220703120,116.139999389648440,8302600,93.457389831542970
2018-08-29,116.349998474121100,116.370002746582030,115.360000610351560,115.760002136230470,7221700,93.151626586914060
2018-08-30,115.589996337890620,116.040000915527340,114.980003356933600,115.190002441406250,8991800,92.692939758300780
2018-08-31,114.830001831054690,114.839996337890620,113.819999694824220,114.580001831054690,13065700,92.202072143554690
2018-09-04,114.339996337890620,115.239997863769530,113.629997253417970,115.150001525878900,10174200,92.660751342773440
2018-09-05,115.000000000000000,115.699996948242190,114.250000000000000,114.589996337890620,11462400,92.210113525390620
2018-09-06,114.500000000000000,114.699996948242190,113.500000000000000,114.099998474121100,9877600,91.815811157226560
2018-09-07,114.500000000000000,114.769996643066400,113.629997253417970,114.319999694824220,10955600,91.992843627929690
2018-09-10,114.849998474121100,114.970001220703120,113.660003662109380,113.709999084472660,8276900,91.501976013183600
2018-09-11,113.540000915527340,114.580001831054690,113.180000305175780,114.430000305175780,9333800,92.081359863281250
2018-09-12,114.250000000000000,114.879997253417970,112.849998474121100,113.080001831054690,10800800,90.995040893554690
2018-09-13,113.370002746582030,114.129997253417970,112.669998168945310,113.519996643066400,12470800,91.349090576171880
2018-09-14,113.809997558593750,114.489997863769530,113.230003356933600,113.500000000000000,10337900,91.332992553710940
2018-09-17,113.790000915527340,114.430000305175780,113.300003051757810,113.839996337890620,9561300,91.606590270996100
2018-09-18,114.330001831054690,114.660003662109380,113.559997558593750,114.300003051757810,7944200,91.976745605468750
2018-09-19,114.440002441406250,118.059997558593750,114.440002441406250,117.620002746582030,16052800,94.648330688476560
2018-09-20,118.500000000000000,119.239997863769530,118.080001831054690,118.629997253417970,15590000,95.461067199707030
2018-09-21,119.129997253417970,119.230003356933600,117.739997863769530,117.849998474121100,24788200,94.833427429199220
2018-09-24,117.760002136230470,118.459999084472660,116.430000305175780,116.720001220703120,12492500,93.924110412597660
2018-09-25,117.040000915527340,117.970001220703120,116.319999694824220,116.389999389648440,9308300,93.658561706542970
2018-09-26,116.750000000000000,116.870002746582030,114.660003662109380,115.019996643066400,14023600,92.556144714355470
2018-09-27,115.419998168945310,115.760002136230470,114.160003662109380,114.519996643066400,13283000,92.153770446777340
2018-09-28,113.650001525878900,114.239997863769530,112.519996643066400,112.839996337890620,15815100,90.801895141601560
2018-10-01,113.370002746582030,114.610000610351560,113.040000915527340,113.500000000000000,10146300,91.332992553710940
2018-10-02,113.360000610351560,114.120002746582030,112.809997558593750,113.970001220703120,13753100,91.711189270019530
2018-10-03,114.940002441406250,115.660003662109380,114.480003356933600,115.040000915527340,17142000,92.572235107421880
2018-10-04,114.550003051757810,116.809997558593750,114.209999084472660,115.269996643066400,16357400,93.406860351562500
2018-10-05,115.830001831054690,116.099998474121100,114.019996643066400,114.620002746582030,13777600,92.880157470703120
2018-10-08,114.250000000000000,115.779998779296880,113.349998474121100,115.319999694824220,14370900,93.447372436523440
2018-10-09,114.669998168945310,115.029998779296880,113.669998168945310,114.519996643066400,14069500,92.799110412597660
2018-10-10,114.699996948242190,114.949996948242190,111.470001220703120,111.470001220703120,23086400,90.327613830566400
2018-10-11,110.970001220703120,111.470001220703120,107.379997253417970,108.129997253417970,33705600,87.621101379394530
2018-10-12,110.370002746582030,110.830001831054690,105.599998474121100,106.949996948242190,32075700,86.664909362792970
2018-10-15,107.199996948242190,108.849998474121100,106.319999694824220,106.339996337890620,18903200,86.170608520507810
2018-10-16,107.160003662109380,108.779998779296880,106.730003356933600,108.620002746582030,19302800,88.018165588378900
2018-10-17,108.379997253417970,110.800003051757810,108.230003356933600,109.830001831054690,18794500,88.998649597167970
2018-10-18,109.019996643066400,109.839996337890620,107.809997558593750,108.089996337890620,17582500,87.588676452636720
2018-10-19,107.650001525878900,109.220001220703120,107.269996643066400,107.910003662109380,15234500,87.442817687988280
2018-10-22,108.150001525878900,108.339996337890620,106.110000610351560,106.360000610351560,16199100,86.186813354492190
2018-10-23,104.199996948242190,106.160003662109380,103.699996948242190,105.250000000000000,21407500,85.287376403808600
2018-10-24,104.760002136230470,105.029998779296880,102.910003662109380,103.290000915527340,23168900,83.699104309082030
2018-10-25,104.180000305175780,105.900001525878900,103.720001220703120,104.860000610351560,17464700,84.971328735351560
2018-10-26,104.000000000000000,104.559997558593750,102.730003356933600,103.419998168945310,19174900,83.804412841796880
2018-10-29,104.459999084472660,106.629997253417970,103.699996948242190,104.849998474121100,18445200,84.963226318359380
2018-10-30,105.709999084472660,106.980003356933600,104.860000610351560,106.699996948242190,18019700,86.462303161621100
2018-10-31,108.080001831054690,110.480003356933600,107.790000915527340,109.019996643066400,20860000,88.342292785644530
2018-11-01,109.620002746582030,110.220001220703120,108.319999694824220,108.980003356933600,13065000,88.309875488281250
2018-11-02,109.900001525878900,110.809997558593750,107.489997863769530,108.379997253417970,19009200,87.823699951171880
2018-11-05,108.610000610351560,109.290000915527340,108.419998168945310,109.089996337890620,10276400,88.399024963378900
2018-11-06,108.669998168945310,109.669998168945310,107.760002136230470,109.599998474121100,10825000,88.812286376953120
2018-11-07,110.370002746582030,111.730003356933600,109.349998474121100,111.480003356933600,12679600,90.335700988769530
2018-11-08,111.010002136230470,112.930000305175780,111.000000000000000,112.379997253417970,11662500,91.064994812011720
2018-11-09,112.230003356933600,112.360000610351560,110.830001831054690,111.290000915527340,10432200,90.181770324707030
2018-11-12,111.419998168945310,111.940002441406250,108.599998474121100,108.949996948242190,13279700,88.285575866699220
2018-11-13,109.099998474121100,111.120002746582030,109.099998474121100,109.589996337890620,13746100,88.804153442382810
2018-11-14,110.230003356933600,110.709999084472660,105.980003356933600,107.330001831054690,18361400,86.972831726074220
2018-11-15,108.239997863769530,110.080001831054690,106.809997558593750,110.069999694824220,19100000,89.193138122558600
2018-11-16,109.449996948242190,110.760002136230470,108.550003051757810,109.989997863769530,13798600,89.128318786621100
2018-11-19,109.959999084472660,111.199996948242190,109.529998779296880,110.830001831054690,13987000,89.808990478515620
2018-11-20,109.779998779296880,110.489997863769530,107.980003356933600,108.449996948242190,18936200,87.880393981933600
2018-11-21,109.029998779296880,109.610000610351560,107.639999389648440,107.639999389648440,10619600,87.224037170410160
2018-11-23,106.739997863769530,107.389999389648440,106.059997558593750,106.650001525878900,6488400,86.421829223632810
2018-11-26,107.720001220703120,109.980003356933600,107.449996948242190,109.260002136230470,13948300,88.536773681640620
2018-11-27,108.760002136230470,110.029998779296880,108.629997253417970,109.720001220703120,9238200,88.909523010253900
2018-11-28,109.800003051757810,111.400001525878900,108.870002746582030,110.940002441406250,13977300,89.898132324218750
2018-11-29,110.269996643066400,110.800003051757810,109.639999389648440,110.059997558593750,11144300,89.185035705566400
2018-11-30,109.849998474121100,111.319999694824220,109.580001831054690,111.190002441406250,18652700,90.100746154785160
2018-12-03,112.379997253417970,112.889999389648440,111.739997863769530,112.239997863769530,16034500,90.951576232910160
2018-12-04,111.599998474121100,111.599998474121100,106.730003356933600,107.230003356933600,23555900,86.891799926757810
2018-12-06,105.010002136230470,105.360000610351560,102.879997253417970,105.190002441406250,27213900,85.238731384277340
2018-12-07,105.160003662109380,106.980003356933600,102.910003662109380,103.290000915527340,19248600,83.699104309082030
2018-12-10,102.870002746582030,103.489997863769530,99.279998779296880,101.360000610351560,23636400,82.135147094726560
2018-12-11,103.129997253417970,103.660003662109380,100.209999084472660,100.370002746582030,16860700,81.332939147949220
2018-12-12,101.660003662109380,102.900001525878900,100.059997558593750,101.019996643066400,22621500,81.859649658203120
2018-12-13,101.550003051757810,101.970001220703120,100.669998168945310,101.120002746582030,17250900,81.940689086914060
2018-12-14,99.989997863769530,101.940002441406250,99.860000610351560,100.290000915527340,19879500,81.268112182617190
2018-12-17,99.769996643066400,100.559997558593750,98.440002441406250,99.010002136230470,25113500,80.230895996093750
2018-12-18,99.419998168945310,100.889999389648440,98.120002746582030,98.540000915527340,20837200,79.850006103515620
2018-12-19,98.410003662109380,100.580001831054690,96.599998474121100,97.290000915527340,28767900,78.837127685546880
2018-12-20,96.610000610351560,98.279998779296880,95.690002441406250,96.449996948242190,31825200,78.156455993652340
2018-12-21,96.680000305175780,98.430000305175780,93.690002441406250,94.169998168945310,41313900,76.308883666992190
2018-12-24,92.889999389648440,94.220001220703120,92.139999389648440,92.139999389648440,17009300,74.663917541503900
2018-12-26,92.690002441406250,95.959999084472660,91.110000610351560,95.959999084472660,22542900,77.759391784667970
2018-12-27,94.819999694824220,97.150001525878900,93.550003051757810,97.040000915527340,20304700,78.634544372558600
2018-12-28,97.949996948242190,98.319999694824220,96.440002441406250,96.830001831054690,17963300,78.464378356933600
2018-12-31,97.589996337890620,98.809997558593750,96.769996643066400,97.620002746582030,13237200,79.104537963867190
2019-01-02,95.949996948242190,99.779998779296880,95.940002441406250,99.309997558593750,15670900,80.473968505859380
2019-01-03,98.639999389648440,98.889999389648440,96.690002441406250,97.110000610351560,16286400,79.330314636230470
2019-01-04,99.110000610351560,100.930000305175780,98.279998779296880,100.690002441406250,16935200,82.254844665527340
2019-01-07,100.430000305175780,101.470001220703120,99.709999084472660,100.760002136230470,15430700,82.312026977539060
2019-01-08,101.629997253417970,101.819999694824220,99.550003051757810,100.569999694824220,13578800,82.156837463378900
2019-01-09,100.809997558593750,101.489997863769530,99.930000305175780,100.400001525878900,14230300,82.017944335937500
2019-01-10,100.019996643066400,100.730003356933600,99.269996643066400,100.389999389648440,14376100,82.009780883789060
2019-01-11,99.889999389648440,100.169998168945310,98.949996948242190,99.910003662109380,15439900,81.617660522460940
2019-01-14,98.870002746582030,101.360000610351560,98.660003662109380,100.940002441406250,21258500,82.459060668945310
2019-01-15,98.889999389648440,102.470001220703120,98.599998474121100,101.680000305175780,26504900,83.063598632812500
2019-01-16,102.250000000000000,103.449996948242190,101.800003051757810,102.500000000000000,18533000,83.733451843261720
2019-01-17,102.110000610351560,103.500000000000000,101.919998168945310,102.919998168945310,14247600,84.076568603515620
2019-01-18,103.769996643066400,104.900001525878900,102.830001831054690,104.589996337890620,16428700,85.440811157226560
2019-01-22,103.080001831054690,103.589996337890620,102.129997253417970,102.940002441406250,17083700,84.092918395996100
2019-01-23,103.440002441406250,103.699996948242190,101.970001220703120,102.680000305175780,12146700,83.880508422851560
2019-01-24,102.129997253417970,103.089996337890620,101.940002441406250,102.739997863769530,11296800,83.929527282714840
2019-01-25,103.510002136230470,104.309997558593750,102.739997863769530,103.389999389648440,14369400,84.460510253906250
2019-01-28,102.889999389648440,104.239997863769530,102.589996337890620,103.879997253417970,12283100,84.860786437988280
2019-01-29,103.879997253417970,105.110000610351560,103.730003356933600,104.169998168945310,9743300,85.097686767578120
2019-01-30,104.139999389648440,105.239997863769530,103.779998779296880,104.410003662109380,12526300,85.293769836425780
2019-01-31,103.410003662109380,103.800003051757810,102.730003356933600,103.500000000000000,17520600,84.550361633300780
2019-02-01,104.000000000000000,104.849998474121100,103.519996643066400,103.879997253417970,13000800,84.860786437988280
2019-02-04,103.790000915527340,104.250000000000000,103.010002136230470,104.250000000000000,9871500,85.163047790527340
2019-02-05,104.519996643066400,104.550003051757810,103.290000915527340,103.790000915527340,12763000,84.787284851074220
2019-02-06,103.709999084472660,104.620002746582030,103.470001220703120,103.739997863769530,8745000,84.746421813964840
2019-02-07,103.250000000000000,103.500000000000000,101.440002441406250,102.379997253417970,13177500,83.635444641113280
2019-02-08,102.080001831054690,102.339996337890620,100.059997558593750,101.360000610351560,12892600,82.802154541015620
2019-02-11,101.760002136230470,102.010002136230470,100.769996643066400,100.879997253417970,10978500,82.410049438476560
2019-02-12,101.949996948242190,102.919998168945310,101.889999389648440,102.599998474121100,12852300,83.815155029296880
2019-02-13,102.900001525878900,103.849998474121100,102.900001525878900,103.089996337890620,10754100,84.215438842773440
2019-02-14,102.470001220703120,103.099998474121100,101.349998474121100,102.419998168945310,11518500,83.668098449707030
2019-02-15,103.900001525878900,105.699996948242190,103.660003662109380,105.550003051757810,14716900,86.225036621093750
2019-02-19,104.910003662109380,105.370002746582030,103.809997558593750,105.180000305175780,12764900,85.922790527343750
2019-02-20,105.209999084472660,105.800003051757810,104.879997253417970,105.690002441406250,10030300,86.339408874511720
2019-02-21,105.449996948242190,105.989997863769530,104.959999084472660,105.470001220703120,8400100,86.159683227539060
2019-02-22,105.699996948242190,106.089996337890620,104.779998779296880,105.000000000000000,10647300,85.775749206542970
2019-02-25,105.750000000000000,107.269996643066400,105.690002441406250,106.099998474121100,11230700,86.674308776855470
2019-02-26,104.500000000000000,105.470001220703120,103.940002441406250,105.290000915527340,15465400,86.012649536132810
2019-02-27,105.180000305175780,105.379997253417970,104.510002136230470,105.160003662109380,9968800,85.906455993652340
2019-02-28,105.010002136230470,105.209999084472660,104.180000305175780,104.360000610351560,15156900,85.252944946289060
2019-03-01,105.099998474121100,105.910003662109380,104.199996948242190,104.430000305175780,13813300,85.310127258300780
2019-03-04,104.919998168945310,105.919998168945310,103.269996643066400,104.190002441406250,12466300,85.114044189453120
2019-03-05,104.129997253417970,104.550003051757810,103.260002136230470,104.110000610351560,10856600,85.048675537109380
2019-03-06,103.860000610351560,104.569999694824220,103.550003051757810,103.720001220703120,9070800,84.730079650878900
2019-03-07,103.250000000000000,103.470001220703120,102.160003662109380,102.970001220703120,12705700,84.117424011230470
2019-03-08,101.989997863769530,103.230003356933600,101.989997863769530,103.010002136230470,10582400,84.150085449218750
2019-03-11,103.980003356933600,104.550003051757810,103.660003662109380,104.349998474121100,9763200,85.244735717773440
2019-03-12,104.589996337890620,104.790000915527340,103.750000000000000,104.040000915527340,10219100,84.991516113281250
2019-03-13,104.190002441406250,104.980003356933600,103.949996948242190,104.389999389648440,13022200,85.277412414550780
2019-03-14,104.500000000000000,105.870002746582030,104.459999084472660,105.339996337890620,10926500,86.053466796875000
2019-03-15,105.410003662109380,106.800003051757810,105.230003356933600,106.550003051757810,24811700,87.041946411132810
2019-03-18,106.550003051757810,107.790000915527340,106.500000000000000,107.190002441406250,12935500,87.564773559570310
2019-03-19,108.199996948242190,108.400001525878900,106.550003051757810,106.800003051757810,12889300,87.246170043945310
2019-03-20,106.430000305175780,106.650001525878900,104.410003662109380,104.519996643066400,14920700,85.383613586425780
2019-03-21,103.489997863769530,103.489997863769530,102.279998779296880,102.870002746582030,19751000,84.035720825195310
2019-03-22,101.819999694824220,102.319999694824220,99.519996643066400,99.760002136230470,31115200,81.495124816894530
2019-03-25,99.589996337890620,100.569999694824220,98.089996337890620,98.930000305175780,21032300,80.817085266113280
2019-03-26,99.819999694824220,100.400001525878900,98.819999694824220,99.919998168945310,15987100,81.625816345214840
2019-03-27,99.879997253417970,100.449996948242190,99.080001831054690,99.580001831054690,12753200,81.348075866699220
2019-03-28,100.000000000000000,100.800003051757810,99.739997863769530,100.709999084472660,12454100,82.271209716796880
2019-03-29,101.540000915527340,101.989997863769530,100.589996337890620,101.230003356933600,14523400,82.695991516113280
2019-04-01,102.150001525878900,104.680000305175780,102.120002746582030,104.639999389648440,17499300,85.481651306152340
2019-04-02,104.599998474121100,105.440002441406250,104.330001831054690,105.139999389648440,10295400,85.890098571777340
2019-04-03,105.809997558593750,106.360000610351560,104.790000915527340,105.349998474121100,11499200,86.061668395996100
2019-04-04,104.550003051757810,105.730003356933600,104.449996948242190,105.559997558593750,11952100,86.893058776855470
2019-04-05,105.800003051757810,106.110000610351560,104.989997863769530,105.309997558593750,9933700,86.687255859375000
2019-04-08,105.110000610351560,105.650001525878900,104.910003662109380,105.650001525878900,8056300,86.967132568359380
2019-04-09,105.080001831054690,105.199996948242190,104.250000000000000,104.870002746582030,9092200,86.325073242187500
2019-04-10,105.129997253417970,105.720001220703120,104.470001220703120,105.339996337890620,10882300,86.711959838867190
2019-04-11,105.709999084472660,106.730003356933600,105.559997558593750,106.230003356933600,11183800,87.444572448730470
2019-04-12,109.440002441406250,111.849998474121100,108.879997253417970,111.209999084472660,25834100,91.543930053710940
2019-04-15,110.919998168945310,111.000000000000000,109.120002746582030,109.940002441406250,15163800,90.498512268066400
2019-04-16,109.900001525878900,111.389999389648440,109.860000610351560,111.099998474121100,11583200,91.453376770019530
2019-04-17,111.699996948242190,114.660003662109380,111.010002136230470,114.300003051757810,17791900,94.087509155273440
2019-04-18,114.529998779296880,114.949996948242190,113.330001831054690,113.459999084472660,12501900,93.396018981933600
2019-04-22,112.830001831054690,113.930000305175780,112.660003662109380,113.599998474121100,7975900,93.511283874511720
2019-04-23,113.000000000000000,114.370002746582030,112.849998474121100,113.739997863769530,9193100,93.626510620117190
2019-04-24,113.260002136230470,114.150001525878900,112.809997558593750,113.550003051757810,9245700,93.470123291015620
2019-04-25,113.010002136230470,114.150001525878900,112.500000000000000,113.610000610351560,9311800,93.519523620605470
2019-04-26,113.949996948242190,114.580001831054690,113.599998474121100,114.470001220703120,7889300,94.227424621582030
2019-04-29,114.599998474121100,117.160003662109380,114.449996948242190,116.120002746582030,14242200,95.585639953613280
2019-04-30,116.430000305175780,116.720001220703120,115.260002136230470,116.050003051757810,11389100,95.528030395507810
2019-05-01,115.720001220703120,117.000000000000000,115.110000610351560,115.160003662109380,10412900,94.795410156250000
2019-05-02,115.169998168945310,115.779998779296880,114.580001831054690,115.410003662109380,8613300,95.001220703125000
2019-05-03,116.000000000000000,116.680000305175780,115.669998168945310,116.120002746582030,8185400,95.585639953613280
2019-05-06,114.180000305175780,115.470001220703120,113.720001220703120,115.089996337890620,9387000,94.737792968750000
2019-05-07,114.029998779296880,114.029998779296880,112.290000915527340,113.209999084472660,15017700,93.190261840820310
2019-05-08,112.660003662109380,113.669998168945310,112.459999084472660,112.610000610351560,9575800,92.696350097656250
2019-05-09,111.139999389648440,112.739997863769530,110.580001831054690,112.519996643066400,12205900,92.622268676757810
2019-05-10,111.750000000000000,112.839996337890620,110.540000915527340,112.510002136230470,13189000,92.614013671875000
2019-05-13,110.080001831054690,110.449996948242190,108.980003356933600,109.449996948242190,13783700,90.095146179199220
2019-05-14,109.550003051757810,111.720001220703120,109.500000000000000,110.319999694824220,10503600,90.811302185058600
2019-05-15,109.209999084472660,110.900001525878900,108.610000610351560,109.900001525878900,10142000,90.465568542480470
2019-05-16,110.620002746582030,112.169998168945310,110.589996337890620,111.309997558593750,9672700,91.626228332519530
2019-05-17,110.000000000000000,111.750000000000000,109.830001831054690,110.769996643066400,9570100,91.181724548339840
2019-05-20,110.580001831054690,111.809997558593750,110.370002746582030,111.349998474121100,8518200,91.659156799316400
2019-05-21,111.440002441406250,111.919998168945310,111.220001220703120,111.730003356933600,7967900,91.971946716308600
2019-05-22,111.400001525878900,111.790000915527340,110.750000000000000,110.819999694824220,7918900,91.222869873046880
2019-05-23,109.639999389648440,109.790000915527340,107.500000000000000,108.639999389648440,14558000,89.428375244140620
2019-05-24,109.519996643066400,109.959999084472660,109.190002441406250,109.709999084472660,8537300,90.309173583984380
2019-05-28,109.199996948242190,109.830001831054690,108.440002441406250,108.519996643066400,11665500,89.329574584960940
2019-05-29,107.449996948242190,108.400001525878900,107.059997558593750,108.220001220703120,9966400,89.082672119140620
2019-05-30,108.650001525878900,109.180000305175780,106.540000915527340,107.059997558593750,10367800,88.127799987792970
2019-05-31,105.559997558593750,106.589996337890620,104.839996337890620,105.959999084472660,10952800,87.222328186035160
2019-06-03,105.800003051757810,106.860000610351560,105.300003051757810,106.459999084472660,11680700,87.633880615234380
2019-06-04,107.849998474121100,109.900001525878900,107.129997253417970,109.739997863769530,12858600,90.333862304687500
2019-06-05,109.860000610351560,110.379997253417970,108.639999389648440,110.129997253417970,8340500,90.654899597167970
2019-06-06,110.150001525878900,110.870002746582030,108.930000305175780,110.370002746582030,8726700,90.852470397949220
2019-06-07,109.699996948242190,110.019996643066400,108.959999084472660,109.160003662109380,10618900,89.856445312500000
2019-06-10,110.750000000000000,111.209999084472660,110.220001220703120,110.339996337890620,11380600,90.827781677246100
2019-06-11,110.819999694824220,111.569999694824220,110.370002746582030,110.680000305175780,9847700,91.107658386230470
2019-06-12,110.699996948242190,110.900001525878900,108.889999389648440,109.269996643066400,9670500,89.946990966796880
2019-06-13,109.459999084472660,110.160003662109380,109.050003051757810,109.540000915527340,8406900,90.169242858886720
2019-06-14,109.569999694824220,110.300003051757810,108.629997253417970,109.819999694824220,9077400,90.399719238281250
2019-06-17,109.699996948242190,110.370002746582030,109.059997558593750,109.220001220703120,8128600,89.905822753906250
2019-06-18,109.010002136230470,111.410003662109380,108.980003356933600,110.709999084472660,11057300,91.132331848144530
2019-06-19,110.819999694824220,111.589996337890620,109.699996948242190,109.910003662109380,13126500,90.473808288574220
2019-06-20,110.879997253417970,111.089996337890620,109.029998779296880,110.190002441406250,13638000,90.704299926757810
2019-06-21,110.190002441406250,111.669998168945310,109.089996337890620,109.440002441406250,27089500,90.086936950683600
2019-06-24,109.279998779296880,109.769996643066400,108.540000915527340,108.660003662109380,13039600,89.444869995117190
2019-06-25,108.680000305175780,108.980003356933600,107.669998168945310,107.760002136230470,18660100,88.704025268554690
2019-06-26,108.300003051757810,109.309997558593750,108.160003662109380,108.480003356933600,10324600,89.296691894531250
2019-06-27,108.839996337890620,109.550003051757810,108.440002441406250,108.839996337890620,10906600,89.593025207519530
2019-06-28,111.040000915527340,112.430000305175780,110.900001525878900,111.800003051757810,21634700,92.029586791992190
2019-07-01,113.230003356933600,114.519996643066400,113.080001831054690,113.680000305175780,12724500,93.577133178710940
2019-07-02,113.510002136230470,114.199996948242190,113.220001220703120,113.800003051757810,10174900,93.675933837890620
2019-07-03,113.339996337890620,113.870002746582030,112.260002136230470,112.819999694824220,6849400,93.526687622070310
2019-07-05,113.510002136230470,114.269996643066400,112.919998168945310,113.489997863769530,7929400,94.082153320312500
2019-07-08,112.959999084472660,113.480003356933600,112.500000000000000,112.870002746582030,6917200,93.568153381347660
2019-07-09,112.279998779296880,113.489997863769530,112.150001525878900,113.349998474121100,8947300,93.966079711914060
2019-07-10,113.370002746582030,113.830001831054690,112.739997863769530,113.019996643066400,9242300,93.692474365234380
2019-07-11,113.370002746582030,114.360000610351560,113.120002746582030,114.099998474121100,11595200,94.587806701660160
2019-07-12,114.129997253417970,115.349998474121100,113.930000305175780,115.300003051757810,10783400,95.582603454589840
2019-07-15,115.540000915527340,115.569999694824220,113.529998779296880,113.900001525878900,12946600,94.422004699707030
2019-07-16,113.480003356933600,115.500000000000000,112.919998168945310,115.120002746582030,16945000,95.433364868164060
2019-07-17,114.430000305175780,114.940002441406250,113.730003356933600,113.989997863769530,13120900,94.496627807617190
2019-07-18,113.930000305175780,115.069999694824220,113.550003051757810,114.669998168945310,9397200,95.060317993164060
2019-07-19,114.889999389648440,115.120002746582030,113.400001525878900,113.540000915527340,10402800,94.123588562011720
2019-07-22,112.910003662109380,114.449996948242190,112.769996643066400,114.269996643066400,9061100,94.728729248046880
2019-07-23,114.879997253417970,116.449996948242190,114.819999694824220,116.360000610351560,12752200,96.461318969726560
2019-07-24,115.580001831054690,116.879997253417970,115.519996643066400,116.830001831054690,10011000,96.850959777832030
2019-07-25,116.889999389648440,117.239997863769530,115.319999694824220,115.709999084472660,10138400,95.922470092773440
2019-07-26,115.769996643066400,116.510002136230470,115.529998779296880,116.220001220703120,12800400,96.345252990722660
2019-07-29,116.459999084472660,117.180000305175780,115.790000915527340,115.849998474121100,8500400,96.038520812988280
2019-07-30,115.190002441406250,116.080001831054690,114.760002136230470,115.589996337890620,7121100,95.822998046875000
2019-07-31,116.099998474121100,116.180000305175780,114.860000610351560,116.000000000000000,13648000,96.162887573242190
2019-08-01,115.330001831054690,116.800003051757810,112.599998474121100,112.940002441406250,15664500,93.626182556152340
2019-08-02,112.400001525878900,113.430000305175780,111.400001525878900,112.930000305175780,11025500,93.617897033691400
2019-08-05,110.790000915527340,110.980003356933600,108.269996643066400,109.569999694824220,15855300,90.832481384277340
2019-08-06,110.050003051757810,110.500000000000000,108.339996337890620,110.430000305175780,10203500,91.545425415039060
2019-08-07,108.000000000000000,108.279998779296880,105.940002441406250,108.029998779296880,17320900,89.555831909179690
2019-08-08,109.050003051757810,110.080001831054690,108.720001220703120,109.860000610351560,10903300,91.072883605957030
2019-08-09,109.349998474121100,110.449996948242190,108.290000915527340,109.739997863769530,9980800,90.973403930664060
2019-08-12,108.440002441406250,108.510002136230470,107.209999084472660,107.680000305175780,9393700,89.265686035156250
2019-08-13,107.949996948242190,110.330001831054690,107.029998779296880,109.339996337890620,12124700,90.641807556152340
2019-08-14,106.300003051757810,106.910003662109380,104.449996948242190,104.800003051757810,19491800,86.878196716308600
2019-08-15,104.819999694824220,106.379997253417970,104.339996337890620,105.199996948242190,13365600,87.209793090820310
2019-08-16,106.370002746582030,107.980003356933600,105.870002746582030,107.720001220703120,11830600,89.298851013183600
2019-08-19,109.629997253417970,109.750000000000000,108.419998168945310,108.690002441406250,8265400,90.102989196777340
2019-08-20,107.849998474121100,108.440002441406250,107.239997863769530,107.309997558593750,8374000,88.958961486816400
2019-08-21,108.209999084472660,108.430000305175780,107.449996948242190,107.610000610351560,8189300,89.207664489746100
2019-08-22,108.370002746582030,109.269996643066400,107.930000305175780,108.720001220703120,9343400,90.127838134765620
2019-08-23,108.000000000000000,108.779998779296880,105.110000610351560,106.019996643066400,14762300,87.889556884765620
2019-08-26,106.620002746582030,106.989997863769530,106.010002136230470,106.870002746582030,8209500,88.594192504882810
2019-08-27,107.349998474121100,107.559997558593750,104.839996337890620,105.739997863769530,14331800,87.657455444335940
2019-08-28,105.080001831054690,107.209999084472660,105.040000915527340,106.800003051757810,10585500,88.536170959472660
2019-08-29,108.139999389648440,109.889999389648440,108.019996643066400,109.220001220703120,10002200,90.542327880859380
2019-08-30,109.839996337890620,110.559997558593750,109.470001220703120,109.860000610351560,10170300,91.072883605957030
2019-09-03,108.980003356933600,108.989997863769530,107.319999694824220,108.559997558593750,9868800,89.995193481445310
2019-09-04,109.449996948242190,110.220001220703120,108.559997558593750,109.870002746582030,6929200,91.081184387207030
2019-09-05,111.250000000000000,113.720001220703120,111.199996948242190,112.370002746582030,13224700,93.153663635253900
2019-09-06,112.660003662109380,112.980003356933600,111.959999084472660,112.610000610351560,7836600,93.352607727050780
2019-09-09,113.709999084472660,116.059997558593750,113.599998474121100,115.400001525878900,13985100,95.665496826171880
2019-09-10,116.300003051757810,117.269996643066400,115.730003356933600,116.870002746582030,14333100,96.884109497070310
2019-09-11,116.889999389648440,117.199996948242190,115.379997253417970,117.190002441406250,9919200,97.149406433105470
2019-09-12,116.550003051757810,118.470001220703120,115.919998168945310,117.910003662109380,12283500,97.746253967285160
2019-09-13,119.000000000000000,120.400001525878900,118.750000000000000,120.230003356933600,16257200,99.669509887695310
2019-09-16,118.900001525878900,119.870002746582030,118.379997253417970,119.160003662109380,11993900,98.782493591308600
2019-09-17,118.419998168945310,118.610000610351560,117.239997863769530,118.569999694824220,10735400,98.293403625488280
2019-09-18,118.319999694824220,120.080001831054690,117.750000000000000,119.760002136230470,10665600,99.279891967773440
2019-09-19,119.699996948242190,120.339996337890620,119.089996337890620,119.379997253417970,9382600,98.964874267578120
2019-09-20,119.739997863769530,120.339996337890620,118.870002746582030,118.900001525878900,21862800,98.566955566406250
2019-09-23,117.779998779296880,119.120002746582030,117.680000305175780,118.879997253417970,9135100,98.550376892089840
2019-09-24,118.750000000000000,119.260002136230470,117.040000915527340,117.330001831054690,11696500,97.265449523925780
2019-09-25,117.269996643066400,118.360000610351560,117.120002746582030,118.000000000000000,9389400,97.820869445800780
2019-09-26,117.879997253417970,118.050003051757810,116.949996948242190,117.029998779296880,9899200,97.016746520996100
2019-09-27,117.959999084472660,118.639999389648440,117.279998779296880,117.720001220703120,10207800,97.588752746582030
2019-09-30,118.360000610351560,118.769996643066400,117.220001220703120,117.690002441406250,9755000,97.563896179199220
2019-10-01,118.400001525878900,119.000000000000000,115.410003662109380,115.550003051757810,11250300,95.789840698242190
2019-10-02,114.809997558593750,114.900001525878900,112.930000305175780,113.250000000000000,12548700,93.883163452148440
2019-10-03,112.269996643066400,112.910003662109380,110.519996643066400,112.190002441406250,12735200,93.749473571777340
2019-10-04,112.339996337890620,114.940002441406250,112.269996643066400,114.620002746582030,9453100,95.780052185058600
2019-10-07,114.190002441406250,115.500000000000000,114.069999694824220,114.370002746582030,6771600,95.571136474609380
2019-10-08,113.059997558593750,113.059997558593750,111.660003662109380,111.819999694824220,10806300,93.440269470214840
2019-10-09,112.669998168945310,113.160003662109380,112.069999694824220,112.629997253417970,7273700,94.117141723632810
2019-10-10,113.139999389648440,115.400001525878900,113.000000000000000,114.209999084472660,10994100,95.437423706054690
2019-10-11,116.029998779296880,117.989997863769530,115.870002746582030,116.139999389648440,15076500,97.050209045410160
2019-10-14,115.849998474121100,116.870002746582030,115.660003662109380,116.449996948242190,8779000,97.309234619140620
2019-10-15,118.849998474121100,121.589996337890620,117.870002746582030,119.959999084472660,23379000,100.242301940917970
2019-10-16,119.959999084472660,120.620002746582030,119.379997253417970,119.680000305175780,11087700,100.008331298828120
2019-10-17,120.750000000000000,121.569999694824220,119.879997253417970,120.349998474121100,10818500,100.568206787109380
2019-10-18,120.000000000000000,121.019996643066400,119.860000610351560,120.559997558593750,10417400,100.743698120117190
2019-10-21,122.050003051757810,123.769996643066400,121.989997863769530,123.550003051757810,12714600,103.242248535156250
2019-10-22,123.449996948242190,125.099998474121100,123.120002746582030,124.790000915527340,12549100,104.278419494628900
2019-10-23,124.199996948242190,125.150001525878900,124.169998168945310,125.120002746582030,8828300,104.554168701171880
2019-10-24,125.290000915527340,125.660003662109380,124.069999694824220,125.029998779296880,8020500,104.478935241699220
2019-10-25,125.000000000000000,126.650001525878900,124.750000000000000,126.029998779296880,9055700,105.314590454101560
2019-10-28,126.569999694824220,127.209999084472660,126.400001525878900,126.510002136230470,9522200,105.715698242187500
2019-10-29,126.059997558593750,127.419998168945310,125.940002441406250,126.430000305175780,9797300,105.648872375488280
2019-10-30,126.050003051757810,126.260002136230470,124.919998168945310,125.730003356933600,8513700,105.063926696777340
2019-10-31,125.489997863769530,125.730003356933600,123.860000610351560,124.919998168945310,11589100,104.387046813964840
2019-11-01,126.199996948242190,127.989997863769530,126.019996643066400,127.800003051757810,11682600,106.793693542480470
2019-11-04,129.080001831054700,129.419998168945300,128.559997558593750,128.820007324218750,9159900,107.646003723144530
2019-11-05,129.389999389648440,130.300003051757800,128.839996337890620,129.100006103515620,13747600,107.879981994628900
2019-11-06,128.690002441406250,129.839996337890620,128.580001831054700,129.300003051757800,11231100,108.047111511230470
2019-11-07,130.429992675781250,131.289993286132800,129.919998168945300,130.000000000000000,13528900,108.632049560546880
2019-11-08,129.880004882812500,130.399993896484380,129.250000000000000,130.380004882812500,9293400,108.949584960937500
2019-11-11,129.600006103515620,130.100006103515620,129.350006103515620,129.919998168945300,8679000,108.565193176269530
2019-11-12,129.630004882812500,130.619995117187500,129.009994506835940,129.160003662109380,9099000,107.930145263671880
2019-11-13,128.130004882812500,128.820007324218750,127.419998168945310,128.479995727539060,8023300,107.361892700195310
2019-11-14,127.720001220703120,128.839996337890620,127.589996337890620,128.600006103515620,8483400,107.462173461914060
2019-11-15,129.229995727539060,129.529998779296880,128.399993896484380,129.529998779296880,10163600,108.239311218261720
2019-11-18,129.559997558593750,130.649993896484380,128.990005493164060,130.619995117187500,8749300,109.150154113769530
2019-11-19,130.990005493164060,131.250000000000000,130.179992675781250,130.580001831054700,8824500,109.116699218750000
2019-11-20,130.300003051757800,130.619995117187500,128.940002441406250,129.630004882812500,11782800,108.322875976562500
2019-11-21,130.000000000000000,130.720001220703120,129.389999389648440,129.929992675781250,7705500,108.573554992675780
2019-11-22,130.149993896484380,131.220001220703120,130.100006103515620,130.789993286132800,8167900,109.292160034179690
2019-11-25,131.250000000000000,132.070007324218750,130.869995117187500,131.490005493164060,10068500,109.877151489257810
2019-11-26,131.820007324218750,131.820007324218750,130.360000610351560,131.669998168945300,10490700,110.027557373046880
2019-11-27,132.289993286132800,132.429992675781250,131.649993896484380,132.059997558593750,6607900,110.353462219238280
2019-11-29,131.869995117187500,132.410003662109380,131.449996948242200,131.759994506835940,5712000,110.102752685546880
2019-12-02,132.309997558593750,132.740005493164060,131.350006103515620,131.470001220703120,8615600,109.860443115234380
2019-12-03,129.770004272460940,129.960006713867200,128.589996337890620,129.779998779296880,10361300,108.448204040527340
2019-12-04,130.380004882812500,132.470001220703120,129.990005493164060,132.339996337890620,10318200,110.587402343750000
2019-12-05,132.679992675781250,133.309997558593750,132.179992675781250,133.059997558593750,9587400,111.189086914062500
2019-12-06,134.690002441406250,135.779998779296880,134.649993896484380,135.039993286132800,10170600,112.843620300292970
2019-12-09,134.630004882812500,135.460006713867200,134.410003662109380,134.410003662109380,8498200,112.317199707031250
2019-12-10,133.250000000000000,134.770004272460940,132.880004882812500,134.500000000000000,7532900,112.392379760742190
2019-12-11,134.289993286132800,135.020004272460940,134.009994506835940,134.179992675781250,9011900,112.124992370605470
2019-12-12,134.490005493164060,138.470001220703120,134.210006713867200,138.020004272460940,13717400,115.333824157714840
2019-12-13,137.949996948242200,138.830001831054700,136.220001220703120,136.809997558593750,10592100,114.322708129882810
2019-12-16,138.380004882812500,138.839996337890620,137.320007324218750,137.339996337890620,11372000,114.765571594238280
2019-12-17,137.729995727539060,138.669998168945300,137.229995727539060,138.179992675781250,11546800,115.467529296875000
2019-12-18,138.149993896484380,139.020004272460940,137.720001220703120,138.039993286132800,10381500,115.350509643554690
2019-12-19,137.759994506835940,138.220001220703120,137.100006103515620,137.350006103515620,9350400,114.773933410644530
2019-12-20,138.020004272460940,138.880004882812500,136.899993896484380,137.240005493164060,29992600,114.682029724121100
2019-12-23,137.600006103515620,137.910003662109380,136.880004882812500,137.199996948242200,9738400,114.648597717285160
2019-12-24,137.330001831054700,137.630004882812500,137.059997558593750,137.580001831054700,3324300,114.966117858886720
2019-12-26,137.889999389648440,139.100006103515620,137.779998779296880,139.039993286132800,6770900,116.186157226562500
2019-12-27,139.300003051757800,139.770004272460940,138.669998168945300,139.139999389648440,7868200,116.269729614257810
2019-12-30,139.899993896484380,140.080001831054700,138.470001220703120,138.630004882812500,6963000,115.843582153320310
2019-12-31,138.509994506835940,139.479995727539060,138.289993286132800,139.399993896484380,7201600,116.486999511718750
2020-01-02,139.789993286132800,141.100006103515620,139.259994506835940,141.089996337890620,10803700,117.899215698242190
2020-01-03,137.500000000000000,139.229995727539060,137.080001831054700,138.339996337890620,10386800,116.343368530273440
2020-01-06,136.559997558593750,138.270004272460940,136.500000000000000,138.229995727539060,10259000,116.250823974609380
2020-01-07,137.279998779296880,137.860000610351560,135.820007324218750,135.880004882812500,10531300,114.274528503417970
2020-01-08,135.699996948242200,137.580001831054700,135.600006103515620,136.940002441406250,9695300,115.165969848632810
2020-01-09,138.050003051757800,138.229995727539060,137.039993286132800,137.440002441406250,9469000,115.586448669433600
2020-01-10,137.210006713867200,137.250000000000000,135.809997558593750,136.070007324218750,10190900,114.434288024902340
2020-01-13,136.190002441406250,137.199996948242200,135.759994506835940,137.199996948242200,12355200,115.384628295898440
2020-01-14,137.940002441406250,140.759994506835940,137.690002441406250,138.800003051757800,24906000,116.730224609375000
2020-01-15,137.850006103515620,138.600006103515620,136.149993896484380,136.720001220703120,16293400,114.980949401855470
2020-01-16,137.449996948242200,137.899993896484380,136.839996337890620,137.250000000000000,10783800,115.426658630371100
2020-01-17,137.539993286132800,138.289993286132800,137.320007324218750,138.199996948242200,14697700,116.225631713867190
2020-01-21,137.190002441406250,138.070007324218750,136.690002441406250,136.839996337890620,8474200,115.081863403320310
2020-01-22,137.240005493164060,137.399993896484380,136.380004882812500,136.679992675781250,7549100,114.947311401367190
2020-01-23,135.710006713867200,136.740005493164060,134.720001220703120,136.539993286132800,9345700,114.829559326171880
2020-01-24,136.369995117187500,136.429992675781250,132.320007324218750,133.149993896484380,15166400,111.978576660156250
2020-01-27,130.270004272460940,132.940002441406250,129.710006713867200,132.029998779296880,12860500,111.036674499511720
2020-01-28,132.839996337890620,134.970001220703120,132.479995727539060,134.429992675781250,13062800,113.055053710937500
2020-01-29,134.809997558593750,135.539993286132800,133.690002441406250,134.229995727539060,9326000,112.886856079101560
2020-01-30,132.690002441406250,136.130004882812500,132.690002441406250,135.889999389648440,9048900,114.282913208007810
2020-01-31,134.490005493164060,134.830001831054700,131.470001220703120,132.360000610351560,12785200,111.314208984375000
2020-02-03,132.660003662109380,134.240005493164060,132.660003662109380,133.369995117187500,10021100,112.163612365722660
2020-02-04,135.550003051757800,136.600006103515620,135.080001831054700,135.289993286132800,9157100,113.778335571289060
2020-02-05,136.570007324218750,137.729995727539060,136.009994506835940,137.589996337890620,10150700,115.712570190429690
2020-02-06,138.240005493164060,138.289993286132800,137.110000610351560,137.610000610351560,8992300,115.729408264160160
2020-02-07,136.729995727539060,137.669998168945300,136.300003051757800,137.169998168945300,6379800,115.359405517578120
2020-02-10,136.949996948242200,137.850006103515620,136.750000000000000,137.740005493164060,5960700,115.838760375976560
2020-02-11,138.259994506835940,138.820007324218750,137.779998779296880,138.000000000000000,6578600,116.057418823242190
2020-02-12,138.600006103515620,139.289993286132800,137.800003051757800,138.000000000000000,7958000,116.057418823242190
2020-02-13,137.750000000000000,138.339996337890620,136.399993896484380,137.880004882812500,7447500,115.956497192382810
2020-02-14,137.839996337890620,138.190002441406250,136.940002441406250,137.460006713867200,6627600,115.603309631347660
2020-02-18,137.339996337890620,137.710006713867200,135.050003051757800,135.639999389648440,8996400,114.072669982910160
2020-02-19,136.910003662109380,138.389999389648440,136.339996337890620,137.490005493164060,7071200,115.628509521484380
2020-02-20,137.169998168945300,138.360000610351560,136.529998779296880,137.490005493164060,7422800,115.628509521484380
2020-02-21,136.550003051757800,136.919998168945300,134.919998168945300,135.809997558593750,9772800,114.215621948242190
2020-02-24,131.440002441406250,133.199996948242200,130.800003051757800,132.160003662109380,13618400,111.146011352539060
2020-02-25,131.000000000000000,132.229995727539060,125.589996337890620,126.260002136230470,20797200,106.184143066406250
2020-02-26,126.930000305175780,128.949996948242200,126.339996337890620,126.639999389648440,24825600,106.503700256347660
2020-02-27,122.910003662109380,125.620002746582030,121.300003051757810,121.370002746582030,23005500,102.071655273437500
2020-02-28,117.519996643066400,118.489997863769530,112.660003662109380,116.110000610351560,45931400,97.648010253906250
2020-03-02,116.629997253417970,121.580001831054690,114.459999084472660,121.519996643066400,27355400,102.197822570800780
2020-03-03,120.970001220703120,122.949996948242190,116.239997863769530,116.959999084472660,32547700,98.362876892089840
2020-03-04,118.330001831054690,120.190002441406250,114.699996948242190,119.849998474121100,25795900,100.793342590332030
2020-03-05,115.669998168945310,116.430000305175780,112.580001831054690,113.970001220703120,25025600,95.848281860351560
2020-03-06,106.260002136230470,110.319999694824220,105.019996643066400,108.080001831054690,38159400,90.894836425781250
2020-03-09,96.569999694824220,99.230003356933600,93.000000000000000,93.440002441406250,40352000,78.582626342773440
2020-03-10,99.000000000000000,101.279998779296880,94.580001831054690,100.699996948242190,31102700,84.688285827636720
2020-03-11,97.699996948242190,100.050003051757810,94.550003051757810,95.959999084472660,38127000,80.701957702636720
2020-03-12,89.589996337890620,96.959999084472660,86.319999694824220,88.050003051757810,49725200,74.049682617187500
2020-03-13,95.989997863769530,103.989997863769530,92.000000000000000,103.910003662109380,38543300,87.387870788574220
2020-03-16,85.199996948242190,93.980003356933600,84.550003051757810,88.360000610351560,38589700,74.310371398925780
2020-03-17,90.889999389648440,97.440002441406250,87.500000000000000,93.760002136230470,35239800,78.851776123046880
2020-03-18,87.669998168945310,90.790000915527340,80.360000610351560,83.889999389648440,41525600,70.551124572753900
2020-03-19,81.559997558593750,88.110000610351560,76.910003662109380,85.300003051757810,32175100,71.736938476562500
2020-03-20,86.300003051757810,89.459999084472660,82.480003356933600,83.500000000000000,30150800,70.223159790039060
2020-03-23,82.680000305175780,83.750000000000000,78.089996337890620,79.029998779296880,32536600,66.463905334472660
2020-03-24,84.900001525878900,90.099998474121100,82.900001525878900,88.430000305175780,34363200,74.369262695312500
2020-03-25,89.239997863769530,95.150001525878900,84.540000915527340,91.730003356933600,38111700,77.144546508789060
2020-03-26,94.080001831054690,98.569999694824220,93.540000915527340,98.120002746582030,29826300,82.518516540527340
2020-03-27,93.190002441406250,94.839996337890620,90.550003051757810,91.129997253417970,30041500,76.639945983886720
2020-03-30,90.650001525878900,94.089996337890620,89.300003051757810,93.500000000000000,21656900,78.633117675781250
2020-03-31,92.050003051757810,94.169998168945310,89.339996337890620,90.029998779296880,23379300,75.714843750000000
2020-04-01,85.099998474121100,86.559997558593750,83.250000000000000,84.360000610351560,28029600,70.946395874023440
2020-04-02,83.510002136230470,87.910003662109380,82.959999084472660,87.510002136230470,24018000,73.595527648925780
2020-04-03,86.000000000000000,87.480003356933600,82.769996643066400,84.050003051757810,21199400,71.420227050781250
2020-04-06,88.989997863769530,90.989997863769530,87.699996948242190,89.459999084472660,26820800,76.017295837402340
2020-04-07,94.449996948242190,94.500000000000000,90.379997253417970,90.639999389648440,22563800,77.019989013671880
2020-04-08,92.099998474121100,94.860000610351560,90.550003051757810,94.300003051757810,22903300,80.130020141601560
2020-04-09,96.919998168945310,104.389999389648440,96.889999389648440,102.760002136230470,42055900,87.318756103515620
2020-04-13,103.110000610351560,103.110000610351560,97.300003051757810,98.190002441406250,26911900,83.435478210449220
2020-04-14,101.019996643066400,102.000000000000000,93.639999389648440,95.500000000000000,46151300,81.149703979492190
2020-04-15,91.150001525878900,92.029998779296880,90.129997253417970,90.790000915527340,30118600,77.147430419921880
2020-04-16,90.230003356933600,90.569999694824220,87.050003051757810,87.330001831054690,32449600,74.207351684570310
2020-04-17,92.000000000000000,95.699996948242190,90.959999084472660,95.180000305175780,30191900,80.877784729003900
2020-04-20,92.470001220703120,94.709999084472660,90.459999084472660,91.709999084472660,23679400,77.929191589355470
2020-04-21,88.620002746582030,91.379997253417970,88.330001831054690,89.050003051757810,23035000,75.668899536132810
2020-04-22,90.690002441406250,91.870002746582030,89.180000305175780,89.339996337890620,16662400,75.915321350097660
2020-04-23,89.739997863769530,91.279998779296880,89.260002136230470,89.389999389648440,16638800,75.957809448242190
2020-04-24,90.639999389648440,91.099998474121100,88.489997863769530,90.709999084472660,15809200,77.079452514648440
2020-04-27,91.940002441406250,95.629997253417970,91.540000915527340,94.620002746582030,22870200,80.401908874511720
2020-04-28,97.809997558593750,98.360000610351560,95.029998779296880,95.290000915527340,20238900,80.971237182617190
2020-04-29,99.080001831054690,99.449996948242190,97.269996643066400,97.860000610351560,20462600,83.155075073242190
2020-04-30,95.599998474121100,96.839996337890620,94.550003051757810,95.760002136230470,19127600,81.370628356933600
2020-05-01,93.500000000000000,93.739997863769530,91.839996337890620,93.250000000000000,18547700,79.237785339355470
2020-05-04,92.019996643066400,92.669998168945310,90.800003051757810,92.139999389648440,15725900,78.294593811035160
2020-05-05,93.650001525878900,94.209999084472660,91.900001525878900,92.000000000000000,18064100,78.175621032714840
2020-05-06,92.160003662109380,92.760002136230470,89.930000305175780,90.269996643066400,20978000,76.705558776855470
2020-05-07,91.339996337890620,92.910003662109380,90.580001831054690,91.209999084472660,16771900,77.504333496093750
2020-05-08,92.800003051757810,94.080001831054690,92.110000610351560,92.699996948242190,20487800,78.770431518554690
2020-05-11,91.110000610351560,91.110000610351560,89.330001831054690,89.970001220703120,31907600,76.450645446777340
2020-05-12,90.150001525878900,90.790000915527340,86.900001525878900,87.029998779296880,27962900,73.952415466308600
2020-05-13,86.379997253417970,86.860000610351560,83.400001525878900,84.029998779296880,35451600,71.403221130371100
2020-05-14,82.720001220703120,88.110000610351560,82.400001525878900,87.519996643066400,35152500,74.368797302246100
2020-05-15,86.849998474121100,87.279998779296880,85.300003051757810,85.900001525878900,26099000,72.992218017578120
2020-05-18,88.690002441406250,91.150001525878900,87.879997253417970,90.449996948242190,30504400,76.858520507812500
2020-05-19,90.050003051757810,91.199996948242190,88.589996337890620,88.669998168945310,19597300,75.345985412597660
2020-05-20,90.709999084472660,92.389999389648440,90.370002746582030,91.330001831054690,20552400,77.606285095214840
2020-05-21,90.269996643066400,91.760002136230470,89.669998168945310,90.169998168945310,14621400,76.620590209960940
2020-05-22,90.010002136230470,90.360000610351560,88.720001220703120,89.470001220703120,13557900,76.025802612304690
2020-05-26,92.889999389648440,97.500000000000000,92.610000610351560,95.819999694824220,41233900,81.421585083007810
2020-05-27,102.069999694824220,102.580001831054690,98.800003051757810,101.370002746582030,39402000,86.137626647949220
2020-05-28,102.940002441406250,102.949996948242190,99.400001525878900,99.860000610351560,24713900,84.854537963867190
2020-05-29,98.660003662109380,99.180000305175780,96.779998779296880,97.309997558593750,26526400,82.687698364257810
2020-06-01,97.750000000000000,99.510002136230470,97.379997253417970,98.599998474121100,15176800,83.783866882324220
2020-06-02,100.279998779296880,100.419998168945310,97.930000305175780,98.930000305175780,21195000,84.064292907714840
2020-06-03,101.580001831054690,104.919998168945310,101.059997558593750,104.269996643066400,25941100,88.601860046386720
2020-06-04,103.819999694824220,106.610000610351560,102.790000915527340,106.440002441406250,26784700,90.445785522460940
2020-06-05,114.930000305175780,115.769996643066400,109.529998779296880,111.230003356933600,42231000,94.516006469726560
2020-06-08,113.410003662109380,114.190002441406250,111.940002441406250,113.449996948242190,24881800,96.402427673339840
2020-06-09,110.650001525878900,111.629997253417970,109.010002136230470,110.540000915527340,17031100,93.929695129394530
2020-06-10,110.459999084472660,110.510002136230470,105.849998474121100,106.059997558593750,24913300,90.122886657714840
2020-06-11,100.029998779296880,101.580001831054690,96.540000915527340,97.209999084472660,36259200,82.602737426757810
2020-06-12,100.709999084472660,101.129997253417970,97.330001831054690,99.870002746582030,24856800,84.863037109375000
2020-06-15,96.419998168945310,101.430000305175780,95.870002746582030,101.250000000000000,22153600,86.035659790039060
2020-06-16,105.370002746582030,105.680000305175780,99.309997558593750,102.059997558593750,22193600,86.723945617675780
2020-06-17,102.529998779296880,102.540000915527340,99.209999084472660,99.480003356933600,15639800,84.531639099121100
2020-06-18,98.669998168945310,100.519996643066400,98.129997253417970,98.940002441406250,16591900,84.072792053222660
2020-06-19,100.529998779296880,100.599998474121100,96.730003356933600,97.809997558593750,40371200,83.112579345703120
2020-06-22,97.250000000000000,97.949996948242190,96.540000915527340,96.750000000000000,16216900,82.211853027343750
2020-06-23,98.970001220703120,99.970001220703120,97.849998474121100,97.930000305175780,15381400,83.214523315429690
2020-06-24,96.750000000000000,96.839996337890620,94.309997558593750,94.660003662109380,22919800,80.435905456542970
2020-06-25,94.349998474121100,98.209999084472660,94.260002136230470,97.959999084472660,25743600,83.240036010742190
2020-06-26,95.110000610351560,95.370002746582030,92.000000000000000,92.589996337890620,41896300,78.676956176757810
2020-06-29,93.400001525878900,94.489997863769530,92.180000305175780,93.000000000000000,18499700,79.025337219238280
2020-06-30,92.830001831054690,94.660003662109380,92.569999694824220,94.059997558593750,19137000,79.926071166992190
2020-07-01,94.889999389648440,95.709999084472660,93.029998779296880,93.260002136230470,18755700,79.246292114257810
2020-07-02,94.739997863769530,94.959999084472660,91.930000305175780,92.660003662109380,27845600,79.503684997558600
2020-07-06,94.430000305175780,95.199996948242190,93.480003356933600,95.000000000000000,18625300,81.511444091796880
2020-07-07,93.819999694824220,94.099998474121100,92.000000000000000,92.319999694824220,25757200,79.211944580078120
2020-07-08,92.290000915527340,93.339996337890620,91.800003051757810,93.300003051757810,18762200,80.052825927734380
2020-07-09,93.519996643066400,94.120002746582030,90.779998779296880,91.279998779296880,25600800,78.319618225097660
2020-07-10,92.000000000000000,96.839996337890620,91.870002746582030,96.269996643066400,28954200,82.601119995117190
2020-07-13,98.730003356933600,99.269996643066400,96.230003356933600,97.650001525878900,32079200,83.785186767578120
2020-07-14,98.370002746582030,99.949996948242190,96.639999389648440,98.209999084472660,42731700,84.265670776367190
2020-07-15,100.889999389648440,101.290000915527340,98.650001525878900,99.730003356933600,22508400,85.569869995117190
2020-07-16,98.779998779296880,101.220001220703120,98.550003051757810,100.010002136230470,16886900,85.810104370117190
2020-07-17,100.000000000000000,100.080001831054690,98.139999389648440,98.160003662109380,16137700,84.222778320312500
2020-07-20,97.430000305175780,98.389999389648440,97.260002136230470,97.300003051757810,14458100,83.484870910644530
2020-07-21,97.709999084472660,100.050003051757810,97.639999389648440,99.410003662109380,17798100,85.295310974121100
2020-07-22,99.650001525878900,100.129997253417970,97.529998779296880,98.690002441406250,14271200,84.677528381347660
2020-07-23,98.500000000000000,99.349998474121100,97.970001220703120,98.980003356933600,12870200,84.926345825195310
2020-07-24,99.599998474121100,99.800003051757810,97.940002441406250,98.279998779296880,12744200,84.325736999511720
2020-07-27,97.510002136230470,97.629997253417970,96.169998168945310,96.900001525878900,11959100,83.141670227050780
2020-07-28,96.500000000000000,97.889999389648440,96.500000000000000,97.319999694824220,11754300,83.502029418945310
2020-07-29,97.069999694824220,99.709999084472660,97.000000000000000,99.680000305175780,12743500,85.526962280273440
2020-07-30,97.540000915527340,97.739997863769530,96.050003051757810,97.019996643066400,14834800,83.244636535644530
2020-07-31,96.480003356933600,96.930000305175780,95.250000000000000,96.639999389648440,14535000,82.918594360351560
2020-08-03,97.019996643066400,97.569999694824220,95.849998474121100,96.099998474121100,12962800,82.455261230468750
2020-08-04,95.910003662109380,95.949996948242190,95.029998779296880,95.550003051757810,13366200,81.983352661132810
2020-08-05,95.870002746582030,98.470001220703120,95.720001220703120,97.209999084472660,15260900,83.407661437988280
2020-08-06,97.580001831054690,98.099998474121100,96.540000915527340,97.239997863769530,10482100,83.433372497558600
2020-08-07,96.930000305175780,99.489997863769530,96.559997558593750,99.379997253417970,14743700,85.269546508789060
2020-08-10,100.110000610351560,102.040000915527340,100.029998779296880,100.639999389648440,14989900,86.350639343261720
2020-08-11,103.860000610351560,106.160003662109380,103.510002136230470,103.819999694824220,31518600,89.079132080078120
2020-08-12,106.160003662109380,106.430000305175780,101.709999084472660,102.940002441406250,19240800,88.324081420898440
2020-08-13,102.000000000000000,103.360000610351560,101.639999389648440,102.370002746582030,13598600,87.835029602050780
2020-08-14,101.500000000000000,103.309997558593750,101.419998168945310,102.410003662109380,12134400,87.869323730468750
2020-08-17,101.500000000000000,102.000000000000000,99.529998779296880,99.709999084472660,14988000,85.552696228027340
2020-08-18,99.910003662109380,99.910003662109380,98.120002746582030,98.319999694824220,13246500,84.360046386718750
2020-08-19,98.919998168945310,100.589996337890620,98.339996337890620,98.550003051757810,13533000,84.557388305664060
2020-08-20,97.260002136230470,98.029998779296880,96.800003051757810,97.370002746582030,13672600,83.544937133789060
2020-08-21,97.269996643066400,98.569999694824220,96.940002441406250,97.319999694824220,12228300,83.502029418945310
2020-08-24,98.449996948242190,100.209999084472660,97.419998168945310,100.059997558593750,17898300,85.852989196777340
2020-08-25,101.269996643066400,101.980003356933600,99.800003051757810,100.500000000000000,13648900,86.230537414550780
2020-08-26,99.940002441406250,100.269996643066400,99.050003051757810,99.089996337890620,12052400,85.020729064941400
2020-08-27,99.000000000000000,102.650001525878900,99.000000000000000,102.349998474121100,22163900,87.817848205566400
2020-08-28,103.139999389648440,103.250000000000000,101.809997558593750,102.769996643066400,13756700,88.178215026855470
2020-08-31,102.120002746582030,102.180000305175780,100.019996643066400,100.190002441406250,14219400,85.964515686035160
2020-09-01,99.550003051757810,100.870002746582030,99.040000915527340,100.139999389648440,11595600,85.921646118164060
2020-09-02,99.949996948242190,101.940002441406250,99.559997558593750,101.650001525878900,14475700,87.217254638671880
2020-09-03,103.319999694824220,104.989997863769530,100.639999389648440,101.330001831054690,23281200,86.942672729492190
2020-09-04,104.050003051757810,105.209999084472660,101.370002746582030,103.519996643066400,26325500,88.821731567382810
2020-09-08,102.980003356933600,103.569999694824220,99.480003356933600,99.919998168945310,22108600,85.732879638671880
2020-09-09,100.800003051757810,101.690002441406250,99.559997558593750,100.870002746582030,13434000,86.547996520996100
2020-09-10,101.400001525878900,102.419998168945310,99.639999389648440,99.830001831054690,15922800,85.655647277832030
2020-09-11,99.970001220703120,101.360000610351560,99.589996337890620,101.069999694824220,13784300,86.719581604003900
2020-09-14,101.510002136230470,103.459999084472660,101.370002746582030,102.470001220703120,19017400,87.920829772949220
2020-09-15,102.730003356933600,102.849998474121100,99.139999389648440,99.279998779296880,23683000,85.183738708496100
2020-09-16,99.430000305175780,101.129997253417970,98.760002136230470,99.699996948242190,19270600,85.544113159179690
2020-09-17,98.699996948242190,99.339996337890620,97.709999084472660,98.559997558593750,18290100,84.565979003906250
2020-09-18,97.889999389648440,99.489997863769530,97.440002441406250,98.349998474121100,20121600,84.385795593261720
2020-09-21,95.199996948242190,96.050003051757810,93.819999694824220,95.309997558593750,28378800,81.777427673339840
2020-09-22,94.959999084472660,95.660003662109380,93.669998168945310,94.269996643066400,19257000,80.885078430175780
2020-09-23,94.779998779296880,95.349998474121100,92.660003662109380,92.739997863769530,19952700,79.572341918945310
2020-09-24,92.319999694824220,94.300003051757810,91.379997253417970,92.660003662109380,18366500,79.503684997558600
2020-09-25,92.050003051757810,93.720001220703120,91.870002746582030,93.470001220703120,13293100,80.198684692382810
2020-09-28,95.059997558593750,96.930000305175780,94.349998474121100,96.160003662109380,20894100,82.506744384765620
2020-09-29,96.029998779296880,96.029998779296880,94.330001831054690,95.349998474121100,12848200,81.811759948730470
2020-09-30,95.349998474121100,97.199996948242190,95.260002136230470,96.269996643066400,16400600,82.601119995117190
2020-10-01,97.120002746582030,97.769996643066400,96.029998779296880,96.970001220703120,15778700,83.201728820800780
2020-10-02,95.250000000000000,98.589996337890620,95.089996337890620,97.889999389648440,15149600,83.991096496582030
2020-10-05,98.319999694824220,99.250000000000000,97.529998779296880,99.040000915527340,13871900,85.766349792480470
2020-10-06,100.069999694824220,100.860000610351560,97.510002136230470,98.019996643066400,19220400,84.883049011230470
2020-10-07,98.959999084472660,100.349998474121100,98.669998168945310,99.730003356933600,16358500,86.363899230957030
2020-10-08,100.510002136230470,101.919998168945310,99.900001525878900,101.779998779296880,15659000,88.139129638671880
2020-10-09,102.000000000000000,102.110000610351560,100.110000610351560,101.199996948242190,13689100,87.636894226074220
2020-10-12,101.099998474121100,103.000000000000000,100.849998474121100,102.440002441406250,16058000,88.710685729980470
2020-10-13,103.000000000000000,103.220001220703120,100.260002136230470,100.779998779296880,21697300,87.273170471191400
2020-10-14,101.029998779296880,101.930000305175780,100.099998474121100,100.220001220703120,15204100,86.788215637207030
2020-10-15,99.099998474121100,101.779998779296880,99.040000915527340,101.720001220703120,17171200,88.087173461914060
2020-10-16,101.410003662109380,102.330001831054690,100.720001220703120,101.510002136230470,13275000,87.905334472656250
2020-10-19,101.599998474121100,101.870002746582030,99.559997558593750,99.800003051757810,11725700,86.424507141113280
2020-10-20,100.309997558593750,101.769996643066400,100.120002746582030,100.370002746582030,11257100,86.918098449707030
2020-10-21,100.360000610351560,100.989997863769530,99.330001831054690,99.370002746582030,10730500,86.052139282226560
2020-10-22,99.319999694824220,103.239997863769530,99.309997558593750,102.879997253417970,14837200,89.091690063476560
2020-10-23,103.500000000000000,104.449996948242190,102.930000305175780,103.809997558593750,15087600,89.897064208984380
2020-10-26,102.650001525878900,102.699996948242190,100.250000000000000,101.239997863769530,12410700,87.671501159667970
2020-10-27,100.510002136230470,100.919998168945310,99.160003662109380,99.330001831054690,10391700,86.017509460449220
2020-10-28,97.500000000000000,98.300003051757810,96.069999694824220,96.540000915527340,16389500,83.601432800292970
2020-10-29,96.120002746582030,97.980003356933600,95.239997863769530,97.169998168945310,14208800,84.146987915039060
2020-10-30,97.910003662109380,98.419998168945310,96.230003356933600,98.040000915527340,15194500,84.900398254394530
2020-11-02,99.389999389648440,100.879997253417970,97.860000610351560,100.250000000000000,15011600,86.814201354980470
2020-11-03,103.019996643066400,104.739997863769530,102.690002441406250,103.410003662109380,17482600,89.550682067871100
2020-11-04,101.000000000000000,102.069999694824220,98.930000305175780,100.250000000000000,18886500,86.814201354980470
2020-11-05,101.059997558593750,105.099998474121100,101.000000000000000,104.349998474121100,17837400,90.364692687988280
2020-11-06,105.029998779296880,105.099998474121100,102.389999389648440,102.959999084472660,12552800,89.160980224609380
2020-11-09,113.160003662109380,118.900001525878900,110.349998474121100,116.900001525878900,47792400,101.232711791992190
2020-11-10,117.349998474121100,117.449996948242190,114.690002441406250,116.519996643066400,20539300,100.903633117675780
2020-11-11,116.889999389648440,116.959999084472660,113.959999084472660,114.779998779296880,14443400,99.396820068359380
2020-11-12,112.529998779296880,113.959999084472660,112.059997558593750,113.370002746582030,22063000,98.175804138183600
2020-11-13,114.699996948242190,114.860000610351560,113.569999694824220,114.080001831054690,11847900,98.790641784667970
2020-11-16,117.790000915527340,118.610000610351560,115.730003356933600,117.300003051757810,19858600,101.579086303710940
2020-11-17,115.389999389648440,116.440002441406250,114.580001831054690,116.110000610351560,14553200,100.548583984375000
2020-11-18,117.339996337890620,118.610000610351560,115.199996948242190,115.250000000000000,12571200,99.803840637207030
2020-11-19,114.180000305175780,115.819999694824220,113.559997558593750,115.559997558593750,10202500,100.072296142578120
2020-11-20,114.430000305175780,115.650001525878900,114.089996337890620,114.569999694824220,12718900,99.214996337890620
2020-11-23,116.050003051757810,118.169998168945310,115.569999694824220,117.870002746582030,13209200,102.072715759277340
2020-11-24,120.069999694824220,123.500000000000000,119.709999084472660,123.319999694824220,20121600,106.792266845703120
2020-11-25,121.370002746582030,122.379997253417970,120.470001220703120,122.029998779296880,11715600,105.675163269042970
2020-11-27,122.000000000000000,122.349998474121100,121.080001831054690,121.220001220703120,5983600,104.973739624023440
2020-11-30,120.000000000000000,120.720001220703120,117.769996643066400,117.879997253417970,14411800,102.081367492675780
2020-12-01,120.339996337890620,121.580001831054690,119.629997253417970,119.739997863769530,12668900,103.692085266113280
2020-12-02,119.699996948242190,122.309997558593750,119.269996643066400,122.040000915527340,10811300,105.683830261230470
2020-12-03,121.849998474121100,121.889999389648440,120.360000610351560,121.239997863769530,12904400,104.991050720214840
2020-12-04,122.480003356933600,123.290000915527340,121.690002441406250,122.339996337890620,13583700,105.943611145019530
2020-12-07,121.150001525878900,122.169998168945310,120.209999084472660,121.879997253417970,9724300,105.545295715332030
2020-12-08,121.040000915527340,122.330001831054690,120.760002136230470,122.000000000000000,9592100,105.649185180664060
2020-12-09,123.169998168945310,123.300003051757810,120.440002441406250,121.050003051757810,13073900,104.826515197753900
2020-12-10,119.989997863769530,120.779998779296880,119.559997558593750,120.269996643066400,13668400,104.151039123535160
2020-12-11,118.940002441406250,120.019996643066400,118.370002746582030,119.559997558593750,9981600,103.536186218261720
2020-12-14,121.339996337890620,121.419998168945310,118.110000610351560,118.300003051757810,12112400,102.445083618164060
2020-12-15,119.290000915527340,120.900001525878900,118.620002746582030,120.319999694824220,12590200,104.194366455078120
2020-12-16,120.300003051757810,121.080001831054690,119.860000610351560,120.669998168945310,11169400,104.497436523437500
2020-12-17,121.260002136230470,121.449996948242190,119.580001831054690,119.669998168945310,11618000,103.631492614746100
2020-12-18,119.139999389648440,119.879997253417970,118.269996643066400,119.080001831054690,28954800,103.120536804199220
2020-12-21,123.169998168945310,125.000000000000000,121.089996337890620,123.550003051757810,28323600,106.991447448730470
2020-12-22,123.389999389648440,123.519996643066400,121.610000610351560,121.669998168945310,11788200,105.363418579101560
2020-12-23,122.779998779296880,126.519996643066400,122.349998474121100,125.069999694824220,14973200,108.307739257812500
2020-12-24,125.089996337890620,125.550003051757810,123.569999694824220,124.519996643066400,4164900,107.831459045410160
2020-12-28,125.819999694824220,126.650001525878900,124.790000915527340,125.339996337890620,8072600,108.541549682617190
2020-12-29,126.199996948242190,126.279998779296880,124.889999389648440,125.010002136230470,8389200,108.255805969238280
2020-12-30,125.489997863769530,125.849998474121100,124.900001525878900,125.360000610351560,7398000,108.558883666992190
2020-12-31,125.089996337890620,127.330001831054690,124.819999694824220,127.069999694824220,8580200,110.039703369140620
2021-01-04,127.500000000000000,127.860000610351560,124.779998779296880,125.870002746582030,16819900,109.000511169433600
2021-01-05,124.989997863769530,126.300003051757810,123.769996643066400,125.650001525878900,13731200,109.593635559082030
2021-01-06,129.880004882812500,132.770004272460940,127.879997253417970,131.550003051757800,24909100,114.739685058593750
2021-01-07,135.690002441406250,138.190002441406250,134.919998168945300,135.869995117187500,21940400,118.507667541503900
2021-01-08,135.970001220703120,136.350006103515620,134.119995117187500,136.020004272460940,12035100,118.638488769531250
2021-01-11,134.580001831054700,138.199996948242200,134.110000610351560,138.050003051757800,15937900,120.409072875976560
2021-01-12,139.440002441406250,141.660003662109380,138.830001831054700,140.220001220703120,18033500,122.301788330078120
2021-01-13,138.589996337890620,140.789993286132800,138.100006103515620,140.350006103515620,14816800,122.415145874023440
2021-01-14,140.490005493164060,142.750000000000000,140.000000000000000,141.169998168945300,18565600,123.130363464355470
2021-01-15,137.429992675781250,141.649993896484380,137.009994506835940,138.639999389648440,27881000,120.923683166503900
2021-01-19,139.860000610351560,140.699996948242200,137.820007324218750,138.039993286132800,19843800,120.400344848632810
2021-01-20,137.820007324218750,138.169998168945300,135.440002441406250,135.970001220703120,16028800,118.594879150390620
2021-01-21,135.690002441406250,136.160003662109380,134.320007324218750,134.830001831054700,13411700,117.600555419921880
2021-01-22,132.690002441406250,134.399993896484380,132.199996948242200,133.789993286132800,12933200,116.693428039550780
2021-01-25,132.139999389648440,133.169998168945300,130.059997558593750,132.119995117187500,14212800,115.236839294433600
2021-01-26,132.750000000000000,133.169998168945300,131.339996337890620,131.580001831054700,11307800,114.765853881835940
2021-01-27,129.589996337890620,129.850006103515620,127.349998474121100,127.860000610351560,17603900,111.521217346191400
2021-01-28,129.899993896484380,132.169998168945300,128.990005493164060,130.110000610351560,13761800,113.483711242675780
2021-01-29,131.190002441406250,131.720001220703120,128.190002441406250,128.669998168945300,14808100,112.227706909179690
2021-02-01,129.399993896484380,130.070007324218750,128.479995727539060,129.619995117187500,11080700,113.056320190429690
2021-02-02,131.940002441406250,134.389999389648440,131.220001220703120,133.610000610351560,12253600,116.536430358886720
2021-02-03,133.649993896484380,135.759994506835940,133.509994506835940,135.139999389648440,10600800,117.870918273925780
2021-02-04,135.470001220703120,138.660003662109380,135.470001220703120,138.250000000000000,12419500,120.583534240722660
2021-02-05,139.389999389648440,139.490005493164060,137.380004882812500,137.979995727539060,10051300,120.348037719726560
2021-02-08,138.199996948242200,140.300003051757800,138.179992675781250,140.139999389648440,10136400,122.232017517089840
2021-02-09,139.429992675781250,139.979995727539060,138.539993286132800,139.580001831054700,8614800,121.743560791015620
2021-02-10,140.000000000000000,140.869995117187500,139.039993286132800,139.660003662109380,10323200,121.813346862792970
2021-02-11,139.660003662109380,140.550003051757800,138.220001220703120,139.270004272460940,9201000,121.473167419433600
2021-02-12,139.050003051757800,141.610000610351560,139.000000000000000,141.250000000000000,8324600,123.200172424316400
2021-02-16,143.550003051757800,145.320007324218750,142.399993896484380,144.649993896484380,12130600,126.165657043457030
2021-02-17,143.949996948242200,145.380004882812500,143.119995117187500,145.100006103515620,10810100,126.558174133300780
2021-02-18,144.000000000000000,145.789993286132800,143.399993896484380,145.589996337890620,10587800,126.985588073730470
2021-02-19,145.860000610351560,148.839996337890620,145.860000610351560,148.020004272460940,11969800,129.105026245117200
2021-02-22,146.869995117187500,150.190002441406250,146.789993286132800,149.410003662109380,11488400,130.317443847656250
2021-02-23,151.509994506835940,152.309997558593750,149.589996337890620,150.610000610351560,16234400,131.364074707031250
2021-02-24,150.110000610351560,153.759994506835940,150.110000610351560,153.259994506835940,15061400,133.675460815429700
2021-02-25,154.270004272460940,154.899993896484380,150.589996337890620,151.179992675781250,18127700,131.861221313476560
2021-02-26,150.300003051757800,150.869995117187500,146.509994506835940,147.169998168945300,19829200,128.363647460937500
2021-03-01,149.520004272460940,151.380004882812500,148.479995727539060,150.500000000000000,14845500,131.268096923828120
2021-03-02,150.080001831054700,151.779998779296880,149.839996337890620,150.009994506835940,14221700,130.840774536132800
2021-03-03,151.229995727539060,154.979995727539060,150.820007324218750,152.910003662109380,14324100,133.370178222656250
2021-03-04,152.610000610351560,154.380004882812500,148.619995117187500,150.559997558593750,20093900,131.320465087890620
2021-03-05,153.220001220703120,153.490005493164060,147.970001220703120,150.910003662109380,18465100,131.625747680664060
2021-03-08,152.470001220703120,155.460006713867200,150.750000000000000,152.910003662109380,17133300,133.370178222656250
2021-03-09,151.500000000000000,154.250000000000000,149.820007324218750,151.830001831054700,16238800,132.428161621093750
2021-03-10,151.910003662109380,156.160003662109380,151.509994506835940,155.130004882812500,14342200,135.306472778320300
2021-03-11,154.110000610351560,156.149993896484380,153.360000610351560,154.320007324218750,11771500,134.600006103515620
2021-03-12,156.860000610351560,157.630004882812500,155.070007324218750,156.149993896484380,12849500,136.196136474609380
2021-03-15,156.350006103515620,156.919998168945300,153.960006713867200,155.369995117187500,12101100,135.515823364257800
2021-03-16,154.089996337890620,154.600006103515620,152.190002441406250,153.509994506835940,12805600,133.893493652343750
2021-03-17,155.339996337890620,156.880004882812500,153.050003051757800,155.089996337890620,13952400,135.271575927734380
2021-03-18,157.600006103515620,161.690002441406250,157.110000610351560,157.649993896484380,21898500,137.504455566406250
2021-03-19,155.509994506835940,155.940002441406250,151.190002441406250,155.139999389648440,54418800,135.315231323242200
2021-03-22,152.800003051757800,153.970001220703120,150.610000610351560,150.970001220703120,19944800,131.678070068359380
2021-03-23,150.330001831054700,152.119995117187500,148.960006713867200,149.460006713867200,17076300,130.361038208007800
2021-03-24,150.000000000000000,153.179992675781250,149.860000610351560,150.619995117187500,13079800,131.372756958007800
2021-03-25,150.000000000000000,152.970001220703120,149.330001831054700,152.550003051757800,15608300,133.056182861328120
2021-03-26,154.300003051757800,155.449996948242200,152.550003051757800,155.089996337890620,16754400,135.271575927734380
2021-03-29,152.119995117187500,153.729995727539060,151.039993286132800,152.679992675781250,17570300,133.169555664062500
2021-03-30,154.460006713867200,155.869995117187500,153.880004882812500,154.479995727539060,13184300,134.739501953125000
2021-03-31,153.279998779296880,154.490005493164060,152.119995117187500,152.229995727539060,16736700,132.777053833007800
2021-04-01,151.899993896484380,153.789993286132800,151.550003051757800,153.710006713867200,16561500,134.067947387695300
2021-04-05,154.399993896484380,154.940002441406250,152.600006103515620,153.619995117187500,13508000,134.778625488281250
2021-04-06,152.789993286132800,154.279998779296880,151.860000610351560,152.539993286132800,13071600,133.831069946289060
2021-04-07,153.100006103515620,155.229995727539060,152.649993896484380,154.929992675781250,16903500,135.927917480468750
2021-04-08,154.000000000000000,155.509994506835940,152.309997558593750,155.119995117187500,12335500,136.094589233398440
2021-04-09,155.809997558593750,157.039993286132800,154.970001220703120,156.279998779296880,12122400,137.112319946289060
2021-04-12,155.580001831054700,157.250000000000000,155.570007324218750,155.949996948242200,12273400,136.822799682617200
2021-04-13,154.750000000000000,155.199996948242200,152.429992675781250,154.089996337890620,16113600,135.190963745117200
2021-04-14,151.470001220703120,153.830001831054700,150.929992675781250,151.210006713867200,19939600,132.664169311523440
2021-04-15,151.250000000000000,152.199996948242200,149.320007324218750,152.169998168945300,17694100,133.506408691406250
2021-04-16,153.869995117187500,154.509994506835940,152.690002441406250,153.300003051757800,13773400,134.497863769531250
2021-04-19,153.419998168945300,153.880004882812500,152.220001220703120,152.649993896484380,11900200,133.927536010742200
2021-04-20,151.740005493164060,151.750000000000000,148.649993896484380,149.270004272460940,13716700,130.962112426757800
2021-04-21,147.789993286132800,150.610000610351560,146.789993286132800,150.539993286132800,12236700,132.076385498046880
2021-04-22,150.229995727539060,150.300003051757800,147.259994506835940,147.369995117187500,15256100,129.295135498046880
2021-04-23,147.179992675781250,151.130004882812500,146.690002441406250,150.190002441406250,14041900,131.769287109375000
2021-04-26,150.779998779296880,152.460006713867200,150.380004882812500,150.559997558593750,10799100,132.093948364257800
2021-04-27,150.500000000000000,151.570007324218750,150.110000610351560,151.250000000000000,12821200,132.699295043945300
2021-04-28,152.429992675781250,152.889999389648440,151.399993896484380,152.229995727539060,8943700,133.559097290039060
2021-04-29,153.539993286132800,155.279998779296880,153.199996948242200,155.190002441406250,12976900,136.156036376953120
2021-04-30,154.100006103515620,154.490005493164060,153.009994506835940,153.809997558593750,11705100,134.945281982421880
2021-05-03,154.850006103515620,155.479995727539060,153.130004882812500,153.360000610351560,11801100,134.550491333007800
2021-05-04,152.869995117187500,155.639999389648440,152.139999389648440,155.479995727539060,12977700,136.410476684570300
2021-05-05,156.000000000000000,158.279998779296880,154.630004882812500,157.520004272460940,10506700,138.200271606445300
2021-05-06,158.070007324218750,160.820007324218750,157.160003662109380,160.690002441406250,13542400,140.981491088867200
2021-05-07,157.220001220703120,161.500000000000000,157.020004272460940,161.240005493164060,14257800,141.464004516601560
2021-05-10,161.500000000000000,163.729995727539060,161.119995117187500,161.220001220703120,14014300,141.446441650390620
2021-05-11,161.080001831054700,162.389999389648440,158.039993286132800,158.539993286132800,15451700,139.095169067382800
2021-05-12,159.610000610351560,160.779998779296880,157.029998779296880,157.449996948242200,14381700,138.138870239257800
2021-05-13,158.179992675781250,162.449996948242200,157.679992675781250,161.500000000000000,15395000,141.692123413085940
2021-05-14,162.389999389648440,164.449996948242200,161.990005493164060,164.009994506835940,10584000,143.894241333007800
2021-05-17,163.369995117187500,164.850006103515620,163.029998779296880,164.669998168945300,9886800,144.473327636718750
2021-05-18,164.679992675781250,165.500000000000000,162.240005493164060,162.350006103515620,11098100,142.437866210937500
2021-05-19,161.000000000000000,161.179992675781250,158.639999389648440,161.110000610351560,13278900,141.349945068359380
2021-05-20,160.830001831054700,161.860000610351560,159.520004272460940,160.830001831054700,10426000,141.104309082031250
2021-05-21,161.339996337890620,163.220001220703120,160.940002441406250,162.660003662109380,10249000,142.709838867187500
2021-05-24,163.360000610351560,164.229995727539060,162.119995117187500,163.539993286132800,9440300,143.481948852539060
2021-05-25,163.850006103515620,165.699996948242200,161.559997558593750,161.850006103515620,12609100,141.999191284179700
2021-05-26,163.570007324218750,163.740005493164060,161.309997558593750,161.830001831054700,13058300,141.981643676757800
2021-05-27,163.949996948242200,164.750000000000000,162.570007324218750,164.350006103515620,15707500,144.192535400390620
2021-05-28,164.679992675781250,164.940002441406250,163.259994506835940,164.240005493164060,10291300,144.096054077148440
2021-06-01,165.869995117187500,166.910003662109380,165.479995727539060,166.050003051757800,9445400,145.684066772460940
2021-06-02,167.259994506835940,167.440002441406250,165.529998779296880,166.059997558593750,10498600,145.692840576171880
2021-06-03,165.410003662109380,167.250000000000000,164.660003662109380,166.169998168945300,13354400,145.789352416992200
2021-06-04,166.210006713867200,166.669998168945300,165.029998779296880,166.440002441406250,8510800,146.026229858398440
2021-06-07,167.000000000000000,167.100006103515620,165.139999389648440,165.660003662109380,7267200,145.341873168945300
2021-06-08,164.490005493164060,165.759994506835940,163.160003662109380,165.000000000000000,10370700,144.762863159179700
2021-06-09,164.139999389648440,164.220001220703120,162.279998779296880,162.940002441406250,12377400,142.955520629882800
2021-06-10,164.360000610351560,165.240005493164060,160.309997558593750,160.399993896484380,12119400,140.727050781250000
2021-06-11,160.429992675781250,161.199996948242200,159.059997558593750,160.289993286132800,13683800,140.630508422851560
2021-06-14,160.149993896484380,160.330001831054700,156.660003662109380,157.570007324218750,19917900,138.244125366210940
2021-06-15,156.699996948242200,156.919998168945300,154.130004882812500,155.179992675781250,24485500,136.147262573242200
2021-06-16,154.729995727539060,157.619995117187500,153.110000610351560,156.270004272460940,25321200,137.103576660156250
2021-06-17,157.100006103515620,157.460006713867200,151.250000000000000,151.759994506835940,29722400,133.146667480468750
2021-06-18,149.300003051757800,149.699996948242200,147.559997558593750,147.919998168945300,43595700,129.777679443359380
2021-06-21,149.080001831054700,151.199996948242200,149.020004272460940,150.429992675781250,18664800,131.979873657226560
2021-06-22,150.600006103515620,150.970001220703120,148.660003662109380,150.210006713867200,14251200,131.786819458007800
2021-06-23,150.199996948242200,152.039993286132800,150.089996337890620,151.119995117187500,12733300,132.585220336914060
2021-06-24,151.919998168945300,153.119995117187500,151.220001220703120,152.509994506835940,13733200,133.804733276367200
2021-06-25,152.589996337890620,154.500000000000000,151.669998168945300,154.050003051757800,15484900,135.155883789062500
2021-06-28,153.699996948242200,154.479995727539060,152.119995117187500,154.330001831054700,14125800,135.401535034179700
2021-06-29,155.000000000000000,156.309997558593750,153.610000610351560,154.139999389648440,14528700,135.234786987304700
2021-06-30,153.750000000000000,156.080001831054700,153.710006713867200,155.539993286132800,12531000,136.463134765625000
2021-07-01,156.259994506835940,157.139999389648440,155.419998168945300,157.080001831054700,10479400,137.814208984375000
2021-07-02,155.949996948242200,156.320007324218750,155.119995117187500,156.029998779296880,11424000,137.681838989257800
2021-07-06,155.779998779296880,155.779998779296880,152.350006103515620,153.410003662109380,15083400,135.369979858398440
2021-07-07,152.009994506835940,154.279998779296880,151.550003051757800,153.589996337890620,12271800,135.528808593750000
2021-07-08,151.610000610351560,152.529998779296880,150.039993286132800,150.940002441406250,17834600,133.190414428710940
2021-07-09,153.050003051757800,156.149993896484380,152.580001831054700,155.770004272460940,13694500,137.452438354492200
2021-07-12,154.350006103515620,159.160003662109380,153.940002441406250,158.000000000000000,19940400,139.420227050781250
2021-07-13,156.050003051757800,157.389999389648440,153.500000000000000,155.649993896484380,22671700,137.346572875976560
2021-07-14,155.949996948242200,157.279998779296880,152.949996948242200,155.119995117187500,14622800,136.878860473632800
2021-07-15,153.899993896484380,156.529998779296880,153.699996948242200,155.460006713867200,11539300,137.178894042968750
2021-07-16,155.960006713867200,156.279998779296880,151.020004272460940,151.910003662109380,14002700,134.046356201171880
2021-07-19,148.550003051757800,149.820007324218750,145.710006713867200,146.970001220703120,22172900,129.687240600585940
2021-07-20,146.520004272460940,151.119995117187500,146.330001831054700,149.710006713867200,15385200,132.105026245117200
2021-07-21,152.050003051757800,153.649993896484380,151.360000610351560,152.860000610351560,12356700,134.884628295898440
2021-07-22,152.880004882812500,153.440002441406250,149.970001220703120,150.929992675781250,9913300,133.181579589843750
2021-07-23,151.479995727539060,152.839996337890620,150.250000000000000,150.639999389648440,9666100,132.925720214843750
2021-07-26,150.190002441406250,151.960006713867200,150.169998168945300,151.649993896484380,8208000,133.816894531250000
2021-07-27,150.399993896484380,152.490005493164060,149.800003051757800,151.449996948242200,11218700,133.640426635742200
2021-07-28,152.289993286132800,152.770004272460940,150.880004882812500,151.699996948242200,9217300,133.861068725585940
2021-07-29,153.139999389648440,153.869995117187500,151.910003662109380,153.000000000000000,9063500,135.008178710937500
2021-07-30,152.580001831054700,153.669998168945300,151.199996948242200,151.779998779296880,9805200,133.931640625000000
2021-08-02,152.029998779296880,154.449996948242200,151.070007324218750,151.169998168945300,10203200,133.393356323242200
2021-08-03,151.949996948242200,153.320007324218750,149.520004272460940,152.889999389648440,10394800,134.911087036132800
2021-08-04,151.250000000000000,153.369995117187500,150.910003662109380,151.240005493164060,10155000,133.455123901367200
2021-08-05,152.279998779296880,153.690002441406250,152.009994506835940,153.149993896484380,9151500,135.140533447265620
2021-08-06,155.190002441406250,157.820007324218750,155.110000610351560,157.500000000000000,13328800,138.979003906250000
2021-08-09,157.520004272460940,158.550003051757800,155.899993896484380,157.330001831054700,9516900,138.828994750976560
2021-08-10,156.740005493164060,159.979995727539060,156.309997558593750,159.259994506835940,8667000,140.532012939453120
2021-08-11,160.000000000000000,161.500000000000000,159.080001831054700,161.160003662109380,9156500,142.208633422851560
2021-08-12,161.880004882812500,162.369995117187500,160.550003051757800,161.789993286132800,8844200,142.764556884765620
2021-08-13,161.789993286132800,162.160003662109380,159.570007324218750,159.979995727539060,8980900,141.167373657226560
2021-08-16,158.940002441406250,159.029998779296880,156.779998779296880,158.929992675781250,8755800,140.240844726562500
2021-08-17,157.570007324218750,158.860000610351560,155.270004272460940,157.009994506835940,9347200,138.546630859375000
2021-08-18,156.309997558593750,158.009994506835940,155.339996337890620,155.580001831054700,8065500,137.284774780273440
2021-08-19,153.160003662109380,155.559997558593750,153.009994506835940,154.279998779296880,9517700,136.137664794921880
2021-08-20,154.350006103515620,154.899993896484380,153.160003662109380,154.720001220703120,6974100,136.525894165039060
2021-08-23,155.330001831054700,157.089996337890620,155.240005493164060,156.699996948242200,7934600,138.273117065429700
2021-08-24,157.000000000000000,158.550003051757800,156.869995117187500,157.669998168945300,7670900,139.129013061523440
2021-08-25,158.509994506835940,161.779998779296880,157.800003051757800,160.919998168945300,11335000,141.996810913085940
2021-08-26,162.259994506835940,163.830001831054700,161.149993896484380,161.750000000000000,11027500,142.729217529296880
2021-08-27,161.750000000000000,163.160003662109380,161.259994506835940,163.050003051757800,8780200,143.876373291015620
2021-08-30,163.210006713867200,163.490005493164060,159.880004882812500,160.440002441406250,7937600,141.573272705078120
2021-08-31,160.440002441406250,161.369995117187500,159.350006103515620,159.949996948242200,12340800,141.140899658203120
2021-09-01,160.220001220703120,160.759994506835940,158.970001220703120,159.720001220703120,8729900,140.937942504882800
2021-09-02,160.020004272460940,161.610000610351560,159.429992675781250,160.460006713867200,8813300,141.590942382812500
2021-09-03,160.389999389648440,160.889999389648440,159.149993896484380,159.490005493164060,7959700,140.735000610351560
2021-09-07,159.990005493164060,161.380004882812500,158.960006713867200,159.210006713867200,9285600,140.487945556640620
2021-09-08,158.889999389648440,159.580001831054700,158.039993286132800,158.500000000000000,7852700,139.861419677734380
2021-09-09,158.270004272460940,160.830001831054700,158.080001831054700,159.190002441406250,7904300,140.470291137695300
2021-09-10,160.559997558593750,160.720001220703120,157.220001220703120,157.360000610351560,8311600,138.855453491210940
2021-09-13,158.529998779296880,160.050003051757800,158.070007324218750,159.860000610351560,10052800,141.061492919921880
2021-09-14,160.449996948242200,161.339996337890620,156.259994506835940,157.070007324218750,11685600,138.599578857421880
2021-09-15,156.720001220703120,158.690002441406250,156.470001220703120,158.160003662109380,11691500,139.561401367187500
2021-09-16,159.410003662109380,160.850006103515620,157.220001220703120,158.089996337890620,10880900,139.499649047851560
2021-09-17,157.380004882812500,159.009994506835940,157.000000000000000,157.679992675781250,25581600,139.137832641601560
2021-09-20,153.889999389648440,154.559997558593750,150.490005493164060,152.960006713867200,15819900,134.972869873046880
2021-09-21,153.529998779296880,154.550003051757800,152.580001831054700,152.979995727539060,8999900,134.990524291992200
2021-09-22,155.199996948242200,157.250000000000000,155.100006103515620,155.910003662109380,11236200,137.575988769531250
2021-09-23,158.000000000000000,161.710006713867200,157.669998168945300,161.179992675781250,12336100,142.226242065429700
2021-09-24,161.440002441406250,163.589996337890620,160.820007324218750,163.039993286132800,10102400,143.867523193359380
2021-09-27,165.000000000000000,167.399993896484380,164.610000610351560,166.979995727539060,13220900,147.344253540039060
2021-09-28,167.699996948242200,169.300003051757800,165.660003662109380,166.080001831054700,13387900,146.550079345703120
2021-09-29,166.210006713867200,166.899993896484380,165.039993286132800,165.949996948242200,7777100,146.435348510742200
2021-09-30,166.919998168945300,166.990005493164060,162.789993286132800,163.690002441406250,13161200,144.441101074218750
2021-10-01,164.000000000000000,168.300003051757800,163.600006103515620,167.130004882812500,11285000,147.476593017578120
2021-10-04,166.970001220703120,170.440002441406250,165.729995727539060,166.949996948242200,14120000,147.317718505859380
2021-10-05,167.210006713867200,170.139999389648440,166.669998168945300,168.660003662109380,12292900,149.723510742187500
2021-10-06,167.990005493164060,169.100006103515620,166.000000000000000,169.020004272460940,8692600,150.043060302734380
2021-10-07,171.199996948242200,171.509994506835940,169.539993286132800,170.089996337890620,10195400,150.992889404296880
2021-10-08,170.020004272460940,171.339996337890620,169.300003051757800,170.220001220703120,8190100,151.108367919921880
2021-10-11,170.800003051757800,171.289993286132800,166.460006713867200,166.639999389648440,12154700,147.930267333984380
2021-10-12,165.750000000000000,166.690002441406250,164.770004272460940,165.360000610351560,13032600,146.794006347656250
2021-10-13,164.070007324218750,165.410003662109380,160.600006103515620,161.000000000000000,22753500,142.923538208007800
2021-10-14,161.750000000000000,164.009994506835940,160.059997558593750,163.470001220703120,15176800,145.116180419921880
2021-10-15,165.350006103515620,167.169998168945300,164.139999389648440,166.610000610351560,14267400,147.903640747070300
2021-10-18,166.479995727539060,168.610000610351560,165.910003662109380,166.550003051757800,12672900,147.850372314453120
2021-10-19,167.399993896484380,168.649993896484380,166.580001831054700,168.570007324218750,8053900,149.643600463867200
2021-10-20,168.300003051757800,170.869995117187500,167.460006713867200,170.839996337890620,8185600,151.658706665039060
2021-10-21,170.759994506835940,171.330001831054700,168.679992675781250,169.500000000000000,8415200,150.469192504882800
2021-10-22,170.029998779296880,172.089996337890620,169.699996948242200,171.779998779296880,8817900,152.493133544921880
2021-10-25,172.710006713867200,172.960006713867200,170.479995727539060,170.940002441406250,10159200,151.747497558593750
2021-10-26,171.000000000000000,172.490005493164060,170.539993286132800,171.399993896484380,8015100,152.155822753906250
2021-10-27,170.320007324218750,170.699996948242200,167.339996337890620,167.830001831054700,9847000,148.986663818359380
2021-10-28,168.300003051757800,170.509994506835940,167.960006713867200,170.360000610351560,7212900,151.232589721679700
2021-10-29,171.179992675781250,172.240005493164060,169.389999389648440,169.889999389648440,8140100,150.815383911132800
2021-11-01,172.039993286132800,172.330001831054700,169.009994506835940,169.800003051757800,7435500,150.735473632812500
2021-11-02,169.800003051757800,171.690002441406250,168.919998168945300,170.470001220703120,7173800,151.330276489257800
2021-11-03,170.130004882812500,171.130004882812500,169.149993896484380,170.529998779296880,8402700,151.383514404296880
2021-11-04,170.000000000000000,170.199996948242200,166.490005493164060,168.289993286132800,9574200,149.395019531250000
2021-11-05,168.899993896484380,170.089996337890620,167.410003662109380,168.050003051757800,7975600,149.181945800781250
2021-11-08,169.050003051757800,170.919998168945300,168.740005493164060,169.059997558593750,6413700,150.078552246093750
2021-11-09,167.350006103515620,168.470001220703120,166.600006103515620,167.779998779296880,7990300,148.942306518554700
2021-11-10,167.449996948242200,168.949996948242200,167.089996337890620,167.619995117187500,6999200,148.800231933593750
2021-11-11,167.520004272460940,168.679992675781250,166.899993896484380,167.610000610351560,5815300,148.791397094726560
2021-11-12,167.649993896484380,167.740005493164060,165.720001220703120,166.860000610351560,8113400,148.125549316406250
2021-11-15,167.210006713867200,167.789993286132800,166.000000000000000,166.559997558593750,6492500,147.859252929687500
2021-11-16,167.059997558593750,167.070007324218750,165.119995117187500,165.360000610351560,9706100,146.794006347656250
2021-11-17,165.210006713867200,165.559997558593750,163.389999389648440,164.470001220703120,9909600,146.003906250000000
2021-11-18,164.389999389648440,164.850006103515620,162.559997558593750,163.050003051757800,8122500,144.743347167968750
2021-11-19,161.300003051757800,162.110000610351560,159.449996948242200,160.919998168945300,12193600,142.852493286132800
2021-11-22,164.160003662109380,165.979995727539060,162.990005493164060,164.350006103515620,14549900,145.897354125976560
2021-11-23,165.500000000000000,168.559997558593750,165.369995117187500,168.279998779296880,12354400,149.386123657226560
2021-11-24,168.460006713867200,169.440002441406250,166.440002441406250,166.960006713867200,9629800,148.214324951171880
2021-11-26,162.139999389648440,162.649993896484380,158.820007324218750,161.929992675781250,13619300,143.749069213867200
2021-11-29,163.309997558593750,164.779998779296880,159.820007324218750,161.229995727539060,12104400,143.127655029296880
2021-11-30,159.160003662109380,160.630004882812500,158.289993286132800,158.830001831054700,18922600,140.997161865234380
2021-12-01,161.000000000000000,163.270004272460940,157.800003051757800,157.889999389648440,12253400,140.162689208984380
2021-12-02,159.830001831054700,163.250000000000000,158.800003051757800,161.210006713867200,12969900,143.109939575195300
2021-12-03,161.500000000000000,161.830001831054700,157.190002441406250,158.289993286132800,12681800,140.517776489257800
2021-12-06,161.009994506835940,162.610000610351560,159.460006713867200,160.160003662109380,11186500,142.177825927734380
2021-12-07,161.880004882812500,163.389999389648440,161.160003662109380,162.570007324218750,9851600,144.317214965820300
2021-12-08,162.660003662109380,163.270004272460940,160.169998168945300,160.710006713867200,11705700,142.666030883789060
2021-12-09,159.649993896484380,160.929992675781250,158.649993896484380,160.460006713867200,11189600,142.444152832031250
2021-12-10,161.320007324218750,161.699996948242200,159.130004882812500,159.820007324218750,10405400,141.876007080078120
2021-12-13,159.500000000000000,159.789993286132800,157.279998779296880,157.919998168945300,12069000,140.189361572265620
2021-12-14,157.449996948242200,160.889999389648440,157.300003051757800,159.130004882812500,12563600,141.263473510742200
2021-12-15,159.850006103515620,159.850006103515620,157.350006103515620,157.940002441406250,14014200,140.207077026367200
2021-12-16,160.389999389648440,161.820007324218750,158.699996948242200,160.410003662109380,19542800,142.399734497070300
2021-12-17,159.320007324218750,159.380004882812500,155.179992675781250,156.759994506835940,28082000,139.159530639648440
2021-12-20,154.509994506835940,154.699996948242200,151.839996337890620,153.940002441406250,15148000,136.656173706054700
2021-12-21,155.410003662109380,157.179992675781250,155.089996337890620,156.089996337890620,11291300,138.564819335937500
2021-12-22,155.750000000000000,157.059997558593750,155.240005493164060,156.699996948242200,7273000,139.106323242187500
2021-12-23,157.610000610351560,159.119995117187500,157.210006713867200,157.259994506835940,8055200,139.603393554687500
2021-12-27,157.600006103515620,158.199996948242200,156.339996337890620,158.160003662109380,6188100,140.402389526367200
2021-12-28,158.199996948242200,160.149993896484380,158.080001831054700,158.639999389648440,6342300,140.828460693359380
2021-12-29,158.850006103515620,159.630004882812500,158.149993896484380,158.559997558593750,6398900,140.757476806640620
2021-12-30,159.110000610351560,160.240005493164060,158.369995117187500,158.479995727539060,6948200,140.686431884765620
2021-12-31,158.449996948242200,159.289993286132800,157.960006713867200,158.350006103515620,5805900,140.571075439453120
2022-01-03,159.860000610351560,162.639999389648440,159.509994506835940,161.699996948242200,13120900,143.544937133789060
2022-01-04,164.309997558593750,168.580001831054700,164.229995727539060,167.830001831054700,20195800,148.986663818359380
2022-01-05,167.820007324218750,168.360000610351560,163.729995727539060,163.779998779296880,17539400,146.262878417968750
2022-01-06,166.910003662109380,167.369995117187500,163.869995117187500,165.520004272460940,14047500,147.816772460937500
2022-01-07,165.669998168945300,167.529998779296880,165.059997558593750,167.160003662109380,13913300,149.281356811523440
2022-01-10,169.070007324218750,169.309997558593750,165.529998779296880,167.320007324218750,12922500,149.424255371093750
2022-01-11,168.259994506835940,168.520004272460940,166.309997558593750,167.490005493164060,11854100,149.576080322265620
2022-01-12,168.460006713867200,169.589996337890620,167.179992675781250,168.440002441406250,12568000,150.424453735351560
2022-01-13,168.339996337890620,169.809997558593750,167.889999389648440,168.229995727539060,13623400,150.236953735351560
2022-01-14,160.759994506835940,161.029998779296880,156.899993896484380,157.889999389648440,40158400,141.002822875976560
2022-01-18,155.779998779296880,155.779998779296880,150.539993286132800,151.270004272460940,32324800,135.090896606445300
2022-01-19,151.570007324218750,152.229995727539060,148.550003051757800,148.929992675781250,22380000,133.001144409179700
2022-01-20,148.990005493164060,150.610000610351560,147.360000610351560,147.660003662109380,14860800,131.866973876953120
2022-01-21,147.500000000000000,147.509994506835940,144.270004272460940,145.080001831054700,20705400,129.562957763671880
2022-01-24,142.279998779296880,145.479995727539060,139.570007324218750,144.949996948242200,28471400,129.446823120117200
2022-01-25,143.649993896484380,146.850006103515620,140.789993286132800,146.529998779296880,18915900,130.857864379882800
2022-01-26,148.720001220703120,150.570007324218750,145.960006713867200,147.919998168945300,20709100,132.099197387695300
2022-01-27,149.419998168945300,150.380004882812500,144.130004882812500,145.309997558593750,17536800,129.768325805664060
2022-01-28,144.190002441406250,146.759994506835940,142.169998168945300,146.610000610351560,14117000,130.929290771484380
2022-01-31,145.639999389648440,148.789993286132800,144.669998168945300,148.600006103515620,13985700,132.706436157226560
2022-02-01,148.690002441406250,151.470001220703120,148.300003051757800,151.149993896484380,14584900,134.983703613281250
2022-02-02,150.500000000000000,150.940002441406250,148.070007324218750,149.940002441406250,12441100,133.903137207031250
2022-02-03,150.000000000000000,151.649993896484380,148.289993286132800,148.699996948242200,12474900,132.795745849609380
2022-02-04,149.100006103515620,153.500000000000000,148.770004272460940,152.559997558593750,16654400,136.242904663085940
2022-02-07,153.270004272460940,153.619995117187500,150.850006103515620,153.070007324218750,12572300,136.698379516601560
2022-02-08,155.000000000000000,158.479995727539060,154.800003051757800,155.949996948242200,20411400,139.270339965820300
2022-02-09,156.589996337890620,157.429992675781250,155.820007324218750,156.600006103515620,9131100,139.850845336914060
2022-02-10,156.660003662109380,159.029998779296880,155.220001220703120,155.949996948242200,16455600,139.270339965820300
2022-02-11,155.610000610351560,158.190002441406250,152.970001220703120,153.919998168945300,16830000,137.457458496093750
2022-02-14,152.729995727539060,153.679992675781250,150.320007324218750,152.490005493164060,17026500,136.180404663085940
2022-02-15,154.509994506835940,155.940002441406250,153.850006103515620,154.720001220703120,9500000,138.171905517578120
2022-02-16,153.740005493164060,156.100006103515620,153.740005493164060,155.000000000000000,9076500,138.421951293945300
2022-02-17,153.000000000000000,153.729995727539060,150.669998168945300,151.429992675781250,11367500,135.233795166015620
2022-02-18,152.130004882812500,154.139999389648440,151.130004882812500,152.139999389648440,11733300,135.867874145507800
2022-02-22,150.600006103515620,153.240005493164060,150.410003662109380,151.869995117187500,11333500,135.626724243164060
2022-02-23,153.119995117187500,153.300003051757800,147.970001220703120,148.690002441406250,11799000,132.786849975585940
2022-02-24,142.940002441406250,144.990005493164060,139.779998779296880,144.550003051757800,25655100,129.089614868164060
2022-02-25,145.250000000000000,150.130004882812500,144.910003662109380,147.970001220703120,18367700,132.143829345703120
2022-02-28,143.550003051757800,145.059997558593750,140.880004882812500,141.800003051757800,31315300,126.633743286132810
2022-03-01,140.039993286132800,140.479995727539060,133.580001831054700,136.449996948242200,36840400,121.855964660644530
2022-03-02,137.289993286132800,140.039993286132800,136.610000610351560,139.279998779296880,19405600,124.383262634277340
2022-03-03,139.839996337890620,140.979995727539060,137.059997558593750,138.289993286132800,16640800,123.499183654785160
2022-03-04,134.940002441406250,135.419998168945300,132.399993896484380,134.399993896484380,21016000,120.025222778320310
2022-03-07,132.169998168945300,132.690002441406250,128.949996948242200,129.210006713867200,27560100,115.390335083007810
2022-03-08,129.639999389648440,131.789993286132800,127.269996643066400,128.300003051757800,19207800,114.577644348144530
2022-03-09,132.899993896484380,135.240005493164060,132.440002441406250,133.440002441406250,17536200,119.167907714843750
2022-03-10,131.860000610351560,133.449996948242200,130.320007324218750,131.860000610351560,15604200,117.756904602050780
2022-03-11,132.490005493164060,134.080001831054700,128.419998168945300,128.889999389648440,20061800,115.104537963867190
2022-03-14,129.460006713867200,132.919998168945300,129.229995727539060,130.169998168945300,15786900,116.247619628906250
2022-03-15,131.800003051757800,133.550003051757800,131.130004882812500,132.479995727539060,15096600,118.310577392578120
2022-03-16,134.869995117187500,138.490005493164060,134.429992675781250,138.399993896484380,20354900,123.597381591796880
2022-03-17,136.860000610351560,140.190002441406250,135.919998168945300,140.149993896484380,17050500,125.160209655761720
2022-03-18,140.190002441406250,140.850006103515620,138.460006713867200,140.100006103515620,23656500,125.115592956542970
2022-03-21,140.350006103515620,140.759994506835940,138.729995727539060,139.649993896484380,12676100,124.713684082031250
2022-03-22,142.270004272460940,143.929992675781250,141.720001220703120,142.619995117187500,13548600,127.366058349609380
2022-03-23,140.979995727539060,141.589996337890620,139.199996948242200,139.779998779296880,12093200,124.829795837402340
2022-03-24,140.300003051757800,140.710006713867200,139.110000610351560,140.690002441406250,10017600,125.642463684082030
2022-03-25,141.089996337890620,143.179992675781250,140.800003051757800,141.919998168945300,8383500,126.740921020507810
2022-03-28,140.000000000000000,140.970001220703120,137.899993896484380,140.869995117187500,10818100,125.803215026855470
2022-03-29,143.350006103515620,143.600006103515620,140.240005493164060,141.179992675781250,11316500,126.080085754394530
2022-03-30,141.899993896484380,142.119995117187500,139.910003662109380,140.539993286132800,8771000,125.508506774902340
2022-03-31,139.830001831054700,140.350006103515620,136.259994506835940,136.320007324218750,17353900,121.739875793457030
2022-04-01,137.399993896484380,137.410003662109380,133.800003051757800,135.309997558593750,15721300,120.837898254394530
2022-04-04,134.119995117187500,136.940002441406250,132.889999389648440,135.910003662109380,17416400,121.373725891113280
2022-04-05,134.070007324218750,135.399993896484380,133.009994506835940,133.339996337890620,12110300,119.961242675781250
2022-04-06,131.580001831054700,132.559997558593750,130.960006713867200,131.490005493164060,12914700,118.296867370605470
2022-04-07,130.949996948242200,131.919998168945300,128.729995727539060,131.089996337890620,12994200,117.937011718750000
2022-04-08,131.669998168945300,133.899993896484380,131.490005493164060,133.490005493164060,13126900,120.096206665039060
2022-04-11,133.000000000000000,134.899993896484380,132.570007324218750,133.000000000000000,10466400,119.655364990234380
2022-04-12,132.139999389648440,134.580001831054700,130.699996948242200,131.539993286132800,12989900,118.341857910156250
2022-04-13,126.940002441406250,129.250000000000000,126.010002136230470,127.300003051757810,30838000,114.527275085449220
2022-04-14,126.500000000000000,128.300003051757800,125.019996643066400,126.120002746582030,18835200,113.465675354003900
2022-04-18,125.669998168945310,129.240005493164060,125.540000915527340,128.460006713867200,11834400,115.570899963378900
2022-04-19,128.449996948242200,131.320007324218750,128.229995727539060,131.119995117187500,15015400,117.963996887207030
2022-04-20,132.520004272460940,133.509994506835940,131.339996337890620,131.580001831054700,13430200,118.377838134765620
2022-04-21,132.220001220703120,132.809997558593750,129.960006713867200,130.559997558593750,12174200,117.460189819335940
2022-04-22,130.279998779296880,130.520004272460940,126.690002441406250,126.809997558593750,14318800,114.086433410644530
2022-04-25,126.010002136230470,127.120002746582030,123.110000610351560,126.769996643066400,17149000,114.050445556640620
2022-04-26,124.639999389648440,126.410003662109380,122.870002746582030,123.019996643066400,17209500,110.676704406738280
2022-04-27,122.330001831054690,123.559997558593750,121.220001220703120,121.419998168945310,17215200,109.237258911132810
2022-04-28,122.809997558593750,123.650001525878900,121.139999389648440,123.339996337890620,13015600,110.964607238769530
2022-04-29,123.050003051757810,123.610000610351560,118.900001525878900,119.360000610351560,14874800,107.383941650390620
2022-05-02,119.879997253417970,120.709999084472660,118.220001220703120,120.449996948242190,18545000,108.364578247070310
2022-05-03,121.529998779296880,124.169998168945310,120.779998779296880,123.029998779296880,15720900,110.685707092285160
2022-05-04,122.800003051757810,127.400001525878900,122.739997863769530,127.099998474121100,17128500,114.347351074218750
2022-05-05,125.250000000000000,126.099998474121100,122.160003662109380,123.919998168945310,15055400,111.486404418945310
2022-05-06,123.800003051757810,124.290000915527340,121.180000305175780,123.720001220703120,14417900,111.306480407714840
2022-05-09,122.110000610351560,123.330001831054690,120.500000000000000,121.860000610351560,14312300,109.633102416992190
2022-05-10,123.110000610351560,123.779998779296880,117.559997558593750,118.889999389648440,16382400,106.961105346679690
2022-05-11,119.300003051757810,122.889999389648440,117.940002441406250,118.139999389648440,14630300,106.286361694335940
2022-05-12,117.000000000000000,118.319999694824220,115.370002746582030,118.040000915527340,16318800,106.196388244628900
2022-05-13,119.410003662109380,120.250000000000000,117.959999084472660,119.089996337890620,10443200,107.141036987304690
2022-05-16,118.540000915527340,119.459999084472660,117.230003356933600,118.260002136230470,10269000,106.394317626953120
2022-05-17,121.040000915527340,122.970001220703120,120.809997558593750,122.180000305175780,11160200,109.920997619628900
2022-05-18,121.300003051757810,121.970001220703120,119.529998779296880,120.089996337890620,12664900,108.040679931640620
2022-05-19,118.190002441406250,119.650001525878900,117.629997253417970,118.309997558593750,12765800,106.439285278320310
2022-05-20,119.459999084472660,119.669998168945310,115.019996643066400,117.339996337890620,13150100,105.566619873046880
2022-05-23,120.459999084472660,126.569999694824220,120.449996948242190,124.599998474121100,24376700,112.098190307617190
2022-05-24,124.360000610351560,127.489997863769530,123.110000610351560,126.360000610351560,19324900,113.681610107421880
2022-05-25,126.279998779296880,127.860000610351560,125.169998168945310,127.239997863769530,12780400,114.473304748535160
2022-05-26,128.369995117187500,130.190002441406250,128.210006713867200,129.440002441406250,15990900,116.452568054199220
2022-05-27,130.160003662109380,131.270004272460940,129.139999389648440,131.270004272460940,11177800,118.098953247070310
2022-05-31,130.179992675781250,133.149993896484380,129.710006713867200,132.229995727539060,17015000,118.962615966796880
2022-06-01,132.869995117187500,132.869995117187500,128.669998168945300,129.910003662109380,10768000,116.875396728515620
2022-06-02,129.899993896484380,132.009994506835940,128.669998168945300,132.000000000000000,8374800,118.755691528320310
2022-06-03,131.210006713867200,131.770004272460940,129.990005493164060,130.160003662109380,8596000,117.100318908691400
2022-06-06,131.089996337890620,132.389999389648440,129.460006713867200,129.729995727539060,11323500,116.713478088378900
2022-06-07,128.830001831054700,130.320007324218750,128.619995117187500,130.070007324218750,6722200,117.019355773925780
2022-06-08,129.000000000000000,129.449996948242200,126.900001525878900,128.000000000000000,8422100,115.157043457031250
2022-06-09,127.370002746582030,128.100006103515620,125.269996643066400,125.309997558593750,13560100,112.736938476562500
2022-06-10,122.589996337890620,123.400001525878900,119.319999694824220,119.550003051757810,12945200,107.554893493652340
2022-06-13,116.860000610351560,117.949996948242190,115.059997558593750,115.989997863769530,16805600,104.352058410644530
2022-06-14,115.550003051757810,117.319999694824220,113.220001220703120,114.059997558593750,13357900,102.615722656250000
2022-06-15,115.620002746582030,116.949996948242190,113.169998168945310,115.410003662109380,14083500,103.830276489257810
2022-06-16,113.860000610351560,114.260002136230470,111.870002746582030,113.430000305175780,16724900,102.048934936523440
2022-06-17,113.540000915527340,114.629997253417970,112.160003662109380,113.029998779296880,30919900,101.689071655273440
2022-06-21,115.870002746582030,117.029998779296880,115.040000915527340,115.830001831054690,11680500,104.208129882812500
2022-06-22,114.879997253417970,116.199996948242190,114.389999389648440,115.180000305175780,9842700,103.623336791992190
2022-06-23,115.010002136230470,115.180000305175780,111.480003356933600,113.919998168945310,11851500,102.489761352539060
2022-06-24,113.230003356933600,117.819999694824220,112.830001831054690,117.319999694824220,14841100,105.548622131347660
2022-06-27,118.059997558593750,118.500000000000000,115.639999389648440,116.379997253417970,11280500,104.702934265136720
2022-06-28,117.669998168945310,119.290000915527340,115.599998474121100,115.819999694824220,11590900,104.199142456054690
2022-06-29,116.000000000000000,116.819999694824220,114.730003356933600,115.300003051757810,9338400,103.731307983398440
2022-06-30,113.169998168945310,114.080001831054690,110.930000305175780,112.610000610351560,15172600,101.311210632324220
2022-07-01,112.650001525878900,114.419998168945310,111.160003662109380,114.050003051757810,10573600,102.606742858886720
2022-07-05,110.769996643066400,112.709999084472660,109.300003051757810,112.620002746582030,12514200,102.216445922851560
2022-07-06,111.730003356933600,112.989997863769530,110.790000915527340,111.889999389648440,10656200,101.553886413574220
2022-07-07,113.500000000000000,114.900001525878900,113.400001525878900,114.720001220703120,10347400,104.122459411621100
2022-07-08,115.160003662109380,115.650001525878900,113.610000610351560,114.360000610351560,8807800,103.795700073242190
2022-07-11,113.550003051757810,114.230003356933600,112.220001220703120,112.860000610351560,7939500,102.434280395507810
2022-07-12,112.580001831054690,115.180000305175780,112.260002136230470,112.970001220703120,11250900,102.534126281738280
2022-07-13,111.750000000000000,112.480003356933600,110.379997253417970,111.910003662109380,12979900,101.572036743164060
2022-07-14,107.989997863769530,108.230003356933600,106.059997558593750,108.000000000000000,26204800,98.023239135742190
2022-07-15,109.160003662109380,113.879997253417970,107.669998168945310,112.949996948242190,18863900,102.515975952148440
2022-07-18,114.769996643066400,115.839996337890620,111.290000915527340,111.790000915527340,13977900,101.463119506835940
2022-07-19,113.129997253417970,114.940002441406250,112.669998168945310,114.559997558593750,11862300,103.977218627929690
2022-07-20,114.099998474121100,114.739997863769530,113.480003356933600,114.540000915527340,11667500,103.959075927734380
2022-07-21,114.440002441406250,115.529998779296880,113.370002746582030,115.319999694824220,11595900,104.667030334472660
2022-07-22,115.239997863769530,116.250000000000000,113.669998168945310,114.760002136230470,7645500,104.158752441406250
2022-07-25,115.839996337890620,116.459999084472660,114.769996643066400,115.220001220703120,9394000,104.576263427734380
2022-07-26,114.580001831054690,115.580001831054690,113.029998779296880,113.419998168945310,10675100,102.942558288574220
2022-07-27,114.010002136230470,115.739997863769530,113.300003051757810,115.239997863769530,9337400,104.594413757324220
2022-07-28,115.250000000000000,115.980003356933600,113.529998779296880,114.809997558593750,10384800,104.204154968261720
2022-07-29,115.589996337890620,116.500000000000000,114.790000915527340,115.360000610351560,12944500,104.703338623046880
2022-08-01,114.500000000000000,115.110000610351560,113.069999694824220,114.209999084472660,14740400,103.659561157226560
2022-08-02,113.919998168945310,114.400001525878900,112.269996643066400,112.430000305175780,14942900,102.044006347656250
2022-08-03,113.449996948242190,114.099998474121100,111.709999084472660,113.610000610351560,14394500,103.114990234375000
2022-08-04,112.849998474121100,113.319999694824220,111.019996643066400,112.360000610351560,18033900,101.980461120605470
2022-08-05,112.529998779296880,116.190002441406250,112.050003051757810,115.760002136230470,14174600,105.066390991210940
2022-08-08,116.250000000000000,116.699996948242190,114.180000305175780,114.349998474121100,10332500,103.786628723144530
2022-08-09,114.750000000000000,115.989997863769530,114.370002746582030,115.379997253417970,10233800,104.721496582031250
2022-08-10,117.959999084472660,119.370002746582030,117.500000000000000,118.389999389648440,12847300,107.453430175781250
2022-08-11,119.900001525878900,121.199996948242190,119.309997558593750,120.139999389648440,11684900,109.041778564453120
2022-08-12,120.669998168945310,122.250000000000000,119.440002441406250,122.129997253417970,9906700,110.847946166992190
2022-08-15,121.139999389648440,122.720001220703120,120.599998474121100,122.459999084472660,8456200,111.147453308105470
2022-08-16,122.290000915527340,124.239997863769530,121.870002746582030,123.629997253417970,9555000,112.209365844726560
2022-08-17,122.300003051757810,123.160003662109380,121.690002441406250,122.589996337890620,8149300,111.265441894531250
2022-08-18,122.239997863769530,122.470001220703120,120.550003051757810,121.639999389648440,9531800,110.403198242187500
2022-08-19,120.620002746582030,120.989997863769530,118.110000610351560,118.629997253417970,13464500,107.671257019042970
2022-08-22,116.750000000000000,117.160003662109380,115.500000000000000,116.669998168945310,8967600,105.892311096191400
2022-08-23,116.690002441406250,117.290000915527340,115.379997253417970,115.519996643066400,7607000,104.848556518554690
2022-08-24,115.290000915527340,116.410003662109380,114.449996948242190,115.800003051757810,9771300,105.102691650390620
2022-08-25,116.160003662109380,118.739997863769530,115.680000305175780,118.550003051757810,10758900,107.598648071289060
2022-08-26,119.459999084472660,119.989997863769530,114.599998474121100,114.669998168945310,11276200,104.077087402343750
2022-08-29,114.000000000000000,114.860000610351560,113.459999084472660,114.389999389648440,8117300,103.822921752929690
2022-08-30,115.000000000000000,115.580001831054690,113.360000610351560,114.410003662109380,10745400,103.841094970703120
2022-08-31,114.480003356933600,115.029998779296880,113.339996337890620,113.730003356933600,10738300,103.223922729492190
2022-09-01,113.290000915527340,114.629997253417970,111.910003662109380,114.510002136230470,9979800,103.931869506835940
2022-09-02,115.870002746582030,117.449996948242190,113.190002441406250,113.709999084472660,10666600,103.205764770507810
2022-09-06,114.330001831054690,114.750000000000000,112.069999694824220,113.739997863769530,9751900,103.232986450195310
2022-09-07,113.129997253417970,116.110000610351560,112.760002136230470,115.900001525878900,10647900,105.193450927734380
2022-09-08,115.279998779296880,118.790000915527340,114.629997253417970,118.599998474121100,11435000,107.644035339355470
2022-09-09,119.139999389648440,120.050003051757810,118.669998168945310,119.169998168945310,9299700,108.161369323730470
2022-09-12,120.620002746582030,121.550003051757810,119.790000915527340,120.580001831054690,8614600,109.441139221191400
2022-09-13,118.069999694824220,118.919998168945310,115.779998779296880,116.389999389648440,12904600,105.638183593750000
2022-09-14,116.699996948242190,117.839996337890620,114.879997253417970,116.120002746582030,9345700,105.393127441406250
2022-09-15,116.120002746582030,119.379997253417970,115.760002136230470,117.870002746582030,10821400,106.981468200683600
2022-09-16,117.389999389648440,117.400001525878900,115.370002746582030,117.080001831054690,14844100,106.264457702636720
2022-09-19,116.000000000000000,118.730003356933600,115.510002136230470,118.160003662109380,8201300,107.244682312011720
2022-09-20,117.410003662109380,117.690002441406250,114.639999389648440,115.830001831054690,9619000,105.129905700683600
2022-09-21,116.540000915527340,116.599998474121100,112.419998168945310,112.489997863769530,12606300,102.098449707031250
2022-09-22,113.379997253417970,113.599998474121100,111.069999694824220,111.209999084472660,11684500,100.936676025390620
2022-09-23,110.050003051757810,110.339996337890620,107.160003662109380,109.139999389648440,18138600,99.057929992675780
2022-09-26,108.000000000000000,109.610000610351560,106.059997558593750,106.790000915527340,15753600,96.925010681152340
2022-09-27,107.750000000000000,108.169998168945310,104.650001525878900,105.849998474121100,12793600,96.071853637695310
2022-09-28,105.949996948242190,108.730003356933600,105.639999389648440,107.989997863769530,12762600,98.014167785644530
2022-09-29,106.949996948242190,107.279998779296880,104.400001525878900,106.160003662109380,12713900,96.353210449218750
2022-09-30,106.059997558593750,107.620002746582030,104.400001525878900,104.500000000000000,15973400,94.846572875976560
2022-10-03,105.620002746582030,108.360000610351560,104.459999084472660,107.730003356933600,12248100,97.778167724609380
2022-10-04,110.610000610351560,112.989997863769530,109.860000610351560,112.769996643066400,16013600,102.352592468261720
2022-10-05,109.750000000000000,110.949996948242190,108.830001831054690,110.389999389648440,10943500,101.088874816894530
2022-10-06,109.459999084472660,110.190002441406250,107.940002441406250,108.139999389648440,11521400,99.028457641601560
2022-10-07,107.519996643066400,107.709999084472660,105.269996643066400,105.980003356933600,11681100,97.050430297851560
2022-10-10,106.730003356933600,107.309997558593750,104.519996643066400,104.989997863769530,8931700,96.143852233886720
2022-10-11,104.370002746582030,104.540000915527340,101.849998474121100,101.959999084472660,12739700,93.369148254394530
2022-10-12,101.800003051757810,104.730003356933600,101.279998779296880,103.610000610351560,13181000,94.880119323730470
2022-10-13,101.980003356933600,109.900001525878900,101.760002136230470,109.370002746582030,22398700,100.154800415039060
2022-10-14,111.959999084472660,115.239997863769530,110.720001220703120,111.190002441406250,33387100,101.821479797363280
2022-10-17,115.410003662109380,117.010002136230470,114.319999694824220,115.860000610351560,22276300,106.097984313964840
2022-10-18,119.660003662109380,120.139999389648440,116.959999084472660,118.839996337890620,21539700,108.826866149902340
2022-10-19,117.989997863769530,118.830001831054690,115.669998168945310,116.510002136230470,17072000,106.693222045898440
2022-10-20,117.160003662109380,118.709999084472660,115.650001525878900,116.129997253417970,12207400,106.345237731933600
2022-10-21,116.459999084472660,122.389999389648440,116.330001831054690,122.230003356933600,20593300,111.931259155273440
2022-10-24,122.069999694824220,123.099998474121100,121.330001831054690,122.379997253417970,12624200,112.068618774414060
2022-10-25,121.849998474121100,123.269996643066400,120.889999389648440,122.699996948242190,11289100,112.361663818359380
2022-10-26,123.000000000000000,125.199996948242190,122.879997253417970,124.110000610351560,11667000,113.652870178222660
2022-10-27,125.199996948242190,126.199996948242190,124.209999084472660,124.599998474121100,10727600,114.101585388183600
2022-10-28,125.290000915527340,126.279998779296880,124.050003051757810,126.080001831054690,11859500,115.456878662109380
2022-10-31,125.699996948242190,127.430000305175780,125.589996337890620,125.879997253417970,13295200,115.273719787597660
2022-11-01,126.870002746582030,128.279998779296880,126.330001831054690,128.149993896484380,13386900,117.352455139160160
2022-11-02,127.650001525878900,130.360000610351560,126.639999389648440,126.970001220703120,16546100,116.271896362304690
2022-11-03,126.309997558593750,128.179992675781250,125.910003662109380,127.199996948242190,12474400,116.482505798339840
2022-11-04,129.490005493164060,130.830001831054700,128.460006713867200,130.679992675781250,14953200,119.669296264648440
2022-11-07,131.000000000000000,132.289993286132800,130.479995727539060,131.369995117187500,12011200,120.301139831542970
2022-11-08,131.240005493164060,132.059997558593750,130.139999389648440,131.449996948242200,9884100,120.374412536621100
2022-11-09,131.320007324218750,131.429992675781250,129.220001220703120,129.740005493164060,9494000,118.808502197265620
2022-11-10,132.630004882812500,135.250000000000000,132.529998779296880,135.080001831054700,16351600,123.698562622070310
2022-11-11,135.190002441406250,136.169998168945300,133.779998779296880,135.300003051757800,10704700,123.900032043457030
2022-11-14,134.800003051757800,135.729995727539060,133.910003662109380,133.910003662109380,11085600,122.627166748046880
2022-11-15,134.679992675781250,135.710006713867200,131.600006103515620,132.940002441406250,14038300,121.738868713378900
2022-11-16,133.000000000000000,133.559997558593750,132.029998779296880,133.119995117187500,7893400,121.903694152832030
2022-11-17,132.000000000000000,132.889999389648440,131.279998779296880,132.539993286132800,8820200,121.372566223144530
2022-11-18,134.570007324218750,134.669998168945300,132.279998779296880,133.839996337890620,9468500,122.563041687011720
2022-11-21,133.740005493164060,134.559997558593750,132.750000000000000,133.050003051757800,7800500,121.839599609375000
2022-11-22,134.000000000000000,135.270004272460940,133.690002441406250,135.039993286132800,9185700,123.661926269531250
2022-11-23,134.940002441406250,136.500000000000000,134.860000610351560,136.479995727539060,7316200,124.980583190917970
2022-11-25,136.479995727539060,137.139999389648440,136.059997558593750,136.740005493164060,3220500,125.218711853027340
2022-11-28,136.070007324218750,136.710006713867200,134.190002441406250,134.350006103515620,9906900,123.030082702636720
2022-11-29,134.660003662109380,136.639999389648440,134.410003662109380,136.559997558593750,7925300,125.053855895996100
2022-11-30,136.089996337890620,138.179992675781250,133.190002441406250,138.179992675781250,14761200,126.537368774414060
2022-12-01,138.179992675781250,138.660003662109380,135.429992675781250,136.240005493164060,8858500,124.760826110839840
2022-12-02,134.490005493164060,135.350006103515620,133.339996337890620,135.160003662109380,8931900,123.771820068359380
2022-12-05,134.240005493164060,134.570007324218750,130.600006103515620,131.369995117187500,10154500,120.301139831542970
2022-12-06,133.389999389648440,135.110000610351560,129.869995117187500,131.589996337890620,13966700,120.502609252929690
2022-12-07,131.309997558593750,133.080001831054700,130.330001831054700,131.500000000000000,11739400,120.420211791992190
2022-12-08,132.330001831054700,132.979995727539060,131.429992675781250,132.880004882812500,8907300,121.683937072753900
2022-12-09,132.199996948242200,133.759994506835940,132.000000000000000,132.160003662109380,7957800,121.024612426757810
2022-12-12,132.399993896484380,134.649993896484380,131.600006103515620,134.210006713867200,8841600,122.901870727539060
2022-12-13,136.889999389648440,137.089996337890620,133.080001831054700,134.080001831054700,10025400,122.782798767089840
2022-12-14,133.779998779296880,135.710006713867200,132.759994506835940,133.410003662109380,9966100,122.169281005859380
2022-12-15,131.149993896484380,132.080001831054700,129.050003051757800,130.100006103515620,12087800,119.138160705566400
2022-12-16,129.149993896484380,129.899993896484380,128.429992675781250,129.289993286132800,21133700,118.396415710449220
2022-12-19,129.649993896484380,131.330001831054700,129.089996337890620,130.059997558593750,9017200,119.101524353027340
2022-12-20,130.970001220703120,132.050003051757800,130.199996948242200,130.690002441406250,8549900,119.678451538085940
2022-12-21,132.179992675781250,132.979995727539060,131.770004272460940,132.160003662109380,8051700,121.024612426757810
2022-12-22,131.100006103515620,131.300003051757800,128.410003662109380,130.660003662109380,8648200,119.650985717773440
2022-12-23,130.580001831054700,131.440002441406250,129.639999389648440,131.279998779296880,5091900,120.218734741210940
2022-12-27,131.570007324218750,132.220001220703120,130.550003051757800,131.740005493164060,5411000,120.639991760253900
2022-12-28,131.850006103515620,133.410003662109380,131.009994506835940,132.460006713867200,8827700,121.299324035644530
2022-12-29,132.929992675781250,133.270004272460940,132.309997558593750,133.220001220703120,6585200,121.995285034179690
2022-12-30,132.809997558593750,134.330001831054700,132.440002441406250,134.100006103515620,9292500,122.801132202148440
2023-01-03,135.240005493164060,136.740005493164060,133.889999389648440,135.119995117187500,11054800,123.735176086425780
2023-01-04,135.990005493164060,137.679992675781250,135.570007324218750,136.380004882812500,11687600,124.889045715332030
2023-01-05,135.660003662109380,135.710006713867200,133.699996948242200,135.350006103515620,8381300,124.861343383789060
2023-01-06,136.130004882812500,138.380004882812500,134.490005493164060,137.940002441406250,10029100,127.250663757324220
2023-01-09,138.600006103515620,138.880004882812500,136.880004882812500,137.369995117187500,8482300,126.724822998046880
2023-01-10,137.789993286132800,138.720001220703120,137.309997558593750,138.600006103515620,9048700,127.859497070312500
2023-01-11,138.899993896484380,139.750000000000000,138.100006103515620,139.630004882812500,8703700,128.809692382812500
2023-01-12,140.000000000000000,140.860000610351560,139.220001220703120,139.490005493164060,11001700,128.680557250976560
2023-01-13,135.600006103515620,143.490005493164060,134.800003051757800,143.009994506835940,20200000,131.927749633789060
2023-01-17,141.169998168945300,141.539993286132800,139.229995727539060,140.800003051757800,14292900,129.889022827148440
2023-01-18,138.919998168945300,140.729995727539060,136.410003662109380,136.570007324218750,13392600,125.986824035644530
2023-01-19,135.320007324218750,135.899993896484380,133.589996337890620,134.750000000000000,13303400,124.307830810546880
2023-01-20,135.160003662109380,135.490005493164060,133.550003051757800,135.080001831054700,13092500,124.612281799316400
2023-01-23,135.119995117187500,137.960006713867200,134.820007324218750,137.270004272460940,10487100,126.632560729980470
2023-01-24,136.419998168945300,140.289993286132800,135.000000000000000,138.449996948242200,6945000,127.721122741699220
2023-01-25,138.050003051757800,139.119995117187500,137.250000000000000,139.119995117187500,8967000,128.339172363281250
2023-01-26,139.419998168945300,140.059997558593750,138.360000610351560,139.979995727539060,7487600,129.132568359375000
2023-01-27,140.610000610351560,141.259994506835940,139.750000000000000,140.320007324218750,7489900,129.446228027343750
2023-01-30,139.229995727539060,140.089996337890620,138.910003662109380,139.130004882812500,6729300,128.348434448242200
2023-01-31,139.880004882812500,140.070007324218750,138.250000000000000,139.960006713867200,9188700,129.114105224609380
2023-02-01,138.210006713867200,140.880004882812500,138.119995117187500,139.589996337890620,8841800,128.772766113281250
2023-02-02,140.000000000000000,140.460006713867200,138.000000000000000,138.940002441406250,11822100,128.173141479492200
2023-02-03,138.179992675781250,142.330001831054700,138.130004882812500,141.089996337890620,11501200,130.156524658203120
2023-02-06,140.229995727539060,142.240005493164060,140.029998779296880,141.919998168945300,8406200,130.922210693359380
2023-02-07,141.380004882812500,144.339996337890620,141.179992675781250,143.649993896484380,10447900,132.518157958984380
2023-02-08,142.649993896484380,144.039993286132800,142.279998779296880,142.639999389648440,6958000,131.586441040039060
2023-02-09,143.119995117187500,143.339996337890620,139.869995117187500,140.419998168945300,6443100,129.538436889648440
2023-02-10,139.779998779296880,141.279998779296880,138.589996337890620,141.039993286132800,6582900,130.110412597656250
2023-02-13,141.300003051757800,142.729995727539060,140.740005493164060,142.570007324218750,7134600,131.521865844726560
2023-02-14,142.500000000000000,143.809997558593750,141.600006103515620,143.199996948242200,9249400,132.103057861328120
2023-02-15,141.610000610351560,143.889999389648440,141.300003051757800,143.800003051757800,6728300,132.656524658203120
2023-02-16,142.910003662109380,143.389999389648440,141.679992675781250,141.820007324218750,8165300,130.829971313476560
2023-02-17,140.979995727539060,142.830001831054700,140.070007324218750,142.240005493164060,7948800,131.217391967773440
2023-02-21,140.690002441406250,141.339996337890620,138.750000000000000,139.630004882812500,9996300,128.809692382812500
2023-02-22,138.919998168945300,139.429992675781250,137.440002441406250,138.559997558593750,11107500,127.822608947753900
2023-02-23,138.729995727539060,140.169998168945300,137.940002441406250,139.669998168945300,8068000,128.846588134765620
2023-02-24,139.110000610351560,141.360000610351560,138.929992675781250,140.929992675781250,9126900,130.008895874023440
2023-02-27,142.110000610351560,143.309997558593750,141.720001220703120,142.160003662109380,10014700,131.143646240234380
2023-02-28,142.940002441406250,143.759994506835940,141.899993896484380,143.350006103515620,11019800,132.241424560546880
2023-03-01,142.100006103515620,143.460006713867200,141.800003051757800,142.550003051757800,7139200,131.503387451171880
2023-03-02,142.240005493164060,142.429992675781250,139.539993286132800,141.070007324218750,11106800,130.138122558593750
2023-03-03,141.509994506835940,143.740005493164060,141.080001831054700,143.660003662109380,9513100,132.527389526367200
2023-03-06,143.440002441406250,144.039993286132800,142.660003662109380,142.820007324218750,9261300,131.752487182617200
2023-03-07,142.009994506835940,142.309997558593750,137.809997558593750,138.619995117187500,11747600,127.877937316894530
2023-03-08,138.000000000000000,138.589996337890620,136.889999389648440,137.800003051757800,10002500,127.121513366699220
2023-03-09,136.759994506835940,137.350006103515620,129.220001220703120,130.339996337890620,25888100,120.239585876464840
2023-03-10,128.960006713867200,135.259994506835940,127.819999694824220,133.649993896484380,37599700,123.293083190917970
2023-03-13,131.210006713867200,133.880004882812500,129.410003662109380,131.250000000000000,42901100,121.079093933105470
2023-03-14,135.279998779296880,135.529998779296880,131.289993286132800,134.619995117187500,29648100,124.187942504882810
2023-03-15,130.979995727539060,130.990005493164060,126.730003356933600,128.259994506835940,34280600,118.320755004882810
2023-03-16,128.009994506835940,131.949996948242200,126.019996643066400,130.750000000000000,24558500,120.617813110351560
2023-03-17,128.380004882812500,128.479995727539060,125.449996948242190,125.809997558593750,38396000,116.060638427734380
2023-03-20,126.989997863769530,129.470001220703120,126.010002136230470,127.139999389648440,22875500,117.287559509277340
2023-03-21,130.589996337890620,131.729995727539060,130.190002441406250,130.550003051757800,17807800,120.433326721191400
2023-03-22,130.559997558593750,130.660003662109380,127.080001831054690,127.180000305175780,17250200,117.324470520019530
2023-03-23,127.900001525878900,129.529998779296880,126.019996643066400,126.839996337890620,16677600,117.010826110839840
2023-03-24,125.629997253417970,125.680000305175780,123.110000610351560,124.910003662109380,22311100,115.230392456054690
2023-03-27,126.790000915527340,129.380004882812500,126.290000915527340,128.490005493164060,18853900,118.532966613769530
2023-03-28,128.710006713867200,129.339996337890620,127.739997863769530,128.880004882812500,10820500,118.892730712890620
2023-03-29,130.100006103515620,130.220001220703120,127.769996643066400,129.139999389648440,14595300,119.132575988769530
2023-03-30,129.949996948242200,130.119995117187500,127.650001525878900,128.750000000000000,12134700,118.772796630859380
2023-03-31,129.660003662109380,130.339996337890620,128.850006103515620,130.309997558593750,13105200,120.211914062500000
2023-04-03,129.910003662109380,131.440002441406250,129.410003662109380,130.160003662109380,11775400,120.073524475097660
2023-04-04,130.500000000000000,130.589996337890620,127.410003662109380,128.419998168945300,11579900,118.468383789062500
2023-04-05,126.800003051757810,128.149993896484380,126.459999084472660,127.610000610351560,9614700,118.645042419433600
2023-04-06,127.000000000000000,128.080001831054700,126.860000610351560,127.470001220703120,8760200,118.514862060546880
2023-04-10,126.540000915527340,128.229995727539060,126.220001220703120,127.889999389648440,9477300,118.905349731445310
2023-04-11,128.300003051757800,128.940002441406250,127.540000915527340,128.520004272460940,10516300,119.491104125976560
2023-04-12,129.179992675781250,130.429992675781250,128.059997558593750,128.500000000000000,11821000,119.472511291503900
2023-04-13,128.460006713867200,129.039993286132800,126.830001831054690,128.990005493164060,12450200,119.928085327148440
2023-04-14,135.149993896484380,139.119995117187500,134.899993896484380,138.729995727539060,43931300,128.983795166015620
2023-04-17,139.949996948242200,140.059997558593750,137.660003662109380,139.830001831054700,16050500,130.006530761718750
2023-04-18,140.270004272460940,141.779998779296880,139.029998779296880,141.399993896484380,13760100,131.466247558593750
2023-04-19,141.229995727539060,141.500000000000000,140.399993896484380,141.220001220703120,9158100,131.298889160156250
2023-04-20,139.910003662109380,141.429992675781250,139.839996337890620,140.809997558593750,10586200,130.917678833007800
2023-04-21,139.740005493164060,141.110000610351560,138.779998779296880,140.539993286132800,11842500,130.666656494140620
2023-04-24,140.460006713867200,141.100006103515620,140.039993286132800,140.729995727539060,7567500,130.843307495117200
2023-04-25,139.600006103515620,139.960006713867200,137.630004882812500,137.669998168945300,10629300,127.998275756835940
2023-04-26,137.619995117187500,137.809997558593750,134.000000000000000,135.229995727539060,14416100,125.729698181152340
2023-04-27,136.000000000000000,137.910003662109380,135.660003662109380,137.050003051757800,9041100,127.421852111816400
2023-04-28,136.559997558593750,138.320007324218750,135.669998168945300,138.240005493164060,9887300,128.528244018554700
2023-05-01,142.259994506835940,143.369995117187500,140.830001831054700,141.199996948242200,20415800,131.280273437500000
2023-05-02,141.399993896484380,142.410003662109380,138.429992675781250,138.919998168945300,14113400,129.160430908203120
2023-05-03,138.440002441406250,138.669998168945300,135.759994506835940,135.979995727539060,12930900,126.427001953125000
2023-05-04,134.960006713867200,135.720001220703120,131.809997558593750,134.119995117187500,17089200,124.697685241699220
2023-05-05,136.440002441406250,137.880004882812500,135.910003662109380,136.740005493164060,11261400,127.133605957031250
2023-05-08,137.490005493164060,137.970001220703120,136.479995727539060,137.070007324218750,7484900,127.440444946289060
2023-05-09,135.929992675781250,136.949996948242200,135.210006713867200,136.410003662109380,7343600,126.826789855957030
2023-05-10,137.949996948242200,138.059997558593750,134.869995117187500,136.479995727539060,8133400,126.891853332519530
2023-05-11,135.000000000000000,136.809997558593750,134.899993896484380,136.050003051757800,7057300,126.492065429687500
2023-05-12,136.820007324218750,136.990005493164060,133.130004882812500,134.100006103515620,9988600,124.679084777832030
2023-05-15,134.270004272460940,135.669998168945300,133.960006713867200,135.229995727539060,7639500,125.729698181152340
2023-05-16,135.460006713867200,135.940002441406250,133.960006713867200,134.320007324218750,6477200,124.883644104003900
2023-05-17,135.899993896484380,138.589996337890620,135.460006713867200,138.449996948242200,12711500,128.723480224609380
2023-05-18,138.270004272460940,139.729995727539060,137.759994506835940,139.500000000000000,10999600,129.699722290039060
2023-05-19,139.789993286132800,140.490005493164060,138.130004882812500,139.179992675781250,13492200,129.402175903320300
2023-05-22,141.000000000000000,141.639999389648440,137.660003662109380,138.029998779296880,11402500,128.332962036132800
2023-05-23,137.539993286132800,139.029998779296880,136.460006713867200,136.589996337890620,9514900,126.994132995605470
2023-05-24,135.399993896484380,136.350006103515620,135.080001831054700,135.339996337890620,8578000,125.831970214843750
2023-05-25,134.820007324218750,136.270004272460940,134.580001831054700,135.669998168945300,8472500,126.138786315917970
2023-05-26,136.110000610351560,137.600006103515620,135.630004882812500,136.940002441406250,8579900,127.319541931152340
2023-05-30,136.800003051757800,137.720001220703120,136.020004272460940,137.460006713867200,7399900,127.803031921386720
2023-05-31,136.729995727539060,136.839996337890620,134.399993896484380,135.710006713867200,14219900,126.175964355468750
2023-06-01,136.520004272460940,138.229995727539060,135.449996948242200,137.580001831054700,12248100,127.914588928222660
2023-06-02,139.559997558593750,141.479995727539060,139.339996337890620,140.470001220703120,12922500,130.601547241210940
2023-06-05,140.110000610351560,140.110000610351560,138.130004882812500,139.089996337890620,8511900,129.318496704101560
2023-06-06,138.679992675781250,140.100006103515620,138.210006713867200,139.339996337890620,9329500,129.550964355468750
2023-06-07,139.550003051757800,141.270004272460940,138.830001831054700,140.690002441406250,9281400,130.806091308593750
2023-06-08,140.669998168945300,140.889999389648440,139.479995727539060,140.729995727539060,7368100,130.843307495117200
2023-06-09,140.350006103515620,141.800003051757800,140.210006713867200,141.009994506835940,7249100,131.103607177734380
2023-06-12,141.070007324218750,141.320007324218750,139.759994506835940,141.000000000000000,7596600,131.094345092773440
2023-06-13,140.479995727539060,142.869995117187500,140.139999389648440,142.020004272460940,7701600,132.042694091796880
2023-06-14,143.000000000000000,143.610000610351560,140.699996948242200,141.490005493164060,9068700,131.549926757812500
2023-06-15,140.589996337890620,143.399993896484380,140.029998779296880,143.089996337890620,9343100,133.037506103515620
2023-06-16,143.050003051757800,143.970001220703120,142.500000000000000,143.259994506835940,13813500,133.195541381835940
2023-06-20,142.610000610351560,143.000000000000000,141.039993286132800,142.529998779296880,8428600,132.516845703125000
2023-06-21,142.899993896484380,144.020004272460940,141.690002441406250,142.320007324218750,9926500,132.321624755859380
2023-06-22,142.309997558593750,142.600006103515620,138.949996948242200,139.580001831054700,10075200,129.774093627929700
2023-06-23,138.539993286132800,139.179992675781250,137.619995117187500,138.850006103515620,9919500,129.095367431640620
2023-06-26,138.869995117187500,140.009994506835940,137.690002441406250,139.190002441406250,8429700,129.411499023437500
2023-06-27,139.000000000000000,139.839996337890620,138.539993286132800,139.199996948242200,8154000,129.420806884765620
2023-06-28,139.160003662109380,139.210006713867200,137.960006713867200,138.589996337890620,7558600,128.853652954101560
2023-06-29,140.070007324218750,143.559997558593750,139.850006103515620,143.429992675781250,15423200,133.353607177734380
2023-06-30,144.600006103515620,146.000000000000000,143.660003662109380,145.440002441406250,14212800,135.222412109375000
2023-07-03,146.190002441406250,147.479995727539060,146.000000000000000,146.610000610351560,8021600,136.310211181640620
2023-07-05,144.940002441406250,145.429992675781250,144.360000610351560,144.639999389648440,8934900,135.402175903320300
2023-07-06,143.020004272460940,143.389999389648440,141.440002441406250,143.210006713867200,9709500,134.063522338867200
2023-07-07,143.910003662109380,145.839996337890620,143.000000000000000,144.339996337890620,8981500,135.121307373046880
2023-07-10,144.500000000000000,145.990005493164060,144.500000000000000,145.149993896484380,9100100,135.879592895507800
2023-07-11,146.339996337890620,147.820007324218750,145.710006713867200,147.419998168945300,11260900,138.004592895507800
2023-07-12,147.449996948242200,149.869995117187500,147.000000000000000,148.149993896484380,11323200,138.687988281250000
2023-07-13,148.699996948242200,149.369995117187500,147.750000000000000,148.869995117187500,11234900,139.361984252929700
2023-07-14,151.550003051757800,152.889999389648440,148.410003662109380,149.770004272460940,27028400,140.204513549804700
2023-07-17,150.350006103515620,153.750000000000000,150.350006103515620,153.380004882812500,17262400,143.583953857421880
2023-07-18,153.380004882812500,154.399993896484380,152.820007324218750,153.660003662109380,13491700,143.846084594726560
2023-07-19,152.750000000000000,155.210006713867200,152.220001220703120,154.250000000000000,12510000,144.398406982421880
2023-07-20,154.529998779296880,156.589996337890620,154.410003662109380,156.149993896484380,9935900,146.177047729492200
2023-07-21,155.800003051757800,156.139999389648440,154.690002441406250,154.949996948242200,10636400,145.053710937500000
2023-07-24,154.970001220703120,158.789993286132800,154.729995727539060,158.000000000000000,14381400,147.908889770507800
2023-07-25,157.300003051757800,157.720001220703120,155.960006713867200,156.820007324218750,9944700,146.804275512695300
2023-07-26,156.710006713867200,158.250000000000000,156.279998779296880,157.759994506835940,8728600,147.684204101562500
2023-07-27,157.770004272460940,158.779998779296880,155.550003051757800,156.020004272460940,10778400,146.055343627929700
2023-07-28,157.279998779296880,157.600006103515620,156.440002441406250,156.910003662109380,9103800,146.888534545898440
2023-07-31,157.179992675781250,159.380004882812500,157.149993896484380,157.960006713867200,8892700,147.871444702148440
2023-08-01,157.429992675781250,158.000000000000000,156.149993896484380,157.179992675781250,6853900,147.141265869140620
2023-08-02,155.559997558593750,155.690002441406250,153.940002441406250,155.399993896484380,8299400,145.474914550781250
2023-08-03,155.000000000000000,156.919998168945300,154.350006103515620,156.350006103515620,6084000,146.364288330078120
2023-08-04,156.399993896484380,157.800003051757800,155.699996948242200,156.020004272460940,6209400,146.055343627929700
2023-08-07,156.600006103515620,157.699996948242200,156.600006103515620,156.759994506835940,7251800,146.748092651367200
2023-08-08,154.320007324218750,155.979995727539060,152.589996337890620,155.880004882812500,8623400,145.924285888671880
2023-08-09,155.320007324218750,155.520004272460940,153.470001220703120,153.789993286132800,6277800,143.967788696289060
2023-08-10,154.380004882812500,155.440002441406250,153.089996337890620,153.559997558593750,5995100,143.752471923828120
2023-08-11,153.029998779296880,154.520004272460940,152.630004882812500,154.449996948242200,5180700,144.585632324218750
2023-08-14,153.610000610351560,154.919998168945300,152.919998168945300,154.770004272460940,5044300,144.885192871093750
2023-08-15,152.850006103515620,153.270004272460940,150.229995727539060,150.830001831054700,10300300,141.196792602539060
2023-08-16,150.600006103515620,150.960006713867200,149.679992675781250,150.190002441406250,6978200,140.597686767578120
2023-08-17,150.880004882812500,151.259994506835940,148.399993896484380,148.630004882812500,9953900,139.137359619140620
2023-08-18,147.649993896484380,149.500000000000000,147.440002441406250,148.970001220703120,8517500,139.455627441406250
2023-08-21,149.649993896484380,150.100006103515620,148.020004272460940,149.479995727539060,8327000,139.933059692382800
2023-08-22,149.259994506835940,149.639999389648440,145.850006103515620,146.380004882812500,9673300,137.031036376953120
2023-08-23,146.350006103515620,147.589996337890620,145.460006713867200,147.369995117187500,7858000,137.957809448242200
2023-08-24,147.500000000000000,149.410003662109380,146.990005493164060,147.229995727539060,6534000,137.826721191406250
2023-08-25,147.279998779296880,148.619995117187500,145.850006103515620,147.050003051757800,6695500,137.658264160156250
2023-08-28,147.570007324218750,148.610000610351560,147.130004882812500,147.559997558593750,5094100,138.135696411132800
2023-08-29,147.710006713867200,148.850006103515620,147.179992675781250,148.759994506835940,6337000,139.259033203125000
2023-08-30,148.619995117187500,149.149993896484380,147.190002441406250,148.160003662109380,6277300,138.697326660156250
2023-08-31,148.259994506835940,148.350006103515620,145.960006713867200,146.330001831054700,10933900,136.984237670898440
2023-09-01,146.089996337890620,148.080001831054700,145.699996948242200,146.820007324218750,7903500,137.442947387695300
2023-09-05,147.160003662109380,148.210006713867200,145.009994506835940,145.199996948242200,7854700,135.926406860351560
2023-09-06,144.699996948242200,145.539993286132800,144.110000610351560,144.960006713867200,8629200,135.701751708984380
2023-09-07,144.130004882812500,145.270004272460940,143.389999389648440,143.720001220703120,8373700,134.540939331054700
2023-09-08,143.369995117187500,144.119995117187500,142.649993896484380,143.830001831054700,7107900,134.643920898437500
2023-09-11,144.750000000000000,145.050003051757800,143.690002441406250,144.460006713867200,6854200,135.233703613281250
2023-09-12,144.500000000000000,147.320007324218750,144.050003051757800,146.339996337890620,8363200,136.993591308593750
2023-09-13,147.339996337890620,147.699996948242200,145.820007324218750,146.410003662109380,8325900,137.059127807617200
2023-09-14,147.839996337890620,149.899993896484380,147.520004272460940,149.250000000000000,10034900,139.717712402343750
2023-09-15,148.919998168945300,149.729995727539060,148.309997558593750,148.809997558593750,19863400,139.305831909179700
2023-09-18,148.160003662109380,149.139999389648440,147.750000000000000,149.119995117187500,6512400,139.596023559570300
2023-09-19,149.500000000000000,149.720001220703120,147.210006713867200,148.929992675781250,7943400,139.418182373046880
2023-09-20,149.649993896484380,150.250000000000000,148.139999389648440,148.300003051757800,7332000,138.828430175781250
2023-09-21,147.580001831054700,148.850006103515620,146.630004882812500,147.139999389648440,8052400,137.742507934570300
2023-09-22,147.289993286132800,147.509994506835940,145.190002441406250,145.729995727539060,7071700,136.422546386718750
2023-09-25,145.350006103515620,146.520004272460940,143.699996948242200,146.449996948242200,7044700,137.096572875976560
2023-09-26,144.600006103515620,145.839996337890620,144.229995727539060,144.929992675781250,7468400,135.673614501953120
2023-09-27,145.190002441406250,146.089996337890620,144.509994506835940,145.779998779296880,6717800,136.469375610351560
2023-09-28,146.279998779296880,148.869995117187500,146.009994506835940,147.589996337890620,8868100,138.163787841796880
2023-09-29,148.600006103515620,148.759994506835940,144.860000610351560,145.020004272460940,11917800,135.757919311523440
2023-10-02,144.830001831054700,145.619995117187500,142.630004882812500,143.770004272460940,9170600,134.587738037109380
2023-10-03,143.199996948242200,143.589996337890620,142.350006103515620,142.710006713867200,9431100,133.595428466796880
2023-10-04,143.190002441406250,143.470001220703120,141.929992675781250,143.350006103515620,8128700,134.194580078125000
2023-10-05,142.039993286132800,143.100006103515620,140.830001831054700,142.899993896484380,8576200,134.760345458984380
2023-10-06,142.910003662109380,145.880004882812500,142.139999389648440,145.100006103515620,10270600,136.835067749023440
2023-10-09,143.660003662109380,145.399993896484380,143.500000000000000,144.770004272460940,6964900,136.523880004882800
2023-10-10,145.419998168945300,146.770004272460940,145.279998779296880,145.649993896484380,11288800,137.353759765625000
2023-10-11,146.509994506835940,147.229995727539060,145.020004272460940,146.149993896484380,8698200,137.825286865234380
2023-10-12,146.300003051757800,146.960006713867200,145.130004882812500,145.809997558593750,10484400,137.504653930664060
2023-10-13,148.500000000000000,153.110000610351560,147.839996337890620,148.000000000000000,29427000,139.569869995117200
2023-10-16,149.449996948242200,149.520004272460940,146.720001220703120,147.850006103515620,12663500,139.428451538085940
2023-10-17,147.570007324218750,149.309997558593750,146.789993286132800,147.529998779296880,11482700,139.126647949218750
2023-10-18,146.589996337890620,147.479995727539060,145.369995117187500,145.910003662109380,9620300,137.598922729492200
2023-10-19,145.479995727539060,147.020004272460940,144.880004882812500,145.289993286132800,11143600,137.014251708984380
2023-10-20,144.570007324218750,145.139999389648440,142.119995117187500,142.949996948242200,13332900,134.807510375976560
2023-10-23,142.940002441406250,143.679992675781250,140.729995727539060,141.000000000000000,10133400,132.968597412109380
2023-10-24,141.190002441406250,141.729995727539060,140.360000610351560,141.169998168945300,8881400,133.128952026367200
2023-10-25,140.570007324218750,141.179992675781250,139.509994506835940,140.399993896484380,8242600,132.402786254882800
2023-10-26,139.759994506835940,141.669998168945300,139.429992675781250,140.759994506835940,9109400,132.742263793945300
2023-10-27,138.949996948242200,139.100006103515620,135.190002441406250,135.690002441406250,17434700,127.961074829101560
2023-10-30,136.440002441406250,138.039993286132800,136.039993286132800,137.419998168945300,9855500,129.592529296875000
2023-10-31,137.710006713867200,139.240005493164060,137.470001220703120,139.059997558593750,9672500,131.139114379882800
2023-11-01,139.250000000000000,140.529998779296880,138.470001220703120,138.940002441406250,9432000,131.025955200195300
2023-11-02,140.089996337890620,141.479995727539060,139.229995727539060,141.419998168945300,10186200,133.364669799804700
2023-11-03,142.190002441406250,143.770004272460940,141.850006103515620,143.000000000000000,9538700,134.854721069335940
2023-11-06,143.169998168945300,144.190002441406250,142.789993286132800,144.080001831054700,7625100,135.873153686523440
2023-11-07,143.509994506835940,144.259994506835940,142.820007324218750,144.009994506835940,6297900,135.807159423828120
2023-11-08,144.110000610351560,144.839996337890620,143.619995117187500,144.720001220703120,7618200,136.476715087890620
2023-11-09,145.440002441406250,145.649993896484380,143.699996948242200,144.289993286132800,7992500,136.071228027343750
2023-11-10,144.940002441406250,146.479995727539060,144.080001831054700,146.429992675781250,7983300,138.089309692382800
2023-11-13,145.699996948242200,146.250000000000000,145.160003662109380,145.779998779296880,6676300,137.476348876953120
2023-11-14,146.679992675781250,149.250000000000000,146.520004272460940,148.440002441406250,9927700,139.984832763671880
2023-11-15,148.460006713867200,150.160003662109380,148.460006713867200,149.740005493164060,8365300,141.210784912109380
2023-11-16,150.089996337890620,151.529998779296880,150.089996337890620,151.449996948242200,8126200,142.823348999023440
2023-11-17,152.199996948242200,152.860000610351560,151.539993286132800,152.820007324218750,7812400,144.115325927734380
2023-11-20,152.080001831054700,153.750000000000000,151.919998168945300,153.289993286132800,7019000,144.558532714843750
2023-11-21,153.199996948242200,153.630004882812500,152.570007324218750,152.970001220703120,7083500,144.256790161132800
2023-11-22,153.410003662109380,153.880004882812500,152.899993896484380,153.330001831054700,5174500,144.596298217773440
2023-11-24,153.589996337890620,154.440002441406250,153.279998779296880,153.539993286132800,3496900,144.794326782226560
2023-11-27,153.429992675781250,153.529998779296880,152.710006713867200,153.190002441406250,6259100,144.464263916015620
2023-11-28,153.220001220703120,153.869995117187500,152.720001220703120,153.539993286132800,6582700,144.794326782226560
2023-11-29,154.169998168945300,155.630004882812500,154.000000000000000,154.320007324218750,9126100,145.529922485351560
2023-11-30,154.910003662109380,156.130004882812500,154.380004882812500,156.080001831054700,9869800,147.189636230468750
2023-12-01,155.820007324218750,157.860000610351560,155.820007324218750,156.839996337890620,8916000,147.906326293945300
2023-12-04,156.020004272460940,158.050003051757800,155.880004882812500,157.990005493164060,9607500,148.990829467773440
2023-12-05,157.259994506835940,158.500000000000000,156.970001220703120,157.970001220703120,9135600,148.972000122070300
2023-12-06,158.839996337890620,159.220001220703120,156.000000000000000,156.309997558593750,9366000,147.406539916992200
2023-12-07,156.690002441406250,157.309997558593750,156.149993896484380,156.789993286132800,8130900,147.859176635742200
2023-12-08,157.259994506835940,158.779998779296880,156.979995727539060,158.520004272460940,7369400,149.490661621093750
2023-12-11,158.520004272460940,159.300003051757800,158.149993896484380,159.100006103515620,8093900,150.037658691406250
2023-12-12,159.229995727539060,160.649993896484380,158.880004882812500,160.520004272460940,10223000,151.376754760742200
2023-12-13,160.520004272460940,162.029998779296880,159.770004272460940,161.059997558593750,12379100,151.885986328125000
2023-12-14,161.830001831054700,164.839996337890620,161.710006713867200,163.990005493164060,13643000,154.649093627929700
2023-12-15,163.080001831054700,165.279998779296880,162.389999389648440,165.229995727539060,20309300,155.818466186523440
2023-12-18,165.919998168945300,167.130004882812500,165.630004882812500,166.229995727539060,8469600,156.761505126953120
2023-12-19,166.000000000000000,168.470001220703120,165.550003051757800,168.449996948242200,10345700,158.855056762695300
2023-12-20,167.990005493164060,169.410003662109380,166.449996948242200,166.550003051757800,10734700,157.063262939453120
2023-12-21,166.839996337890620,168.089996337890620,165.679992675781250,167.500000000000000,7601700,157.959182739257800
2023-12-22,167.500000000000000,168.229995727539060,167.229995727539060,167.399993896484380,6576300,157.864852905273440
2023-12-26,167.460006713867200,168.770004272460940,167.179992675781250,168.389999389648440,4683600,158.798461914062500
2023-12-27,167.839996337890620,169.470001220703120,167.580001831054700,169.399993896484380,6428600,159.750930786132800
2023-12-28,169.350006103515620,170.660003662109380,169.000000000000000,170.300003051757800,6320100,160.599700927734380
2023-12-29,170.000000000000000,170.690002441406250,169.630004882812500,170.100006103515620,6435100,160.411071777343750
2024-01-02,169.089996337890620,172.169998168945300,168.910003662109380,172.080001831054700,9977400,162.278289794921880
2024-01-03,171.860000610351560,172.039993286132800,170.369995117187500,171.330001831054700,9852300,161.570999145507800
2024-01-04,170.639999389648440,173.350006103515620,170.539993286132800,171.410003662109380,11972500,162.643203735351560
2024-01-05,171.470001220703120,173.380004882812500,171.470001220703120,172.270004272460940,10066000,163.459259033203120
2024-01-08,172.020004272460940,172.360000610351560,169.490005493164060,172.020004272460940,11229900,163.222045898437500
2024-01-09,171.619995117187500,171.789993286132800,170.100006103515620,170.660003662109380,9923600,161.931579589843750
2024-01-10,170.000000000000000,171.080001831054700,168.949996948242200,171.020004272460940,9670200,162.273162841796880
2024-01-11,170.330001831054700,170.360000610351560,168.639999389648440,170.300003051757800,11919500,161.589996337890620
2024-01-12,173.800003051757800,176.309997558593750,168.899993896484380,169.050003051757800,19436500,160.403900146484380
2024-01-16,164.869995117187500,168.089996337890620,164.300003051757800,167.990005493164060,17206400,159.398132324218750
2024-01-17,167.339996337890620,169.070007324218750,166.490005493164060,167.089996337890620,11107500,158.544158935546880
2024-01-18,167.119995117187500,167.529998779296880,165.240005493164060,167.419998168945300,9382300,158.857269287109380
2024-01-19,167.550003051757800,170.570007324218750,167.080001831054700,170.309997558593750,13115700,161.599472045898440
2024-01-22,170.460006713867200,171.979995727539060,169.710006713867200,170.110000610351560,12837500,161.409713745117200
2024-01-23,169.669998168945300,169.750000000000000,168.440002441406250,168.990005493164060,8360800,160.346984863281250
2024-01-24,169.360000610351560,171.009994506835940,168.860000610351560,170.500000000000000,9967100,161.779769897460940
2024-01-25,172.309997558593750,172.990005493164060,170.910003662109380,172.940002441406250,8873500,164.094955444335940
2024-01-26,172.610000610351560,173.059997558593750,171.779998779296880,172.279998779296880,7443000,163.468734741210940
2024-01-29,172.240005493164060,172.839996337890620,171.300003051757800,172.729995727539060,6971200,163.895675659179700
2024-01-30,172.830001831054700,176.759994506835940,172.830001831054700,176.270004272460940,10822100,167.254653930664060
2024-01-31,176.199996948242200,178.300003051757800,174.339996337890620,174.360000610351560,11521800,165.442337036132800
2024-02-01,173.639999389648440,174.839996337890620,171.429992675781250,173.729995727539060,9354800,164.844558715820300
2024-02-02,173.300003051757800,175.820007324218750,173.259994506835940,174.729995727539060,8607600,165.793411254882800
2024-02-05,173.860000610351560,175.089996337890620,172.919998168945300,174.500000000000000,7820200,165.575164794921880
2024-02-06,174.610000610351560,175.869995117187500,173.759994506835940,175.100006103515620,6764800,166.144485473632800
2024-02-07,175.690002441406250,175.869995117187500,173.960006713867200,175.429992675781250,7225500,166.457626342773440
2024-02-08,175.000000000000000,175.309997558593750,173.570007324218750,174.800003051757800,6060300,165.859832763671880
2024-02-09,175.000000000000000,175.100006103515620,173.669998168945300,175.009994506835940,6296700,166.059082031250000
2024-02-12,174.779998779296880,176.809997558593750,173.699996948242200,175.789993286132800,8539300,166.799194335937500
2024-02-13,175.320007324218750,176.229995727539060,172.619995117187500,174.259994506835940,8397600,165.347442626953120
2024-02-14,175.070007324218750,176.100006103515620,174.419998168945300,176.029998779296880,7056700,167.026916503906250
2024-02-15,176.149993896484380,180.210006713867200,176.149993896484380,179.869995117187500,8723400,170.670501708984380
2024-02-16,179.610000610351560,179.979995727539060,178.160003662109380,179.029998779296880,8152600,169.873489379882800
2024-02-20,179.190002441406250,180.460006713867200,178.410003662109380,179.729995727539060,9668000,170.537658691406250
2024-02-21,179.949996948242200,180.990005493164060,178.520004272460940,180.899993896484380,7024000,171.647827148437500
2024-02-22,181.820007324218750,183.419998168945300,181.240005493164060,183.070007324218750,9296500,173.706848144531250
2024-02-23,183.809997558593750,185.199996948242200,183.190002441406250,183.990005493164060,7105800,174.579818725585940
2024-02-26,183.750000000000000,184.460006713867200,182.479995727539060,183.360000610351560,7145400,173.982025146484380
2024-02-27,183.309997558593750,183.539993286132800,182.240005493164060,183.449996948242200,5717100,174.067428588867200
2024-02-28,183.429992675781250,185.199996948242200,182.960006713867200,184.380004882812500,6131600,174.949859619140620
2024-02-29,185.660003662109380,186.429992675781250,183.850006103515620,186.059997558593750,9643000,176.543945312500000
2024-03-01,185.699996948242200,186.440002441406250,185.100006103515620,185.289993286132800,6311800,175.813339233398440
2024-03-04,184.710006713867200,187.589996337890620,184.270004272460940,186.679992675781250,7063600,177.132217407226560
2024-03-05,186.360000610351560,189.300003051757800,186.360000610351560,188.550003051757800,6617800,178.906600952148440
2024-03-06,189.250000000000000,190.070007324218750,187.630004882812500,189.529998779296880,7572900,179.836486816406250
2024-03-07,189.910003662109380,190.500000000000000,186.630004882812500,187.869995117187500,7618300,178.261352539062500
2024-03-08,188.440002441406250,190.460006713867200,187.919998168945300,188.220001220703120,6172200,178.593490600585940
2024-03-11,187.279998779296880,188.440002441406250,186.220001220703120,188.289993286132800,5762600,178.659881591796880
2024-03-12,188.949996948242200,190.160003662109380,187.910003662109380,189.839996337890620,5708400,180.130599975585940
2024-03-13,190.360000610351560,191.729995727539060,189.839996337890620,191.380004882812500,7795500,181.591842651367200
2024-03-14,191.029998779296880,191.630004882812500,187.100006103515620,187.970001220703120,10310900,178.356231689453120
2024-03-15,186.479995727539060,190.940002441406250,186.479995727539060,190.300003051757800,17214200,180.567092895507800
2024-03-18,190.630004882812500,192.699996948242200,189.889999389648440,192.660003662109380,9013800,182.806381225585940
2024-03-19,192.710006713867200,193.929992675781250,192.380004882812500,193.789993286132800,8478700,183.878585815429700
2024-03-20,194.190002441406250,196.559997558593750,193.610000610351560,196.330001831054700,9367000,186.288665771484380
2024-03-21,196.520004272460940,199.429992675781250,196.330001831054700,199.059997558593750,11203800,188.879043579101560
2024-03-22,199.009994506835940,200.479995727539060,196.539993286132800,196.619995117187500,8108800,186.563858032226560
2024-03-25,196.600006103515620,196.940002441406250,194.360000610351560,194.820007324218750,8620000,184.855926513671880
2024-03-26,194.589996337890620,196.660003662109380,194.059997558593750,195.729995727539060,5961500,185.719360351562500
2024-03-27,196.500000000000000,199.600006103515620,196.380004882812500,199.520004272460940,8725800,189.315521240234380
2024-03-28,199.490005493164060,200.720001220703120,198.539993286132800,200.300003051757800,8628300,190.055648803710940
2024-04-01,199.990005493164060,200.940002441406250,198.570007324218750,198.940002441406250,7309000,188.765197753906250
2024-04-02,198.389999389648440,199.779998779296880,198.080001831054700,198.860000610351560,7014700,188.689285278320300
2024-04-03,199.039993286132800,199.559997558593750,197.699996948242200,198.300003051757800,9353400,188.157928466796880
2024-04-04,199.149993896484380,199.679992675781250,195.550003051757800,195.649993896484380,9243800,186.726364135742200
2024-04-05,196.160003662109380,198.119995117187500,195.110000610351560,197.449996948242200,6532300,188.444244384765620
2024-04-08,197.619995117187500,198.979995727539060,197.619995117187500,198.479995727539060,8001000,189.427276611328120
2024-04-09,198.070007324218750,198.880004882812500,194.910003662109380,197.149993896484380,7351500,188.157928466796880
2024-04-10,195.550003051757800,197.070007324218750,194.179992675781250,195.470001220703120,7681400,186.554565429687500
2024-04-11,196.000000000000000,196.570007324218750,193.240005493164060,195.429992675781250,10137700,186.516357421875000
2024-04-12,188.320007324218750,188.929992675781250,182.539993286132800,182.789993286132800,31532300,174.452880859375000
2024-04-15,184.500000000000000,187.460006713867200,182.199996948242200,182.889999389648440,14766600,174.548324584960940
2024-04-16,182.899993896484380,183.160003662109380,179.649993896484380,180.800003051757800,16451800,172.553649902343750
2024-04-17,181.369995117187500,182.419998168945300,179.199996948242200,180.080001831054700,9017100,171.866485595703120
2024-04-18,181.100006103515620,183.360000610351560,179.970001220703120,181.250000000000000,9557700,172.983123779296880
2024-04-19,182.399993896484380,185.880004882812500,181.410003662109380,185.800003051757800,13402300,177.325607299804700
2024-04-22,185.990005493164060,190.130004882812500,185.979995727539060,189.410003662109380,11529700,180.770950317382800
2024-04-23,191.130004882812500,192.229995727539060,190.520004272460940,192.139999389648440,9144400,183.376419067382800
2024-04-24,190.529998779296880,193.229995727539060,190.169998168945300,193.080001831054700,6964900,184.273574829101560
2024-04-25,192.250000000000000,193.940002441406250,191.179992675781250,193.369995117187500,9802300,184.550323486328120
2024-04-26,193.570007324218750,194.869995117187500,193.059997558593750,193.490005493164060,6413700,184.664871215820300
2024-04-29,193.479995727539060,194.259994506835940,192.429992675781250,193.279998779296880,5387800,184.464431762695300
2024-04-30,192.809997558593750,194.990005493164060,191.639999389648440,191.740005493164060,8153700,182.994674682617200
2024-05-01,192.270004272460940,194.460006713867200,190.789993286132800,191.860000610351560,7445300,183.109191894531250
2024-05-02,193.070007324218750,193.500000000000000,189.520004272460940,191.660003662109380,6501700,182.918319702148440
2024-05-03,192.000000000000000,192.529998779296880,188.460006713867200,190.509994506835940,8922800,181.820785522460940
2024-05-06,191.729995727539060,192.199996948242200,189.820007324218750,192.000000000000000,7911100,183.242813110351560
2024-05-07,191.699996948242200,192.929992675781250,191.649993896484380,191.750000000000000,7688800,183.004226684570300
2024-05-08,191.000000000000000,196.649993896484380,191.000000000000000,195.649993896484380,9227600,186.726364135742200
2024-05-09,195.169998168945300,197.589996337890620,195.100006103515620,197.500000000000000,7977300,188.491958618164060
2024-05-10,198.539993286132800,199.339996337890620,198.270004272460940,198.770004272460940,7529800,189.704040527343750
2024-05-13,198.800003051757800,199.850006103515620,198.039993286132800,198.729995727539060,7049200,189.665847778320300
2024-05-14,199.000000000000000,201.580001831054700,198.160003662109380,201.509994506835940,8596200,192.319046020507800
2024-05-15,202.009994506835940,202.690002441406250,199.770004272460940,202.110000610351560,8370000,192.891677856445300
2024-05-16,202.220001220703120,204.479995727539060,201.990005493164060,202.470001220703120,8497900,193.235275268554700
2024-05-17,203.809997558593750,205.050003051757800,202.809997558593750,204.789993286132800,9260500,195.449462890625000
2024-05-20,204.389999389648440,205.880004882812500,195.399993896484380,195.580001831054700,17373300,186.659530639648440
2024-05-21,197.000000000000000,199.899993896484380,196.600006103515620,199.520004272460940,14420800,190.419815063476560
2024-05-22,199.000000000000000,200.940002441406250,197.690002441406250,198.309997558593750,9425300,189.265014648437500
2024-05-23,197.809997558593750,198.300003051757800,196.070007324218750,196.919998168945300,8069400,187.938430786132800
2024-05-24,197.750000000000000,200.759994506835940,197.559997558593750,200.710006713867200,7356200,191.555557250976560
2024-05-28,199.860000610351560,200.410003662109380,198.660003662109380,199.500000000000000,6910200,190.400741577148440
2024-05-29,198.000000000000000,198.990005493164060,196.889999389648440,198.110000610351560,6120000,189.074127197265620
2024-05-30,198.559997558593750,199.850006103515620,198.399993896484380,199.330001831054700,6829100,190.238494873046880
2024-05-31,199.300003051757800,203.300003051757800,198.350006103515620,202.630004882812500,14417900,193.387969970703120
2024-06-03,202.309997558593750,202.419998168945300,199.190002441406250,201.820007324218750,6444300,192.614929199218750
2024-06-04,200.160003662109380,201.979995727539060,198.279998779296880,199.160003662109380,6848300,190.076263427734380
2024-06-05,199.759994506835940,199.820007324218750,196.919998168945300,197.259994506835940,8351600,188.262893676757800
2024-06-06,197.259994506835940,198.020004272460940,195.330001831054700,196.910003662109380,7640300,187.928894042968750
2024-06-07,197.429992675781250,200.919998168945300,197.009994506835940,199.949996948242200,6964500,190.830200195312500
2024-06-10,199.240005493164060,200.839996337890620,198.440002441406250,199.610000610351560,6070800,190.505722045898440
2024-06-11,197.910003662109380,197.940002441406250,193.600006103515620,194.360000610351560,9235300,185.495193481445300
2024-06-12,196.000000000000000,196.720001220703120,191.309997558593750,191.529998779296880,12751300,182.794265747070300
2024-06-13,192.320007324218750,194.580001831054700,190.880004882812500,193.660003662109380,8587800,184.827102661132800
2024-06-14,191.449996948242200,194.860000610351560,191.419998168945300,193.779998779296880,6874000,184.941635131835940
2024-06-17,193.479995727539060,195.580001831054700,192.639999389648440,194.979995727539060,8725400,186.086898803710940
2024-06-18,194.600006103515620,197.960006713867200,194.130004882812500,197.000000000000000,9023000,188.014755249023440
2024-06-20,196.389999389648440,199.449996948242200,196.110000610351560,198.669998168945300,8731100,189.608612060546880
2024-06-21,196.710006713867200,197.169998168945300,194.220001220703120,196.300003051757800,20972100,187.346694946289060
2024-06-24,197.809997558593750,199.229995727539060,197.100006103515620,198.880004882812500,9785900,189.809051513671880
2024-06-25,198.089996337890620,200.070007324218750,197.740005493164060,198.070007324218750,6862500,189.035949707031250
2024-06-26,197.449996948242200,197.940002441406250,196.279998779296880,197.429992675781250,7758600,188.425170898437500
2024-06-27,197.440002441406250,199.860000610351560,196.899993896484380,199.169998168945300,7913500,190.085769653320300
2024-06-28,200.009994506835940,202.600006103515620,199.300003051757800,202.259994506835940,15307600,193.034866333007800
2024-07-01,202.839996337890620,207.089996337890620,202.660003662109380,205.449996948242200,10205800,196.079345703125000
2024-07-02,205.289993286132800,208.860000610351560,204.770004272460940,208.830001831054700,7802900,199.305221557617200
2024-07-03,209.550003051757800,210.380004882812500,207.649993896484380,208.690002441406250,5560900,199.171585083007800
2024-07-05,206.990005493164060,207.369995117187500,204.520004272460940,204.789993286132800,8093100,196.532440185546880
2024-07-08,205.039993286132800,206.899993896484380,203.970001220703120,205.169998168945300,8707000,196.897155761718750
2024-07-09,205.630004882812500,209.759994506835940,205.449996948242200,207.630004882812500,9058900,199.257980346679700
2024-07-10,206.139999389648440,207.970001220703120,205.580001831054700,207.800003051757800,8328500,199.421096801757800
2024-07-11,206.210006713867200,208.100006103515620,205.380004882812500,207.449996948242200,10658100,199.085205078125000
2024-07-12,204.000000000000000,207.449996948242200,202.100006103515620,204.940002441406250,15443400,196.676406860351560
2024-07-15,207.190002441406250,211.610000610351560,206.720001220703120,210.050003051757800,10719700,201.580398559570300
2024-07-16,210.000000000000000,213.740005493164060,208.080001831054700,213.619995117187500,11557000,205.006408691406250
2024-07-17,213.800003051757800,217.559997558593750,213.270004272460940,216.869995117187500,11572500,208.125381469726560
2024-07-18,215.630004882812500,216.639999389648440,209.240005493164060,209.979995727539060,12415100,201.513183593750000
2024-07-19,211.199996948242200,212.350006103515620,208.919998168945300,209.779998779296880,8095900,201.321258544921880
2024-07-22,210.460006713867200,212.169998168945300,209.710006713867200,210.279998779296880,7663200,201.801101684570300
2024-07-23,211.020004272460940,211.479995727539060,209.350006103515620,210.330001831054700,5557300,201.849090576171880
2024-07-24,209.550003051757800,212.029998779296880,208.070007324218750,208.589996337890620,7119000,200.179244995117200
2024-07-25,208.649993896484380,210.190002441406250,208.050003051757800,208.669998168945300,6403800,200.256027221679700
2024-07-26,209.240005493164060,213.160003662109380,208.619995117187500,212.240005493164060,8027800,203.682067871093750
2024-07-29,212.649993896484380,213.610000610351560,210.550003051757800,210.850006103515620,6533600,202.348129272460940
2024-07-30,213.229995727539060,215.789993286132800,212.960006713867200,215.190002441406250,8850700,206.513137817382800
2024-07-31,214.779998779296880,216.389999389648440,212.669998168945300,212.800003051757800,9071600,204.219482421875000
2024-08-01,213.199996948242200,213.830001831054700,206.380004882812500,207.960006713867200,10918600,199.574645996093750
2024-08-02,203.880004882812500,204.669998168945300,196.889999389648440,199.139999389648440,18041700,191.110290527343750
2024-08-05,194.050003051757800,196.169998168945300,190.899993896484380,194.899993896484380,13927000,187.041244506835940
2024-08-06,195.399993896484380,202.600006103515620,194.000000000000000,200.339996337890620,10605800,192.261901855468750
2024-08-07,203.509994506835940,205.750000000000000,200.199996948242200,200.399993896484380,9204400,192.319473266601560
2024-08-08,202.470001220703120,204.910003662109380,201.789993286132800,204.059997558593750,7761200,195.831909179687500
2024-08-09,203.470001220703120,206.470001220703120,202.899993896484380,205.800003051757800,5540200,197.501724243164060
2024-08-12,206.410003662109380,207.139999389648440,203.660003662109380,206.190002441406250,6936000,197.876022338867200
2024-08-13,207.729995727539060,208.089996337890620,205.399993896484380,207.940002441406250,6387800,199.555450439453120
2024-08-14,207.740005493164060,210.759994506835940,207.119995117187500,210.240005493164060,6999800,201.762725830078120
2024-08-15,213.000000000000000,213.889999389648440,211.100006103515620,211.550003051757800,7001000,203.019897460937500
2024-08-16,211.690002441406250,214.089996337890620,211.589996337890620,213.970001220703120,7931200,205.342330932617200
2024-08-19,214.000000000000000,215.529998779296880,213.820007324218750,215.449996948242200,6090800,206.762619018554700
2024-08-20,215.000000000000000,216.000000000000000,213.679992675781250,214.520004272460940,5640000,205.870117187500000
2024-08-21,214.429992675781250,215.000000000000000,212.839996337890620,214.600006103515620,5202300,205.946914672851560
2024-08-22,214.580001831054700,216.800003051757800,214.339996337890620,216.630004882812500,5247100,207.895050048828120
2024-08-23,217.600006103515620,219.190002441406250,216.500000000000000,218.309997558593750,7214000,209.507339477539060
2024-08-26,219.009994506835940,219.679992675781250,218.050003051757800,219.169998168945300,5105200,210.332641601562500
2024-08-27,219.509994506835940,220.419998168945300,219.190002441406250,220.179992675781250,5185200,211.301895141601560
2024-08-28,219.250000000000000,222.210006713867200,219.190002441406250,221.289993286132800,6506400,212.367156982421880
2024-08-29,222.149993896484380,222.979995727539060,218.940002441406250,222.210006713867200,6416100,213.250061035156250
2024-08-30,222.500000000000000,225.479995727539060,221.929992675781250,224.800003051757800,8574100,215.735626220703120
2024-09-03,222.300003051757800,224.100006103515620,219.240005493164060,220.300003051757800,8956100,211.417083740234380
2024-09-04,221.039993286132800,222.070007324218750,217.210006713867200,219.330001831054700,7389500,210.486175537109380
2024-09-05,220.149993896484380,220.800003051757800,216.029998779296880,217.630004882812500,8067900,208.854751586914060
2024-09-06,217.600006103515620,218.740005493164060,211.089996337890620,212.460006713867200,7777000,203.893188476562500
2024-09-09,215.190002441406250,218.149993896484380,214.179992675781250,216.809997558593750,8935100,208.067810058593750
2024-09-10,218.600006103515620,218.639999389648440,200.610000610351560,205.559997558593750,28406900,197.271423339843750
2024-09-11,205.250000000000000,207.699996948242200,201.830001831054700,207.229995727539060,13658700,198.874084472656250
2024-09-12,207.649993896484380,208.779998779296880,204.889999389648440,206.600006103515620,9054400,198.269500732421880
2024-09-13,206.860000610351560,207.850006103515620,203.020004272460940,204.320007324218750,10226700,196.081420898437500
2024-09-16,205.830001831054700,208.210006713867200,205.589996337890620,207.860000610351560,8634900,199.478668212890620
2024-09-17,207.729995727539060,209.929992675781250,207.660003662109380,209.250000000000000,7573300,200.812637329101560
2024-09-18,209.009994506835940,211.339996337890620,206.699996948242200,207.529998779296880,8259900,199.161987304687500
2024-09-19,209.779998779296880,211.910003662109380,207.339996337890620,210.479995727539060,11635200,201.993026733398440
2024-09-20,209.929992675781250,211.419998168945300,209.500000000000000,211.089996337890620,20885000,202.578430175781250
2024-09-23,211.000000000000000,211.800003051757800,209.990005493164060,211.440002441406250,7223500,202.914321899414060
2024-09-24,211.149993896484380,212.949996948242200,210.369995117187500,211.589996337890620,7323200,203.058258056640620
2024-09-25,211.679992675781250,212.240005493164060,208.610000610351560,210.190002441406250,8976500,201.714736938476560
2024-09-26,211.130004882812500,211.699996948242200,209.009994506835940,209.779998779296880,7807500,201.321258544921880
2024-09-27,210.649993896484380,212.440002441406250,209.330001831054700,210.500000000000000,7032500,202.012222290039060
2024-09-30,206.309997558593750,210.960006713867200,205.259994506835940,210.860000610351560,8663800,202.357696533203120
2024-10-01,208.899993896484380,209.089996337890620,206.190002441406250,207.039993286132800,8540100,198.691726684570300
2024-10-02,207.080001831054700,208.949996948242200,205.690002441406250,207.289993286132800,5810900,198.931671142578120
2024-10-03,206.169998168945300,206.490005493164060,204.339996337890620,205.229995727539060,7251300,196.954727172851560
2024-10-04,209.300003051757800,211.669998168945300,206.910003662109380,211.220001220703120,10211700,203.945358276367200
2024-10-07,211.029998779296880,213.330001831054700,209.690002441406250,210.929992675781250,6718900,203.665344238281250
2024-10-08,210.580001831054700,211.330001831054700,208.380004882812500,210.750000000000000,6021800,203.491561889648440
2024-10-09,209.699996948242200,214.240005493164060,209.380004882812500,213.419998168945300,7024000,206.069610595703120
2024-10-10,214.809997558593750,214.809997558593750,211.470001220703120,212.839996337890620,7927100,205.509567260742200
2024-10-11,215.669998168945300,224.630004882812500,215.160003662109380,222.289993286132800,18320700,214.634094238281250
2024-10-14,223.199996948242200,223.699996948242200,218.880004882812500,221.479995727539060,9048900,213.852005004882800
2024-10-15,223.660003662109380,225.449996948242200,221.820007324218750,222.389999389648440,9235800,214.730651855468750
2024-10-16,222.330001831054700,223.679992675781250,221.039993286132800,223.639999389648440,6382500,215.937622070312500
2024-10-17,224.270004272460940,225.850006103515620,223.309997558593750,224.419998168945300,6470200,216.690750122070300
2024-10-18,225.000000000000000,225.919998168945300,223.100006103515620,225.369995117187500,7000500,217.608016967773440
2024-10-21,225.220001220703120,225.699996948242200,222.899993896484380,223.000000000000000,5870000,215.319656372070300
2024-10-22,223.020004272460940,225.279998779296880,221.100006103515620,224.119995117187500,9586800,216.401077270507800
2024-10-23,223.660003662109380,224.800003051757800,222.529998779296880,223.410003662109380,6180500,215.715545654296880
2024-10-24,221.830001831054700,225.059997558593750,221.660003662109380,224.979995727539060,6002200,217.231460571289060
2024-10-25,225.000000000000000,225.619995117187500,220.880004882812500,222.309997558593750,6369700,214.653427124023440
2024-10-28,223.350006103515620,225.639999389648440,222.949996948242200,225.500000000000000,6843000,217.733566284179700
2024-10-29,225.210006713867200,226.750000000000000,222.809997558593750,222.899993896484380,6580000,215.223098754882800
2024-10-30,222.539993286132800,226.309997558593750,221.580001831054700,224.410003662109380,7110900,216.681106567382800
2024-10-31,224.699996948242200,225.690002441406250,221.820007324218750,221.919998168945300,7829900,214.276855468750000
2024-11-01,223.559997558593750,226.149993896484380,222.699996948242200,222.940002441406250,6923500,215.261703491210940
2024-11-04,222.649993896484380,223.759994506835940,219.169998168945300,219.779998779296880,8229600,212.210540771484380
2024-11-05,220.029998779296880,221.960006713867200,220.000000000000000,221.490005493164060,5600700,213.861663818359380
2024-11-06,235.000000000000000,248.000000000000000,234.770004272460940,247.059997558593750,23987800,238.551010131835940
2024-11-07,244.500000000000000,244.570007324218750,235.220001220703120,236.380004882812500,16451100,228.238830566406250
2024-11-08,239.339996337890620,239.339996337890620,235.779998779296880,236.979995727539060,9502100,228.818161010742200
2024-11-11,240.000000000000000,242.100006103515620,239.000000000000000,239.289993286132800,9017100,231.048599243164060
2024-11-12,240.550003051757800,241.460006713867200,238.759994506835940,239.559997558593750,6861000,231.309310913085940
2024-11-13,240.580001831054700,244.089996337890620,240.309997558593750,241.160003662109380,11472600,232.854202270507800
2024-11-14,242.419998168945300,244.289993286132800,241.050003051757800,241.869995117187500,10172200,233.539749145507800
2024-11-15,241.460006713867200,246.419998168945300,241.460006713867200,245.309997558593750,11518800,236.861282348632800
2024-11-18,247.759994506835940,247.929992675781250,242.679992675781250,245.029998779296880,9051400,236.590911865234380
2024-11-19,242.250000000000000,245.149993896484380,241.550003051757800,243.089996337890620,6792700,234.717727661132800
2024-11-20,244.399993896484380,244.610000610351560,238.639999389648440,240.779998779296880,9015300,232.487274169921880
2024-11-21,243.229995727539060,245.490005493164060,242.110000610351560,244.759994506835940,8783500,236.330200195312500
2024-11-22,243.610000610351560,249.149993896484380,243.029998779296880,248.550003051757800,7997300,239.989700317382800
2024-11-25,249.589996337890620,254.309997558593750,249.059997558593750,250.289993286132800,10295400,241.669738769531250
2024-11-26,250.490005493164060,251.000000000000000,248.339996337890620,249.970001220703120,6212100,241.360809326171880
2024-11-27,249.350006103515620,251.190002441406250,248.770004272460940,249.789993286132800,5472300,241.186965942382800
2024-11-29,249.860000610351560,251.770004272460940,249.449996948242200,249.720001220703120,5494800,241.119384765625000
2024-12-02,249.550003051757800,250.250000000000000,245.029998779296880,246.250000000000000,8899700,237.768875122070300
2024-12-03,248.229995727539060,249.039993286132800,244.630004882812500,244.820007324218750,6657700,236.388137817382800
2024-12-04,244.699996948242200,245.350006103515620,242.229995727539060,243.399993896484380,7346300,235.017059326171880
2024-12-05,245.389999389648440,247.179992675781250,244.619995117187500,245.479995727539060,6572500,237.025405883789060
2024-12-06,245.699996948242200,247.740005493164060,244.839996337890620,247.360000610351560,5519700,238.840682983398440
2024-12-09,247.130004882812500,247.869995117187500,243.759994506835940,243.809997558593750,7076500,235.412918090820300
2024-12-10,243.889999389648440,247.960006713867200,242.220001220703120,242.860000610351560,9108300,234.495635986328120
2024-12-11,244.000000000000000,244.270004272460940,242.179992675781250,243.529998779296880,7884400,235.142578125000000
2024-12-12,243.000000000000000,244.100006103515620,241.039993286132800,241.529998779296880,6113800,233.211441040039060
2024-12-13,242.070007324218750,242.720001220703120,239.139999389648440,239.940002441406250,10392700,231.676223754882800
2024-12-16,240.610000610351560,240.669998168945300,237.520004272460940,239.580001831054700,9032000,231.328598022460940
2024-12-17,238.649993896484380,239.020004272460940,236.630004882812500,238.360000610351560,8083600,230.150634765625000
2024-12-18,239.000000000000000,239.070007324218750,229.529998779296880,230.369995117187500,11322400,222.435836791992200
2024-12-19,232.270004272460940,236.360000610351560,232.270004272460940,232.960006713867200,11790800,224.936614990234380
2024-12-20,231.919998168945300,239.210006713867200,231.589996337890620,237.600006103515620,32348400,229.416809082031250
2024-12-23,236.070007324218750,238.619995117187500,234.880004882812500,238.389999389648440,8611500,230.179580688476560
2024-12-24,239.429992675781250,242.490005493164060,239.070007324218750,242.309997558593750,3729100,233.964584350585940
2024-12-26,241.429992675781250,243.259994506835940,240.789993286132800,243.139999389648440,4451800,234.766021728515620
2024-12-27,242.720001220703120,243.389999389648440,240.039993286132800,241.169998168945300,5730200,232.863845825195300
2024-12-30,238.770004272460940,240.839996337890620,237.110000610351560,239.320007324218750,5723800,231.077575683593750
2024-12-31,240.050003051757800,241.440002441406250,239.029998779296880,239.710006713867200,4871000,231.454132080078120
2025-01-02,240.919998168945300,243.279998779296880,239.449996948242200,240.000000000000000,9220900,231.734176635742200
2025-01-03,243.889999389648440,244.880004882812500,240.259994506835940,243.279998779296880,9491100,234.901199340820300
2025-01-06,243.699996948242200,245.690002441406250,240.580001831054700,240.850006103515620,9917800,233.755950927734380
2025-01-07,242.139999389648440,245.259994506835940,240.899993896484380,243.169998168945300,8753400,236.007583618164060
2025-01-08,242.750000000000000,244.250000000000000,240.500000000000000,243.130004882812500,8675300,235.968780517578120
2025-01-10,243.089996337890620,243.809997558593750,238.740005493164060,239.869995117187500,10256800,232.804809570312500
2025-01-13,239.669998168945300,244.539993286132800,239.000000000000000,244.210006713867200,10005300,237.016998291015620
2025-01-14,242.660003662109380,247.720001220703120,242.190002441406250,247.470001220703120,12407400,240.180938720703120
2025-01-15,250.399993896484380,253.669998168945300,243.679992675781250,252.350006103515620,18448500,244.917221069335940
2025-01-16,254.000000000000000,257.040008544921900,252.330001831054700,254.270004272460940,15292300,246.780654907226560
2025-01-17,254.139999389648440,260.619995117187500,252.139999389648440,259.160003662109400,17678100,251.526641845703120
2025-01-21,260.070007324218750,264.250000000000000,259.500000000000000,263.029998779296900,13712100,255.282653808593750
2025-01-22,262.899993896484400,263.380004882812500,260.250000000000000,262.839996337890600,9021900,255.098251342773440
2025-01-23,264.690002441406250,266.859985351562500,263.809997558593750,265.950012207031250,10749700,258.116638183593750
2025-01-24,263.690002441406250,267.100006103515600,263.010009765625000,264.839996337890600,7666300,257.039306640625000
2025-01-27,264.170013427734400,265.970001220703100,262.260009765625000,265.850006103515600,7522300,258.019592285156250
2025-01-28,265.850006103515600,267.329986572265600,264.829986572265600,267.140014648437500,7375400,259.271575927734400
2025-01-29,267.209991455078100,270.679992675781250,265.609985351562500,266.579986572265600,7684900,258.728057861328100
2025-01-30,268.630004882812500,269.700012207031250,266.619995117187500,268.230010986328100,8753500,260.329467773437500
2025-01-31,269.230010986328100,270.820007324218750,266.959991455078100,267.299987792968750,7193800,259.426910400390600
2025-02-03,261.829986572265600,268.170013427734400,261.700012207031250,266.809997558593750,8381400,258.951293945312500
2025-02-04,269.839996337890600,269.839996337890600,266.829986572265600,267.940002441406250,5626000,260.048034667968750
2025-02-05,268.910003662109400,270.640014648437500,268.329986572265600,270.429992675781250,5704400,262.464691162109400
2025-02-06,272.450012207031250,276.980010986328100,271.190002441406250,276.899993896484400,7264400,268.744110107421900
2025-02-07,277.269989013671900,278.549987792968750,274.709991455078100,275.799987792968750,6857900,267.676513671875000
2025-02-10,276.149993896484400,276.179992675781250,269.589996337890600,271.040008544921900,8627400,263.056732177734400
2025-02-11,270.260009765625000,276.220001220703100,269.660003662109400,274.989990234375000,7196400,266.890380859375000
2025-02-12,274.079986572265600,276.450012207031250,273.250000000000000,275.450012207031250,6683900,267.336853027343750
2025-02-13,275.500000000000000,276.970001220703100,273.809997558593750,276.320007324218750,8398700,268.181213378906250
2025-02-14,277.369995117187500,279.230010986328100,276.450012207031250,276.589996337890600,5688600,268.443206787109400
2025-02-18,276.760009765625000,279.970001220703100,276.019989013671900,279.950012207031250,7919800,271.704284667968750
2025-02-19,278.380004882812500,280.250000000000000,277.220001220703100,279.250000000000000,7007200,271.024902343750000
2025-02-20,278.679992675781250,278.739990234375000,265.739990234375000,266.799987792968750,13846700,258.941589355468750
2025-02-21,268.320007324218750,269.200012207031250,262.839996337890600,264.239990234375000,12835600,256.457031250000000
2025-02-24,265.489990234375000,267.000000000000000,258.609985351562500,261.339996337890600,10372800,253.642440795898440
2025-02-25,262.230010986328100,263.000000000000000,253.350006103515620,257.399993896484400,9608400,249.818466186523440
2025-02-26,257.160003662109400,260.910003662109400,256.929992675781250,258.790008544921900,5943600,251.167526245117200
2025-02-27,260.179992675781250,263.640014648437500,257.859985351562500,259.049987792968750,8204400,251.419860839843750
2025-02-28,260.730010986328100,264.809997558593750,257.890014648437500,264.649993896484400,10467100,256.854919433593750
2025-03-03,264.000000000000000,266.320007324218750,257.820007324218750,260.619995117187500,9058300,252.943588256835940
2025-03-04,255.279998779296880,257.230010986328100,245.949996948242200,250.250000000000000,13465600,242.879074096679700
2025-03-05,251.250000000000000,253.050003051757800,247.830001831054700,251.529998779296880,7861400,244.121368408203120
2025-03-06,248.110000610351560,249.360000610351560,243.850006103515620,246.539993286132800,9983200,239.278335571289060
2025-03-07,245.229995727539060,246.720001220703120,239.419998168945300,242.279998779296880,20498700,235.143829345703120
2025-03-10,236.210006713867200,237.509994506835940,228.699996948242200,232.220001220703120,18887200,225.380111694335940
2025-03-11,231.750000000000000,233.320007324218750,226.690002441406250,229.139999389648440,18143000,222.390853881835940
2025-03-12,234.000000000000000,234.320007324218750,227.259994506835940,227.899993896484380,16054000,221.187362670898440
2025-03-13,229.300003051757800,229.500000000000000,224.229995727539060,225.190002441406250,16467900,218.557189941406250
2025-03-14,228.119995117187500,233.139999389648440,227.580001831054700,232.440002441406250,11962100,225.593643188476560
2025-03-17,231.179992675781250,235.669998168945300,230.460006713867200,233.929992675781250,9586000,227.039779663085940
2025-03-18,234.320007324218750,236.169998168945300,233.520004272460940,234.970001220703120,10344900,228.049133300781250
2025-03-19,235.740005493164060,242.330001831054700,234.889999389648440,239.110000610351560,10120600,232.067214965820300
2025-03-20,236.559997558593750,241.759994506835940,236.199996948242200,239.009994506835940,8328500,231.970138549804700
2025-03-21,237.809997558593750,242.300003051757800,236.500000000000000,241.630004882812500,19326900,234.513000488281250
2025-03-24,245.479995727539060,248.690002441406250,244.410003662109380,248.059997558593750,9422700,240.753585815429700
2025-03-25,249.309997558593750,251.820007324218750,247.619995117187500,251.130004882812500,9287700,243.733139038085940
2025-03-26,252.600006103515620,254.669998168945300,249.779998779296880,251.029998779296880,12779300,243.636093139648440
2025-03-27,249.529998779296880,250.639999389648440,247.179992675781250,248.119995117187500,8022500,240.811798095703120
2025-03-28,246.940002441406250,249.509994506835940,241.110000610351560,242.850006103515620,11978400,235.697036743164060
2025-03-31,239.410003662109380,245.860000610351560,237.360000610351560,245.300003051757800,13603000,238.074890136718750
2025-04-01,242.619995117187500,245.690002441406250,240.880004882812500,243.660003662109380,8054700,236.483184814453120
2025-04-02,241.600006103515620,247.250000000000000,241.460006713867200,245.820007324218750,7758800,238.579559326171880
2025-04-03,234.270004272460940,235.139999389648440,227.300003051757800,228.690002441406250,17188500,221.954116821289060
2025-04-04,215.309997558593750,217.699996948242200,208.929992675781250,210.279998779296880,27170700,205.343429565429700
2025-04-07,205.770004272460940,222.050003051757800,202.160003662109380,214.440002441406250,22914400,209.405761718750000
2025-04-08,223.520004272460940,227.839996337890620,213.250000000000000,216.869995117187500,19485700,211.778717041015620
2025-04-09,212.500000000000000,237.479995727539060,211.000000000000000,234.339996337890620,24022400,228.838592529296880
2025-04-10,230.000000000000000,230.350006103515620,220.100006103515620,227.110000610351560,18896400,221.778335571289060
2025-04-11,226.309997558593750,238.580001831054700,225.000000000000000,236.199996948242200,20284500,230.654937744140620
2025-04-14,237.100006103515620,239.779998779296880,233.630004882812500,234.720001220703120,13017800,229.209671020507800
2025-04-15,236.100006103515620,238.649993896484380,232.820007324218750,233.130004882812500,10912900,227.657012939453120
2025-04-16,232.000000000000000,233.580001831054700,227.929992675781250,229.610000610351560,9322300,224.219619750976560
2025-04-17,230.800003051757800,234.339996337890620,230.550003051757800,231.960006713867200,9557900,226.514465332031250
2025-04-21,230.630004882812500,231.809997558593750,226.339996337890620,228.990005493164060,8716200,223.614196777343750
2025-04-22,231.979995727539060,235.990005493164060,231.369995117187500,235.589996337890620,10701400,230.059265136718750
2025-04-23,240.220001220703120,246.789993286132800,240.000000000000000,240.880004882812500,14126800,235.225082397460940
2025-04-24,239.740005493164060,245.470001220703120,237.580001831054700,244.639999389648440,9055200,238.896789550781250
2025-04-25,244.649993896484380,245.619995117187500,241.750000000000000,243.550003051757800,8588600,237.832366943359380
2025-04-28,244.559997558593750,246.839996337890620,240.839996337890620,243.220001220703120,7394300,237.510147094726560
2025-04-29,242.190002441406250,245.250000000000000,241.690002441406250,244.619995117187500,7216800,238.877258300781250
2025-04-30,241.210006713867200,245.220001220703120,238.429992675781250,244.619995117187500,12991700,238.877258300781250
2025-05-01,242.839996337890620,248.449996948242200,242.169998168945300,246.889999389648440,8689600,241.093978881835940
2025-05-02,251.259994506835940,253.619995117187500,249.460006713867200,252.509994506835940,7165000,246.582015991210940
2025-05-05,251.179992675781250,255.160003662109380,250.589996337890620,252.559997558593750,5450700,246.630859375000000
2025-05-06,250.000000000000000,252.649993896484380,249.000000000000000,249.250000000000000,6369900,243.398544311523440
2025-05-07,249.850006103515620,252.449996948242200,248.830001831054700,249.389999389648440,8724100,243.535263061523440
2025-05-08,251.570007324218750,255.880004882812500,251.550003051757800,253.470001220703120,8320100,247.519500732421880
2025-05-09,254.500000000000000,255.509994506835940,252.339996337890620,253.080001831054700,5087600,247.138656616210940
2025-05-12,262.899993896484400,263.600006103515600,258.700012207031250,260.049987792968750,9603900,253.945007324218750
2025-05-13,261.029998779296900,263.670013427734400,260.390014648437500,263.010009765625000,8589000,256.835571289062500
2025-05-14,263.000000000000000,266.640014648437500,262.290008544921900,265.640014648437500,8643100,259.403808593750000
2025-05-15,266.970001220703100,269.519989013671900,264.760009765625000,267.489990234375000,9214600,261.210357666015600
2025-05-16,267.500000000000000,268.459991455078100,264.709991455078100,267.559997558593750,8932900,261.278747558593750
2025-05-19,265.549987792968750,268.320007324218750,261.929992675781250,264.880004882812500,12145000,258.661651611328100
2025-05-20,262.519989013671900,266.660003662109400,262.299987792968750,265.679992675781250,8436300,259.442840576171900
2025-05-21,264.350006103515600,265.649993896484400,260.730010986328100,261.040008544921900,7464000,254.911804199218750
2025-05-22,259.440002441406250,262.299987792968750,258.869995117187500,260.670013427734400,6514100,254.550460815429700
2025-05-23,256.809997558593750,261.989990234375000,256.000000000000000,260.709991455078100,6671800,254.589523315429700
2025-05-27,262.040008544921900,265.299987792968750,261.989990234375000,265.290008544921900,7506600,259.062042236328100
2025-05-28,266.239990234375000,266.720001220703100,262.899993896484400,263.489990234375000,5535400,257.304260253906250
2025-05-29,264.799987792968750,265.410003662109400,262.529998779296900,264.369995117187500,5081200,258.163604736328100
2025-05-30,263.450012207031250,265.329986572265600,262.730010986328100,264.000000000000000,10977700,257.802307128906250
2025-06-02,263.019989013671900,265.029998779296900,261.899993896484400,264.660003662109400,6011200,258.446807861328100
2025-06-03,263.730010986328100,266.579986572265600,262.880004882812500,266.269989013671900,6998400,260.018981933593750
2025-06-04,265.920013427734400,267.119995117187500,264.179992675781250,264.220001220703100,5915700,258.017120361328100
2025-06-05,264.739990234375000,264.739990234375000,260.309997558593750,261.950012207031250,8173800,255.800430297851560
2025-06-06,264.329986572265600,266.649993896484400,264.260009765625000,265.730010986328100,7738100,259.491668701171900
2025-06-09,266.000000000000000,267.899993896484400,263.350006103515600,266.739990234375000,8285000,260.477966308593750
2025-06-10,265.880004882812500,268.899993896484400,265.850006103515600,268.600006103515600,7538100,262.294311523437500
2025-06-11,268.679992675781250,269.619995117187500,265.790008544921900,268.149993896484400,7434100,261.854858398437500
2025-06-12,266.859985351562500,268.290008544921900,265.140014648437500,268.239990234375000,6618000,261.942779541015600
2025-06-13,265.079986572265600,267.019989013671900,262.709991455078100,264.950012207031250,7098300,258.729980468750000
2025-06-16,267.000000000000000,271.730010986328100,266.850006103515600,270.359985351562500,8566000,264.012969970703100
2025-06-17,268.170013427734400,270.589996337890600,267.799987792968750,269.519989013671900,6739300,263.192687988281250
2025-06-18,270.000000000000000,277.720001220703100,269.720001220703100,273.959991455078100,9586400,267.528442382812500
2025-06-20,275.570007324218750,277.299987792968750,273.809997558593750,275.000000000000000,13969700,268.544036865234400
2025-06-23,275.059997558593750,278.549987792968750,272.109985351562500,278.269989013671900,8094600,271.737304687500000
2025-06-24,280.209991455078100,282.709991455078100,279.510009765625000,281.260009765625000,9267900,274.657104492187500
2025-06-25,281.500000000000000,284.279998779296900,280.910003662109400,284.059997558593750,6826900,277.391357421875000
2025-06-26,284.700012207031250,289.410003662109400,284.470001220703100,288.750000000000000,8942100,281.971221923828100
2025-06-27,285.809997558593750,288.700012207031250,285.040008544921900,287.109985351562500,17868600,280.369720458984400
2025-06-30,290.399993896484400,292.649993896484400,288.920013427734400,289.910003662109400,12689200,283.104064941406250
2025-07-01,290.890014648437500,291.130004882812500,286.589996337890600,290.410003662109400,9338300,283.592285156250000
2025-07-02,292.040008544921900,292.820007324218750,289.700012207031250,292.000000000000000,8158700,285.144958496093750
2025-07-03,292.149993896484400,296.399993896484400,291.209991455078100,296.000000000000000,6541600,290.443572998046900
2025-07-07,295.250000000000000,296.040008544921900,290.079986572265600,291.970001220703100,8825700,286.489227294921900
2025-07-08,289.269989013671900,289.700012207031250,280.309997558593750,282.779998779296900,15440900,277.471740722656250
2025-07-09,287.179992675781250,287.200012207031250,282.480010986328100,283.160003662109400,11273800,277.844665527343750
2025-07-10,283.000000000000000,288.309997558593750,283.000000000000000,288.190002441406250,8410900,282.780181884765600
2025-07-11,285.519989013671900,287.380004882812500,283.649993896484400,286.859985351562500,7384700,281.475128173828100
2025-07-14,287.070007324218750,289.299987792968750,285.260009765625000,288.700012207031250,9079900,283.280670166015600
2025-07-15,288.000000000000000,291.950012207031250,285.480010986328100,286.549987792968750,12526100,281.171020507812500
2025-07-16,288.399993896484400,290.730010986328100,283.010009765625000,285.820007324218750,9979800,280.454711914062500
2025-07-17,283.440002441406250,290.299987792968750,283.440002441406250,289.899993896484400,8509500,284.458099365234400
2025-07-18,289.519989013671900,292.500000000000000,288.230010986328100,291.269989013671900,12217000,285.802398681640600
2025-07-21,291.000000000000000,294.179992675781250,290.579986572265600,290.970001220703100,7898100,285.507995605468750
2025-07-22,291.500000000000000,293.630004882812500,289.179992675781250,291.429992675781250,6717500,285.959381103515600
2025-07-23,292.839996337890600,296.989990234375000,292.549987792968750,296.760009765625000,7083500,291.189331054687500
2025-07-24,297.420013427734400,299.589996337890600,296.200012207031250,296.549987792968750,7001200,290.983276367187500
2025-07-25,296.700012207031250,298.899993896484400,295.959991455078100,298.619995117187500,5918500,293.014434814453100
2025-07-28,297.660003662109400,299.429992675781250,296.820007324218750,298.279998779296900,5840400,292.680786132812500
2025-07-29,300.000000000000000,301.290008544921900,296.200012207031250,297.040008544921900,7635700,291.464080810546900
2025-07-30,297.420013427734400,300.609985351562500,297.380004882812500,299.630004882812500,8061700,294.005462646484400
2025-07-31,299.140014648437500,300.980010986328100,295.500000000000000,296.239990234375000,14749700,290.679077148437500
2025-08-01,290.399993896484400,291.799987792968750,284.239990234375000,289.369995117187500,12007100,283.938049316406250
2025-08-04,290.260009765625000,294.320007324218750,290.260009765625000,294.260009765625000,6649500,288.736236572265600
2025-08-05,294.690002441406250,295.790008544921900,287.239990234375000,291.369995117187500,7182300,285.900482177734400
2025-08-06,292.299987792968750,293.290008544921900,290.160003662109400,291.350006103515600,6330200,285.880859375000000
2025-08-07,292.940002441406250,293.459991455078100,286.410003662109400,286.940002441406250,8057100,281.553680419921900
2025-08-08,288.980010986328100,291.230010986328100,284.709991455078100,288.760009765625000,6634100,283.339538574218750
2025-08-11,289.399993896484400,291.320007324218750,288.779998779296900,289.559997558593750,5510100,284.124481201171900
2025-08-12,291.500000000000000,294.750000000000000,290.339996337890600,292.850006103515600,8570900,287.352752685546900
2025-08-13,293.950012207031250,294.549987792968750,287.160003662109400,290.529998779296900,8420400,285.076293945312500
2025-08-14,290.579986572265600,294.200012207031250,289.640014648437500,294.160003662109400,6322400,288.638153076171900
2025-08-15,294.839996337890600,295.500000000000000,289.820007324218750,290.489990234375000,7340500,285.037017822265600
2025-08-18,290.000000000000000,291.899993896484400,288.410003662109400,291.529998779296900,5386900,286.057495117187500
2025-08-19,290.829986572265600,292.480010986328100,289.529998779296900,290.660003662109400,6031500,285.203826904296900
2025-08-20,290.809997558593750,293.329986572265600,287.269989013671900,292.239990234375000,7374200,286.754150390625000
2025-08-21,291.940002441406250,292.769989013671900,289.470001220703100,291.470001220703100,6624000,285.998626708984400
2025-08-22,293.200012207031250,297.160003662109400,290.130004882812500,296.239990234375000,8552800,290.679077148437500
2025-08-25,296.239990234375000,297.350006103515600,294.140014648437500,294.899993896484400,5856300,289.364227294921900
2025-08-26,294.160003662109400,298.739990234375000,293.500000000000000,298.570007324218750,6714700,292.965362548828100
2025-08-27,297.250000000000000,301.070007324218750,297.040008544921900,299.279998779296900,6056500,293.662048339843750
2025-08-28,300.019989013671900,301.239990234375000,298.700012207031250,301.070007324218750,6410500,295.418426513671900
2025-08-29,302.040008544921900,302.950012207031250,299.730010986328100,301.420013427734400,6796400,295.761871337890600
2025-09-02,300.260009765625000,300.459991455078100,294.500000000000000,299.700012207031250,7221900,294.074157714843750
2025-09-03,300.570007324218750,300.570007324218750,296.380004882812500,299.510009765625000,6316900,293.887725830078100
2025-09-04,300.000000000000000,304.429992675781250,298.279998779296900,303.820007324218750,6605800,298.116821289062500
2025-09-05,303.649993896484400,305.149993896484400,294.309997558593750,294.380004882812500,9837700,288.854034423828100
2025-09-08,294.890014648437500,296.459991455078100,291.440002441406250,292.910003662109400,8188500,287.411621093750000
2025-09-09,292.600006103515600,299.000000000000000,292.309997558593750,297.850006103515600,7848200,292.258880615234400
2025-09-10,296.700012207031250,301.540008544921900,295.399993896484400,300.540008544921900,7787300,294.898376464843750
2025-09-11,301.239990234375000,305.730010986328100,300.790008544921900,305.559997558593750,7942500,299.824157714843750
2025-09-12,305.000000000000000,307.549987792968750,303.700012207031250,306.910003662109400,6846700,301.148803710937500
2025-09-15,307.170013427734400,309.950012207031250,307.170013427734400,308.899993896484400,7122000,303.101440429687500
2025-09-16,310.000000000000000,310.899993896484400,307.130004882812500,309.190002441406250,10525600,303.385986328125000
2025-09-17,310.390014648437500,312.910003662109400,308.769989013671900,311.750000000000000,8657800,305.897949218750000
2025-09-18,311.790008544921900,313.440002441406250,309.609985351562500,313.230010986328100,8050700,307.350158691406250
2025-09-19,313.600006103515600,315.799987792968750,309.119995117187500,314.779998779296900,23568600,308.871093750000000
2025-09-22,309.799987792968750,313.700012207031250,309.559997558593750,312.440002441406250,7520200,306.574981689453100
2025-09-23,311.820007324218750,316.309997558593750,310.579986572265600,312.739990234375000,8584400,306.869384765625000
2025-09-24,314.049987792968750,316.579986572265600,311.670013427734400,313.420013427734400,7310500,307.536621093750000
2025-09-25,314.119995117187500,315.649993896484400,311.799987792968750,313.450012207031250,7083200,307.566070556640600
2025-09-26,314.899993896484400,317.809997558593750,313.700012207031250,316.059997558593750,7258100,310.127014160156250
2025-09-29,317.059997558593750,318.010009765625000,313.660003662109400,315.690002441406250,6462400,309.764007568359400
2025-09-30,316.250000000000000,317.410003662109400,310.109985351562500,315.429992675781250,11823300,309.508850097656250
2025-10-01,313.970001220703100,314.589996337890600,307.410003662109400,310.709991455078100,9235200,304.877471923828100
2025-10-02,310.000000000000000,310.559997558593750,306.140014648437500,307.549987792968750,7600000,301.776794433593750
2025-10-03,308.510009765625000,311.660003662109400,308.209991455078100,310.029998779296900,6029900,304.210235595703100
2025-10-06,310.179992675781250,311.750000000000000,305.130004882812500,309.179992675781250,7214500,304.851135253906250
2025-10-07,309.350006103515600,310.010009765625000,304.700012207031250,307.690002441406250,8454200,303.381988525390600
2025-10-08,308.209991455078100,308.779998779296900,303.549987792968750,304.029998779296900,6489900,299.773223876953100
2025-10-09,305.049987792968750,308.040008544921900,303.390014648437500,305.529998779296900,7060300,301.252227783203100
2025-10-10,305.660003662109400,310.470001220703100,300.809997558593750,300.890014648437500,8597400,296.677215576171900
2025-10-13,305.600006103515600,309.459991455078100,305.450012207031250,307.970001220703100,10788700,303.658081054687500
2025-10-14,305.839996337890600,307.000000000000000,294.209991455078100,302.079986572265600,16178800,297.850524902343750
2025-10-15,306.390014648437500,312.119995117187500,305.440002441406250,305.690002441406250,11354800,301.410003662109400
2025-10-16,305.350006103515600,308.679992675781250,297.070007324218750,298.540008544921900,10549400,294.360076904296900
2025-10-17,299.160003662109400,299.549987792968750,294.200012207031250,297.559997558593750,10153500,293.393829345703100
2025-10-20,298.500000000000000,303.690002441406250,298.160003662109400,302.359985351562500,6894900,298.126586914062500
2025-10-21,301.660003662109400,304.049987792968750,297.000000000000000,297.089996337890600,7372700,292.930389404296900
2025-10-22,297.769989013671900,298.059997558593750,290.540008544921900,294.109985351562500,8054100,289.992095947265600
2025-10-23,294.380004882812500,296.369995117187500,292.510009765625000,294.540008544921900,5438800,290.416137695312500
2025-10-24,296.079986572265600,302.600006103515600,295.450012207031250,300.440002441406250,7228300,296.233520507812500
2025-10-27,302.160003662109400,304.529998779296900,301.010009765625000,304.149993896484400,5642200,299.891540527343750
2025-10-28,304.859985351562500,307.970001220703100,303.160003662109400,305.359985351562500,6336000,301.084594726562500
2025-10-29,303.510009765625000,308.250000000000000,303.010009765625000,305.510009765625000,7520300,301.232513427734400
2025-10-30,305.790008544921900,312.609985351562500,305.100006103515600,309.440002441406250,7514600,305.107513427734400
2025-10-31,308.540008544921900,312.869995117187500,307.250000000000000,311.119995117187500,7721300,306.763946533203100
2025-11-03,311.000000000000000,312.320007324218750,306.209991455078100,309.350006103515600,7770000,305.018768310546900
2025-11-04,306.709991455078100,312.220001220703100,305.100006103515600,309.250000000000000,7085200,304.920166015625000
2025-11-05,309.609985351562500,313.100006103515600,305.630004882812500,311.679992675781250,6865200,307.316131591796900
2025-11-06,310.989990234375000,314.839996337890600,310.260009765625000,313.420013427734400,7206100,309.031799316406250
2025-11-07,311.890014648437500,314.429992675781250,307.640014648437500,314.209991455078100,7302300,309.810699462890600
2025-11-10,315.000000000000000,319.559997558593750,314.209991455078100,316.890014648437500,5794100,312.453186035156250
2025-11-11,317.500000000000000,319.049987792968750,315.279998779296900,315.619995117187500,5030200,311.200927734375000
2025-11-12,316.260009765625000,322.250000000000000,316.209991455078100,320.410003662109400,10578300,315.923889160156250
2025-11-13,319.230010986328100,320.630004882812500,309.100006103515600,309.480010986328100,8973300,305.146942138671900
2025-11-14,307.510009765625000,307.640014648437500,301.230010986328100,303.609985351562500,10327000,299.359069824218750
2025-11-17,304.000000000000000,305.589996337890600,297.670013427734400,300.369995117187500,8344000,296.164459228515600
2025-11-18,299.500000000000000,302.950012207031250,297.019989013671900,299.410003662109400,8077300,295.217926025390600
2025-11-19,299.739990234375000,304.450012207031250,299.269989013671900,303.269989013671900,5546600,299.023864746093750
2025-11-20,306.339996337890600,309.920013427734400,298.160003662109400,298.380004882812500,7501600,294.202362060546900
2025-11-21,301.290008544921900,301.679992675781250,292.809997558593750,298.019989013671900,11766800,293.847381591796900
2025-11-24,298.239990234375000,299.820007324218750,294.510009765625000,298.000000000000000,10940200,293.827667236328100
2025-11-25,300.049987792968750,304.500000000000000,295.559997558593750,303.000000000000000,8877200,298.757629394531250
2025-11-26,305.000000000000000,308.529998779296900,303.200012207031250,307.640014648437500,7910900,303.332702636718750
2025-11-28,309.100006103515600,313.720001220703100,308.239990234375000,313.079986572265600,4322400,308.696502685546900
2025-12-01,312.950012207031250,314.040008544921900,308.540008544921900,308.920013427734400,7727300,304.594787597656250
2025-12-02,308.739990234375000,310.480010986328100,307.089996337890600,307.880004882812500,7249000,303.569335937500000
2025-12-03,307.200012207031250,312.359985351562500,306.799987792968750,312.130004882812500,8535300,307.759826660156250
2025-12-04,313.260009765625000,318.489990234375000,313.000000000000000,316.100006103515600,9627800,311.674285888671900
2025-12-05,315.640014648437500,318.480010986328100,314.679992675781250,315.040008544921900,6518900,310.629119873046900
2025-12-08,315.059997558593750,316.470001220703100,313.350006103515600,315.209991455078100,7417200,310.796691894531250
2025-12-09,314.950012207031250,318.799987792968750,300.019989013671900,300.510009765625000,18049200,296.302551269531250
2025-12-10,300.500000000000000,311.190002441406250,298.459991455078100,310.109985351562500,18874100,305.768066406250000
2025-12-11,309.239990234375000,318.000000000000000,309.239990234375000,317.380004882812500,9721900,312.936309814453100
2025-12-12,319.679992675781250,320.269989013671900,316.600006103515600,318.519989013671900,8982900,314.060363769531250
2025-12-15,319.589996337890600,322.880004882812500,318.390014648437500,320.019989013671900,10864100,315.539337158203100
2025-12-16,319.089996337890600,319.519989013671900,314.399993896484400,315.549987792968750,8331300,311.131958007812500
2025-12-17,318.429992675781250,319.369995117187500,314.660003662109400,314.980010986328100,8718700,310.569946289062500
2025-12-18,316.000000000000000,317.700012207031250,312.220001220703100,313.000000000000000,11444900,308.617645263671900
2025-12-19,313.790008544921900,318.559997558593750,313.190002441406250,317.209991455078100,24494400,312.768676757812500
2025-12-22,317.510009765625000,323.230010986328100,317.510009765625000,323.089996337890600,8354600,318.566375732421900
2025-12-23,323.609985351562500,327.779998779296900,323.089996337890600,325.929992675781250,6668300,321.366607666015600
2025-12-24,326.239990234375000,329.989990234375000,325.500000000000000,329.170013427734400,4289300,324.561248779296900
2025-12-26,329.109985351562500,330.859985351562500,326.540008544921900,327.910003662109400,4158300,323.318908691406250
2025-12-29,327.000000000000000,327.769989013671900,323.529998779296900,323.750000000000000,8635300,319.217132568359400
2025-12-30,324.809997558593750,324.940002441406250,322.489990234375000,323.420013427734400,7904300,318.891784667968750
2025-12-31,324.339996337890600,324.880004882812500,322.040008544921900,322.220001220703100,5048500,317.708557128906250
2026-01-02,322.500000000000000,325.730010986328100,320.739990234375000,325.480010986328100,8054000,320.922912597656250
2026-01-05,325.500000000000000,337.250000000000000,325.190002441406250,334.040008544921900,10752600,329.363067626953100
2026-01-06,332.619995117187500,335.869995117187500,330.649993896484400,334.609985351562500,7660800,331.413269042968750
2026-01-07,331.140014648437500,332.149993896484400,324.600006103515600,326.989990234375000,9815200,323.866088867187500
2026-01-08,326.390014648437500,331.399993896484400,325.649993896484400,329.790008544921900,11737100,326.639343261718750
2026-01-09,329.339996337890600,331.899993896484400,328.170013427734400,329.190002441406250,6738100,326.045074462890600
2026-01-12,321.880004882812500,326.019989013671900,321.230010986328100,324.489990234375000,12805100,321.389953613281250
2026-01-13,324.299987792968750,326.859985351562500,310.570007324218750,310.899993896484400,19371200,307.929779052734400
2026-01-14,308.200012207031250,311.760009765625000,306.119995117187500,307.869995117187500,25951500,304.928741455078100
2026-01-15,308.470001220703100,312.940002441406250,307.750000000000000,309.260009765625000,14751400,306.305480957031250
2026-01-16,310.350006103515600,317.209991455078100,310.000000000000000,312.470001220703100,14652500,309.484802246093750
2026-01-20,306.209991455078100,311.149993896484400,301.859985351562500,302.739990234375000,12900600,299.847747802734400
2026-01-21,303.429992675781250,305.399993896484400,301.149993896484400,302.040008544921900,10270100,299.154479980468750
2026-01-22,304.859985351562500,308.200012207031250,302.899993896484400,303.630004882812500,10535800,300.729248046875000
2026-01-23,302.000000000000000,302.369995117187500,296.510009765625000,297.720001220703100,11107900,294.875701904296900
2026-01-26,297.809997558593750,301.779998779296900,297.450012207031250,301.040008544921900,11752700,298.164001464843750
2026-01-27,301.329986572265600,301.970001220703100,298.149993896484400,300.309997558593750,11527400,297.440979003906250
2026-01-28,300.269989013671900,301.920013427734400,298.049987792968750,300.769989013671900,9556700,297.896545410156250
2026-01-29,302.399993896484400,306.829986572265600,302.220001220703100,306.420013427734400,11580000,303.492614746093750
2026-01-30,305.250000000000000,307.929992675781250,302.559997558593750,305.890014648437500,11953200,302.967681884765600
2026-02-02,304.459991455078100,309.299987792968750,301.369995117187500,308.140014648437500,9839400,305.196197509765600
2026-02-03,309.730010986328100,316.250000000000000,309.100006103515600,314.850006103515600,12688000,311.842071533203100
2026-02-04,314.410003662109400,319.309997558593750,314.410003662109400,317.269989013671900,9848800,314.238922119140600
2026-02-05,315.000000000000000,316.010009765625000,305.540008544921900,310.160003662109400,9388000,307.196868896484400
2026-02-06,314.709991455078100,324.250000000000000,314.709991455078100,322.399993896484400,17797400,319.319946289062500
2026-02-09,321.339996337890600,326.399993896484400,320.109985351562500,322.100006103515600,11477500,319.022827148437500
2026-02-10,322.549987792968750,326.130004882812500,315.119995117187500,318.279998779296900,9902200,315.239288330078100
2026-02-11,323.239990234375000,325.279998779296900,308.730010986328100,310.820007324218750,8703500,307.850585937500000
2026-02-12,312.279998779296900,313.619995117187500,300.019989013671900,302.640014648437500,13443400,299.748718261718750
2026-02-13,298.519989013671900,304.290008544921900,296.519989013671900,302.549987792968750,9114500,299.659545898437500
2026-02-17,302.760009765625000,308.239990234375000,302.500000000000000,307.130004882812500,8896800,304.195800781250000
2026-02-18,308.459991455078100,312.279998779296900,307.220001220703100,308.779998779296900,7209600,305.830047607421900
2026-02-19,307.170013427734400,309.179992675781250,305.119995117187500,308.049987792968750,6737700,305.107025146484400
2026-02-20,308.399993896484400,311.000000000000000,305.679992675781250,310.790008544921900,7792700,307.820861816406250
2026-02-23,308.799987792968750,311.000000000000000,295.100006103515600,297.670013427734400,12955400,294.826232910156250
2026-02-24,296.820007324218750,299.750000000000000,291.380004882812500,297.299987792968750,13554100,294.459716796875000
2026-02-25,298.640014648437500,303.660003662109400,297.010009765625000,303.299987792968750,8095500,300.402374267578100
2026-02-26,304.579986572265600,309.010009765625000,303.640014648437500,306.130004882812500,7007800,303.205383300781250
2026-02-27,300.000000000000000,302.950012207031250,294.450012207031250,300.299987792968750,18620800,297.431060791015600
2026-03-02,294.809997558593750,299.980010986328100,293.209991455078100,297.559997558593750,8508900,294.717254638671900
2026-03-03,292.290008544921900,302.390014648437500,289.500000000000000,300.260009765625000,10278200,297.391448974609400
2026-03-04,299.989990234375000,301.000000000000000,295.820007324218750,299.390014648437500,8055700,296.529785156250000
2026-03-05,297.980010986328100,301.239990234375000,292.429992675781250,293.549987792968750,12732500,290.745544433593750
2026-03-06,286.339996337890600,289.989990234375000,283.709991455078100,289.480010986328100,13496500,286.714447021484400
2026-03-09,285.500000000000000,291.100006103515600,280.450012207031250,289.920013427734400,12241100,287.150268554687500
2026-03-10,289.290008544921900,292.750000000000000,287.179992675781250,288.730010986328100,8344900,285.971618652343750
2026-03-11,288.809997558593750,290.480010986328100,284.859985351562500,287.519989013671900,10205000,284.773162841796900
2026-03-12,282.829986572265600,283.880004882812500,279.100006103515600,282.890014648437500,13760500,280.187438964843750
2026-03-13,284.670013427734400,287.190002441406250,282.950012207031250,283.440002441406250,9091200,280.732147216796900
2026-03-16,286.339996337890600,289.269989013671900,284.609985351562500,286.160003662109400,8149000,283.426147460937500
2026-03-17,289.000000000000000,291.760009765625000,285.950012207031250,286.890014648437500,8961200,284.149200439453100
2026-03-18,286.829986572265600,289.410003662109400,285.119995117187500,287.739990234375000,10057000,284.991027832031250
2026-03-19,286.880004882812500,289.510009765625000,284.619995117187500,287.970001220703100,9846700,285.218872070312500
2026-03-20,288.079986572265600,290.709991455078100,285.269989013671900,286.559997558593750,22436500,283.822326660156250
2026-03-23,294.309997558593750,295.750000000000000,287.970001220703100,289.910003662109400,11470800,287.140319824218750
2026-03-24,286.170013427734400,295.480010986328100,285.369995117187500,292.399993896484400,11092300,289.606536865234400
2026-03-25,294.149993896484400,297.640014648437500,292.440002441406250,295.420013427734400,12188200,292.597717285156250
2026-03-26,292.579986572265600,294.989990234375000,290.730010986328100,291.660003662109400,8669200,288.873596191406250
2026-03-27,289.140014648437500,290.109985351562500,281.750000000000000,282.839996337890600,9873300,280.137878417968750
2026-03-30,284.739990234375000,287.250000000000000,282.329986572265600,283.769989013671900,11734400,281.058990478515600
2026-03-31,288.470001220703100,295.070007324218750,284.950012207031250,294.160003662109400,12956900,291.349731445312500
2026-04-01,295.390014648437500,298.720001220703100,292.910003662109400,295.380004882812500,11267200,292.558074951171900
2026-04-02,291.910003662109400,295.619995117187500,288.720001220703100,294.600006103515600,6669300,291.785522460937500
2026-04-06,294.059997558593750,296.829986572265600,293.200012207031250,295.450012207031250,7142600,294.125000000000000
2026-04-07,293.140014648437500,298.179992675781250,292.700012207031250,297.399993896484400,7849100,296.066253662109400
2026-04-08,307.970001220703100,311.260009765625000,305.329986572265600,307.970001220703100,10590200,306.588836669921900
2026-04-09,306.950012207031250,311.260009765625000,306.109985351562500,310.329986572265600,6586600,308.938232421875000
2026-04-10,310.000000000000000,310.350006103515600,306.720001220703100,309.869995117187500,6069700,308.480316162109400
2026-04-13,307.470001220703100,313.739990234375000,305.459991455078100,313.679992675781250,8318200,312.273223876953100
2026-04-14,309.820007324218750,314.320007324218750,308.869995117187500,311.119995117187500,11455500,309.724700927734400
2026-04-15,313.950012207031250,314.239990234375000,304.260009765625000,305.929992675781250,9885800,304.557983398437500
2026-04-16,305.350006103515600,309.950012207031250,305.200012207031250,309.950012207031250,8208600,308.559967041015600
2026-04-17,312.470001220703100,314.899993896484400,310.089996337890600,310.290008544921900,11082400,308.898437500000000
2026-04-20,310.850006103515600,317.130004882812500,310.369995117187500,316.989990234375000,10772000,315.568389892578100
2026-04-21,317.489990234375000,320.239990234375000,312.750000000000000,313.000000000000000,7084300,311.596282958984400
2026-04-22,314.850006103515600,315.149993896484400,311.940002441406250,313.019989013671900,5545900,311.616180419921900
2026-04-23,313.519989013671900,314.989990234375000,308.890014648437500,311.690002441406250,6969700,310.292175292968750
2026-04-24,311.149993896484400,311.149993896484400,307.890014648437500,308.279998779296900,5215300,306.897460937500000
2026-04-27,306.880004882812500,312.579986572265600,306.880004882812500,311.630004882812500,7925300,310.232421875000000
2026-04-28,315.200012207031250,315.450012207031250,311.170013427734400,311.450012207031250,7398600,310.053253173828100
2026-04-29,310.570007324218750,312.049987792968750,307.290008544921900,309.250000000000000,8031800,307.863098144531250
2026-04-30,307.070007324218750,314.100006103515600,306.570007324218750,313.230010986328100,8865400,311.825256347656250
2026-05-01,313.950012207031250,316.079986572265600,311.829986572265600,312.470001220703100,6135400,311.068664550781250
2026-05-04,310.619995117187500,310.649993896484400,306.510009765625000,307.649993896484400,7338200,306.270263671875000
2026-05-05,307.709991455078100,310.970001220703100,306.799987792968750,309.399993896484400,6316800,308.012420654296900
2026-05-06,311.450012207031250,316.260009765625000,311.350006103515600,314.899993896484400,8629500,313.487762451171900
2026-05-07,314.649993896484400,316.299987792968750,306.140014648437500,306.269989013671900,8359600,304.896453857421900
2026-05-08,308.250000000000000,308.989990234375000,300.500000000000000,302.100006103515600,9464300,300.745178222656250
2026-05-11,302.100006103515600,303.190002441406250,298.880004882812500,300.000000000000000,9512000,298.654571533203100
2026-05-12,300.019989013671900,306.059997558593750,295.549987792968750,304.880004882812500,9498200,303.512695312500000
2026-05-13,302.269989013671900,303.000000000000000,300.070007324218750,300.250000000000000,7709500,298.903472900390600
2026-05-14,302.250000000000000,303.750000000000000,298.809997558593750,299.910003662109400,7364300,298.565002441406250
2026-05-15,300.209991455078100,300.790008544921900,296.450012207031250,297.809997558593750,8699300,296.474395751953100
2026-05-18,298.000000000000000,301.260009765625000,297.220001220703100,300.730010986328100,7546300,299.381317138671900
2026-05-19,301.089996337890600,301.790008544921900,295.260009765625000,295.700012207031250,8066900,294.373870849609400
2026-05-20,296.700012207031250,302.929992675781250,293.670013427734400,301.980010986328100,9327000,300.625732421875000
2026-05-21,301.230010986328100,303.980010986328100,300.209991455078100,303.000000000000000,7874400,301.641143798828100
2026-05-22,304.679992675781250,307.450012207031250,303.839996337890600,306.380004882812500,5973900,305.005981445312500
2026-05-26,308.489990234375000,309.929992675781250,305.440002441406250,306.739990234375000,7725400,305.364349365234400
2026-05-27,305.000000000000000,305.899993896484400,295.750000000000000,299.279998779296900,11779200,297.937805175781250
2026-05-28,297.570007324218750,301.070007324218750,295.750000000000000,296.730010986328100,9757700,295.399261474609400
2026-05-29,296.399993896484400,299.880004882812500,295.200012207031250,299.309997558593750,13969000,297.967681884765600
2026-06-01,297.690002441406250,299.549987792968750,295.269989013671900,296.579986572265600,7930000,295.249908447265600
2026-06-02,296.500000000000000,302.070007324218750,295.269989013671900,300.959991455078100,8296200,299.610260009765600
2026-06-03,299.920013427734400,301.959991455078100,296.559997558593750,300.850006103515600,7003900,299.500793457031250
2026-06-04,305.739990234375000,312.910003662109400,304.440002441406250,310.890014648437500,10345200,309.495758056640600
2026-06-05,314.290008544921900,315.000000000000000,309.600006103515600,312.369995117187500,9118800,310.969116210937500
2026-06-08,313.250000000000000,316.299987792968750,310.779998779296900,311.109985351562500,6827000,309.714752197265600
2026-06-09,313.510009765625000,316.420013427734400,309.010009765625000,312.700012207031250,11594600,311.297637939453100
2026-06-10,312.559997558593750,314.750000000000000,309.029998779296900,309.140014648437500,7446200,307.753601074218750
2026-06-11,309.559997558593750,314.720001220703100,308.880004882812500,313.489990234375000,9116600,312.084075927734400
2026-06-12,315.970001220703100,321.299987792968750,315.549987792968750,320.720001220703100,7426200,319.281677246093750
2026-06-15,323.920013427734400,325.920013427734400,318.839996337890600,319.399993896484400,7988900,317.967590332031250
2026-06-16,324.299987792968750,331.750000000000000,324.019989013671900,331.140014648437500,11094900,329.654937744140600
2026-06-17,332.179992675781250,337.769989013671900,331.500000000000000,333.459991455078100,12246400,331.964508056640600
2026-06-18,336.950012207031250,338.089996337890600,324.160003662109400,325.220001220703100,20111000,323.761474609375000
2026-06-22,329.700012207031250,332.769989013671900,326.750000000000000,331.480010986328100,10182500,329.993408203125000
2026-06-23,329.470001220703100,335.369995117187500,327.209991455078100,334.140014648437500,7582200,332.641479492187500
2026-06-24,333.070007324218750,334.529998779296900,329.769989013671900,333.450012207031250,7907400,331.954589843750000
2026-06-25,334.959991455078100,343.450012207031250,334.760009765625000,335.119995117187500,10043100,333.617065429687500
2026-06-26,336.000000000000000,336.399993896484400,327.500000000000000,329.049987792968750,17640900,327.574279785156250
2026-06-29,328.279998779296900,332.390014648437500,327.200012207031250,329.390014648437500,7981800,327.912780761718750
2026-06-30,328.890014648437500,330.440002441406250,326.679992675781250,327.329986572265600,8080100,325.861999511718750
2026-07-01,328.369995117187500,335.640014648437500,325.010009765625000,334.070007324218750,15210200,332.571807861328100
2026-07-02,338.019989013671900,340.000000000000000,331.769989013671900,334.470001220703100,8413900,332.970001220703100
2026-07-06,335.000000000000000,339.720001220703100,334.109985351562500,337.720001220703100,8673500,337.720001220703100
2026-07-07,340.980010986328100,341.399993896484400,337.089996337890600,339.220001220703100,7115800,339.220001220703100
2026-07-08,336.529998779296900,336.529998779296900,330.130004882812500,330.619995117187500,18505200,330.619995117187500
2026-07-09,331.459991455078100,337.000000000000000,330.809997558593750,335.470001220703100,15570600,335.470001220703100
2026-07-10,337.470001220703100,338.589996337890600,335.769989013671900,336.470001220703100,6299000,336.470001220703100
2026-07-13,338.339996337890600,338.350006103515600,332.500000000000000,334.529998779296900,7120300,334.529998779296900
2026-07-14,327.000000000000000,344.730010986328100,325.750000000000000,342.890014648437500,14537900,342.890014648437500
2026-07-15,345.850006103515600,351.239990234375000,344.049987792968750,346.910003662109400,10750000,346.910003662109400
2026-07-16,349.279998779296900,349.339996337890600,341.109985351562500,343.149993896484400,12432400,343.149993896484400
2026-07-17,339.029998779296900,346.130004882812500,335.049987792968750,341.100006103515600,9250900,341.100006103515600
2026-07-20,341.799987792968750,344.260009765625000,337.369995117187500,338.869995117187500,7723300,338.869995117187500
2026-07-21,340.119995117187500,345.739990234375000,337.299987792968750,345.230010986328100,6015300,345.230010986328100
2026-07-22,345.070007324218750,349.070007324218750,344.250000000000000,348.209991455078100,8040200,348.209991455078100
2026-07-23,346.579986572265600,349.920013427734400,345.420013427734400,349.899993896484400,10913000,349.899993896484400
2026-07-24,350.640014648437500,353.369995117187500,347.500000000000000,353.209991455078100,7520800,353.209991455078100
2026-07-27,357.890014648437500,359.049987792968750,352.579986572265600,356.200012207031250,7884900,356.200012207031250
2026-07-28,357.299987792968750,359.299987792968750,354.149993896484400,357.309997558593750,6533800,357.309997558593750
2026-07-29,356.500000000000000,357.369995117187500,343.779998779296900,344.709991455078100,8265300,344.709991455078100
2026-07-30,347.540008544921900,352.279998779296900,345.369995117187500,350.850006103515600,7606500,350.850006103515600
2026-07-31,353.299987792968750,354.470001220703100,349.700012207031250,351.790008544921900,6603400,351.790008544921900
2026-08-03,353.750000000000000,355.619995117187500,350.839996337890600,352.640014648437500,6436600,352.640014648437500
2026-08-04,355.000000000000000,363.000000000000000,353.869995117187500,357.519989013671900,8477200,357.519989013671900
2026-08-05,358.970001220703100,362.170013427734400,358.200012207031250,359.239990234375000,5269500,359.239990234375000
2026-08-06,362.809997558593750,362.809997558593750,354.950012207031250,356.299987792968750,5820100,356.299987792968750
2026-08-07,355.760009765625000,358.850006103515600,353.329986572265600,357.519989013671900,4566200,357.519989013671900
2026-08-10,357.959991455078100,359.989990234375000,356.500000000000000,359.790008544921900,5327500,359.790008544921900
2026-08-11,360.049987792968750,363.119995117187500,358.600006103515600,362.040008544921900,4576500,362.040008544921900
2026-08-12,362.970001220703100,366.089996337890600,361.299987792968750,365.179992675781250,4366800,365.179992675781250
2026-08-13,366.500000000000000,366.500000000000000,361.519989013671900,363.109985351562500,5102700,363.109985351562500
2026-08-14,363.000000000000000,365.899993896484400,361.450012207031250,362.839996337890600,5058600,362.839996337890600
2026-08-17,361.940002441406250,365.750000000000000,360.959991455078100,360.959991455078100,5282600,360.959991455078100
2026-08-18,362.339996337890600,363.570007324218750,359.269989013671900,363.250000000000000,5525100,363.250000000000000
2026-08-19,363.010009765625000,363.049987792968750,355.649993896484400,357.260009765625000,6696200,357.260009765625000
2026-08-20,357.600006103515600,357.950012207031250,351.549987792968750,351.549987792968750,6799700,351.549987792968750
2026-08-21,354.070007324218750,356.859985351562500,350.369995117187500,351.579986572265600,8112100,351.579986572265600
2026-08-24,353.299987792968750,358.279998779296900,352.820007324218750,356.390014648437500,4394400,356.390014648437500
