"m_date","m_open_split_adjusted","m_high_split_adjusted","m_low_split_adjusted","m_close_split_adjusted","m_volume_split_adjusted","m_close_dividend_and_split_adjusted"
2016-01-04,17.617000579833984,17.798000335693360,16.900999069213867,17.113000869750977,1410000,17.113000869750977
2016-01-05,17.113000869750977,17.357999801635742,16.916999816894530,17.177000045776367,873000,17.177000045776367
2016-01-06,16.996999740600586,17.379999160766600,16.684000015258790,16.927000045776367,900000,16.927000045776367
2016-01-07,16.642000198364258,16.837999343872070,16.041999816894530,16.103000640869140,1629000,16.103000640869140
2016-01-08,16.056999206542970,16.173999786376953,14.105999946594238,14.814999580383300,7890000,14.814999580383300
2016-01-11,14.982000350952148,15.423999786376953,14.845999717712402,15.244999885559082,1964000,15.244999885559082
2016-01-12,15.378000259399414,15.704000473022461,15.210000038146973,15.619000434875488,1814000,15.619000434875488
2016-01-13,15.595999717712402,15.677000045776367,14.821999549865723,15.034000396728516,1481000,15.034000396728516
2016-01-14,15.071999549865723,15.487999916076660,14.689999580383300,15.253000259399414,1231000,15.253000259399414
2016-01-15,14.800999641418457,15.013999938964844,14.295000076293945,14.993000030517578,1607000,14.993000030517578
2016-01-19,15.121000289916992,15.125000000000000,14.322999954223633,14.633999824523926,1704000,14.633999824523926
2016-01-20,14.432000160217285,15.217000007629395,14.100999832153320,14.968999862670898,1840000,14.968999862670898
2016-01-21,15.012000083923340,15.407999992370605,14.928000450134277,15.022000312805176,822000,15.022000312805176
2016-01-22,15.324999809265137,15.359999656677246,14.883999824523926,14.991000175476074,1462000,14.991000175476074
2016-01-25,14.920999526977539,15.064999580383300,14.500000000000000,14.588000297546387,1149000,14.588000297546387
2016-01-26,14.689000129699707,15.029000282287598,14.560999870300293,14.715000152587890,1670000,14.715000152587890
2016-01-27,14.680000305175781,14.680000305175781,14.154000282287598,14.239000320434570,2512000,14.239000320434570
2016-01-28,16.083000183105470,17.377000808715820,16.083000183105470,16.725999832153320,7677000,16.725999832153320
2016-01-29,16.832000732421875,17.299999237060547,16.611000061035156,17.250999450683594,2920000,17.250999450683594
2016-02-01,17.107999801635742,17.615999221801758,16.878000259399414,17.333999633789062,2250000,17.333999633789062
2016-02-02,17.195999145507812,17.445999145507812,17.065000534057617,17.188999176025390,1727000,17.188999176025390
2016-02-03,17.413000106811523,17.413000106811523,16.870000839233400,17.148000717163086,1474000,17.148000717163086
2016-02-04,17.101999282836914,17.101999282836914,16.542999267578125,16.784000396728516,1322000,16.784000396728516
2016-02-05,16.586999893188477,16.604999542236328,15.581000328063965,15.645999908447266,2116000,15.645999908447266
2016-02-08,15.453000068664550,15.600999832153320,15.059000015258789,15.500000000000000,1907000,15.500000000000000
2016-02-09,15.253999710083008,16.170999526977540,15.005999565124512,15.196000099182129,1409000,15.196000099182129
2016-02-10,15.331999778747559,15.640000343322754,14.967000007629395,15.015000343322754,1034000,15.015000343322754
2016-02-11,14.720999717712402,15.190999984741211,14.555000305175781,14.956999778747559,2270000,14.956999778747559
2016-02-12,15.045000076293945,15.265999794006348,14.640000343322754,15.189999580383300,1166000,15.189999580383300
2016-02-16,15.371000289916992,15.371000289916992,15.076999664306640,15.236000061035156,1216000,15.236000061035156
2016-02-17,15.345000267028809,15.739000320434570,15.218000411987305,15.659999847412110,2597000,15.659999847412110
2016-02-18,15.649000167846680,15.824000358581543,14.862999916076660,14.932000160217285,1796000,14.932000160217285
2016-02-19,14.800000190734863,15.548999786376953,14.762000083923340,15.324999809265137,2286000,15.324999809265137
2016-02-22,15.531999588012695,15.819999694824219,15.409999847412110,15.460000038146973,1224000,15.460000038146973
2016-02-23,15.251000404357910,15.529999732971191,15.199000358581543,15.258999824523926,2350000,15.258999824523926
2016-02-24,15.140999794006348,15.871000289916992,15.027000427246094,15.657999992370605,2047000,15.657999992370605
2016-02-25,15.670999526977539,15.871000289916992,15.300999641418457,15.814999580383300,1277000,15.814999580383300
2016-02-26,15.956999778747559,16.000000000000000,15.600999832153320,15.857999801635742,1235000,15.857999801635742
2016-02-29,15.835000038146973,16.354000091552734,15.800000190734863,16.089000701904297,1228000,16.089000701904297
2016-03-01,16.320999145507812,17.283000946044922,16.320999145507812,17.239000320434570,2635000,17.239000320434570
2016-03-02,17.150999069213867,17.150999069213867,16.669000625610350,16.823999404907227,1136000,16.823999404907227
2016-03-03,16.819999694824220,17.143999099731445,16.603000640869140,17.077999114990234,1502000,17.077999114990234
2016-03-04,17.077999114990234,17.173999786376953,16.809999465942383,16.898000717163086,925000,16.898000717163086
2016-03-07,16.798000335693360,16.913999557495117,15.937000274658203,16.875000000000000,1730000,16.875000000000000
2016-03-08,16.705999374389650,16.958999633789062,16.586000442504883,16.764999389648438,1112000,16.764999389648438
2016-03-09,16.819000244140625,16.893999099731445,16.659000396728516,16.823999404907227,1190000,16.823999404907227
2016-03-10,16.926000595092773,17.093000411987305,16.430000305175780,16.711999893188477,910000,16.711999893188477
2016-03-11,16.833999633789062,17.111000061035156,16.648000717163086,17.059000015258790,731000,17.059000015258790
2016-03-14,16.958999633789062,17.129999160766600,16.791999816894530,16.804000854492188,569000,16.804000854492188
2016-03-15,16.804000854492188,16.858999252319336,16.510000228881836,16.580999374389650,1677000,16.580999374389650
2016-03-16,16.621999740600586,16.795000076293945,16.221000671386720,16.738000869750977,1139000,16.738000869750977
2016-03-17,16.650999069213867,17.042999267578125,16.614000320434570,16.898000717163086,1589000,16.898000717163086
2016-03-18,16.992000579833984,17.558000564575195,16.891000747680664,17.511999130249023,1413000,17.511999130249023
2016-03-21,17.483999252319336,17.729999542236328,17.118000030517578,17.555000305175780,945000,17.555000305175780
2016-03-22,17.450000762939453,17.722000122070312,17.450000762939453,17.576999664306640,1240000,17.576999664306640
2016-03-23,17.579999923706055,17.579999923706055,16.916999816894530,16.947999954223633,981000,16.947999954223633
2016-03-24,16.893999099731445,17.443000793457030,16.854000091552734,17.281999588012695,1018000,17.281999588012695
2016-03-28,17.417999267578125,17.700000762939453,16.847999572753906,17.201999664306640,769000,17.201999664306640
2016-03-29,17.190000534057617,18.048999786376953,17.094999313354492,17.778999328613280,923000,17.778999328613280
2016-03-30,17.933000564575195,18.135000228881836,17.583999633789062,18.086999893188477,1282000,18.086999893188477
2016-03-31,18.229999542236328,18.229999542236328,17.871000289916992,17.972000122070312,1050000,17.972000122070312
2016-04-01,17.843999862670900,18.309000015258790,17.746000289916992,18.274999618530273,1750000,18.274999618530273
2016-04-04,18.341999053955078,18.569999694824220,18.201999664306640,18.471000671386720,1010000,18.471000671386720
2016-04-05,18.306999206542970,18.665000915527344,18.250000000000000,18.309999465942383,1668000,18.309999465942383
2016-04-06,18.284999847412110,18.315000534057617,18.042999267578125,18.233999252319336,816000,18.233999252319336
2016-04-07,18.089000701904297,18.089000701904297,17.672000885009766,17.909999847412110,749000,17.909999847412110
2016-04-08,18.056999206542970,18.086999893188477,17.705999374389650,17.879999160766600,666000,17.879999160766600
2016-04-11,18.211999893188477,18.481000900268555,17.896999359130860,18.072000503540040,1310000,18.072000503540040
2016-04-12,18.136999130249023,18.450000762939453,17.972999572753906,18.264999389648438,974000,18.264999389648438
2016-04-13,18.354999542236328,18.731000900268555,18.256000518798828,18.707000732421875,1065000,18.707000732421875
2016-04-14,18.670000076293945,18.940999984741210,18.604999542236328,18.795000076293945,1839000,18.795000076293945
2016-04-15,18.714000701904297,18.886999130249023,18.541000366210938,18.617000579833984,1819000,18.617000579833984
2016-04-18,18.631999969482422,19.111000061035156,18.523000717163086,18.825000762939453,1997000,18.825000762939453
2016-04-19,18.868999481201172,18.978000640869140,18.607000350952150,18.934999465942383,1918000,18.934999465942383
2016-04-20,19.003999710083008,19.093999862670900,18.738000869750977,18.827999114990234,1237000,18.827999114990234
2016-04-21,18.885999679565430,19.172000885009766,18.659000396728516,18.826000213623047,1141000,18.826000213623047
2016-04-22,18.743000030517578,19.184000015258790,18.572999954223633,19.180000305175780,1434000,19.180000305175780
2016-04-25,19.190000534057617,19.190000534057617,18.315000534057617,18.549999237060547,1856000,18.549999237060547
2016-04-26,18.787000656127930,19.034000396728516,18.344999313354492,18.982999801635742,4034000,18.982999801635742
2016-04-27,19.076000213623047,19.239999771118164,18.570999145507812,18.996999740600586,2178000,18.996999740600586
2016-04-28,17.218000411987305,18.656999588012695,17.025999069213867,18.256999969482422,3402000,18.256999969482422
2016-04-29,18.250999450683594,18.340000152587890,17.732999801635742,17.931999206542970,1269000,17.931999206542970
2016-05-02,17.982000350952150,18.593999862670900,17.750999450683594,18.409999847412110,2141000,18.409999847412110
2016-05-03,18.197000503540040,18.408000946044922,17.968000411987305,18.034000396728516,1392000,18.034000396728516
2016-05-04,18.000000000000000,18.197999954223633,17.750999450683594,18.006999969482422,1292000,18.006999969482422
2016-05-05,18.040000915527344,18.159999847412110,17.757999420166016,17.982999801635742,1490000,17.982999801635742
2016-05-06,17.847999572753906,18.347999572753906,17.795999526977540,18.256999969482422,1372000,18.256999969482422
2016-05-09,18.243999481201172,18.959999084472656,18.243999481201172,18.815999984741210,2848000,18.815999984741210
2016-05-10,18.836999893188477,19.218000411987305,18.621000289916992,19.049999237060547,1841000,19.049999237060547
2016-05-11,18.979000091552734,19.118000030517578,18.434999465942383,18.518999099731445,1518000,18.518999099731445
2016-05-12,18.607999801635742,18.770999908447266,18.229000091552734,18.444999694824220,1512000,18.444999694824220
2016-05-13,18.430000305175780,18.610000610351562,18.125000000000000,18.215000152587890,1207000,18.215000152587890
2016-05-16,18.260000228881836,18.541999816894530,18.058000564575195,18.249000549316406,891000,18.249000549316406
2016-05-17,18.214000701904297,18.246000289916992,17.746999740600586,17.899999618530273,1322000,17.899999618530273
2016-05-18,17.809000015258790,18.160999298095703,17.694000244140625,18.025999069213867,1521000,18.025999069213867
2016-05-19,17.934000015258790,18.290000915527344,17.635999679565430,17.884000778198242,737000,17.884000778198242
2016-05-20,18.020999908447266,18.187000274658203,17.805000305175780,17.927999496459960,1425000,17.927999496459960
2016-05-23,17.959999084472656,18.503000259399414,17.958000183105470,18.351999282836914,891000,18.351999282836914
2016-05-24,18.511999130249023,19.033000946044922,18.511999130249023,18.938999176025390,1236000,18.938999176025390
2016-05-25,19.016000747680664,19.150999069213867,18.672000885009766,18.708999633789062,976000,18.708999633789062
2016-05-26,18.711999893188477,19.010000228881836,18.645000457763672,18.802999496459960,316000,18.802999496459960
2016-05-27,18.819999694824220,19.114000320434570,18.673999786376953,19.093000411987305,792000,19.093000411987305
2016-05-31,19.110000610351562,19.110000610351562,18.552000045776367,18.653999328613280,1882000,18.653999328613280
2016-06-01,18.684000015258790,18.900999069213867,18.569999694824220,18.646999359130860,2252000,18.646999359130860
2016-06-02,18.541000366210938,19.100999832153320,18.381999969482422,19.069999694824220,1068000,19.069999694824220
2016-06-03,19.055000305175780,19.069999694824220,18.555999755859375,18.868999481201172,846000,18.868999481201172
2016-06-06,18.975000381469727,19.596000671386720,18.945999145507812,19.471000671386720,2073000,19.471000671386720
2016-06-07,19.476999282836914,19.599000930786133,19.131000518798828,19.388000488281250,1571000,19.388000488281250
2016-06-08,19.350000381469727,19.524000167846680,19.186000823974610,19.229999542236328,759000,19.229999542236328
2016-06-09,19.145999908447266,19.308000564575195,19.047000885009766,19.208999633789062,676000,19.208999633789062
2016-06-10,19.068000793457030,19.068000793457030,18.669000625610350,18.775999069213867,756000,18.775999069213867
2016-06-13,18.658000946044922,19.100999832153320,18.514999389648438,18.631999969482422,647000,18.631999969482422
2016-06-14,18.572000503540040,18.736999511718750,18.364999771118164,18.549999237060547,895000,18.549999237060547
2016-06-15,18.556999206542970,18.704999923706055,18.108999252319336,18.486000061035156,585000,18.486000061035156
2016-06-16,18.336999893188477,18.625000000000000,18.007999420166016,18.472000122070312,710000,18.472000122070312
2016-06-17,18.455999374389650,18.455999374389650,17.739000320434570,17.917999267578125,1401000,17.917999267578125
2016-06-20,18.201000213623047,18.625000000000000,18.156000137329100,18.396999359130860,979000,18.396999359130860
2016-06-21,18.458999633789062,18.601999282836914,18.127000808715820,18.219999313354492,601000,18.219999313354492
2016-06-22,18.224000930786133,18.239999771118164,17.892999649047850,17.961999893188477,614000,17.961999893188477
2016-06-23,18.186000823974610,18.399999618530273,17.993999481201172,18.294000625610350,1023000,18.294000625610350
2016-06-24,17.500000000000000,17.958000183105470,17.260000228881836,17.312000274658203,2976000,17.312000274658203
2016-06-27,17.072999954223633,17.072999954223633,16.502000808715820,16.712999343872070,2711000,16.712999343872070
2016-06-28,16.781999588012695,17.025999069213867,16.702999114990234,16.815000534057617,947000,16.815000534057617
2016-06-29,16.882999420166016,17.695999145507812,16.850999832153320,17.431999206542970,1904000,17.431999206542970
2016-06-30,17.469999313354492,17.534000396728516,17.016000747680664,17.502000808715820,1466000,17.502000808715820
2016-07-01,17.447999954223633,17.659999847412110,16.599000930786133,17.239000320434570,694000,17.239000320434570
2016-07-05,17.118000030517578,17.471000671386720,16.799999237060547,17.288000106811523,891000,17.288000106811523
2016-07-06,17.125999450683594,17.555000305175780,17.125999450683594,17.290000915527344,885000,17.290000915527344
2016-07-07,17.393999099731445,17.559999465942383,17.187000274658203,17.384000778198242,751000,17.384000778198242
2016-07-08,17.590999603271484,17.990999221801758,17.503999710083008,17.829000473022460,1051000,17.829000473022460
2016-07-11,18.006999969482422,18.204000473022460,17.797000885009766,18.055000305175780,943000,18.055000305175780
2016-07-12,18.201000213623047,18.319999694824220,17.917999267578125,18.159999847412110,1352000,18.159999847412110
2016-07-13,18.304000854492188,18.304000854492188,18.076999664306640,18.158000946044922,1220000,18.158000946044922
2016-07-14,18.392999649047850,18.478000640869140,18.195999145507812,18.221000671386720,1179000,18.221000671386720
2016-07-15,18.334999084472656,18.805999755859375,18.143999099731445,18.721000671386720,2079000,18.721000671386720
2016-07-18,18.677999496459960,19.153999328613280,18.620000839233400,18.739999771118164,1843000,18.739999771118164
2016-07-19,18.760999679565430,18.898000717163086,18.652000427246094,18.655000686645508,1068000,18.655000686645508
2016-07-20,18.809999465942383,19.176000595092773,18.660999298095703,19.048000335693360,1205000,19.048000335693360
2016-07-21,18.981000900268555,19.139999389648438,18.225000381469727,18.378999710083008,1995000,18.378999710083008
2016-07-22,18.353000640869140,18.944999694824220,18.353000640869140,18.784000396728516,1316000,18.784000396728516
2016-07-25,18.766000747680664,18.766000747680664,18.436000823974610,18.451000213623047,725000,18.451000213623047
2016-07-26,18.489999771118164,18.749000549316406,18.320999145507812,18.520999908447266,1250000,18.520999908447266
2016-07-27,18.506999969482422,18.534000396728516,18.111000061035156,18.298000335693360,1449000,18.298000335693360
2016-07-28,18.535999298095703,18.676000595092773,18.438999176025390,18.507999420166016,1578000,18.507999420166016
2016-07-29,17.114000320434570,17.513999938964844,16.190000534057617,17.489000320434570,5904000,17.489000320434570
2016-08-01,17.431999206542970,17.431999206542970,17.000000000000000,17.201000213623047,2421000,17.201000213623047
2016-08-02,17.120000839233400,17.128999710083008,16.688999176025390,16.724000930786133,2278000,16.724000930786133
2016-08-03,16.767000198364258,16.767000198364258,16.294000625610350,16.684000015258790,1915000,16.684000015258790
2016-08-04,16.666999816894530,16.732999801635742,16.351999282836914,16.448999404907227,1294000,16.448999404907227
2016-08-05,16.524000167846680,16.802000045776367,16.465000152587890,16.631999969482422,1372000,16.631999969482422
2016-08-08,16.611000061035156,16.708000183105470,16.350000381469727,16.444000244140625,1053000,16.444000244140625
2016-08-09,16.385999679565430,16.520000457763672,16.320999145507812,16.506000518798828,1012000,16.506000518798828
2016-08-10,16.521999359130860,16.613000869750977,16.399999618530273,16.558000564575195,1055000,16.558000564575195
2016-08-11,16.604999542236328,16.652999877929688,16.492000579833984,16.613000869750977,1328000,16.613000869750977
2016-08-12,16.579999923706055,16.589000701904297,16.413999557495117,16.542999267578125,931000,16.542999267578125
2016-08-15,16.542999267578125,16.760000228881836,16.521999359130860,16.674999237060547,655000,16.674999237060547
2016-08-16,16.645000457763672,16.673999786376953,16.381000518798828,16.540000915527344,646000,16.540000915527344
2016-08-17,16.517999649047850,16.531999588012695,16.318000793457030,16.402000427246094,1092000,16.402000427246094
2016-08-18,16.427000045776367,16.584999084472656,16.412000656127930,16.558000564575195,785000,16.558000564575195
2016-08-19,16.545999526977540,16.704000473022460,16.420000076293945,16.663999557495117,717000,16.663999557495117
2016-08-22,16.659999847412110,16.695999145507812,16.403999328613280,16.687999725341797,996000,16.687999725341797
2016-08-23,16.739999771118164,17.000000000000000,16.704000473022460,16.841999053955078,791000,16.841999053955078
2016-08-24,16.844999313354492,17.181999206542970,16.645000457763672,16.677999496459960,1138000,16.677999496459960
2016-08-25,16.676000595092773,16.870000839233400,16.607000350952150,16.832000732421875,1079000,16.832000732421875
2016-08-26,16.841999053955078,17.160999298095703,16.600000381469727,16.746999740600586,954000,16.746999740600586
2016-08-29,16.729999542236328,16.816999435424805,16.562000274658203,16.600000381469727,1257000,16.600000381469727
2016-08-30,16.607000350952150,16.718000411987305,16.509000778198242,16.695999145507812,622000,16.695999145507812
2016-08-31,16.572999954223633,16.725000381469727,16.511999130249023,16.679000854492188,749000,16.679000854492188
2016-09-01,16.646999359130860,16.826999664306640,16.517999649047850,16.732000350952150,733000,16.732000350952150
2016-09-02,16.826999664306640,17.125999450683594,16.809999465942383,16.978000640869140,714000,16.978000640869140
2016-09-06,16.948999404907227,17.072000503540040,16.750000000000000,17.062999725341797,861000,17.062999725341797
2016-09-07,17.020000457763672,17.263000488281250,16.958000183105470,17.170999526977540,1220000,17.170999526977540
2016-09-08,17.132999420166016,17.298999786376953,16.944999694824220,17.264999389648438,1310000,17.264999389648438
2016-09-09,17.113000869750977,17.367000579833984,17.063999176025390,17.069999694824220,2208000,17.069999694824220
2016-09-12,17.087999343872070,17.288999557495117,16.820999145507812,17.245000839233400,1317000,17.245000839233400
2016-09-13,17.118000030517578,17.180000305175780,16.806999206542970,16.993000030517578,2535000,16.993000030517578
2016-09-14,16.954999923706055,17.075000762939453,16.739999771118164,16.839000701904297,1050000,16.839000701904297
2016-09-15,16.849000930786133,17.006999969482422,16.555999755859375,16.761999130249023,789000,16.761999130249023
2016-09-16,16.760000228881836,16.760000228881836,16.402000427246094,16.483999252319336,1811000,16.483999252319336
2016-09-19,16.614000320434570,16.674999237060547,16.357999801635742,16.424999237060547,1054000,16.424999237060547
2016-09-20,16.576000213623047,16.885000228881836,16.530000686645508,16.655000686645508,1270000,16.655000686645508
2016-09-21,16.747999191284180,16.996000289916992,16.599000930786133,16.763000488281250,1254000,16.763000488281250
2016-09-22,16.888000488281250,17.142999649047850,16.764999389648438,17.030000686645508,1574000,17.030000686645508
2016-09-23,16.988000869750977,17.231000900268555,16.959999084472656,17.177999496459960,1248000,17.177999496459960
2016-09-26,17.093999862670900,17.170000076293945,16.971000671386720,17.086999893188477,1335000,17.086999893188477
2016-09-27,17.040000915527344,17.170999526977540,16.799999237060547,16.906000137329100,1284000,16.906000137329100
2016-09-28,16.972999572753906,17.065999984741210,16.923000335693360,17.024999618530273,1150000,17.024999618530273
2016-09-29,17.059000015258790,17.069999694824220,16.559000015258790,16.573999404907227,884000,16.573999404907227
2016-09-30,16.586000442504883,16.840999603271484,16.451999664306640,16.743999481201172,1246000,16.743999481201172
2016-10-03,16.697000503540040,16.726999282836914,16.271999359130860,16.384000778198242,856000,16.384000778198242
2016-10-04,16.486000061035156,17.100000381469727,16.409999847412110,17.049999237060547,1697000,17.049999237060547
2016-10-05,17.030000686645508,17.131999969482422,16.899999618530273,17.100999832153320,1408000,17.100999832153320
2016-10-06,17.142000198364258,17.427000045776367,17.065000534057617,17.277000427246094,1551000,17.277000427246094
2016-10-07,17.238000869750977,17.426000595092773,17.129999160766600,17.298000335693360,1212000,17.298000335693360
2016-10-10,17.422000885009766,17.799999237060547,17.354000091552734,17.468999862670900,1215000,17.468999862670900
2016-10-11,17.465000152587890,17.465000152587890,17.225999832153320,17.305999755859375,997000,17.305999755859375
2016-10-12,17.426000595092773,17.426000595092773,17.184999465942383,17.315999984741210,802000,17.315999984741210
2016-10-13,17.277999877929688,17.343000411987305,17.006999969482422,17.236999511718750,1138000,17.236999511718750
2016-10-14,17.375999450683594,17.375999450683594,17.065000534057617,17.219999313354492,530000,17.219999313354492
2016-10-17,17.250000000000000,17.333999633789062,17.108999252319336,17.184999465942383,1332000,17.184999465942383
2016-10-18,17.354999542236328,17.424999237060547,17.138000488281250,17.257999420166016,1300000,17.257999420166016
2016-10-19,17.205999374389650,17.364000320434570,16.954999923706055,17.013999938964844,998000,17.013999938964844
2016-10-20,17.018999099731445,17.107999801635742,16.778999328613280,16.843999862670900,932000,16.843999862670900
2016-10-21,16.840000152587890,16.871999740600586,16.666999816894530,16.861000061035156,665000,16.861000061035156
2016-10-24,16.983999252319336,17.506999969482422,16.903999328613280,17.403999328613280,1308000,17.403999328613280
2016-10-25,17.419000625610350,17.597000122070312,17.013999938964844,17.229000091552734,1054000,17.229000091552734
2016-10-26,17.208999633789062,17.464000701904297,17.146999359130860,17.180000305175780,1581000,17.180000305175780
2016-10-27,17.173999786376953,17.440000534057617,17.031000137329100,17.353000640869140,2510000,17.353000640869140
2016-10-28,19.000000000000000,19.900999069213867,18.645000457763672,19.146999359130860,4599000,19.146999359130860
2016-10-31,19.277000427246094,19.679000854492188,19.277000427246094,19.481000900268555,2216000,19.481000900268555
2016-11-01,19.570999145507812,19.662000656127930,19.375000000000000,19.503999710083008,1876000,19.503999710083008
2016-11-02,19.403999328613280,19.652000427246094,19.041000366210938,19.187000274658203,1772000,19.187000274658203
2016-11-03,19.308000564575195,19.320999145507812,18.843999862670900,18.895999908447266,1046000,18.895999908447266
2016-11-04,18.861999511718750,19.233999252319336,18.653999328613280,19.016000747680664,1610000,19.016000747680664
2016-11-07,19.298000335693360,19.538000106811523,19.099000930786133,19.231000900268555,3202000,19.231000900268555
2016-11-08,19.249000549316406,19.402000427246094,18.909999847412110,19.000000000000000,2821000,19.000000000000000
2016-11-09,18.781000137329100,19.375999450683594,18.643999099731445,19.187999725341797,2602000,19.187999725341797
2016-11-10,19.389999389648438,19.812000274658203,18.947999954223633,19.315999984741210,3372000,19.315999984741210
2016-11-11,19.319999694824220,19.799999237060547,19.256999969482422,19.674999237060547,1661000,19.674999237060547
2016-11-14,19.878999710083008,19.878999710083008,19.083000183105470,19.211000442504883,1728000,19.211000442504883
2016-11-15,19.207000732421875,19.489999771118164,19.075000762939453,19.309999465942383,827000,19.309999465942383
2016-11-16,19.357999801635742,19.683000564575195,19.201999664306640,19.648000717163086,893000,19.648000717163086
2016-11-17,19.683000564575195,19.773000717163086,19.457000732421875,19.746999740600586,639000,19.746999740600586
2016-11-18,19.840999603271484,19.913999557495117,19.489999771118164,19.667999267578125,971000,19.667999267578125
2016-11-21,19.600000381469727,19.846000671386720,19.565000534057617,19.693000793457030,717000,19.693000793457030
2016-11-22,19.728000640869140,19.889999389648438,19.538999557495117,19.857000350952150,726000,19.857000350952150
2016-11-23,19.850000381469727,19.850000381469727,19.558000564575195,19.820999145507812,540000,19.820999145507812
2016-11-25,19.916000366210938,19.969999313354492,19.732999801635742,19.784999847412110,395000,19.784999847412110
2016-11-28,19.726999282836914,19.927000045776367,19.339000701904297,19.503000259399414,932000,19.503000259399414
2016-11-29,19.565999984741210,19.698999404907227,18.502000808715820,19.523000717163086,643000,19.523000717163086
2016-11-30,19.485000610351562,19.542999267578125,19.201999664306640,19.402999877929688,1237000,19.402999877929688
2016-12-01,19.408000946044922,19.663999557495117,19.077999114990234,19.159999847412110,1218000,19.159999847412110
2016-12-02,19.125000000000000,19.285999298095703,18.809000015258790,19.194000244140625,623000,19.194000244140625
2016-12-05,19.277999877929688,19.596000671386720,19.256000518798828,19.576000213623047,773000,19.576000213623047
2016-12-06,19.600999832153320,19.874000549316406,19.465000152587890,19.857000350952150,988000,19.857000350952150
2016-12-07,19.770000457763672,19.944999694824220,19.583000183105470,19.844999313354492,574000,19.844999313354492
2016-12-08,19.799999237060547,20.513999938964844,19.799999237060547,20.097999572753906,1087000,20.097999572753906
2016-12-09,20.148000717163086,20.207000732421875,19.850999832153320,20.097000122070312,1073000,20.097000122070312
2016-12-12,20.072000503540040,20.374000549316406,19.624000549316406,20.187000274658203,925000,20.187000274658203
2016-12-13,20.326000213623047,20.506999969482422,20.099000930786133,20.444000244140625,931000,20.444000244140625
2016-12-14,20.468999862670900,20.559999465942383,19.808000564575195,19.958999633789062,1100000,19.958999633789062
2016-12-15,19.930000305175780,20.396999359130860,19.702999114990234,20.155000686645508,950000,20.155000686645508
2016-12-16,20.254999160766600,20.454999923706055,19.989000320434570,20.040000915527344,1061000,20.040000915527344
2016-12-19,20.079999923706055,20.357000350952150,19.912000656127930,20.318000793457030,741000,20.318000793457030
2016-12-20,20.346000671386720,20.601999282836914,20.033000946044922,20.388999938964844,1382000,20.388999938964844
2016-12-21,20.728000640869140,20.728000640869140,19.868999481201172,20.031000137329100,889000,20.031000137329100
2016-12-22,20.080999374389650,20.080999374389650,19.535999298095703,19.618000030517578,811000,19.618000030517578
2016-12-23,19.665000915527344,20.166000366210938,19.665000915527344,20.121999740600586,506000,20.121999740600586
2016-12-27,20.065000534057617,20.697999954223633,20.006000518798828,20.148000717163086,747000,20.148000717163086
2016-12-28,20.020000457763672,20.319000244140625,19.635999679565430,19.760000228881836,693000,19.760000228881836
2016-12-29,20.100999832153320,20.100999832153320,19.698999404907227,19.850000381469727,444000,19.850000381469727
2016-12-30,19.867000579833984,19.940000534057617,19.590000152587890,19.739999771118164,634000,19.739999771118164
2017-01-03,19.854999542236328,20.034999847412110,19.701999664306640,19.784000396728516,1077000,19.784000396728516
2017-01-04,19.764999389648438,19.865999221801758,19.704000473022460,19.794000625610350,1201000,19.794000625610350
2017-01-05,19.766000747680664,20.274000167846680,19.766000747680664,19.961000442504883,1093000,19.961000442504883
2017-01-06,20.024000167846680,20.186000823974610,19.878999710083008,19.916999816894530,749000,19.916999816894530
2017-01-09,19.968999862670900,20.089000701904297,19.666999816894530,19.863000869750977,731000,19.863000869750977
2017-01-10,19.966999053955078,20.096000671386720,19.791000366210938,20.077999114990234,669000,20.077999114990234
2017-01-11,19.753999710083008,20.243999481201172,19.753999710083008,20.100000381469727,922000,20.100000381469727
2017-01-12,20.006000518798828,20.115999221801758,19.761999130249023,20.047000885009766,587000,20.047000885009766
2017-01-13,20.158000946044922,20.422000885009766,20.111999511718750,20.379999160766600,475000,20.379999160766600
2017-01-17,20.249000549316406,20.249000549316406,20.007999420166016,20.091999053955078,485000,20.091999053955078
2017-01-18,20.141000747680664,20.409000396728516,20.041999816894530,20.250999450683594,565000,20.250999450683594
2017-01-19,20.200000762939453,20.200000762939453,19.875000000000000,19.899999618530273,787000,19.899999618530273
2017-01-20,19.875000000000000,20.281999588012695,19.787000656127930,20.155000686645508,1024000,20.155000686645508
2017-01-23,20.191999435424805,20.591999053955078,20.080999374389650,20.510000228881836,653000,20.510000228881836
2017-01-24,20.207000732421875,20.596000671386720,19.899999618530273,20.295999526977540,1022000,20.295999526977540
2017-01-25,20.257999420166016,20.489000320434570,20.141000747680664,20.329999923706055,848000,20.329999923706055
2017-01-26,20.353000640869140,20.353000640869140,19.923999786376953,20.129999160766600,484000,20.129999160766600
2017-01-27,20.072000503540040,20.288999557495117,19.919000625610350,19.958000183105470,693000,19.958000183105470
2017-01-30,19.857999801635742,20.000000000000000,19.666999816894530,19.945999145507812,789000,19.945999145507812
2017-01-31,19.870000839233400,20.249000549316406,19.641000747680664,20.129999160766600,1116000,20.129999160766600
2017-02-01,19.822999954223633,19.902999877929688,19.150999069213867,19.650999069213867,1678000,19.650999069213867
2017-02-02,19.690999984741210,19.757999420166016,19.002000808715820,19.149999618530273,1413000,19.149999618530273
2017-02-03,19.267000198364258,19.629999160766600,19.267000198364258,19.548000335693360,846000,19.548000335693360
2017-02-06,19.430999755859375,19.462999343872070,18.986999511718750,19.030000686645508,633000,19.030000686645508
2017-02-07,19.068000793457030,19.100000381469727,18.731000900268555,18.798999786376953,515000,18.798999786376953
2017-02-08,18.820999145507812,18.972000122070312,18.559999465942383,18.749000549316406,477000,18.749000549316406
2017-02-09,18.618000030517578,19.049999237060547,18.618000030517578,19.000999450683594,524000,19.000999450683594
2017-02-10,19.091999053955078,19.091999053955078,18.812000274658203,18.934999465942383,371000,18.934999465942383
2017-02-13,19.055000305175780,19.180000305175780,18.849000930786133,19.134000778198242,468000,19.134000778198242
2017-02-14,19.055999755859375,19.395999908447266,18.954000473022460,19.298999786376953,864000,19.298999786376953
2017-02-15,19.274000167846680,19.524999618530273,18.788000106811523,19.415000915527344,354000,19.415000915527344
2017-02-16,19.218000411987305,19.356000900268555,19.048000335693360,19.267999649047850,489000,19.267999649047850
2017-02-17,19.211999893188477,19.454999923706055,19.128999710083008,19.287000656127930,369000,19.287000656127930
2017-02-21,19.308000564575195,19.722000122070312,19.152000427246094,19.579999923706055,843000,19.579999923706055
2017-02-22,19.566999435424805,19.701000213623047,19.267000198364258,19.459999084472656,576000,19.459999084472656
2017-02-23,19.499000549316406,19.618000030517578,19.152999877929688,19.329999923706055,786000,19.329999923706055
2017-02-24,19.242000579833984,19.447999954223633,19.232000350952150,19.433000564575195,375000,19.433000564575195
2017-02-27,19.353000640869140,19.569999694824220,19.170999526977540,19.441999435424805,434000,19.441999435424805
2017-02-28,19.343000411987305,19.499000549316406,19.101999282836914,19.187999725341797,609000,19.187999725341797
2017-03-01,19.406999588012695,19.461000442504883,19.149000167846680,19.378000259399414,534000,19.378000259399414
2017-03-02,19.398000717163086,19.398000717163086,18.854000091552734,19.023000717163086,514000,19.023000717163086
2017-03-03,19.093999862670900,19.108999252319336,18.709999084472656,19.000000000000000,491000,19.000000000000000
2017-03-06,18.899999618530273,18.992000579833984,18.683000564575195,18.795000076293945,546000,18.795000076293945
2017-03-07,18.771999359130860,19.065000534057617,18.591999053955078,18.756999969482422,732000,18.756999969482422
2017-03-08,18.829000473022460,19.190999984741210,18.686000823974610,18.916000366210938,659000,18.916000366210938
2017-03-09,18.990999221801758,19.079999923706055,18.590999603271484,18.761999130249023,395000,18.761999130249023
2017-03-10,18.558000564575195,18.997999191284180,18.542999267578125,18.697000503540040,519000,18.697000503540040
2017-03-13,18.610000610351562,18.968000411987305,18.610000610351562,18.885000228881836,542000,18.885000228881836
2017-03-14,18.781000137329100,18.879999160766600,18.628000259399414,18.861999511718750,266000,18.861999511718750
2017-03-15,18.929000854492188,19.049999237060547,18.750000000000000,19.002000808715820,358000,19.002000808715820
2017-03-16,19.045000076293945,19.204000473022460,18.832000732421875,19.104999542236328,548000,19.104999542236328
2017-03-17,19.054000854492188,19.299999237060547,19.033000946044922,19.186000823974610,1018000,19.186000823974610
2017-03-20,19.160999298095703,19.400999069213867,18.910999298095703,19.242000579833984,685000,19.242000579833984
2017-03-21,19.379999160766600,19.379999160766600,18.722999572753906,18.798999786376953,904000,18.798999786376953
2017-03-22,18.770000457763672,18.889999389648438,18.361999511718750,18.694999694824220,1007000,18.694999694824220
2017-03-23,18.670000076293945,18.892999649047850,18.462999343872070,18.641000747680664,664000,18.641000747680664
2017-03-24,18.680000305175780,18.714000701904297,18.458999633789062,18.614000320434570,321000,18.614000320434570
2017-03-27,18.350000381469727,18.787000656127930,18.222000122070312,18.694000244140625,512000,18.694000244140625
2017-03-28,18.695999145507812,18.849000930786133,18.506999969482422,18.774000167846680,408000,18.774000167846680
2017-03-29,18.780000686645508,18.850000381469727,18.672000885009766,18.781000137329100,430000,18.781000137329100
2017-03-30,18.809999465942383,18.930000305175780,18.544000625610350,18.829000473022460,486000,18.829000473022460
2017-03-31,18.753000259399414,18.940999984741210,18.562000274658203,18.780000686645508,535000,18.780000686645508
2017-04-03,18.790000915527344,19.409999847412110,18.503999710083008,18.743000030517578,787000,18.743000030517578
2017-04-04,18.639999389648438,18.802000045776367,18.392000198364258,18.625000000000000,435000,18.625000000000000
2017-04-05,18.652000427246094,18.827999114990234,18.302999496459960,18.410999298095703,548000,18.410999298095703
2017-04-06,18.702999114990234,18.702999114990234,18.141000747680664,18.349000930786133,899000,18.349000930786133
2017-04-07,18.325000762939453,18.570999145507812,18.103000640869140,18.280000686645508,582000,18.280000686645508
2017-04-10,18.347999572753906,18.636999130249023,18.347999572753906,18.479000091552734,400000,18.479000091552734
2017-04-11,18.437000274658203,18.716999053955078,18.284000396728516,18.566999435424805,346000,18.566999435424805
2017-04-12,18.537000656127930,18.586999893188477,18.301000595092773,18.392000198364258,287000,18.392000198364258
2017-04-13,18.393999099731445,18.400999069213867,18.155000686645508,18.160999298095703,325000,18.160999298095703
2017-04-17,18.266000747680664,18.572999954223633,18.184999465942383,18.423000335693360,822000,18.423000335693360
2017-04-18,18.360000610351562,18.673999786376953,18.329999923706055,18.541000366210938,436000,18.541000366210938
2017-04-19,18.504999160766600,18.725000381469727,18.500000000000000,18.593999862670900,284000,18.593999862670900
2017-04-20,18.590000152587890,18.850999832153320,18.410999298095703,18.811000823974610,567000,18.811000823974610
2017-04-21,18.819999694824220,19.143999099731445,18.601999282836914,18.759000778198242,951000,18.759000778198242
2017-04-24,19.045999526977540,19.200000762939453,18.729000091552734,19.066999435424805,501000,19.066999435424805
2017-04-25,19.100999832153320,19.235000610351562,18.951000213623047,19.068000793457030,339000,19.068000793457030
2017-04-26,19.068000793457030,19.458000183105470,18.916999816894530,19.301000595092773,654000,19.301000595092773
2017-04-27,19.326000213623047,19.389999389648438,18.930000305175780,19.249000549316406,722000,19.249000549316406
2017-04-28,18.950000762939453,19.122999191284180,18.153999328613280,19.017000198364258,1675000,19.017000198364258
2017-05-01,19.044000625610350,19.457000732421875,18.683000564575195,19.135000228881836,887000,19.135000228881836
2017-05-02,19.215999603271484,19.379999160766600,18.641000747680664,18.801000595092773,782000,18.801000595092773
2017-05-03,18.767999649047850,19.018999099731445,18.277999877929688,18.784000396728516,1190000,18.784000396728516
2017-05-04,18.850000381469727,19.041000366210938,18.731000900268555,18.916999816894530,920000,18.916999816894530
2017-05-05,18.966999053955078,19.108999252319336,18.764999389648438,19.094999313354492,502000,19.094999313354492
2017-05-08,19.086000442504883,19.193000793457030,18.819999694824220,19.152000427246094,705000,19.152000427246094
2017-05-09,19.177000045776367,19.389999389648438,18.725000381469727,18.788000106811523,999000,18.788000106811523
2017-05-10,18.531000137329100,18.981000900268555,18.531000137329100,18.711000442504883,601000,18.711000442504883
2017-05-11,18.674999237060547,18.815000534057617,18.385000228881836,18.704999923706055,498000,18.704999923706055
2017-05-12,18.680000305175780,18.680000305175780,18.423999786376953,18.531000137329100,537000,18.531000137329100
2017-05-15,18.504999160766600,18.919000625610350,18.504999160766600,18.707000732421875,543000,18.707000732421875
2017-05-16,18.708000183105470,18.812000274658203,18.593999862670900,18.766000747680664,332000,18.766000747680664
2017-05-17,18.516000747680664,18.802000045776367,18.326999664306640,18.389999389648438,617000,18.389999389648438
2017-05-18,18.370000839233400,18.594999313354492,18.295999526977540,18.413000106811523,1187000,18.413000106811523
2017-05-19,18.436000823974610,18.653999328613280,18.326999664306640,18.378000259399414,1672000,18.378000259399414
2017-05-22,18.408000946044922,18.607000350952150,18.319999694824220,18.521999359130860,617000,18.521999359130860
2017-05-23,18.566999435424805,18.613000869750977,18.131999969482422,18.209999084472656,1441000,18.209999084472656
2017-05-24,18.249000549316406,18.384000778198242,18.000000000000000,18.198999404907227,895000,18.198999404907227
2017-05-25,18.292999267578125,18.384000778198242,18.113000869750977,18.149999618530273,890000,18.149999618530273
2017-05-26,18.062999725341797,18.350000381469727,18.000999450683594,18.076999664306640,902000,18.076999664306640
2017-05-30,18.041999816894530,18.330999374389650,18.000000000000000,18.284000396728516,884000,18.284000396728516
2017-05-31,18.330999374389650,18.409999847412110,18.018999099731445,18.236000061035156,545000,18.236000061035156
2017-06-01,18.326000213623047,18.603000640869140,18.156999588012695,18.593999862670900,713000,18.593999862670900
2017-06-02,18.565000534057617,18.950000762939453,18.488000869750977,18.832000732421875,1050000,18.832000732421875
2017-06-05,18.820999145507812,18.820999145507812,18.377000808715820,18.413000106811523,476000,18.413000106811523
2017-06-06,18.371000289916992,18.580999374389650,18.211999893188477,18.281999588012695,699000,18.281999588012695
2017-06-07,18.298999786376953,18.541999816894530,18.170000076293945,18.252000808715820,727000,18.252000808715820
2017-06-08,18.188999176025390,18.520000457763672,18.183000564575195,18.461000442504883,538000,18.461000442504883
2017-06-09,18.478000640869140,18.545999526977540,17.867000579833984,18.079000473022460,809000,18.079000473022460
2017-06-12,18.027999877929688,18.274000167846680,17.750000000000000,18.118999481201172,857000,18.118999481201172
2017-06-13,18.079000473022460,18.349000930786133,18.013999938964844,18.211999893188477,1080000,18.211999893188477
2017-06-14,18.277999877929688,18.488000869750977,18.131999969482422,18.340000152587890,683000,18.340000152587890
2017-06-15,18.215999603271484,18.354999542236328,18.114000320434570,18.281999588012695,741000,18.281999588012695
2017-06-16,18.225000381469727,18.392000198364258,18.200000762939453,18.260000228881836,759000,18.260000228881836
2017-06-19,18.297000885009766,18.341999053955078,18.096000671386720,18.239000320434570,392000,18.239000320434570
2017-06-20,18.187000274658203,18.393999099731445,18.187000274658203,18.313999176025390,425000,18.313999176025390
2017-06-21,18.363000869750977,18.534000396728516,18.280000686645508,18.447000503540040,794000,18.447000503540040
2017-06-22,18.510000228881836,18.510999679565430,18.287000656127930,18.459999084472656,944000,18.459999084472656
2017-06-23,18.468000411987305,18.777000427246094,18.375000000000000,18.495000839233400,2630000,18.495000839233400
2017-06-26,18.559999465942383,18.781999588012695,18.455999374389650,18.483999252319336,1496000,18.483999252319336
2017-06-27,18.410999298095703,18.726999282836914,18.410999298095703,18.510999679565430,1081000,18.510999679565430
2017-06-28,18.599000930786133,18.966999053955078,18.549999237060547,18.882999420166016,1218000,18.882999420166016
2017-06-29,18.912000656127930,18.999000549316406,18.650999069213867,18.909999847412110,1663000,18.909999847412110
2017-06-30,18.969999313354492,19.347000122070312,18.909999847412110,19.166999816894530,1801000,19.166999816894530
2017-07-03,19.204000473022460,19.225000381469727,18.610000610351562,18.653999328613280,465000,18.653999328613280
2017-07-05,18.631999969482422,18.688999176025390,18.358999252319336,18.451999664306640,669000,18.451999664306640
2017-07-06,18.305999755859375,18.499000549316406,18.180000305175780,18.261999130249023,580000,18.261999130249023
2017-07-07,18.343999862670900,18.695999145507812,18.343999862670900,18.499000549316406,479000,18.499000549316406
2017-07-10,18.468000411987305,18.694999694824220,18.306999206542970,18.377000808715820,458000,18.377000808715820
2017-07-11,18.431999206542970,18.687000274658203,18.229000091552734,18.434000015258790,772000,18.434000015258790
2017-07-12,18.510999679565430,18.864999771118164,18.510999679565430,18.767999649047850,448000,18.767999649047850
2017-07-13,18.719999313354492,19.448999404907227,18.468000411987305,18.579000473022460,326000,18.579000473022460
2017-07-14,18.579999923706055,18.625000000000000,18.437999725341797,18.472999572753906,323000,18.472999572753906
2017-07-17,18.472000122070312,18.680000305175780,18.416000366210938,18.582000732421875,498000,18.582000732421875
2017-07-18,18.635999679565430,18.898000717163086,18.544000625610350,18.875000000000000,791000,18.875000000000000
2017-07-19,18.927000045776367,19.009000778198242,18.638999938964844,18.981000900268555,621000,18.981000900268555
2017-07-20,18.979999542236328,19.115999221801758,18.791000366210938,18.931999206542970,545000,18.931999206542970
2017-07-21,18.972999572753906,18.972999572753906,18.750000000000000,18.847999572753906,822000,18.847999572753906
2017-07-24,18.781000137329100,19.341999053955078,18.773000717163086,19.190000534057617,727000,19.190000534057617
2017-07-25,19.219999313354492,19.635000228881836,19.009000778198242,19.250999450683594,1126000,19.250999450683594
2017-07-26,19.299999237060547,19.610000610351562,18.902999877929688,19.156000137329100,283000,19.156000137329100
2017-07-27,19.194000244140625,19.280000686645508,18.618000030517578,18.917999267578125,452000,18.917999267578125
2017-07-28,17.000000000000000,17.038999557495117,13.520999908447266,13.998999595642090,7944000,13.998999595642090
2017-07-31,13.989999771118164,14.071000099182129,13.416999816894531,13.451000213623047,3508000,13.451000213623047
2017-08-01,13.489999771118164,13.807000160217285,13.319000244140625,13.628000259399414,3105000,13.628000259399414
2017-08-02,13.628999710083008,13.732000350952148,13.380999565124512,13.593000411987305,1646000,13.593000411987305
2017-08-03,13.592000007629395,13.592000007629395,13.225999832153320,13.355999946594238,1343000,13.355999946594238
2017-08-04,13.355999946594238,13.588999748229980,13.298000335693360,13.572999954223633,1580000,13.572999954223633
2017-08-07,13.555999755859375,13.562999725341797,13.151000022888184,13.213000297546387,1540000,13.213000297546387
2017-08-08,13.197999954223633,13.241999626159668,13.067000389099121,13.149000167846680,1248000,13.149000167846680
2017-08-09,13.092000007629395,13.291999816894531,12.876999855041504,13.060000419616700,1151000,13.060000419616700
2017-08-10,12.989000320434570,13.060000419616700,12.710000038146973,12.774000167846680,1358000,12.774000167846680
2017-08-11,12.814000129699707,12.989000320434570,12.607000350952148,12.901000022888184,1577000,12.901000022888184
2017-08-14,12.904999732971191,13.248999595642090,12.852000236511230,12.892000198364258,3439000,12.892000198364258
2017-08-15,12.873000144958496,12.986000061035156,12.725000381469727,12.869000434875488,1943000,12.869000434875488
2017-08-16,12.888999938964844,12.954000473022461,12.722999572753906,12.871999740600586,1254000,12.871999740600586
2017-08-17,12.812999725341797,12.925999641418457,12.678999900817871,12.746000289916992,1235000,12.746000289916992
2017-08-18,12.694000244140625,12.748999595642090,12.515000343322754,12.593000411987305,1839000,12.593000411987305
2017-08-21,12.560000419616700,12.621000289916992,12.336000442504883,12.520999908447266,1537000,12.520999908447266
2017-08-22,12.571999549865723,12.815999984741211,12.565999984741211,12.614000320434570,1347000,12.614000320434570
2017-08-23,12.583999633789062,12.659000396728516,12.500000000000000,12.564000129699707,587000,12.564000129699707
2017-08-24,12.611000061035156,12.678999900817871,12.534999847412110,12.564000129699707,439000,12.564000129699707
2017-08-25,12.642999649047852,12.663000106811523,12.517000198364258,12.576000213623047,409000,12.576000213623047
2017-08-28,12.578000068664550,12.642000198364258,12.529999732971191,12.630999565124512,1002000,12.630999565124512
2017-08-29,12.538000106811523,12.847999572753906,12.532999992370605,12.670000076293945,1591000,12.670000076293945
2017-08-30,12.694999694824219,12.710000038146973,12.505999565124512,12.572999954223633,1426000,12.572999954223633
2017-08-31,12.625000000000000,13.012000083923340,12.588000297546387,12.899999618530273,1301000,12.899999618530273
2017-09-01,12.894000053405762,12.961999893188477,12.756999969482422,12.850000381469727,971000,12.850000381469727
2017-09-05,12.815999984741211,12.887999534606934,12.708000183105469,12.831000328063965,1155000,12.831000328063965
2017-09-06,12.817000389099121,12.906999588012695,12.774999618530273,12.819000244140625,1565000,12.819000244140625
2017-09-07,12.887000083923340,13.039999961853027,12.791000366210938,12.836000442504883,944000,12.836000442504883
2017-09-08,12.814999580383300,12.892999649047852,12.713000297546387,12.824999809265137,1439000,12.824999809265137
2017-09-11,12.892000198364258,12.925999641418457,12.796999931335450,12.819999694824219,1388000,12.819999694824219
2017-09-12,12.819000244140625,12.942000389099121,12.817999839782715,12.852000236511230,2694000,12.852000236511230
2017-09-13,12.871000289916992,13.345999717712402,12.855999946594238,13.220999717712402,1338000,13.220999717712402
2017-09-14,13.204999923706055,13.218000411987305,12.970000267028809,13.010000228881836,874000,13.010000228881836
2017-09-15,12.939000129699707,13.125000000000000,12.600999832153320,12.680999755859375,1507000,12.680999755859375
2017-09-18,12.670999526977539,12.732999801635742,12.526000022888184,12.595000267028809,1758000,12.595000267028809
2017-09-19,12.649000167846680,12.696000099182129,12.501000404357910,12.585000038146973,881000,12.585000038146973
2017-09-20,12.576999664306640,12.614999771118164,12.449999809265137,12.529999732971191,724000,12.529999732971191
2017-09-21,12.465999603271484,12.625000000000000,12.314999580383300,12.451000213623047,672000,12.451000213623047
2017-09-22,12.392999649047852,12.555000305175781,12.392999649047852,12.475999832153320,584000,12.475999832153320
2017-09-25,12.479000091552734,12.500000000000000,12.291000366210938,12.395999908447266,510000,12.395999908447266
2017-09-26,12.444000244140625,12.512000083923340,12.406999588012695,12.454000473022461,881000,12.454000473022461
2017-09-27,12.491000175476074,12.800000190734863,12.482000350952148,12.732999801635742,938000,12.732999801635742
2017-09-28,12.727000236511230,12.810999870300293,12.690999984741211,12.772000312805176,683000,12.772000312805176
2017-09-29,12.800000190734863,12.850999832153320,12.685000419616700,12.770999908447266,505000,12.770999908447266
2017-10-02,12.800000190734863,12.986000061035156,12.800000190734863,12.906000137329102,692000,12.906000137329102
2017-10-03,12.906000137329102,12.996999740600586,12.817000389099121,12.927000045776367,573000,12.927000045776367
2017-10-04,12.996999740600586,13.128000259399414,12.930000305175781,13.098999977111816,1138000,13.098999977111816
2017-10-05,13.097999572753906,13.149999618530273,12.916999816894531,13.116000175476074,741000,13.116000175476074
2017-10-06,13.111000061035156,13.194999694824219,12.906000137329102,13.135999679565430,1034000,13.135999679565430
2017-10-09,13.185000419616700,13.274000167846680,13.074000358581543,13.211999893188477,748000,13.211999893188477
2017-10-10,13.222999572753906,13.281999588012695,13.192999839782715,13.234999656677246,692000,13.234999656677246
2017-10-11,13.222999572753906,13.289999961853027,13.133000373840332,13.213000297546387,652000,13.213000297546387
2017-10-12,13.211999893188477,13.406999588012695,13.194999694824219,13.357000350952148,801000,13.357000350952148
2017-10-13,13.406000137329102,13.600999832153320,13.359999656677246,13.500000000000000,1913000,13.500000000000000
2017-10-16,13.498999595642090,13.590000152587890,13.498999595642090,13.583000183105469,990000,13.583000183105469
2017-10-17,13.600000381469727,13.744000434875488,13.517999649047852,13.588999748229980,1035000,13.588999748229980
2017-10-18,13.588000297546387,13.710000038146973,13.543000221252441,13.600000381469727,663000,13.600000381469727
2017-10-19,13.574000358581543,13.661000251770020,13.479999542236328,13.555999755859375,706000,13.555999755859375
2017-10-20,13.680000305175781,13.854999542236328,13.571999549865723,13.699999809265137,1147000,13.699999809265137
2017-10-23,13.727000236511230,13.770000457763672,13.600000381469727,13.687999725341797,1690000,13.687999725341797
2017-10-24,13.689000129699707,13.741999626159668,13.625000000000000,13.704000473022461,634000,13.704000473022461
2017-10-25,13.687999725341797,13.815999984741211,13.510000228881836,13.784999847412110,1120000,13.784999847412110
2017-10-26,13.859000205993652,14.114999771118164,13.689999580383300,14.095999717712402,1777000,14.095999717712402
2017-10-27,14.125000000000000,14.336999893188477,13.626000404357910,14.086000442504883,1545000,14.086000442504883
2017-10-30,14.031999588012695,14.128000259399414,13.538000106811523,13.581000328063965,1666000,13.581000328063965
2017-10-31,13.644000053405762,13.803000450134277,13.133999824523926,13.225999832153320,2358000,13.225999832153320
2017-11-01,13.340000152587890,13.496000289916992,12.968000411987305,13.454000473022461,1590000,13.454000473022461
2017-11-02,13.434000015258789,13.508999824523926,13.156000137329102,13.399000167846680,1082000,13.399000167846680
2017-11-03,13.401000022888184,13.416000366210938,13.248000144958496,13.368000030517578,1229000,13.368000030517578
2017-11-06,13.331999778747559,13.598999977111816,13.260999679565430,13.430000305175781,1236000,13.430000305175781
2017-11-07,13.444999694824219,13.444999694824219,13.267999649047852,13.371000289916992,870000,13.371000289916992
2017-11-08,13.300999641418457,13.479000091552734,13.256999969482422,13.439000129699707,919000,13.439000129699707
2017-11-09,13.298000335693360,13.498000144958496,13.215999603271484,13.338999748229980,950000,13.338999748229980
2017-11-10,13.310000419616700,13.439999580383300,13.210000038146973,13.350000381469727,803000,13.350000381469727
2017-11-13,13.265000343322754,13.399000167846680,13.161999702453613,13.222000122070312,830000,13.222000122070312
2017-11-14,13.178999900817871,13.418999671936035,13.086999893188477,13.317999839782715,1981000,13.317999839782715
2017-11-15,13.262000083923340,13.359999656677246,13.161999702453613,13.223999977111816,1326000,13.223999977111816
2017-11-16,13.277999877929688,13.456999778747559,13.277999877929688,13.342000007629395,847000,13.342000007629395
2017-11-17,13.307000160217285,13.425999641418457,13.251999855041504,13.376000404357910,1023000,13.376000404357910
2017-11-20,13.399999618530273,13.493000030517578,13.378999710083008,13.458999633789062,848000,13.458999633789062
2017-11-21,13.534000396728516,13.699999809265137,13.498999595642090,13.699999809265137,658000,13.699999809265137
2017-11-22,13.699999809265137,13.786000251770020,13.579000473022461,13.746000289916992,404000,13.746000289916992
2017-11-24,13.812000274658203,13.812000274658203,13.600000381469727,13.743000030517578,297000,13.743000030517578
2017-11-27,13.744000434875488,13.824999809265137,13.605999946594238,13.630000114440918,584000,13.630000114440918
2017-11-28,13.625000000000000,13.845000267028809,13.541000366210938,13.819999694824219,483000,13.819999694824219
2017-11-29,13.850000381469727,13.850000381469727,13.607000350952148,13.659000396728516,607000,13.659000396728516
2017-11-30,13.715999603271484,13.770000457763672,13.500000000000000,13.675999641418457,557000,13.675999641418457
2017-12-01,13.684000015258789,13.767000198364258,13.342000007629395,13.500000000000000,545000,13.500000000000000
2017-12-04,13.616000175476074,13.762999534606934,13.468000411987305,13.522999763488770,1170000,13.522999763488770
2017-12-05,13.526000022888184,13.654000282287598,13.343999862670898,13.456000328063965,548000,13.456000328063965
2017-12-06,13.451000213623047,13.618000030517578,13.357000350952148,13.446999549865723,768000,13.446999549865723
2017-12-07,13.255999565124512,13.630999565124512,13.107000350952148,13.399000167846680,970000,13.399000167846680
2017-12-08,13.454000473022461,13.880000114440918,13.291000366210938,13.625000000000000,993000,13.625000000000000
2017-12-11,13.637000083923340,13.637000083923340,13.312000274658203,13.368000030517578,1013000,13.368000030517578
2017-12-12,13.387000083923340,13.519000053405762,13.189000129699707,13.236000061035156,521000,13.236000061035156
2017-12-13,13.277999877929688,13.494000434875488,13.178999900817871,13.284999847412110,1013000,13.284999847412110
2017-12-14,13.309000015258789,13.314999580383300,13.045000076293945,13.175000190734863,1059000,13.175000190734863
2017-12-15,13.161999702453613,13.378999710083008,12.975000381469727,13.265000343322754,1867000,13.265000343322754
2017-12-18,13.286999702453613,13.583000183105469,13.218000411987305,13.397999763488770,653000,13.397999763488770
2017-12-19,13.397000312805176,13.604000091552734,13.272999763488770,13.482000350952148,1057000,13.482000350952148
2017-12-20,13.520999908447266,13.647999763488770,13.276000022888184,13.506999969482422,674000,13.506999969482422
2017-12-21,13.538999557495117,13.598999977111816,13.274999618530273,13.364999771118164,652000,13.364999771118164
2017-12-22,13.355999946594238,13.456999778747559,13.149999618530273,13.192999839782715,824000,13.192999839782715
2017-12-26,13.203000068664550,13.237000465393066,13.069000244140625,13.104000091552734,815000,13.104000091552734
2017-12-27,13.098999977111816,13.281999588012695,13.050999641418457,13.138999938964844,599000,13.138999938964844
2017-12-28,13.201000213623047,13.248000144958496,13.119999885559082,13.159999847412110,313000,13.159999847412110
2017-12-29,13.180999755859375,13.295999526977539,13.088999748229980,13.130000114440918,370000,13.130000114440918
2018-01-02,13.163999557495117,13.467000007629395,13.055000305175781,13.180000305175781,555000,13.180000305175781
2018-01-03,13.192999839782715,13.401000022888184,13.170000076293945,13.237999916076660,719000,13.237999916076660
2018-01-04,13.326000213623047,13.543999671936035,13.303999900817871,13.505999565124512,765000,13.505999565124512
2018-01-05,13.534000396728516,13.588999748229980,13.401000022888184,13.501000404357910,512000,13.501000404357910
2018-01-08,13.477000236511230,13.694000244140625,13.395000457763672,13.661000251770020,567000,13.661000251770020
2018-01-09,13.668999671936035,13.696000099182129,13.411000251770020,13.625000000000000,551000,13.625000000000000
2018-01-10,13.460000038146973,13.696000099182129,13.428999900817871,13.661999702453613,427000,13.661999702453613
2018-01-11,13.696999549865723,13.958999633789062,13.449000358581543,13.836000442504883,580000,13.836000442504883
2018-01-12,13.862000465393066,13.979999542236328,13.704999923706055,13.975000381469727,537000,13.975000381469727
2018-01-16,13.996000289916992,14.215000152587890,13.800000190734863,13.831000328063965,632000,13.831000328063965
2018-01-17,13.859999656677246,13.984999656677246,13.793000221252441,13.960000038146973,518000,13.960000038146973
2018-01-18,13.899000167846680,13.998999595642090,13.788000106811523,13.885000228881836,719000,13.885000228881836
2018-01-19,13.857999801635742,14.118000030517578,13.803000450134277,14.097999572753906,719000,14.097999572753906
2018-01-22,14.064999580383300,14.097999572753906,13.854000091552734,13.921999931335450,569000,13.921999931335450
2018-01-23,13.932999610900879,14.034000396728516,13.800999641418457,13.909999847412110,351000,13.909999847412110
2018-01-24,13.968000411987305,14.057999610900879,13.800999641418457,13.829000473022461,894000,13.829000473022461
2018-01-25,13.847000122070312,14.015000343322754,13.673000335693360,13.732999801635742,1748000,13.732999801635742
2018-01-26,13.777000427246094,13.968000411987305,13.199999809265137,13.779000282287598,2143000,13.779000282287598
2018-01-29,13.711999893188477,13.899000167846680,13.482000350952148,13.795000076293945,998000,13.795000076293945
2018-01-30,13.706000328063965,13.916000366210938,13.635000228881836,13.838000297546387,897000,13.838000297546387
2018-01-31,13.852999687194824,13.984999656677246,13.696999549865723,13.772999763488770,750000,13.772999763488770
2018-02-01,13.682000160217285,13.958999633789062,13.649000167846680,13.913999557495117,1030000,13.913999557495117
2018-02-02,13.840999603271484,13.881999969482422,13.531000137329102,13.576999664306640,653000,13.576999664306640
2018-02-05,13.500000000000000,13.539999961853027,13.100999832153320,13.159000396728516,742000,13.159000396728516
2018-02-06,12.946999549865723,13.430999755859375,12.850000381469727,13.300000190734863,798000,13.300000190734863
2018-02-07,13.291999816894531,13.557000160217285,13.008999824523926,13.352000236511230,666000,13.352000236511230
2018-02-08,13.350999832153320,13.439999580383300,13.142000198364258,13.152999877929688,1206000,13.152999877929688
2018-02-09,13.253000259399414,13.295000076293945,12.852000236511230,13.062000274658203,942000,13.062000274658203
2018-02-12,13.119000434875488,13.314000129699707,12.942000389099121,13.286999702453613,1714000,13.286999702453613
2018-02-13,13.239000320434570,13.500000000000000,13.170999526977539,13.451000213623047,591000,13.451000213623047
2018-02-14,13.340000152587890,13.600000381469727,13.281000137329102,13.583000183105469,1472000,13.583000183105469
2018-02-15,13.659000396728516,13.913999557495117,13.543999671936035,13.784999847412110,848000,13.784999847412110
2018-02-16,13.770000457763672,13.864999771118164,13.640000343322754,13.755000114440918,686000,13.755000114440918
2018-02-20,13.723999977111816,13.885999679565430,13.668999671936035,13.798999786376953,522000,13.798999786376953
2018-02-21,13.826000213623047,13.970999717712402,13.635000228881836,13.677000045776367,1022000,13.677000045776367
2018-02-22,13.729999542236328,13.800000190734863,13.604999542236328,13.737000465393066,647000,13.737000465393066
2018-02-23,13.763999938964844,13.845000267028809,13.661999702453613,13.798000335693360,404000,13.798000335693360
2018-02-26,13.819000244140625,13.854000091552734,13.682000160217285,13.769000053405762,613000,13.769000053405762
2018-02-27,13.772000312805176,13.855999946594238,13.456000328063965,13.515999794006348,862000,13.515999794006348
2018-02-28,13.571000099182129,13.684000015258789,12.779999732971191,12.798000335693360,1779000,12.798000335693360
2018-03-01,12.796999931335450,12.965999603271484,12.215999603271484,12.387000083923340,2235000,12.387000083923340
2018-03-02,12.296999931335450,12.668999671936035,12.251999855041504,12.543000221252441,1912000,12.543000221252441
2018-03-05,12.484000205993652,13.465000152587890,12.484000205993652,13.413999557495117,2034000,13.413999557495117
2018-03-06,13.472999572753906,13.557999610900879,13.210000038146973,13.319999694824219,1150000,13.319999694824219
2018-03-07,13.196000099182129,13.414999961853027,13.140000343322754,13.324999809265137,1020000,13.324999809265137
2018-03-08,13.500000000000000,13.500000000000000,13.154999732971191,13.420999526977539,823000,13.420999526977539
2018-03-09,13.534000396728516,13.692999839782715,13.366000175476074,13.626999855041504,1080000,13.626999855041504
2018-03-12,13.657999992370605,13.657999992370605,13.359999656677246,13.607000350952148,801000,13.607000350952148
2018-03-13,13.670000076293945,13.670000076293945,13.413999557495117,13.503999710083008,1120000,13.503999710083008
2018-03-14,13.529000282287598,13.529000282287598,13.324999809265137,13.343000411987305,474000,13.343000411987305
2018-03-15,13.359999656677246,13.635999679565430,13.185000419616700,13.336999893188477,970000,13.336999893188477
2018-03-16,13.279999732971191,13.307000160217285,13.102999687194824,13.175999641418457,1230000,13.175999641418457
2018-03-19,13.154000282287598,13.154000282287598,12.821999549865723,13.085000038146973,565000,13.085000038146973
2018-03-20,13.093999862670898,13.199000358581543,12.975000381469727,13.071000099182129,565000,13.071000099182129
2018-03-21,13.159000396728516,13.272999763488770,12.824999809265137,13.072999954223633,372000,13.072999954223633
2018-03-22,12.972999572753906,13.272000312805176,12.836000442504883,13.086000442504883,1440000,13.086000442504883
2018-03-23,12.949999809265137,13.076999664306640,12.774999618530273,12.977000236511230,1416000,12.977000236511230
2018-03-26,13.083000183105469,13.121999740600586,12.847999572753906,13.069999694824219,644000,13.069999694824219
2018-03-27,13.125000000000000,13.314999580383300,12.675999641418457,12.842000007629395,917000,12.842000007629395
2018-03-28,12.821999549865723,12.911000251770020,12.595000267028809,12.770000457763672,894000,12.770000457763672
2018-03-29,12.819000244140625,13.137000083923340,12.734000205993652,12.899000167846680,1436000,12.899000167846680
2018-04-02,12.871000289916992,13.241000175476074,12.479000091552734,12.553999900817871,1152000,12.553999900817871
2018-04-03,12.626000404357910,12.897000312805176,12.503999710083008,12.682000160217285,599000,12.682000160217285
2018-04-04,12.399999618530273,12.723999977111816,12.300000190734863,12.680000305175781,1330000,12.680000305175781
2018-04-05,12.770000457763672,12.864000320434570,12.673999786376953,12.758000373840332,1112000,12.758000373840332
2018-04-06,12.694999694824219,12.812999725341797,12.460000038146973,12.586999893188477,763000,12.586999893188477
2018-04-09,12.656999588012695,12.793999671936035,12.531999588012695,12.543999671936035,627000,12.543999671936035
2018-04-10,12.670999526977539,12.871000289916992,12.534000396728516,12.751000404357910,1044000,12.751000404357910
2018-04-11,12.984999656677246,12.998999595642090,12.699999809265137,12.869999885559082,861000,12.869999885559082
2018-04-12,12.913999557495117,13.083000183105469,12.734000205993652,12.951999664306640,1120000,12.951999664306640
2018-04-13,13.017999649047852,13.090000152587890,12.774999618530273,13.017999649047852,1087000,13.017999649047852
2018-04-16,13.074000358581543,13.289999961853027,12.798000335693360,13.236000061035156,849000,13.236000061035156
2018-04-17,13.270000457763672,13.510000228881836,13.270000457763672,13.463000297546387,1479000,13.463000297546387
2018-04-18,13.470999717712402,13.623999595642090,13.385999679565430,13.482000350952148,514000,13.482000350952148
2018-04-19,13.454000473022461,13.564999580383300,13.303999900817871,13.423999786376953,382000,13.423999786376953
2018-04-20,13.368000030517578,13.368000030517578,13.088000297546387,13.154999732971191,424000,13.154999732971191
2018-04-23,13.237999916076660,13.343999862670898,13.032999992370605,13.152000427246094,297000,13.152000427246094
2018-04-24,13.213999748229980,13.281999588012695,12.873000144958496,13.034000396728516,878000,13.034000396728516
2018-04-25,13.065999984741211,13.229999542236328,12.899999618530273,13.157999992370605,535000,13.157999992370605
2018-04-26,13.201999664306640,13.406999588012695,13.001999855041504,13.229000091552734,396000,13.229000091552734
2018-04-27,12.500000000000000,12.980999946594238,12.362000465393066,12.668999671936035,1380000,12.668999671936035
2018-04-30,12.677000045776367,13.045000076293945,12.583999633789062,12.746000289916992,1263000,12.746000289916992
2018-05-01,12.727999687194824,13.123999595642090,12.619999885559082,13.081999778747559,1342000,13.081999778747559
2018-05-02,13.083999633789062,13.409000396728516,12.857999801635742,13.031000137329102,921000,13.031000137329102
2018-05-03,13.006999969482422,13.279999732971191,12.696000099182129,12.911999702453613,733000,12.911999702453613
2018-05-04,12.869999885559082,13.093999862670898,12.869999885559082,13.020000457763672,706000,13.020000457763672
2018-05-07,13.041000366210938,13.168000221252441,12.937000274658203,12.993000030517578,466000,12.993000030517578
2018-05-08,13.000000000000000,13.145999908447266,12.862000465393066,13.104000091552734,835000,13.104000091552734
2018-05-09,13.123000144958496,13.149000167846680,12.942000389099121,13.060000419616700,308000,13.060000419616700
2018-05-10,13.111000061035156,13.234999656677246,12.944000244140625,13.017999649047852,766000,13.017999649047852
2018-05-11,13.045999526977539,13.072999954223633,12.875000000000000,12.928000450134277,518000,12.928000450134277
2018-05-14,12.958000183105469,12.958000183105469,12.661000251770020,12.713000297546387,685000,12.713000297546387
2018-05-15,12.649000167846680,12.902999877929688,12.649000167846680,12.746000289916992,1177000,12.746000289916992
2018-05-16,12.727999687194824,12.967000007629395,12.727999687194824,12.880999565124512,754000,12.880999565124512
2018-05-17,12.857999801635742,12.975999832153320,12.826999664306640,12.947999954223633,800000,12.947999954223633
2018-05-18,12.989000320434570,13.149999618530273,12.975000381469727,13.079999923706055,942000,13.079999923706055
2018-05-21,13.088000297546387,13.192000389099121,12.901000022888184,13.017999649047852,878000,13.017999649047852
2018-05-22,13.053999900817871,13.131999969482422,12.845000267028809,12.975000381469727,725000,12.975000381469727
2018-05-23,12.925999641418457,13.059000015258789,12.873999595642090,13.010000228881836,552000,13.010000228881836
2018-05-24,13.012999534606934,13.112999916076660,12.871999740600586,13.095000267028809,852000,13.095000267028809
2018-05-25,13.104000091552734,13.204999923706055,12.984000205993652,13.071999549865723,502000,13.071999549865723
2018-05-29,13.031999588012695,13.135999679565430,12.899999618530273,12.927000045776367,648000,12.927000045776367
2018-05-30,12.980999946594238,13.385999679565430,12.980999946594238,13.223999977111816,676000,13.223999977111816
2018-05-31,13.223999977111816,13.529000282287598,12.911999702453613,12.956999778747559,762000,12.956999778747559
2018-06-01,13.005000114440918,13.119999885559082,12.897999763488770,13.041999816894531,703000,13.041999816894531
2018-06-04,13.107999801635742,13.154000282287598,12.928000450134277,13.112000465393066,595000,13.112000465393066
2018-06-05,13.145999908447266,13.286000251770020,13.081999778747559,13.130999565124512,494000,13.130999565124512
2018-06-06,13.185999870300293,13.366999626159668,13.121000289916992,13.178000450134277,548000,13.178000450134277
2018-06-07,13.140999794006348,13.180999755859375,12.925000190734863,12.989999771118164,549000,12.989999771118164
2018-06-08,12.987000465393066,13.175000190734863,12.975999832153320,12.996000289916992,350000,12.996000289916992
2018-06-11,13.015000343322754,13.140999794006348,12.906999588012695,13.109000205993652,407000,13.109000205993652
2018-06-12,13.137000083923340,13.272000312805176,13.003999710083008,13.251999855041504,350000,13.251999855041504
2018-06-13,13.251000404357910,13.383999824523926,13.126000404357910,13.272000312805176,733000,13.272000312805176
2018-06-14,13.241999626159668,13.345999717712402,13.159000396728516,13.315999984741211,496000,13.315999984741211
2018-06-15,13.272000312805176,13.529000282287598,13.272000312805176,13.473999977111816,1005000,13.473999977111816
2018-06-18,13.428000450134277,13.647000312805176,13.350999832153320,13.578000068664550,700000,13.578000068664550
2018-06-19,13.489000320434570,13.602999687194824,13.343000411987305,13.550000190734863,617000,13.550000190734863
2018-06-20,13.550999641418457,13.699000358581543,13.461999893188477,13.500000000000000,575000,13.500000000000000
2018-06-21,13.515000343322754,13.550000190734863,12.935999870300293,13.246000289916992,447000,13.246000289916992
2018-06-22,13.314000129699707,13.314000129699707,13.097999572753906,13.114999771118164,2392000,13.114999771118164
2018-06-25,13.069000244140625,13.241999626159668,12.746000289916992,12.876000404357910,661000,12.876000404357910
2018-06-26,12.869000434875488,13.003999710083008,12.836000442504883,12.961000442504883,544000,12.961000442504883
2018-06-27,12.982999801635742,12.998999595642090,12.496000289916992,12.505999565124512,626000,12.505999565124512
2018-06-28,12.484999656677246,12.758999824523926,12.399999618530273,12.729999542236328,675000,12.729999542236328
2018-06-29,12.772999763488770,12.892999649047852,12.727000236511230,12.774999618530273,854000,12.774999618530273
2018-07-02,12.699999809265137,12.968000411987305,12.600000381469727,12.963000297546387,1110000,12.963000297546387
2018-07-03,13.029000282287598,13.206000328063965,12.989000320434570,13.175999641418457,395000,13.175999641418457
2018-07-05,13.194000244140625,13.416000366210938,13.156000137329102,13.404999732971191,655000,13.404999732971191
2018-07-06,13.378000259399414,13.586000442504883,13.343000411987305,13.487999916076660,481000,13.487999916076660
2018-07-09,13.454000473022461,13.612000465393066,13.409999847412110,13.512000083923340,491000,13.512000083923340
2018-07-10,13.550000190734863,13.600999832153320,13.463000297546387,13.491999626159668,583000,13.491999626159668
2018-07-11,13.352999687194824,13.506999969482422,13.310000419616700,13.425999641418457,490000,13.425999641418457
2018-07-12,13.524000167846680,13.690999984741211,13.470000267028809,13.630999565124512,603000,13.630999565124512
2018-07-13,13.633000373840332,13.722000122070312,13.560000419616700,13.583000183105469,348000,13.583000183105469
2018-07-16,13.600999832153320,13.616000175476074,13.411999702453613,13.529999732971191,360000,13.529999732971191
2018-07-17,13.418999671936035,13.519000053405762,13.395999908447266,13.487999916076660,347000,13.487999916076660
2018-07-18,13.508999824523926,13.605999946594238,13.467000007629395,13.583000183105469,453000,13.583000183105469
2018-07-19,13.536999702453613,13.781000137329102,13.536999702453613,13.753999710083008,476000,13.753999710083008
2018-07-20,13.725000381469727,13.760999679565430,13.522000312805176,13.529000282287598,362000,13.529000282287598
2018-07-23,13.508999824523926,13.513999938964844,13.321000099182129,13.420000076293945,380000,13.420000076293945
2018-07-24,13.505000114440918,13.515999794006348,13.170000076293945,13.331999778747559,1445000,13.331999778747559
2018-07-25,13.338999748229980,13.631999969482422,13.317999839782715,13.527000427246094,519000,13.527000427246094
2018-07-26,13.503999710083008,13.739999771118164,13.381999969482422,13.737999916076660,753000,13.737999916076660
2018-07-27,13.850000381469727,13.850000381469727,12.847999572753906,12.916000366210938,1268000,12.916000366210938
2018-07-30,12.928999900817871,13.074999809265137,12.631999969482422,12.793000221252441,915000,12.793000221252441
2018-07-31,12.812000274658203,13.031000137329102,12.637000083923340,13.015000343322754,946000,13.015000343322754
2018-08-01,13.034999847412110,13.312999725341797,13.034999847412110,13.230999946594238,724000,13.230999946594238
2018-08-02,13.142000198364258,13.668999671936035,13.118000030517578,13.654999732971191,2248000,13.654999732971191
2018-08-03,13.664999961853027,13.748999595642090,13.248000144958496,13.489000320434570,614000,13.489000320434570
2018-08-06,13.446999549865723,13.750000000000000,13.420000076293945,13.717000007629395,1621000,13.717000007629395
2018-08-07,13.750000000000000,13.960000038146973,13.729000091552734,13.786000251770020,485000,13.786000251770020
2018-08-08,13.824000358581543,13.961999893188477,13.675999641418457,13.796999931335450,734000,13.796999931335450
2018-08-09,13.854000091552734,14.203000068664550,13.854000091552734,13.975000381469727,872000,13.975000381469727
2018-08-10,13.913999557495117,14.260000228881836,13.913999557495117,14.145999908447266,719000,14.145999908447266
2018-08-13,14.121000289916992,14.289999961853027,13.850999832153320,14.078000068664550,567000,14.078000068664550
2018-08-14,14.178000450134277,14.380999565124512,14.105999946594238,14.215000152587890,711000,14.215000152587890
2018-08-15,14.123000144958496,14.281000137329102,13.953000068664550,14.057000160217285,686000,14.057000160217285
2018-08-16,14.093000411987305,14.307000160217285,13.942999839782715,14.107000350952148,661000,14.107000350952148
2018-08-17,14.053000450134277,14.189999580383300,13.921999931335450,13.953000068664550,2092000,13.953000068664550
2018-08-20,14.008000373840332,14.295000076293945,13.871000289916992,14.092000007629395,909000,14.092000007629395
2018-08-21,14.175999641418457,14.286999702453613,14.069999694824219,14.107000350952148,334000,14.107000350952148
2018-08-22,14.039999961853027,14.274000167846680,14.020000457763672,14.156000137329102,724000,14.156000137329102
2018-08-23,14.107000350952148,14.277000427246094,14.039999961853027,14.178999900817871,332000,14.178999900817871
2018-08-24,14.239999771118164,15.008000373840332,14.234999656677246,14.967000007629395,2249000,14.967000007629395
2018-08-27,14.967000007629395,14.967000007629395,14.656000137329102,14.692999839782715,870000,14.692999839782715
2018-08-28,14.737000465393066,14.885000228881836,14.675000190734863,14.784000396728516,734000,14.784000396728516
2018-08-29,14.800000190734863,14.904999732971191,14.701999664306640,14.779999732971191,508000,14.779999732971191
2018-08-30,14.777999877929688,14.883999824523926,14.652000427246094,14.718000411987305,308000,14.718000411987305
2018-08-31,14.725999832153320,14.918999671936035,14.652000427246094,14.899999618530273,440000,14.899999618530273
2018-09-04,14.848999977111816,14.848999977111816,14.657999992370605,14.774999618530273,509000,14.774999618530273
2018-09-05,14.730999946594238,14.730999946594238,14.250000000000000,14.484000205993652,802000,14.484000205993652
2018-09-06,14.522000312805176,14.565999984741211,14.251999855041504,14.480999946594238,829000,14.480999946594238
2018-09-07,14.425999641418457,14.517000198364258,14.199999809265137,14.454000473022461,996000,14.454000473022461
2018-09-10,14.487000465393066,14.746999740600586,14.373999595642090,14.677000045776367,505000,14.677000045776367
2018-09-11,14.637999534606934,14.805999755859375,14.565999984741211,14.779999732971191,396000,14.779999732971191
2018-09-12,14.758000373840332,14.960000038146973,14.545999526977539,14.888999938964844,682000,14.888999938964844
2018-09-13,14.934000015258789,14.984999656677246,14.670000076293945,14.769000053405762,435000,14.769000053405762
2018-09-14,14.793000221252441,14.987000465393066,14.772000312805176,14.913000106811523,522000,14.913000106811523
2018-09-17,14.913000106811523,14.913000106811523,14.604000091552734,14.710000038146973,604000,14.710000038146973
2018-09-18,14.739999771118164,15.123000144958496,14.663999557495117,14.996000289916992,1003000,14.996000289916992
2018-09-19,14.996000289916992,15.074999809265137,14.621000289916992,14.781000137329102,648000,14.781000137329102
2018-09-20,14.864000320434570,14.864000320434570,14.536999702453613,14.765000343322754,480000,14.765000343322754
2018-09-21,14.791999816894531,14.913999557495117,14.661999702453613,14.812000274658203,1105000,14.812000274658203
2018-09-24,14.751999855041504,14.876000404357910,14.666999816894531,14.737999916076660,680000,14.737999916076660
2018-09-25,14.782999992370605,14.848999977111816,14.642000198364258,14.680999755859375,877000,14.680999755859375
2018-09-26,14.239999771118164,14.444999694824219,14.130999565124512,14.140999794006348,1943000,14.140999794006348
2018-09-27,14.168000221252441,14.291999816894531,14.020999908447266,14.053999900817871,667000,14.053999900817871
2018-09-28,14.043999671936035,14.135000228881836,13.916000366210938,14.062000274658203,807000,14.062000274658203
2018-10-01,14.123000144958496,14.196000099182129,13.623999595642090,13.647000312805176,1104000,13.647000312805176
2018-10-02,13.649999618530273,13.649999618530273,13.178000450134277,13.248999595642090,771000,13.248999595642090
2018-10-03,13.288000106811523,13.472000122070312,13.201000213623047,13.347999572753906,890000,13.347999572753906
2018-10-04,13.350999832153320,13.350999832153320,12.993000030517578,13.170000076293945,716000,13.170000076293945
2018-10-05,13.170999526977539,13.253999710083008,12.953000068664550,13.119999885559082,579000,13.119999885559082
2018-10-08,13.093999862670898,13.230999946594238,12.878000259399414,13.083999633789062,1436000,13.083999633789062
2018-10-09,13.029999732971191,13.218000411987305,12.864000320434570,13.071000099182129,650000,13.071000099182129
2018-10-10,13.032999992370605,13.032999992370605,12.625000000000000,12.671999931335450,863000,12.671999931335450
2018-10-11,12.616999626159668,12.965999603271484,12.609000205993652,12.680000305175781,1065000,12.680000305175781
2018-10-12,12.840999603271484,12.956999778747559,12.607999801635742,12.727999687194824,834000,12.727999687194824
2018-10-15,12.696000099182129,12.944000244140625,12.675000190734863,12.800999641418457,777000,12.800999641418457
2018-10-16,12.895999908447266,13.196000099182129,12.892000198364258,13.114999771118164,1356000,13.114999771118164
2018-10-17,13.081000328063965,13.170000076293945,12.960000038146973,13.053999900817871,930000,13.053999900817871
2018-10-18,13.036000251770020,13.043000221252441,12.769000053405762,12.826999664306640,822000,12.826999664306640
2018-10-19,12.838000297546387,12.904999732971191,12.557999610900879,12.647999763488770,691000,12.647999763488770
2018-10-22,12.685999870300293,12.899000167846680,12.685999870300293,12.758000373840332,1217000,12.758000373840332
2018-10-23,12.619000434875488,12.770999908447266,12.376999855041504,12.687000274658203,745000,12.687000274658203
2018-10-24,12.652999877929688,12.793000221252441,12.123999595642090,12.125000000000000,1330000,12.125000000000000
2018-10-25,12.171999931335450,12.454999923706055,12.123999595642090,12.324999809265137,1043000,12.324999809265137
2018-10-26,12.067000389099121,12.810000419616700,12.067000389099121,12.248999595642090,2460000,12.248999595642090
2018-10-29,12.385999679565430,12.730999946594238,12.067999839782715,12.170999526977539,1346000,12.170999526977539
2018-10-30,12.125000000000000,12.500000000000000,12.026000022888184,12.404000282287598,2574000,12.404000282287598
2018-10-31,12.569000244140625,12.741000175476074,12.539999961853027,12.597000122070312,2093000,12.597000122070312
2018-11-01,12.628000259399414,12.746000289916992,12.520000457763672,12.562999725341797,935000,12.562999725341797
2018-11-02,12.621000289916992,12.732000350952148,12.487999916076660,12.673000335693360,1125000,12.673000335693360
2018-11-05,12.708999633789062,12.739000320434570,12.439999580383300,12.663999557495117,1041000,12.663999557495117
2018-11-06,12.635999679565430,12.869000434875488,12.564000129699707,12.633000373840332,845000,12.633000373840332
2018-11-07,12.701000213623047,13.017999649047852,12.640000343322754,12.986000061035156,2650000,12.986000061035156
2018-11-08,12.958999633789062,12.984999656677246,12.793000221252441,12.850999832153320,1096000,12.850999832153320
2018-11-09,12.812000274658203,12.866000175476074,12.654000282287598,12.828000068664550,871000,12.828000068664550
2018-11-12,12.821999549865723,12.826000213623047,12.602000236511230,12.659000396728516,948000,12.659000396728516
2018-11-13,12.694000244140625,12.899999618530273,12.458000183105469,12.590999603271484,1830000,12.590999603271484
2018-11-14,12.647000312805176,12.689999580383300,12.536999702453613,12.545000076293945,1127000,12.545000076293945
2018-11-15,12.536000251770020,12.852999687194824,12.520999908447266,12.741999626159668,875000,12.741999626159668
2018-11-16,12.656999588012695,12.781000137329102,12.496999740600586,12.708000183105469,1955000,12.708000183105469
2018-11-19,12.668000221252441,12.668000221252441,12.442000389099121,12.444999694824219,1134000,12.444999694824219
2018-11-20,12.333000183105469,12.505999565124512,12.244999885559082,12.302000045776367,1864000,12.302000045776367
2018-11-21,12.399999618530273,12.578000068664550,12.373999595642090,12.517999649047852,660000,12.517999649047852
2018-11-23,12.440999984741211,12.571000099182129,12.435000419616700,12.435000419616700,367000,12.435000419616700
2018-11-26,12.569999694824219,12.649999618530273,12.506999969482422,12.607999801635742,1280000,12.607999801635742
2018-11-27,12.536000251770020,12.652000427246094,12.463000297546387,12.527999877929688,1126000,12.527999877929688
2018-11-28,12.564000129699707,12.776000022888184,12.529000282287598,12.746000289916992,2723000,12.746000289916992
2018-11-29,12.663999557495117,12.854999542236328,12.663999557495117,12.776000022888184,1223000,12.776000022888184
2018-11-30,12.758000373840332,12.977999687194824,12.715999603271484,12.963999748229980,1283000,12.963999748229980
2018-12-03,13.149999618530273,13.149999618530273,12.901000022888184,13.107000350952148,1395000,13.107000350952148
2018-12-04,13.060000419616700,13.357000350952148,12.621999740600586,12.670999526977539,1153000,12.670999526977539
2018-12-06,12.526000022888184,12.802000045776367,12.526000022888184,12.765000343322754,1377000,12.765000343322754
2018-12-07,12.765000343322754,12.918000221252441,12.697999954223633,12.758000373840332,960000,12.758000373840332
2018-12-10,12.682999610900879,12.885000228881836,12.673000335693360,12.763999938964844,1226000,12.763999938964844
2018-12-11,12.899000167846680,12.984999656677246,12.550000190734863,12.699000358581543,1312000,12.699000358581543
2018-12-12,12.666000366210938,12.940999984741211,12.578000068664550,12.784999847412110,1815000,12.784999847412110
2018-12-13,12.840000152587890,12.890000343322754,12.706000328063965,12.810000419616700,652000,12.810000419616700
2018-12-14,12.727000236511230,12.871999740600586,12.609999656677246,12.692000389099121,825000,12.692000389099121
2018-12-17,12.668999671936035,12.668999671936035,12.256999969482422,12.281999588012695,1490000,12.281999588012695
2018-12-18,12.418999671936035,12.569000244140625,12.246000289916992,12.335000038146973,1090000,12.335000038146973
2018-12-19,12.335000038146973,12.479000091552734,12.175999641418457,12.282999992370605,916000,12.282999992370605
2018-12-20,12.236000061035156,12.300000190734863,11.930999755859375,12.060999870300293,1080000,12.060999870300293
2018-12-21,12.092000007629395,12.156999588012695,11.626999855041504,11.657999992370605,1494000,11.657999992370605
2018-12-24,11.607000350952148,12.125000000000000,11.550000190734863,11.670000076293945,848000,11.670000076293945
2018-12-26,11.704000473022461,12.131999969482422,11.630000114440918,12.109000205993652,1213000,12.109000205993652
2018-12-27,11.984000205993652,12.609000205993652,11.984000205993652,12.595000267028809,1231000,12.595000267028809
2018-12-28,12.654999732971191,12.826999664306640,12.588000297546387,12.687999725341797,950000,12.687999725341797
2018-12-31,12.708999633789062,12.819000244140625,12.562999725341797,12.774999618530273,999000,12.774999618530273
2019-01-02,12.604000091552734,12.901000022888184,12.604000091552734,12.857000350952148,931000,12.857000350952148
2019-01-03,12.776000022888184,12.869999885559082,12.597000122070312,12.656999588012695,1083000,12.656999588012695
2019-01-04,12.744999885559082,13.102000236511230,12.644000053405762,13.039999961853027,1198000,13.039999961853027
2019-01-07,13.038999557495117,13.270999908447266,13.038999557495117,13.123000144958496,747000,13.123000144958496
2019-01-08,13.213000297546387,13.265999794006348,12.972000122070312,13.230999946594238,1083000,13.230999946594238
2019-01-09,13.229000091552734,13.411000251770020,13.133999824523926,13.157999992370605,1062000,13.157999992370605
2019-01-10,13.229999542236328,13.366000175476074,13.135000228881836,13.251000404357910,1207000,13.251000404357910
2019-01-11,13.171999931335450,13.385999679565430,13.144000053405762,13.385999679565430,938000,13.385999679565430
2019-01-14,13.324000358581543,13.350000381469727,13.097999572753906,13.211000442504883,874000,13.211000442504883
2019-01-15,13.222000122070312,13.451000213623047,13.222000122070312,13.430999755859375,386000,13.430999755859375
2019-01-16,13.449000358581543,13.553999900817871,13.307000160217285,13.383999824523926,1595000,13.383999824523926
2019-01-17,13.359999656677246,13.571999549865723,13.347999572753906,13.487999916076660,1191000,13.487999916076660
2019-01-18,13.512000083923340,13.765999794006348,12.751999855041504,13.631999969482422,813000,13.631999969482422
2019-01-22,13.572999954223633,13.848999977111816,13.524000167846680,13.723999977111816,812000,13.723999977111816
2019-01-23,13.722999572753906,13.911000251770020,13.612000465393066,13.748000144958496,717000,13.748000144958496
2019-01-24,13.739000320434570,13.855999946594238,13.545999526977539,13.828000068664550,557000,13.828000068664550
2019-01-25,13.904999732971191,13.989000320434570,13.831999778747559,13.939999580383300,534000,13.939999580383300
2019-01-28,13.821999549865723,14.022999763488770,13.326000213623047,13.850999832153320,827000,13.850999832153320
2019-01-29,13.847999572753906,13.895999908447266,13.696000099182129,13.826999664306640,1125000,13.826999664306640
2019-01-30,12.810000419616700,13.989999771118164,12.534999847412110,12.737000465393066,5633000,12.737000465393066
2019-01-31,12.593999862670898,12.890000343322754,12.593999862670898,12.689000129699707,2263000,12.689000129699707
2019-02-01,12.777000427246094,12.866999626159668,12.703000068664550,12.803999900817871,1581000,12.803999900817871
2019-02-04,12.699999809265137,13.069000244140625,12.699999809265137,13.005000114440918,1569000,13.005000114440918
2019-02-05,13.000000000000000,13.284000396728516,12.954999923706055,13.215000152587890,1655000,13.215000152587890
2019-02-06,13.192999839782715,13.192999839782715,12.814999580383300,12.826999664306640,1892000,12.826999664306640
2019-02-07,12.814999580383300,12.958999633789062,12.781999588012695,12.913999557495117,980000,12.913999557495117
2019-02-08,12.840999603271484,13.145000457763672,12.840999603271484,13.078000068664550,2667000,13.078000068664550
2019-02-11,13.286999702453613,13.708000183105469,13.286999702453613,13.680000305175781,1149000,13.680000305175781
2019-02-12,13.809000015258789,14.215999603271484,13.710000038146973,14.211000442504883,1191000,14.211000442504883
2019-02-13,14.255000114440918,14.300000190734863,13.968999862670898,14.043000221252441,1213000,14.043000221252441
2019-02-14,14.034000396728516,14.239999771118164,13.982000350952148,14.005999565124512,1192000,14.005999565124512
2019-02-15,14.074999809265137,14.133000373840332,13.987000465393066,14.105999946594238,1002000,14.105999946594238
2019-02-19,14.078000068664550,14.199999809265137,14.031999588012695,14.190999984741211,1030000,14.190999984741211
2019-02-20,14.187999725341797,14.335000038146973,14.024000167846680,14.041999816894531,1485000,14.041999816894531
2019-02-21,14.038999557495117,14.338000297546387,14.038999557495117,14.312999725341797,938000,14.312999725341797
2019-02-22,14.314000129699707,14.545000076293945,14.274999618530273,14.541000366210938,1012000,14.541000366210938
2019-02-25,14.633999824523926,14.744999885559082,14.487999916076660,14.619000434875488,1190000,14.619000434875488
2019-02-26,14.614000320434570,14.614000320434570,14.178999900817871,14.180000305175781,880000,14.180000305175781
2019-02-27,14.151000022888184,14.170000076293945,14.001999855041504,14.119000434875488,758000,14.119000434875488
2019-02-28,14.100999832153320,14.269000053405762,13.967000007629395,14.149999618530273,779000,14.149999618530273
2019-03-01,14.223999977111816,14.465000152587890,14.154999732971191,14.173999786376953,857000,14.173999786376953
2019-03-04,14.234999656677246,14.234999656677246,13.796999931335450,13.930999755859375,985000,13.930999755859375
2019-03-05,13.932000160217285,13.939000129699707,13.821999549865723,13.866000175476074,537000,13.866000175476074
2019-03-06,13.866999626159668,13.909000396728516,13.637999534606934,13.696999549865723,1307000,13.696999549865723
2019-03-07,13.689000129699707,13.810999870300293,13.581000328063965,13.734999656677246,846000,13.734999656677246
2019-03-08,13.626999855041504,13.857999801635742,13.550999641418457,13.812000274658203,1202000,13.812000274658203
2019-03-11,13.826999664306640,14.305999755859375,13.809000015258789,14.300000190734863,1339000,14.300000190734863
2019-03-12,14.307000160217285,14.532999992370605,13.748999595642090,14.519000053405762,1409000,14.519000053405762
2019-03-13,14.579999923706055,14.807999610900879,14.519000053405762,14.750000000000000,1916000,14.750000000000000
2019-03-14,14.741999626159668,14.835000038146973,14.545999526977539,14.800000190734863,1205000,14.800000190734863
2019-03-15,14.854000091552734,14.991000175476074,14.779000282287598,14.833000183105469,2613000,14.833000183105469
2019-03-18,14.819999694824219,14.862999916076660,14.618000030517578,14.782999992370605,855000,14.782999992370605
2019-03-19,14.819000244140625,14.850000381469727,14.661000251770020,14.739999771118164,792000,14.739999771118164
2019-03-20,14.704999923706055,14.821999549865723,14.510999679565430,14.753999710083008,1064000,14.753999710083008
2019-03-21,14.744000434875488,15.050000190734863,14.640999794006348,14.961999893188477,762000,14.961999893188477
2019-03-22,14.899999618530273,14.946000099182129,14.361000061035156,14.383000373840332,898000,14.383000373840332
2019-03-25,14.333000183105469,14.487000465393066,14.175999641418457,14.409000396728516,742000,14.409000396728516
2019-03-26,14.460000038146973,14.602999687194824,14.378999710083008,14.564999580383300,573000,14.564999580383300
2019-03-27,14.531999588012695,14.644000053405762,14.178000450134277,14.362000465393066,944000,14.362000465393066
2019-03-28,14.383000373840332,14.559000015258789,14.314999580383300,14.479999542236328,599000,14.479999542236328
2019-03-29,14.498000144958496,14.750000000000000,14.220000267028809,14.425000190734863,881000,14.425000190734863
2019-04-01,14.524000167846680,14.741000175476074,14.378999710083008,14.734000205993652,1021000,14.734000205993652
2019-04-02,14.715000152587890,14.717000007629395,14.385999679565430,14.619999885559082,560000,14.619999885559082
2019-04-03,14.678000450134277,14.866999626159668,14.666999816894531,14.793000221252441,634000,14.793000221252441
2019-04-04,14.798000335693360,14.798000335693360,14.296999931335450,14.456999778747559,496000,14.456999778747559
2019-04-05,14.463000297546387,14.668999671936035,14.456000328063965,14.652000427246094,648000,14.652000427246094
2019-04-08,14.611000061035156,14.633999824523926,14.394000053405762,14.442000389099121,640000,14.442000389099121
2019-04-09,14.430999755859375,14.526000022888184,14.369000434875488,14.413000106811523,542000,14.413000106811523
2019-04-10,14.413000106811523,14.784000396728516,14.368000030517578,14.774000167846680,674000,14.774000167846680
2019-04-11,14.734999656677246,14.961999893188477,14.583000183105469,14.852000236511230,648000,14.852000236511230
2019-04-12,14.939000129699707,15.093000411987305,14.807999610900879,15.064999580383300,527000,15.064999580383300
2019-04-15,15.034999847412110,15.237999916076660,14.885000228881836,14.954000473022461,772000,14.954000473022461
2019-04-16,15.012000083923340,15.138999938964844,14.871999740600586,15.112000465393066,655000,15.112000465393066
2019-04-17,15.147999763488770,15.199999809265137,14.654999732971191,14.810999870300293,743000,14.810999870300293
2019-04-18,14.772000312805176,14.812999725341797,14.357999801635742,14.647999763488770,846000,14.647999763488770
2019-04-22,14.583000183105469,14.831000328063965,14.401000022888184,14.734000205993652,979000,14.734000205993652
2019-04-23,14.793999671936035,14.947999954223633,14.734000205993652,14.916000366210938,1177000,14.916000366210938
2019-04-24,14.956999778747559,15.081000328063965,14.911999702453613,14.954000473022461,709000,14.954000473022461
2019-04-25,14.923999786376953,15.065999984741211,14.701000213623047,14.800000190734863,718000,14.800000190734863
2019-04-26,14.824000358581543,14.984999656677246,14.753000259399414,14.942000389099121,1006000,14.942000389099121
2019-04-29,14.972999572753906,15.107999801635742,14.840999603271484,14.923000335693360,1015000,14.923000335693360
2019-04-30,14.991999626159668,15.197999954223633,14.704999923706055,14.970000267028809,1347000,14.970000267028809
2019-05-01,14.251999855041504,14.968999862670898,13.980999946594238,14.102000236511230,3508000,14.102000236511230
2019-05-02,14.074000358581543,14.234999656677246,13.967000007629395,14.083999633789062,948000,14.083999633789062
2019-05-03,14.201000213623047,14.814000129699707,14.031000137329102,14.102999687194824,909000,14.102999687194824
2019-05-06,13.961999893188477,14.211999893188477,13.960000038146973,14.145000457763672,785000,14.145000457763672
2019-05-07,14.010999679565430,14.107999801635742,13.795000076293945,13.887000083923340,1114000,13.887000083923340
2019-05-08,13.829999923706055,13.939000129699707,13.687999725341797,13.796999931335450,1004000,13.796999931335450
2019-05-09,13.687000274658203,13.866999626159668,13.553999900817871,13.812999725341797,879000,13.812999725341797
2019-05-10,13.767999649047852,13.939000129699707,13.550000190734863,13.925999641418457,793000,13.925999641418457
2019-05-13,13.708999633789062,13.727999687194824,13.484000205993652,13.505000114440918,845000,13.505000114440918
2019-05-14,13.548999786376953,13.680000305175781,13.482000350952148,13.649999618530273,626000,13.649999618530273
2019-05-15,13.565999984741211,13.781999588012695,13.517999649047852,13.621999740600586,484000,13.621999740600586
2019-05-16,13.656000137329102,13.855999946594238,13.656000137329102,13.805999755859375,420000,13.805999755859375
2019-05-17,13.711999893188477,13.855999946594238,13.680999755859375,13.684000015258789,906000,13.684000015258789
2019-05-20,13.595999717712402,13.710000038146973,13.560000419616700,13.626999855041504,734000,13.626999855041504
2019-05-21,13.697999954223633,13.913999557495117,13.638999938964844,13.730999946594238,900000,13.730999946594238
2019-05-22,13.704999923706055,13.779999732971191,13.545000076293945,13.626999855041504,546000,13.626999855041504
2019-05-23,13.545999526977539,13.616000175476074,13.317999839782715,13.392000198364258,805000,13.392000198364258
2019-05-24,13.460000038146973,13.510000228881836,13.300000190734863,13.407999992370605,763000,13.407999992370605
2019-05-28,13.404999732971191,13.640999794006348,13.404999732971191,13.532999992370605,639000,13.532999992370605
2019-05-29,13.456000328063965,13.505000114440918,13.328000068664550,13.375000000000000,515000,13.375000000000000
2019-05-30,13.442999839782715,13.519000053405762,13.248000144958496,13.366000175476074,643000,13.366000175476074
2019-05-31,13.234999656677246,13.484999656677246,13.161000251770020,13.291000366210938,615000,13.291000366210938
2019-06-03,13.307000160217285,13.307000160217285,13.026000022888184,13.090000152587890,771000,13.090000152587890
2019-06-04,13.201000213623047,13.387999534606934,13.100999832153320,13.381999969482422,590000,13.381999969482422
2019-06-05,13.432999610900879,13.567999839782715,13.329000473022461,13.437999725341797,643000,13.437999725341797
2019-06-06,13.430000305175781,13.496999740600586,13.253000259399414,13.440999984741211,609000,13.440999984741211
2019-06-07,13.489000320434570,13.725999832153320,13.451999664306640,13.713999748229980,574000,13.713999748229980
2019-06-10,13.829999923706055,14.100999832153320,13.626000404357910,13.654999732971191,942000,13.654999732971191
2019-06-11,13.737000465393066,13.769000053405762,13.347000122070312,13.413999557495117,601000,13.413999557495117
2019-06-12,13.381999969482422,13.381999969482422,13.130999565124512,13.267999649047852,893000,13.267999649047852
2019-06-13,13.329000473022461,13.741000175476074,13.130000114440918,13.204999923706055,1414000,13.204999923706055
2019-06-14,13.147999763488770,13.397999763488770,13.097000122070312,13.364999771118164,648000,13.364999771118164
2019-06-17,13.432999610900879,14.850000381469727,13.432999610900879,14.125000000000000,3294000,14.125000000000000
2019-06-18,14.232000350952148,14.767999649047852,14.232000350952148,14.559000015258789,1935000,14.559000015258789
2019-06-19,14.557999610900879,14.880000114440918,14.385999679565430,14.767000198364258,1658000,14.767000198364258
2019-06-20,14.958000183105469,14.989000320434570,14.699999809265137,14.788999557495117,1183000,14.788999557495117
2019-06-21,14.727000236511230,14.958000183105469,14.407999992370605,14.671999931335450,7378000,14.671999931335450
2019-06-24,14.685000419616700,14.746000289916992,14.107000350952148,14.157999992370605,1300000,14.157999992370605
2019-06-25,14.154999732971191,14.154999732971191,13.909999847412110,14.015999794006348,1147000,14.015999794006348
2019-06-26,14.001999855041504,14.029999732971191,13.871999740600586,13.911999702453613,830000,13.911999702453613
2019-06-27,13.928999900817871,14.210000038146973,13.928999900817871,14.102999687194824,813000,14.102999687194824
2019-06-28,14.149999618530273,14.392999649047852,14.003000259399414,14.331000328063965,4572000,14.331000328063965
2019-07-01,14.300000190734863,14.430999755859375,13.979999542236328,14.003000259399414,1689000,14.003000259399414
2019-07-02,14.076999664306640,14.131999969482422,13.939000129699707,14.050000190734863,718000,14.050000190734863
2019-07-03,14.055000305175781,14.220999717712402,13.994999885559082,14.116000175476074,425000,14.116000175476074
2019-07-05,14.029000282287598,14.090999603271484,13.755999565124512,14.024000167846680,643000,14.024000167846680
2019-07-08,13.920000076293945,13.920000076293945,12.534000396728516,12.593000411987305,3592000,12.593000411987305
2019-07-09,12.593999862670898,12.696999549865723,12.364999771118164,12.399000167846680,2279000,12.399000167846680
2019-07-10,12.437000274658203,12.557000160217285,12.276000022888184,12.295999526977539,1318000,12.295999526977539
2019-07-11,12.300999641418457,12.392999649047852,12.229000091552734,12.279000282287598,1300000,12.279000282287598
2019-07-12,12.279000282287598,12.342000007629395,12.050000190734863,12.302000045776367,1238000,12.302000045776367
2019-07-15,12.296999931335450,12.472000122070312,12.281000137329102,12.362000465393066,998000,12.362000465393066
2019-07-16,12.340999603271484,12.472999572753906,12.307999610900879,12.449999809265137,1051000,12.449999809265137
2019-07-17,12.423999786376953,12.500000000000000,12.208999633789062,12.251000404357910,1120000,12.251000404357910
2019-07-18,12.220999717712402,12.300000190734863,12.086000442504883,12.265999794006348,1096000,12.265999794006348
2019-07-19,12.296999931335450,12.340999603271484,12.175000190734863,12.175000190734863,823000,12.175000190734863
2019-07-22,12.182999610900879,12.289999961853027,12.147999763488770,12.225000381469727,754000,12.225000381469727
2019-07-23,12.281000137329102,12.281000137329102,12.109999656677246,12.157999992370605,638000,12.157999992370605
2019-07-24,12.098999977111816,12.272999763488770,12.053000450134277,12.272999763488770,660000,12.272999763488770
2019-07-25,12.243000030517578,12.258999824523926,12.112000465393066,12.218999862670898,496000,12.218999862670898
2019-07-26,12.258999824523926,12.383999824523926,12.244999885559082,12.331999778747559,834000,12.331999778747559
2019-07-29,12.312999725341797,12.404000282287598,12.112999916076660,12.218000411987305,1277000,12.218000411987305
2019-07-30,12.140999794006348,12.392999649047852,12.116000175476074,12.319000244140625,1118000,12.319000244140625
2019-07-31,12.699999809265137,14.071999549865723,12.699999809265137,13.673000335693360,3780000,13.673000335693360
2019-08-01,13.699999809265137,13.907999992370605,13.449999809265137,13.548000335693360,1263000,13.548000335693360
2019-08-02,13.494999885559082,13.743000030517578,13.314999580383300,13.430000305175781,1526000,13.430000305175781
2019-08-05,13.246000289916992,13.479000091552734,13.060999870300293,13.251999855041504,1166000,13.251999855041504
2019-08-06,13.414999961853027,13.588999748229980,13.258999824523926,13.409999847412110,1300000,13.409999847412110
2019-08-07,13.244999885559082,13.923999786376953,13.114000320434570,13.835000038146973,1200000,13.835000038146973
2019-08-08,13.887000083923340,14.140000343322754,13.871000289916992,14.027000427246094,1263000,14.027000427246094
2019-08-09,13.946999549865723,14.355999946594238,13.895999908447266,14.069999694824219,824000,14.069999694824219
2019-08-12,13.958999633789062,14.093999862670898,13.802000045776367,14.074000358581543,1427000,14.074000358581543
2019-08-13,14.041999816894531,14.199999809265137,13.821000099182129,13.873000144958496,1440000,13.873000144958496
2019-08-14,13.711000442504883,13.934000015258789,13.553000450134277,13.795000076293945,1302000,13.795000076293945
2019-08-15,13.798999786376953,13.824999809265137,13.590000152587890,13.638999938964844,817000,13.638999938964844
2019-08-16,13.729000091552734,13.805999755859375,13.586999893188477,13.732999801635742,2648000,13.732999801635742
2019-08-19,13.881999969482422,14.069999694824219,13.670999526977539,13.975000381469727,1001000,13.975000381469727
2019-08-20,13.977000236511230,14.175000190734863,13.713000297546387,14.050999641418457,695000,14.050999641418457
2019-08-21,14.166000366210938,14.289999961853027,14.083999633789062,14.088999748229980,1461000,14.088999748229980
2019-08-22,14.069999694824219,14.255999565124512,14.032999992370605,14.121999740600586,504000,14.121999740600586
2019-08-23,14.059000015258789,14.227999687194824,13.760999679565430,13.810999870300293,463000,13.810999870300293
2019-08-26,13.916999816894531,14.008000373840332,13.779999732971191,13.961999893188477,768000,13.961999893188477
2019-08-27,14.045000076293945,14.121000289916992,13.800000190734863,13.871999740600586,1078000,13.871999740600586
2019-08-28,13.850000381469727,13.998000144958496,13.687000274658203,13.946000099182129,1063000,13.946000099182129
2019-08-29,14.069000244140625,14.211000442504883,13.944999694824219,14.138999938964844,833000,14.138999938964844
2019-08-30,14.251999855041504,14.380999565124512,14.149999618530273,14.329000473022461,1466000,14.329000473022461
2019-09-03,14.248000144958496,14.435999870300293,14.185999870300293,14.359999656677246,1236000,14.359999656677246
2019-09-04,14.482999801635742,14.482999801635742,13.592000007629395,13.717000007629395,2933000,13.717000007629395
2019-09-05,13.784999847412110,14.210000038146973,13.737000465393066,14.140999794006348,1255000,14.140999794006348
2019-09-06,14.210000038146973,14.274999618530273,13.984000205993652,13.989000320434570,702000,13.989000320434570
2019-09-09,13.977999687194824,14.392000198364258,13.793000221252441,14.369000434875488,1172000,14.369000434875488
2019-09-10,14.185000419616700,14.496000289916992,14.069000244140625,14.496000289916992,1179000,14.496000289916992
2019-09-11,14.494999885559082,14.765999794006348,14.314000129699707,14.753999710083008,1157000,14.753999710083008
2019-09-12,14.758999824523926,15.000000000000000,14.725999832153320,14.840000152587890,1273000,14.840000152587890
2019-09-13,14.850000381469727,14.940999984741211,14.534000396728516,14.578000068664550,1214000,14.578000068664550
2019-09-16,14.484000205993652,14.758999824523926,14.428999900817871,14.744999885559082,1296000,14.744999885559082
2019-09-17,14.684000015258789,14.979000091552734,14.638999938964844,14.901000022888184,986000,14.901000022888184
2019-09-18,14.887999534606934,15.038999557495117,14.670999526977539,14.812999725341797,984000,14.812999725341797
2019-09-19,14.817000389099121,15.345999717712402,14.817000389099121,15.045000076293945,1138000,15.045000076293945
2019-09-20,15.053000450134277,15.277000427246094,14.727999687194824,14.904999732971191,2639000,14.904999732971191
2019-09-23,14.864000320434570,15.137000083923340,14.781999588012695,15.059000015258789,627000,15.059000015258789
2019-09-24,15.225999832153320,15.225999832153320,14.791999816894531,14.887999534606934,1097000,14.887999534606934
2019-09-25,14.880999565124512,15.000000000000000,14.479999542236328,14.956999778747559,529000,14.956999778747559
2019-09-26,14.946000099182129,15.157999992370605,14.772000312805176,14.937000274658203,379000,14.937000274658203
2019-09-27,14.909999847412110,14.909999847412110,14.574000358581543,14.703000068664550,504000,14.703000068664550
2019-09-30,14.715999603271484,14.911999702453613,14.642999649047852,14.836999893188477,780000,14.836999893188477
2019-10-01,14.838999748229980,14.989999771118164,14.614999771118164,14.633999824523926,605000,14.633999824523926
2019-10-02,14.586000442504883,14.586000442504883,14.309000015258789,14.489999771118164,699000,14.489999771118164
2019-10-03,14.508000373840332,14.652999877929688,14.258000373840332,14.541999816894531,474000,14.541999816894531
2019-10-04,14.574999809265137,14.800999641418457,14.522000312805176,14.659000396728516,478000,14.659000396728516
2019-10-07,14.673000335693360,14.814999580383300,14.539999961853027,14.734999656677246,644000,14.734999656677246
2019-10-08,14.729000091552734,14.741000175476074,14.350000381469727,14.395999908447266,578000,14.395999908447266
2019-10-09,14.505999565124512,14.600000381469727,14.432000160217285,14.437000274658203,623000,14.437000274658203
2019-10-10,14.475999832153320,14.475999832153320,14.310000419616700,14.352000236511230,772000,14.352000236511230
2019-10-11,14.500000000000000,14.527000427246094,14.333999633789062,14.414999961853027,524000,14.414999961853027
2019-10-14,14.394000053405762,14.482000350952148,14.265000343322754,14.394000053405762,649000,14.394000053405762
2019-10-15,14.420000076293945,14.473999977111816,14.300000190734863,14.418000221252441,485000,14.418000221252441
2019-10-16,14.402000427246094,14.493000030517578,14.255999565124512,14.340999603271484,586000,14.340999603271484
2019-10-17,14.416999816894531,14.500000000000000,14.239999771118164,14.371999740600586,837000,14.371999740600586
2019-10-18,14.375000000000000,14.411000251770020,13.958000183105469,14.314999580383300,768000,14.314999580383300
2019-10-21,14.385000228881836,14.470999717712402,14.265000343322754,14.402000427246094,317000,14.402000427246094
2019-10-22,14.418000221252441,14.508999824523926,14.265999794006348,14.302000045776367,420000,14.302000045776367
2019-10-23,14.272000312805176,14.479999542236328,14.194999694824219,14.260000228881836,504000,14.260000228881836
2019-10-24,14.310000419616700,14.479000091552734,14.310000419616700,14.460000038146973,414000,14.460000038146973
2019-10-25,14.444000244140625,14.661000251770020,14.362999916076660,14.576999664306640,450000,14.576999664306640
2019-10-28,14.600000381469727,14.729000091552734,14.569000244140625,14.616999626159668,399000,14.616999626159668
2019-10-29,14.600000381469727,14.746999740600586,14.524999618530273,14.664999961853027,427000,14.664999961853027
2019-10-30,15.095999717712402,15.439999580383300,14.899999618530273,15.340999603271484,818000,15.340999603271484
2019-10-31,15.328000068664550,15.449999809265137,15.185000419616700,15.324999809265137,548000,15.324999809265137
2019-11-01,15.357000350952148,15.484999656677246,15.125000000000000,15.369000434875488,701000,15.369000434875488
2019-11-04,15.498999595642090,15.513999938964844,15.225999832153320,15.350999832153320,684000,15.350999832153320
2019-11-05,15.420999526977539,15.609000205993652,15.326999664306640,15.500000000000000,672000,15.500000000000000
2019-11-06,15.467000007629395,15.569000244140625,15.310999870300293,15.496000289916992,689000,15.496000289916992
2019-11-07,15.579999923706055,15.680999755859375,15.442999839782715,15.578000068664550,593000,15.578000068664550
2019-11-08,15.534000396728516,15.706999778747559,15.413000106811523,15.612999916076660,653000,15.612999916076660
2019-11-11,15.557000160217285,15.621999740600586,15.482000350952148,15.592000007629395,592000,15.592000007629395
2019-11-12,15.614999771118164,15.807000160217285,15.588000297546387,15.805999755859375,718000,15.805999755859375
2019-11-13,15.729000091552734,15.850000381469727,15.600000381469727,15.696000099182129,643000,15.696000099182129
2019-11-14,15.723999977111816,15.812999725341797,15.597999572753906,15.663999557495117,659000,15.663999557495117
2019-11-15,15.711999893188477,15.751000404357910,15.500000000000000,15.640000343322754,445000,15.640000343322754
2019-11-18,15.611000061035156,15.729000091552734,15.512000083923340,15.522999763488770,527000,15.522999763488770
2019-11-19,15.562000274658203,15.890000343322754,15.553000450134277,15.748999595642090,507000,15.748999595642090
2019-11-20,15.699999809265137,15.746000289916992,15.312000274658203,15.402000427246094,788000,15.402000427246094
2019-11-21,15.454000473022461,15.454000473022461,14.897000312805176,14.949999809265137,780000,14.949999809265137
2019-11-22,15.020000457763672,15.229000091552734,14.869999885559082,15.159999847412110,501000,15.159999847412110
2019-11-25,15.199999809265137,15.305000305175781,15.140000343322754,15.276000022888184,531000,15.276000022888184
2019-11-26,15.229000091552734,15.335000038146973,15.168000221252441,15.239999771118164,792000,15.239999771118164
2019-11-27,15.199999809265137,15.329999923706055,15.173999786376953,15.262000083923340,367000,15.262000083923340
2019-11-29,15.098999977111816,15.135000228881836,14.899999618530273,15.032999992370605,513000,15.032999992370605
2019-12-02,15.071999549865723,15.071999549865723,14.842000007629395,15.008000373840332,877000,15.008000373840332
2019-12-03,14.902000427246094,15.111000061035156,14.727999687194824,14.998000144958496,2215000,14.998000144958496
2019-12-04,15.067000389099121,15.225999832153320,15.031000137329102,15.159999847412110,857000,15.159999847412110
2019-12-05,15.130999565124512,15.156000137329102,14.913999557495117,14.986000061035156,876000,14.986000061035156
2019-12-06,15.079000473022461,15.220000267028809,15.055999755859375,15.159999847412110,693000,15.159999847412110
2019-12-09,15.126000404357910,15.286999702453613,15.123000144958496,15.229999542236328,664000,15.229999542236328
2019-12-10,15.218999862670898,15.284000396728516,15.130000114440918,15.270000457763672,437000,15.270000457763672
2019-12-11,15.248999595642090,15.248999595642090,14.989000320434570,15.046999931335450,281000,15.046999931335450
2019-12-12,14.996999740600586,15.088999748229980,14.645000457763672,14.685000419616700,437000,14.685000419616700
2019-12-13,14.664999961853027,14.737999916076660,14.501999855041504,14.534999847412110,523000,14.534999847412110
2019-12-16,14.574999809265137,14.751000404357910,14.574999809265137,14.652999877929688,442000,14.652999877929688
2019-12-17,14.678000450134277,14.770000457763672,14.626999855041504,14.734999656677246,335000,14.734999656677246
2019-12-18,14.762000083923340,14.762000083923340,14.567000389099121,14.581999778747559,338000,14.581999778747559
2019-12-19,14.593000411987305,14.630999565124512,14.463000297546387,14.595000267028809,465000,14.595000267028809
2019-12-20,14.600000381469727,14.630999565124512,14.484000205993652,14.520000457763672,1151000,14.520000457763672
2019-12-23,14.555000305175781,14.555000305175781,14.406000137329102,14.432999610900879,571000,14.432999610900879
2019-12-24,14.399000167846680,14.460000038146973,14.380000114440918,14.439999580383300,322000,14.439999580383300
2019-12-26,14.493000030517578,14.534999847412110,14.421999931335450,14.505000114440918,253000,14.505000114440918
2019-12-27,14.520000457763672,14.548999786376953,14.375000000000000,14.475999832153320,290000,14.475999832153320
2019-12-30,14.508000373840332,14.508000373840332,14.178000450134277,14.201999664306640,500000,14.201999664306640
2019-12-31,14.180999755859375,14.312000274658203,14.121000289916992,14.262999534606934,496000,14.262999534606934
2020-01-02,14.284000396728516,14.489000320434570,14.272000312805176,14.430999755859375,276000,14.430999755859375
2020-01-03,14.302000045776367,14.489000320434570,14.279999732971191,14.357000350952148,585000,14.357000350952148
2020-01-06,14.324999809265137,14.545999526977539,14.324999809265137,14.425000190734863,327000,14.425000190734863
2020-01-07,14.399999618530273,14.536999702453613,14.324000358581543,14.387000083923340,349000,14.387000083923340
2020-01-08,14.395000457763672,14.546999931335450,14.206999778747559,14.371000289916992,395000,14.371000289916992
2020-01-09,14.444999694824219,14.531999588012695,14.291000366210938,14.350000381469727,642000,14.350000381469727
2020-01-10,14.413999557495117,14.515999794006348,14.215000152587890,14.239000320434570,411000,14.239000320434570
2020-01-13,14.251999855041504,14.531000137329102,14.251999855041504,14.458999633789062,490000,14.458999633789062
2020-01-14,14.468999862670898,14.567999839782715,14.406999588012695,14.477000236511230,468000,14.477000236511230
2020-01-15,14.482999801635742,14.704999923706055,14.482999801635742,14.626999855041504,535000,14.626999855041504
2020-01-16,14.711999893188477,14.795999526977539,14.607999801635742,14.671999931335450,357000,14.671999931335450
2020-01-17,14.746999740600586,14.746999740600586,14.621999740600586,14.673999786376953,336000,14.673999786376953
2020-01-21,14.628999710083008,14.756999969482422,14.512999534606934,14.595000267028809,533000,14.595000267028809
2020-01-22,14.694000244140625,14.734000205993652,14.564000129699707,14.592000007629395,458000,14.592000007629395
2020-01-23,14.576999664306640,14.666000366210938,14.548000335693360,14.574000358581543,455000,14.574000358581543
2020-01-24,14.614000320434570,14.673999786376953,14.277999877929688,14.315999984741211,393000,14.315999984741211
2020-01-27,14.152000427246094,14.378999710083008,14.125000000000000,14.253000259399414,517000,14.253000259399414
2020-01-28,14.302000045776367,14.454000473022461,14.130000114440918,14.399999618530273,606000,14.399999618530273
2020-01-29,15.699999809265137,16.500000000000000,15.230999946594238,15.260000228881836,2547000,15.260000228881836
2020-01-30,15.340999603271484,15.710000038146973,15.133999824523926,15.270000457763672,1048000,15.270000457763672
2020-01-31,15.263999938964844,15.475999832153320,15.151000022888184,15.203000068664550,1011000,15.203000068664550
2020-02-03,15.244999885559082,15.609000205993652,14.901000022888184,14.947999954223633,1018000,14.947999954223633
2020-02-04,15.062999725341797,15.253999710083008,15.045999526977539,15.180999755859375,871000,15.180999755859375
2020-02-05,15.282999992370605,15.331000328063965,15.083999633789062,15.284000396728516,961000,15.284000396728516
2020-02-06,15.276000022888184,15.385000228881836,15.194999694824219,15.223999977111816,561000,15.223999977111816
2020-02-07,15.128999710083008,15.357000350952148,15.119999885559082,15.265999794006348,746000,15.265999794006348
2020-02-10,15.305999755859375,15.357000350952148,15.112000465393066,15.145000457763672,285000,15.145000457763672
2020-02-11,15.170000076293945,15.333999633789062,15.121999740600586,15.210000038146973,480000,15.210000038146973
2020-02-12,15.244000434875488,15.354000091552734,14.944999694824219,14.984000205993652,543000,14.984000205993652
2020-02-13,14.928000450134277,14.972999572753906,14.692999839782715,14.807000160217285,599000,14.807000160217285
2020-02-14,14.831999778747559,14.968000411987305,14.711999893188477,14.883999824523926,565000,14.883999824523926
2020-02-18,14.862999916076660,14.866999626159668,14.753000259399414,14.796999931335450,234000,14.796999931335450
2020-02-19,14.826000213623047,15.017000198364258,14.815999984741211,14.960000038146973,454000,14.960000038146973
2020-02-20,14.914999961853027,15.027999877929688,14.821000099182129,14.979999542236328,923000,14.979999542236328
2020-02-21,14.954999923706055,15.067999839782715,14.916000366210938,14.994999885559082,597000,14.994999885559082
2020-02-24,14.631999969482422,14.786000251770020,14.380999565124512,14.588000297546387,530000,14.588000297546387
2020-02-25,14.571000099182129,14.586000442504883,14.005000114440918,14.005000114440918,990000,14.005000114440918
2020-02-26,14.064000129699707,14.241000175476074,14.005999565124512,14.012000083923340,507000,14.012000083923340
2020-02-27,13.756999969482422,14.071999549865723,13.609999656677246,13.621999740600586,708000,13.621999740600586
2020-02-28,13.340000152587890,13.600000381469727,13.262000083923340,13.515999794006348,997000,13.515999794006348
2020-03-02,13.572999954223633,13.772999763488770,13.515999794006348,13.671999931335450,748000,13.671999931335450
2020-03-03,13.623000144958496,13.881999969482422,13.210000038146973,13.439000129699707,660000,13.439000129699707
2020-03-04,13.604999542236328,13.649999618530273,13.416000366210938,13.616999626159668,777000,13.616999626159668
2020-03-05,13.395999908447266,13.722999572753906,13.395999908447266,13.687999725341797,983000,13.687999725341797
2020-03-06,13.390000343322754,13.673999786376953,13.390000343322754,13.628000259399414,734000,13.628000259399414
2020-03-09,13.135000228881836,13.281000137329102,12.909999847412110,12.942999839782715,808000,12.942999839782715
2020-03-10,13.192999839782715,13.192999839782715,12.626000404357910,12.998000144958496,1430000,12.998000144958496
2020-03-11,12.760999679565430,12.776000022888184,12.199999809265137,12.414999961853027,716000,12.414999961853027
2020-03-12,11.998000144958496,12.260000228881836,10.805999755859375,10.852999687194824,1351000,10.852999687194824
2020-03-13,11.192000389099121,11.369999885559082,10.626999855041504,11.133000373840332,1497000,11.133000373840332
2020-03-16,10.288000106811523,10.845000267028809,9.979000091552734,10.666000366210938,1368000,10.666000366210938
2020-03-17,10.803999900817871,11.281000137329102,10.562999725341797,10.935999870300293,1061000,10.935999870300293
2020-03-18,10.335000038146973,10.414999961853027,9.121999740600586,9.220000267028809,1151000,9.220000267028809
2020-03-19,9.175999641418457,10.723999977111816,9.000000000000000,10.538000106811523,902000,10.538000106811523
2020-03-20,10.574999809265137,10.909000396728516,9.934000015258789,10.074000358581543,1046000,10.074000358581543
2020-03-23,10.230999946594238,10.430999755859375,9.652999877929688,10.246999740600586,624000,10.246999740600586
2020-03-24,10.592000007629395,10.732999801635742,10.305000305175781,10.689000129699707,750000,10.689000129699707
2020-03-25,10.758000373840332,10.876000404357910,10.305000305175781,10.413000106811523,861000,10.413000106811523
2020-03-26,10.500000000000000,11.163999557495117,10.500000000000000,11.053999900817871,719000,11.053999900817871
2020-03-27,10.732000350952148,10.935999870300293,10.454999923706055,10.630999565124512,752000,10.630999565124512
2020-03-30,10.720000267028809,11.067000389099121,10.467000007629395,11.024000167846680,712000,11.024000167846680
2020-03-31,10.998999595642090,11.817999839782715,10.998999595642090,11.810000419616700,1206000,11.810000419616700
2020-04-01,11.505000114440918,11.663000106811523,10.864000320434570,11.338999748229980,799000,11.338999748229980
2020-04-02,11.223999977111816,11.786000251770020,11.149999618530273,11.449000358581543,380000,11.449000358581543
2020-04-03,11.343999862670898,11.560000419616700,10.939000129699707,11.222999572753906,429000,11.222999572753906
2020-04-06,11.755999565124512,11.755999565124512,11.248999595642090,11.602999687194824,675000,11.602999687194824
2020-04-07,11.777999877929688,11.979999542236328,11.510999679565430,11.770999908447266,545000,11.770999908447266
2020-04-08,11.939000129699707,12.460000038146973,11.873999595642090,12.300000190734863,588000,12.300000190734863
2020-04-09,12.484999656677246,12.732999801635742,12.281999588012695,12.541999816894531,524000,12.541999816894531
2020-04-13,12.430000305175781,12.430000305175781,11.956999778747559,12.208999633789062,491000,12.208999633789062
2020-04-14,12.602000236511230,12.760999679565430,12.482999801635742,12.649999618530273,761000,12.649999618530273
2020-04-15,12.161999702453613,12.489999771118164,12.048999786376953,12.260000228881836,598000,12.260000228881836
2020-04-16,12.279000282287598,12.545999526977539,12.206999778747559,12.413000106811523,597000,12.413000106811523
2020-04-17,12.722999572753906,12.741999626159668,12.545000076293945,12.652999877929688,720000,12.652999877929688
2020-04-20,12.406000137329102,12.736000061035156,12.300000190734863,12.692000389099121,460000,12.692000389099121
2020-04-21,12.406000137329102,12.451999664306640,12.166000366210938,12.270999908447266,678000,12.270999908447266
2020-04-22,12.447999954223633,12.621000289916992,12.338999748229980,12.501000404357910,548000,12.501000404357910
2020-04-23,12.562000274658203,12.758000373840332,12.399999618530273,12.597999572753906,586000,12.597999572753906
2020-04-24,12.595999717712402,12.748000144958496,12.465000152587890,12.555000305175781,364000,12.555000305175781
2020-04-27,12.727000236511230,13.130000114440918,12.699999809265137,12.923000335693360,666000,12.923000335693360
2020-04-28,12.989999771118164,13.100999832153320,12.779999732971191,12.885000228881836,855000,12.885000228881836
2020-04-29,13.008000373840332,13.008000373840332,12.319999694824219,12.748000144958496,1615000,12.748000144958496
2020-04-30,12.571000099182129,12.883999824523926,12.524999618530273,12.633000373840332,889000,12.633000373840332
2020-05-01,12.366000175476074,12.418000221252441,12.097000122070312,12.258999824523926,664000,12.258999824523926
2020-05-04,12.218999862670898,12.218999862670898,11.713999748229980,11.854999542236328,911000,11.854999542236328
2020-05-05,12.036000251770020,12.387000083923340,11.979999542236328,12.081000328063965,578000,12.081000328063965
2020-05-06,12.107999801635742,12.343000411987305,12.081000328063965,12.199999809265137,627000,12.199999809265137
2020-05-07,12.357999801635742,12.475000381469727,12.263999938964844,12.347999572753906,708000,12.347999572753906
2020-05-08,12.538000106811523,12.574999809265137,12.161999702453613,12.467000007629395,1104000,12.467000007629395
2020-05-11,12.489999771118164,12.557999610900879,12.345000267028809,12.381999969482422,788000,12.381999969482422
2020-05-12,12.423000335693360,12.423000335693360,11.963000297546387,12.010999679565430,697000,12.010999679565430
2020-05-13,11.956999778747559,11.956999778747559,11.475000381469727,11.494999885559082,568000,11.494999885559082
2020-05-14,11.206999778747559,11.355999946594238,10.963999748229980,11.321000099182129,1248000,11.321000099182129
2020-05-15,11.338999748229980,11.711000442504883,11.024000167846680,11.557999610900879,1842000,11.557999610900879
2020-05-18,11.880999565124512,12.069999694824219,11.880999565124512,12.012999534606934,871000,12.012999534606934
2020-05-19,12.074000358581543,12.267999649047852,11.878999710083008,11.906000137329102,906000,11.906000137329102
2020-05-20,12.079999923706055,12.196000099182129,11.824000358581543,12.123999595642090,599000,12.123999595642090
2020-05-21,12.039999961853027,12.204999923706055,11.961999893188477,12.071999549865723,1009000,12.071999549865723
2020-05-22,12.135999679565430,12.246999740600586,12.067999839782715,12.237000465393066,799000,12.237000465393066
2020-05-26,12.399999618530273,12.498000144958496,12.284999847412110,12.470999717712402,1012000,12.470999717712402
2020-05-27,12.633999824523926,12.664999961853027,12.404000282287598,12.592000007629395,632000,12.592000007629395
2020-05-28,12.678000450134277,12.734999656677246,12.486000061035156,12.534000396728516,766000,12.534000396728516
2020-05-29,12.444999694824219,12.513999938964844,12.390000343322754,12.447999954223633,740000,12.447999954223633
2020-06-01,12.498999595642090,12.498999595642090,12.260000228881836,12.260000228881836,751000,12.260000228881836
2020-06-02,12.244999885559082,12.288000106811523,12.031000137329102,12.109000205993652,1019000,12.109000205993652
2020-06-03,12.251000404357910,13.048000335693360,12.178000450134277,12.963000297546387,776000,12.963000297546387
2020-06-04,12.803999900817871,12.873999595642090,12.362000465393066,12.529999732971191,619000,12.529999732971191
2020-06-05,12.843000411987305,12.869999885559082,12.482000350952148,12.520999908447266,550000,12.520999908447266
2020-06-08,12.552000045776367,12.782999992370605,12.361000061035156,12.635999679565430,696000,12.635999679565430
2020-06-09,12.503000259399414,12.630999565124512,12.312999725341797,12.567999839782715,388000,12.567999839782715
2020-06-10,12.590000152587890,12.590000152587890,12.305000305175781,12.392000198364258,541000,12.392000198364258
2020-06-11,12.154000282287598,12.189999580383300,11.699000358581543,11.734000205993652,682000,11.734000205993652
2020-06-12,12.029000282287598,12.194000244140625,11.576000213623047,11.802000045776367,652000,11.802000045776367
2020-06-15,11.578000068664550,12.388999938964844,11.508000373840332,12.267000198364258,1108000,12.267000198364258
2020-06-16,12.579000473022461,12.612999916076660,12.111000061035156,12.196000099182129,422000,12.196000099182129
2020-06-17,12.274999618530273,12.274999618530273,12.013999938964844,12.173000335693360,499000,12.173000335693360
2020-06-18,12.059000015258789,12.142999649047852,11.826999664306640,11.946000099182129,865000,11.946000099182129
2020-06-19,12.086000442504883,12.086000442504883,11.569000244140625,11.819000244140625,4883000,11.819000244140625
2020-06-22,11.901000022888184,11.998999595642090,11.746999740600586,11.871000289916992,639000,11.871000289916992
2020-06-23,11.927000045776367,11.958000183105469,11.722000122070312,11.753999710083008,497000,11.753999710083008
2020-06-24,11.706999778747559,11.706999778747559,11.404999732971191,11.437999725341797,564000,11.437999725341797
2020-06-25,11.383000373840332,11.791000366210938,11.354999542236328,11.779000282287598,584000,11.779000282287598
2020-06-26,11.689000129699707,11.725000381469727,11.414999961853027,11.600000381469727,1332000,11.600000381469727
2020-06-29,11.718999862670898,11.965999603271484,11.718000411987305,11.850000381469727,453000,11.850000381469727
2020-06-30,11.805000305175781,11.977000236511230,11.765999794006348,11.829000473022461,477000,11.829000473022461
2020-07-01,11.779000282287598,11.996999740600586,11.767000198364258,11.779999732971191,412000,11.779999732971191
2020-07-02,11.864999771118164,11.942999839782715,11.699999809265137,11.734999656677246,503000,11.734999656677246
2020-07-06,11.883000373840332,12.067999839782715,11.791999816894531,11.975000381469727,802000,11.975000381469727
2020-07-07,11.961999893188477,12.102000236511230,11.774999618530273,11.809000015258789,487000,11.809000015258789
2020-07-08,11.756999969482422,11.824000358581543,11.680999755859375,11.821999549865723,934000,11.821999549865723
2020-07-09,11.788999557495117,11.838000297546387,11.609000205993652,11.737000465393066,395000,11.737000465393066
2020-07-10,11.765000343322754,11.866000175476074,11.718000411987305,11.765999794006348,478000,11.765999794006348
2020-07-13,11.810999870300293,11.977999687194824,11.567999839782715,11.579000473022461,681000,11.579000473022461
2020-07-14,11.628999710083008,11.741000175476074,11.420999526977539,11.666000366210938,1080000,11.666000366210938
2020-07-15,11.805000305175781,12.144000053405762,11.786000251770020,12.045000076293945,803000,12.045000076293945
2020-07-16,11.956999778747559,11.956999778747559,11.784999847412110,11.845999717712402,612000,11.845999717712402
2020-07-17,11.805000305175781,11.972000122070312,11.722999572753906,11.833999633789062,401000,11.833999633789062
2020-07-20,11.810000419616700,12.142000198364258,11.810000419616700,12.050999641418457,314000,12.050999641418457
2020-07-21,12.147999763488770,12.199999809265137,12.003999710083008,12.104000091552734,729000,12.104000091552734
2020-07-22,12.105999946594238,12.251000404357910,11.994000434875488,12.121000289916992,417000,12.121000289916992
2020-07-23,12.069000244140625,12.258999824523926,11.934000015258789,11.975999832153320,499000,11.975999832153320
2020-07-24,11.887000083923340,11.923999786376953,11.631999969482422,11.694999694824219,545000,11.694999694824219
2020-07-27,11.755000114440918,11.854999542236328,11.626000404357910,11.765999794006348,678000,11.765999794006348
2020-07-28,11.706000328063965,11.925000190734863,11.586999893188477,11.781000137329102,669000,11.781000137329102
2020-07-29,12.399000167846680,12.725999832153320,11.864999771118164,12.274000167846680,1438000,12.274000167846680
2020-07-30,12.072999954223633,12.295999526977539,12.055000305175781,12.215000152587890,560000,12.215000152587890
2020-07-31,12.170000076293945,12.425999641418457,12.000000000000000,12.392000198364258,824000,12.392000198364258
2020-08-03,12.437000274658203,12.437000274658203,12.248000144958496,12.366000175476074,526000,12.366000175476074
2020-08-04,12.312000274658203,12.338999748229980,12.184000015258789,12.331999778747559,502000,12.331999778747559
2020-08-05,12.411000251770020,12.517000198364258,12.333999633789062,12.395000457763672,523000,12.395000457763672
2020-08-06,12.380000114440918,12.390000343322754,12.215000152587890,12.335000038146973,348000,12.335000038146973
2020-08-07,12.300000190734863,12.401000022888184,12.234000205993652,12.338999748229980,370000,12.338999748229980
2020-08-10,12.338000297546387,12.440999984741211,12.237999916076660,12.362000465393066,473000,12.362000465393066
2020-08-11,14.199000358581543,14.543000221252441,13.479000091552734,13.489000320434570,3339000,13.489000320434570
2020-08-12,13.501999855041504,14.074999809265137,13.501999855041504,13.704000473022461,1807000,13.704000473022461
2020-08-13,13.847999572753906,13.935000419616700,13.685000419616700,13.699999809265137,752000,13.699999809265137
2020-08-14,13.762000083923340,14.675000190734863,13.750000000000000,14.663000106811523,2857000,14.663000106811523
2020-08-17,14.800999641418457,15.170000076293945,14.184000015258789,14.383999824523926,2295000,14.383999824523926
2020-08-18,14.444000244140625,14.597999572753906,14.175000190734863,14.314000129699707,1218000,14.314000129699707
2020-08-19,14.338999748229980,14.338999748229980,13.972000122070312,14.166999816894531,1560000,14.166999816894531
2020-08-20,14.175000190734863,14.505999565124512,14.175000190734863,14.413999557495117,1007000,14.413999557495117
2020-08-21,14.439999580383300,14.592000007629395,14.354000091552734,14.508000373840332,735000,14.508000373840332
2020-08-24,14.649999618530273,14.928000450134277,14.536000251770020,14.857999801635742,880000,14.857999801635742
2020-08-25,14.869999885559082,15.029000282287598,14.654999732971191,14.696000099182129,1165000,14.696000099182129
2020-08-26,14.868000030517578,14.895999908447266,14.576000213623047,14.605999946594238,820000,14.605999946594238
2020-08-27,14.732999801635742,14.762000083923340,14.413999557495117,14.652000427246094,761000,14.652000427246094
2020-08-28,14.748999595642090,15.045999526977539,14.668000221252441,14.689000129699707,839000,14.689000129699707
2020-08-31,14.725999832153320,14.795999526977539,14.399000167846680,14.444000244140625,803000,14.444000244140625
2020-09-01,14.501000404357910,14.909999847412110,14.501000404357910,14.881999969482422,863000,14.881999969482422
2020-09-02,14.845999717712402,15.123000144958496,14.774000167846680,15.000000000000000,1005000,15.000000000000000
2020-09-03,14.875000000000000,14.875000000000000,14.390999794006348,14.428000450134277,790000,14.428000450134277
2020-09-04,14.440999984741211,14.440999984741211,13.689000129699707,14.218999862670898,1248000,14.218999862670898
2020-09-08,14.060999870300293,14.314999580383300,13.881999969482422,13.881999969482422,884000,13.881999969482422
2020-09-09,13.982999801635742,14.234999656677246,13.899999618530273,14.114999771118164,1407000,14.114999771118164
2020-09-10,14.171999931335450,14.309000015258789,13.944000244140625,13.972000122070312,1487000,13.972000122070312
2020-09-11,14.086999893188477,14.140999794006348,13.883999824523926,14.112999916076660,1164000,14.112999916076660
2020-09-14,14.163000106811523,14.303999900817871,14.020999908447266,14.262000083923340,694000,14.262000083923340
2020-09-15,14.500000000000000,15.598999977111816,14.380999565124512,15.574999809265137,2621000,15.574999809265137
2020-09-16,15.894000053405762,17.656000137329100,15.774999618530273,17.489999771118164,4596000,17.489999771118164
2020-09-17,17.340000152587890,17.340000152587890,16.259000778198242,16.361000061035156,1797000,16.361000061035156
2020-09-18,16.552000045776367,16.617000579833984,15.744000434875488,15.958999633789062,3470000,15.958999633789062
2020-09-21,15.770000457763672,15.770000457763672,14.920999526977539,15.215999603271484,1597000,15.215999603271484
2020-09-22,15.336999893188477,15.465000152587890,14.939000129699707,15.425000190734863,897000,15.425000190734863
2020-09-23,15.380000114440918,15.477000236511230,14.810999870300293,14.828000068664550,1117000,14.828000068664550
2020-09-24,14.737999916076660,14.805999755859375,14.460000038146973,14.605999946594238,1221000,14.605999946594238
2020-09-25,14.616999626159668,14.696000099182129,14.498999595642090,14.612999916076660,1693000,14.612999916076660
2020-09-28,14.845000267028809,15.340999603271484,14.845000267028809,15.145999908447266,1444000,15.145999908447266
2020-09-29,15.067000389099121,15.109999656677246,14.807999610900879,14.968999862670898,624000,14.968999862670898
2020-09-30,15.022000312805176,15.307000160217285,14.986000061035156,15.055999755859375,824000,15.055999755859375
2020-10-01,15.065999984741211,15.270999908447266,14.854999542236328,14.895999908447266,694000,14.895999908447266
2020-10-02,14.631999969482422,14.994999885559082,14.515999794006348,14.645999908447266,1103000,14.645999908447266
2020-10-05,14.772999763488770,14.973999977111816,14.689999580383300,14.821000099182129,495000,14.821000099182129
2020-10-06,14.932000160217285,15.435000419616700,14.923000335693360,15.003999710083008,911000,15.003999710083008
2020-10-07,15.100000381469727,15.343999862670898,15.081999778747559,15.309000015258789,518000,15.309000015258789
2020-10-08,15.532999992370605,16.479000091552734,15.532999992370605,16.393999099731445,1680000,16.393999099731445
2020-10-09,16.458999633789062,16.552999496459960,16.065000534057617,16.472999572753906,1021000,16.472999572753906
2020-10-12,16.715999603271484,16.940000534057617,16.430000305175780,16.645999908447266,881000,16.645999908447266
2020-10-13,16.559999465942383,16.653999328613280,16.402999877929688,16.607999801635742,586000,16.607999801635742
2020-10-14,16.638999938964844,16.784000396728516,16.280000686645508,16.423999786376953,540000,16.423999786376953
2020-10-15,16.243000030517578,16.687000274658203,16.232999801635742,16.597000122070312,531000,16.597000122070312
2020-10-16,16.597999572753906,16.736000061035156,16.468999862670900,16.469999313354492,385000,16.469999313354492
2020-10-19,16.559999465942383,16.767999649047850,16.343000411987305,16.413999557495117,873000,16.413999557495117
2020-10-20,16.455999374389650,17.235000610351562,16.403999328613280,16.906999588012695,3116000,16.906999588012695
2020-10-21,17.489000320434570,18.575000762939453,17.489000320434570,18.104999542236328,2732000,18.104999542236328
2020-10-22,18.548999786376953,18.621000289916992,17.799999237060547,18.305000305175780,1783000,18.305000305175780
2020-10-23,18.326999664306640,18.496999740600586,18.118999481201172,18.430000305175780,1204000,18.430000305175780
2020-10-26,18.447999954223633,18.700000762939453,17.253000259399414,17.500000000000000,1688000,17.500000000000000
2020-10-27,17.603000640869140,17.899999618530273,17.253000259399414,17.558000564575195,1707000,17.558000564575195
2020-10-28,18.000000000000000,18.245000839233400,16.159999847412110,16.215000152587890,3872000,16.215000152587890
2020-10-29,16.239000320434570,16.707000732421875,16.173000335693360,16.195999145507812,1836000,16.195999145507812
2020-10-30,16.195999145507812,16.725000381469727,15.954000473022461,16.707000732421875,2361000,16.707000732421875
2020-11-02,16.891000747680664,16.923000335693360,16.250000000000000,16.656999588012695,1257000,16.656999588012695
2020-11-03,16.975999832153320,17.260999679565430,16.777999877929688,17.194999694824220,908000,17.194999694824220
2020-11-04,17.295000076293945,17.836000442504883,17.143999099731445,17.253000259399414,1104000,17.253000259399414
2020-11-05,17.850000381469727,18.360000610351562,17.784999847412110,18.167999267578125,1732000,18.167999267578125
2020-11-06,18.378999710083008,18.618000030517578,17.750000000000000,18.562000274658203,1585000,18.562000274658203
2020-11-09,18.399000167846680,18.726999282836914,18.173999786376953,18.500999450683594,3111000,18.500999450683594
2020-11-10,18.458000183105470,18.968999862670900,18.399999618530273,18.614000320434570,1695000,18.614000320434570
2020-11-11,18.815999984741210,19.322000503540040,18.725000381469727,19.215999603271484,1330000,19.215999603271484
2020-11-12,19.535999298095703,19.607999801635742,18.563999176025390,18.694000244140625,1767000,18.694000244140625
2020-11-13,18.847999572753906,19.391000747680664,18.656000137329100,19.226999282836914,1649000,19.226999282836914
2020-11-16,19.433000564575195,20.437000274658203,19.221000671386720,20.392999649047850,2020000,20.392999649047850
2020-11-17,20.415000915527344,20.968000411987305,19.955999374389650,20.819999694824220,1962000,20.819999694824220
2020-11-18,21.179000854492188,22.684999465942383,21.179000854492188,21.295999526977540,3780000,21.295999526977540
2020-11-19,21.200000762939453,21.896999359130860,20.910999298095703,21.711000442504883,1433000,21.711000442504883
2020-11-20,21.742000579833984,22.700000762939453,21.620000839233400,22.211000442504883,2121000,22.211000442504883
2020-11-23,22.700000762939453,22.700000762939453,21.437000274658203,22.076000213623047,2010000,22.076000213623047
2020-11-24,22.569999694824220,24.884000778198242,22.240999221801758,24.722999572753906,11204000,24.722999572753906
2020-11-25,25.430000305175780,27.722000122070312,25.201999664306640,27.027000427246094,8851000,27.027000427246094
2020-11-27,25.500000000000000,28.000000000000000,25.350999832153320,27.125999450683594,5619000,27.125999450683594
2020-11-30,30.030000686645508,34.750000000000000,29.899999618530273,34.277000427246094,15650000,34.277000427246094
2020-12-01,32.400001525878906,35.894001007080080,31.686000823974610,32.400001525878906,7987000,32.400001525878906
2020-12-02,32.299999237060550,33.000000000000000,31.054000854492188,32.131999969482420,4081000,32.131999969482420
2020-12-03,32.784000396728516,33.278999328613280,32.206001281738280,33.159999847412110,2544000,33.159999847412110
2020-12-04,32.661998748779300,33.721000671386720,31.738000869750977,32.799999237060550,2968000,32.799999237060550
2020-12-07,33.006999969482420,34.972000122070310,32.553001403808594,33.622001647949220,3540000,33.622001647949220
2020-12-08,31.700000762939453,31.799999237060547,28.811000823974610,28.944999694824220,14912000,28.944999694824220
2020-12-09,28.412000656127930,29.114000320434570,27.409000396728516,28.621000289916992,13241000,28.621000289916992
2020-12-10,28.517000198364258,29.177000045776367,28.238000869750977,29.033000946044922,5052000,29.033000946044922
2020-12-11,28.995000839233400,29.524999618530273,27.944000244140625,28.591999053955078,3756000,28.591999053955078
2020-12-14,29.892999649047850,30.000000000000000,27.638000488281250,27.952999114990234,8306000,27.952999114990234
2020-12-15,28.371000289916992,28.982999801635742,27.739000320434570,28.579000473022460,5402000,28.579000473022460
2020-12-16,31.270000457763672,31.500000000000000,29.799999237060547,29.912000656127930,11192000,29.912000656127930
2020-12-17,32.099998474121094,32.233001708984375,29.329000473022460,29.780000686645508,12493000,29.780000686645508
2020-12-18,29.500000000000000,30.399999618530273,28.716999053955078,30.120000839233400,13231000,30.120000839233400
2020-12-21,29.763000488281250,32.200000762939450,29.502000808715820,31.760000228881836,7129000,31.760000228881836
2020-12-22,32.699001312255860,33.592998504638670,32.036998748779300,33.150001525878906,6399000,33.150001525878906
2020-12-23,33.466999053955080,34.319999694824220,32.515998840332030,33.717998504638670,5941000,33.717998504638670
2020-12-24,33.700000762939450,33.882999420166016,32.035999298095700,32.261001586914060,2526000,32.261001586914060
2020-12-28,36.729000091552734,37.999000549316406,35.402000427246094,37.000000000000000,10977000,37.000000000000000
2020-12-29,36.700000762939450,37.124000549316406,34.400001525878906,36.606998443603516,7352000,36.606998443603516
2020-12-30,37.700000762939450,39.981998443603516,37.099998474121094,38.997001647949220,9352000,38.997001647949220
2020-12-31,39.102001190185550,39.998001098632810,37.712001800537110,38.854999542236330,7396000,38.854999542236330
2021-01-04,41.632999420166016,44.438999176025390,41.000999450683594,42.521999359130860,14679000,42.521999359130860
2021-01-05,42.104999542236330,43.840000152587890,40.651000976562500,42.862998962402344,11006000,42.862998962402344
2021-01-06,43.083999633789060,48.301998138427734,43.083999633789060,48.055000305175780,15360000,48.055000305175780
2021-01-07,52.131999969482420,55.986000061035156,50.210998535156250,53.575000762939450,22844000,53.575000762939450
2021-01-08,56.506999969482420,56.866001129150390,51.332000732421875,53.164001464843750,16454000,53.164001464843750
2021-01-11,47.214000701904300,51.198001861572266,46.451000213623050,49.548999786376950,14727000,49.548999786376950
2021-01-12,50.277999877929690,51.994998931884766,48.851001739501950,51.423999786376950,6718000,51.423999786376950
2021-01-13,50.073001861572266,52.398998260498050,49.234001159667970,51.925998687744140,6175000,51.925998687744140
2021-01-14,54.261001586914060,63.159999847412110,53.861999511718750,63.099998474121094,19118000,63.099998474121094
2021-01-15,60.709999084472656,62.284000396728516,57.400001525878906,57.806999206542970,16089000,57.806999206542970
2021-01-19,61.652999877929690,62.145000457763670,57.900001525878906,59.221000671386720,10378000,59.221000671386720
2021-01-20,57.924999237060550,58.900001525878906,53.200000762939450,55.082000732421875,12317000,55.082000732421875
2021-01-21,51.404998779296875,53.255001068115234,50.459999084472656,52.046001434326170,11688000,52.046001434326170
2021-01-22,52.500999450683594,58.250000000000000,52.500000000000000,57.702999114990234,11333000,57.702999114990234
2021-01-25,59.029998779296875,59.908000946044920,55.113998413085940,57.141998291015625,6834000,57.141998291015625
2021-01-26,55.500000000000000,56.465000152587890,54.599998474121094,55.980998992919920,4789000,55.980998992919920
2021-01-27,53.323001861572266,54.946998596191406,50.569999694824220,54.009998321533200,6564000,54.009998321533200
2021-01-28,56.130001068115234,60.533000946044920,55.151000976562500,57.838001251220700,7630000,57.838001251220700
2021-01-29,68.000000000000000,69.648002624511720,60.750000000000000,61.730998992919920,14354000,61.730998992919920
2021-02-01,62.034000396728516,63.986000061035156,58.604999542236330,63.456001281738280,5555000,63.456001281738280
2021-02-02,65.000999450683600,69.127998352050780,63.817001342773440,68.791999816894530,5343000,68.791999816894530
2021-02-03,70.164001464843750,75.383003234863280,69.598999023437500,74.119003295898440,9212000,74.119003295898440
2021-02-04,77.089996337890620,77.123001098632810,71.750000000000000,76.558998107910160,6365000,76.558998107910160
2021-02-05,77.117996215820310,80.600997924804690,74.501998901367190,80.599998474121100,7667000,80.599998474121100
2021-02-08,92.583000183105470,105.000000000000000,89.000999450683600,104.099998474121100,20998000,104.099998474121100
2021-02-09,113.774002075195310,131.500000000000000,106.541000366210940,127.293998718261720,23197000,127.293998718261720
2021-02-10,119.600997924804690,119.900001525878900,95.036003112792970,97.447998046875000,22973000,97.447998046875000
2021-02-11,113.720001220703120,113.991996765136720,97.702003479003900,100.994003295898440,16132000,100.994003295898440
2021-02-12,101.558998107910160,104.488998413085940,96.100997924804690,103.430999755859380,7674000,103.430999755859380
2021-02-16,107.083999633789060,108.257003784179690,95.422996520996100,95.500000000000000,15017000,95.500000000000000
2021-02-17,93.949996948242190,95.400001525878900,87.800003051757810,94.180000305175780,18156000,94.180000305175780
2021-02-18,92.690002441406250,96.000000000000000,90.206001281738280,92.777999877929690,7932000,92.777999877929690
2021-02-19,94.500000000000000,100.800003051757810,91.458999633789060,96.372001647949220,11531000,96.372001647949220
2021-02-22,87.099998474121100,93.227996826171880,86.500000000000000,87.599998474121100,7659000,87.599998474121100
2021-02-23,80.000999450683600,80.157997131347660,66.000000000000000,69.123001098632810,18755000,69.123001098632810
2021-02-24,73.400001525878900,82.214996337890620,71.587997436523440,81.768997192382810,12005000,81.768997192382810
2021-02-25,84.094001770019530,84.500000000000000,72.610000610351560,73.161003112792970,7841000,73.161003112792970
2021-02-26,68.711997985839840,80.405998229980470,68.113998413085940,75.041000366210940,11784000,75.041000366210940
2021-03-01,79.839996337890620,80.500000000000000,75.888000488281250,78.244003295898440,7608000,78.244003295898440
2021-03-02,81.510002136230470,81.749000549316400,74.107002258300780,74.849998474121100,6440000,74.849998474121100
2021-03-03,78.178001403808600,79.800003051757810,72.780998229980470,73.156997680664060,7721000,73.156997680664060
2021-03-04,71.297996520996100,73.799003601074220,61.000000000000000,64.566001892089840,12206000,64.566001892089840
2021-03-05,65.764999389648440,66.300003051757810,53.722000122070310,62.023998260498050,13548000,62.023998260498050
2021-03-08,64.500999450683600,66.945999145507810,61.700000762939450,62.418998718261720,6721000,62.418998718261720
2021-03-09,68.656997680664060,73.547996520996100,68.175003051757810,71.598999023437500,8736000,71.598999023437500
2021-03-10,75.000000000000000,75.902999877929690,71.099998474121100,75.654998779296880,6430000,75.654998779296880
2021-03-11,77.500000000000000,80.500000000000000,76.112998962402340,80.375000000000000,5285000,80.375000000000000
2021-03-12,75.980003356933600,81.000000000000000,75.002998352050780,78.400001525878900,4676000,78.400001525878900
2021-03-15,78.833000183105470,80.900001525878900,76.366996765136720,76.901000976562500,4375000,76.901000976562500
2021-03-16,75.878997802734380,77.000000000000000,70.142997741699220,72.429000854492190,4151000,72.429000854492190
2021-03-17,70.222999572753900,78.507003784179690,69.827003479003900,77.098999023437500,5432000,77.098999023437500
2021-03-18,75.452003479003900,80.899002075195310,72.801002502441400,73.205001831054690,6195000,73.205001831054690
2021-03-19,74.953002929687500,78.527000427246100,71.454002380371100,77.704002380371100,9565000,77.704002380371100
2021-03-22,76.720001220703120,77.500000000000000,72.150001525878900,72.456001281738280,4988000,72.456001281738280
2021-03-23,71.680999755859380,73.535003662109380,67.000999450683600,67.721000671386720,7169000,67.721000671386720
2021-03-24,70.531997680664060,71.050003051757810,61.521999359130860,62.157001495361330,7068000,62.157001495361330
2021-03-25,58.069999694824220,62.641998291015625,56.599998474121094,62.090999603271484,8816000,62.090999603271484
2021-03-26,62.599998474121094,64.230003356933600,60.037998199462890,62.400001525878906,5241000,62.400001525878906
2021-03-29,65.886001586914060,66.292999267578120,62.722999572753906,63.133998870849610,4431000,63.133998870849610
2021-03-30,64.246002197265620,66.680000305175780,62.030998229980470,65.398002624511720,5626000,65.398002624511720
2021-03-31,64.761001586914060,69.420997619628900,64.138000488281250,67.879997253417970,5615000,67.879997253417970
2021-04-01,68.846000671386720,72.583000183105470,68.746002197265620,70.356002807617190,4024000,70.356002807617190
2021-04-05,70.974998474121100,73.603996276855470,69.329002380371100,72.055000305175780,4859000,72.055000305175780
2021-04-06,72.119003295898440,72.119003295898440,67.698997497558600,70.458000183105470,5937000,70.458000183105470
2021-04-07,67.800003051757810,69.556999206542970,65.199996948242190,65.620002746582030,4522000,65.620002746582030
2021-04-08,67.069999694824220,70.271003723144530,66.438003540039060,69.012001037597660,4361000,69.012001037597660
2021-04-09,70.999000549316400,72.000000000000000,68.945999145507810,71.099998474121100,3447000,71.099998474121100
2021-04-12,73.518997192382810,74.594001770019530,70.485000610351560,71.823997497558600,4812000,71.823997497558600
2021-04-13,74.500000000000000,86.999000549316400,73.478996276855470,84.853996276855470,17022000,84.853996276855470
2021-04-14,88.097999572753900,88.209999084472660,73.000000000000000,73.550003051757810,15825000,73.550003051757810
2021-04-15,75.317001342773440,75.494003295898440,70.900001525878900,74.014999389648440,6863000,74.014999389648440
2021-04-16,70.709999084472660,72.000000000000000,68.500000000000000,69.361999511718750,7628000,69.361999511718750
2021-04-19,65.003997802734380,66.500000000000000,62.349998474121094,63.751998901367190,8799000,63.751998901367190
2021-04-20,63.900001525878906,64.800003051757810,61.400001525878906,64.644996643066400,5524000,64.644996643066400
2021-04-21,62.840000152587890,66.545997619628900,62.840000152587890,65.045997619628900,4179000,65.045997619628900
2021-04-22,64.200996398925780,65.050003051757810,59.400001525878906,59.819999694824220,7153000,59.819999694824220
2021-04-23,57.589000701904300,61.840000152587890,56.900001525878906,61.304000854492190,6621000,61.304000854492190
2021-04-26,63.675998687744140,65.980003356933600,62.799999237060550,65.882003784179690,4791000,65.882003784179690
2021-04-27,67.300003051757810,68.500000000000000,65.500000000000000,67.698997497558600,5113000,67.698997497558600
2021-04-28,67.360000610351560,68.900001525878900,66.550003051757810,68.082000732421880,2973000,68.082000732421880
2021-04-29,66.500000000000000,67.500000000000000,63.791000366210940,65.500999450683600,4397000,65.500999450683600
2021-04-30,64.702003479003900,67.500000000000000,64.632003784179690,65.716003417968750,5597000,65.716003417968750
2021-05-03,67.397003173828120,67.397003173828120,63.438999176025390,63.562000274658200,4645000,63.562000274658200
2021-05-04,61.951000213623050,62.799999237060550,59.888999938964844,61.687999725341800,5146000,61.687999725341800
2021-05-05,63.000000000000000,65.198997497558600,60.889999389648440,62.345001220703125,4975000,62.345001220703125
2021-05-06,61.287998199462890,62.277000427246094,58.701000213623050,60.908000946044920,3552000,60.908000946044920
2021-05-07,60.896999359130860,63.180000305175780,60.833000183105470,62.046001434326170,3634000,62.046001434326170
2021-05-10,61.585998535156250,61.585998535156250,56.646999359130860,56.945999145507810,5227000,56.945999145507810
2021-05-11,53.500000000000000,58.499000549316406,52.527999877929690,57.695999145507810,6630000,57.695999145507810
2021-05-12,55.627998352050780,57.779998779296875,53.863998413085940,54.187999725341800,4216000,54.187999725341800
2021-05-13,51.119998931884766,54.297000885009766,47.806999206542970,48.807998657226560,9374000,48.807998657226560
2021-05-14,50.125999450683594,52.361999511718750,49.200000762939450,52.131000518798830,5616000,52.131000518798830
2021-05-17,48.400001525878906,49.951000213623050,46.888000488281250,48.935001373291016,8046000,48.935001373291016
2021-05-18,48.890998840332030,50.425998687744140,47.056999206542970,48.720001220703125,5982000,48.720001220703125
2021-05-19,42.284999847412110,45.848999023437500,41.158000946044920,45.486000061035156,15054000,45.486000061035156
2021-05-20,47.765998840332030,49.299999237060550,45.728000640869140,47.265998840332030,8614000,47.265998840332030
2021-05-21,47.173000335693360,48.766998291015625,44.777000427246094,45.051998138427734,8530000,45.051998138427734
2021-05-24,46.500000000000000,47.826000213623050,44.724998474121094,47.244998931884766,7575000,47.244998931884766
2021-05-25,46.400001525878906,47.987998962402344,45.820999145507810,46.966999053955080,6722000,46.966999053955080
2021-05-26,47.734001159667970,49.598999023437500,47.653999328613280,48.278999328613280,5426000,48.278999328613280
2021-05-27,49.200000762939450,50.206001281738280,48.506999969482420,49.384998321533200,5039000,49.384998321533200
2021-05-28,48.200000762939450,48.291999816894530,46.763999938964844,47.000000000000000,4775000,47.000000000000000
2021-06-01,47.124000549316406,48.465999603271484,46.897998809814450,47.776000976562500,4325000,47.776000976562500
2021-06-02,48.299999237060550,50.130001068115234,47.872001647949220,49.849998474121094,3527000,49.849998474121094
2021-06-03,50.119998931884766,50.198001861572266,48.400001525878906,48.863998413085940,3955000,48.863998413085940
2021-06-04,48.169998168945310,48.598999023437500,47.400001525878906,48.466999053955080,3172000,48.466999053955080
2021-06-07,48.250000000000000,48.854999542236330,46.407001495361330,46.980998992919920,6104000,46.980998992919920
2021-06-08,45.799999237060550,46.188999176025390,42.792999267578125,45.937999725341800,10917000,45.937999725341800
2021-06-09,47.000000000000000,51.567001342773440,45.558998107910156,51.298999786376950,14822000,51.298999786376950
2021-06-10,51.238998413085940,52.986999511718750,49.590999603271484,50.865001678466800,9537000,50.865001678466800
2021-06-11,51.299999237060550,52.097000122070310,50.400001525878906,51.644001007080080,5004000,51.644001007080080
2021-06-14,54.400001525878906,60.569000244140625,54.400001525878906,59.848999023437500,15573000,59.848999023437500
2021-06-15,60.205001831054690,63.582000732421875,58.916999816894530,63.054000854492190,13100000,63.054000854492190
2021-06-16,61.665000915527344,63.987998962402344,60.883998870849610,61.981998443603516,10395000,61.981998443603516
2021-06-17,61.740001678466800,64.199996948242190,61.255001068115234,63.081001281738280,8848000,63.081001281738280
2021-06-18,61.599998474121094,64.764999389648440,61.551998138427734,64.646003723144530,15437000,64.646003723144530
2021-06-21,59.916999816894530,61.400001525878906,57.700000762939450,58.367000579833984,13781000,58.367000579833984
2021-06-22,53.500999450683594,56.419998168945310,51.301998138427734,55.372001647949220,25670000,55.372001647949220
2021-06-23,57.948001861572266,58.655998229980470,55.123001098632810,55.299999237060550,10558000,55.299999237060550
2021-06-24,57.000000000000000,59.000000000000000,56.099998474121094,58.187999725341800,7935000,58.187999725341800
2021-06-25,56.745998382568360,57.120998382568360,53.980998992919920,55.005001068115234,10047000,55.005001068115234
2021-06-28,57.033000946044920,62.951000213623050,56.587001800537110,62.416999816894530,17298000,62.416999816894530
2021-06-29,65.000000000000000,69.299003601074220,64.699996948242190,66.899002075195310,16136000,66.899002075195310
2021-06-30,64.500999450683600,66.900001525878900,63.743000030517580,66.449996948242190,8589000,66.449996948242190
2021-07-01,65.058998107910160,65.723999023437500,63.712001800537110,65.085998535156250,5874000,65.085998535156250
2021-07-02,65.897003173828120,66.192001342773440,63.425998687744140,63.561000823974610,5276000,63.561000823974610
2021-07-06,65.208000183105470,65.351997375488280,62.129001617431640,63.429000854492190,4862000,63.429000854492190
2021-07-07,64.500000000000000,64.717002868652340,62.320999145507810,63.986000061035156,4511000,63.986000061035156
2021-07-08,60.299999237060550,62.527000427246094,59.469001770019530,61.844001770019530,5180000,61.844001770019530
2021-07-09,62.189998626708984,63.592998504638670,61.520000457763670,62.866001129150390,3940000,62.866001129150390
2021-07-12,63.224998474121094,63.242000579833984,58.520999908447266,58.868999481201170,8263000,58.868999481201170
2021-07-13,58.556999206542970,59.700000762939450,57.294998168945310,57.987998962402344,7176000,57.987998962402344
2021-07-14,58.500000000000000,59.043998718261720,56.041000366210940,56.042999267578125,6275000,56.042999267578125
2021-07-15,54.700000762939450,55.994998931884766,52.506999969482420,54.104000091552734,7338000,54.104000091552734
2021-07-16,54.389999389648440,54.638000488281250,52.051998138427734,52.308998107910156,6091000,52.308998107910156
2021-07-19,50.765998840332030,52.249000549316406,49.200000762939450,49.872001647949220,7287000,49.872001647949220
2021-07-20,48.798999786376950,50.588001251220700,47.237998962402344,50.178001403808594,7345000,50.178001403808594
2021-07-21,54.000000000000000,56.980998992919920,52.826999664306640,55.694000244140625,10994000,55.694000244140625
2021-07-22,55.541999816894530,56.805999755859375,53.500999450683594,55.594001770019530,7112000,55.594001770019530
2021-07-23,55.841999053955080,56.589000701904300,53.339000701904300,53.971000671386720,5749000,53.971000671386720
2021-07-26,62.099998474121094,69.500000000000000,62.026000976562500,68.250000000000000,20169000,68.250000000000000
2021-07-27,66.375000000000000,67.750999450683600,62.227001190185550,63.061000823974610,9699000,63.061000823974610
2021-07-28,66.394996643066400,67.699996948242190,63.220001220703125,64.665000915527340,10825000,64.665000915527340
2021-07-29,64.193000793457030,64.860000610351560,61.937000274658200,62.500999450683594,5795000,62.500999450683594
2021-07-30,61.556999206542970,63.548000335693360,60.691001892089844,62.601001739501950,6326000,62.601001739501950
2021-08-02,62.258998870849610,65.900001525878900,61.508998870849610,63.778999328613280,12551000,63.778999328613280
2021-08-03,63.462001800537110,63.462001800537110,60.513000488281250,62.506000518798830,8444000,62.506000518798830
2021-08-04,63.027999877929690,67.500000000000000,63.000999450683594,67.093002319335940,10015000,67.093002319335940
2021-08-05,64.359001159667970,72.968002319335940,63.369998931884766,71.561996459960940,11665000,71.561996459960940
2021-08-06,72.000000000000000,75.098999023437500,70.129997253417970,74.872001647949220,13120000,74.872001647949220
2021-08-09,79.630996704101560,79.800003051757810,76.269996643066400,76.773002624511720,14213000,76.773002624511720
2021-08-10,76.663002014160160,77.702003479003900,74.417999267578120,75.049003601074220,7967000,75.049003601074220
2021-08-11,76.223999023437500,77.087997436523440,74.011001586914060,74.749000549316400,7283000,74.749000549316400
2021-08-12,72.472000122070310,73.080001831054690,71.239997863769530,72.098999023437500,7192000,72.098999023437500
2021-08-13,74.500000000000000,75.388999938964840,72.610000610351560,72.800003051757810,6574000,72.800003051757810
2021-08-16,74.000000000000000,74.099998474121100,69.221000671386720,69.750999450683600,6663000,69.750999450683600
2021-08-17,69.107002258300780,70.000000000000000,65.748001098632810,66.369003295898440,6615000,66.369003295898440
2021-08-18,65.912002563476560,67.800003051757810,65.267997741699220,65.504997253417970,5473000,65.504997253417970
2021-08-19,64.634002685546880,67.860000610351560,64.142997741699220,67.625999450683600,6727000,67.625999450683600
2021-08-20,68.616996765136720,72.799003601074220,68.301002502441400,71.655998229980470,9821000,71.655998229980470
2021-08-23,74.190002441406250,74.777999877929690,71.005996704101560,71.850997924804690,8138000,71.850997924804690
2021-08-24,71.792999267578120,71.792999267578120,69.122001647949220,71.550003051757810,8114000,71.550003051757810
2021-08-25,71.464996337890620,73.510002136230470,70.500000000000000,72.670997619628900,6649000,72.670997619628900
2021-08-26,71.199996948242190,71.449996948242190,69.154998779296880,69.365997314453120,5715000,69.365997314453120
2021-08-27,69.949996948242190,72.109001159667970,69.504997253417970,70.720001220703120,8109000,70.720001220703120
2021-08-30,70.259002685546880,70.832000732421880,69.397003173828120,70.299003601074220,5288000,70.299003601074220
2021-08-31,70.233001708984380,70.500000000000000,68.708999633789060,69.430000305175780,5307000,69.430000305175780
2021-09-01,70.000000000000000,71.699996948242190,69.100997924804690,70.250000000000000,8252000,70.250000000000000
2021-09-02,72.289001464843750,73.265998840332030,69.500000000000000,69.570999145507810,7344000,69.570999145507810
2021-09-03,71.610000610351560,72.800003051757810,70.349998474121100,71.225997924804690,7329000,71.225997924804690
2021-09-07,69.900001525878900,70.199996948242190,64.477996826171880,64.801002502441400,18067000,64.801002502441400
2021-09-08,64.809997558593750,65.893997192382810,63.062999725341800,63.861999511718750,8218000,63.861999511718750
2021-09-09,64.510002136230470,65.382003784179690,63.237998962402344,64.061996459960940,6504000,64.061996459960940
2021-09-10,63.814998626708984,64.435997009277340,61.202999114990234,61.556999206542970,6829000,61.556999206542970
2021-09-13,60.900001525878906,64.273002624511720,60.030998229980470,64.269996643066400,9331000,64.269996643066400
2021-09-14,64.500000000000000,65.100997924804690,61.291999816894530,61.847999572753906,5726000,61.847999572753906
2021-09-15,62.799999237060550,64.236999511718750,62.050998687744140,63.299999237060550,5649000,63.299999237060550
2021-09-16,63.212001800537110,63.323001861572266,61.147998809814450,63.299999237060550,5107000,63.299999237060550
2021-09-17,63.299999237060550,63.452999114990234,61.202999114990234,61.429000854492190,21566000,61.429000854492190
2021-09-20,57.442001342773440,59.310001373291016,56.828998565673830,58.839000701904300,7755000,58.839000701904300
2021-09-21,58.887001037597656,59.422000885009766,57.599998474121094,58.102001190185550,4633000,58.102001190185550
2021-09-22,58.935001373291016,60.497001647949220,58.479999542236330,59.960998535156250,3781000,59.960998535156250
2021-09-23,60.673000335693360,61.776000976562500,59.867000579833984,61.657001495361330,3976000,61.657001495361330
2021-09-24,58.000000000000000,60.233001708984375,57.500000000000000,59.938999176025390,4683000,59.938999176025390
2021-09-27,60.325000762939450,60.599998474121094,58.972999572753906,59.474998474121094,2756000,59.474998474121094
2021-09-28,58.525001525878906,59.000000000000000,57.158000946044920,57.351001739501950,3382000,57.351001739501950
2021-09-29,58.070999145507810,58.646999359130860,56.526000976562500,56.631999969482420,2928000,56.631999969482420
2021-09-30,58.212001800537110,59.735000610351560,57.439998626708984,57.840000152587890,3166000,57.840000152587890
2021-10-01,61.561000823974610,61.561000823974610,59.226001739501950,61.245998382568360,5112000,61.245998382568360
2021-10-04,61.147998809814450,61.362998962402344,58.278999328613280,60.724998474121094,4355000,60.724998474121094
2021-10-05,62.032001495361330,65.250999450683600,61.279998779296875,65.100997924804690,4490000,65.100997924804690
2021-10-06,67.000000000000000,68.238998413085940,65.000000000000000,67.380996704101560,7123000,67.380996704101560
2021-10-07,66.500000000000000,69.384002685546880,66.367996215820310,69.278999328613280,5029000,69.278999328613280
2021-10-08,69.916999816894530,71.278999328613280,69.049003601074220,70.882003784179690,6862000,70.882003784179690
2021-10-11,72.000000000000000,75.198997497558600,71.824996948242190,73.180000305175780,5771000,73.180000305175780
2021-10-12,72.844001770019530,73.961997985839840,70.194000244140620,71.065002441406250,4133000,71.065002441406250
2021-10-13,71.000000000000000,72.740997314453120,70.348999023437500,72.629997253417970,2897000,72.629997253417970
2021-10-14,73.866996765136720,74.092002868652340,71.853996276855470,72.394996643066400,2793000,72.394996643066400
2021-10-15,73.999000549316400,76.197998046875000,73.400001525878900,74.985000610351560,7323000,74.985000610351560
2021-10-18,74.800003051757810,75.737998962402340,73.807998657226560,73.963996887207030,5830000,73.963996887207030
2021-10-19,74.224998474121100,75.069999694824220,70.100997924804690,72.724998474121100,7486000,72.724998474121100
2021-10-20,73.500000000000000,77.707000732421880,73.156997680664060,75.818000793457030,7379000,75.818000793457030
2021-10-21,75.287002563476560,75.953002929687500,72.957000732421880,73.542999267578120,4653000,73.542999267578120
2021-10-22,73.142997741699220,73.849998474121100,70.699996948242190,71.851997375488280,3686000,71.851997375488280
2021-10-25,73.644996643066400,75.549003601074220,73.300003051757810,74.601997375488280,3807000,74.601997375488280
2021-10-26,74.031997680664060,75.471000671386720,73.246002197265620,73.486000061035160,3232000,73.486000061035160
2021-10-27,72.000000000000000,72.882003784179690,70.958000183105470,71.501998901367190,3647000,71.501998901367190
2021-10-28,72.893997192382810,74.802001953125000,70.800003051757810,71.712997436523440,6714000,71.712997436523440
2021-10-29,72.410003662109380,73.718002319335940,69.140998840332030,71.505996704101560,6983000,71.505996704101560
2021-11-01,72.099998474121100,74.527000427246100,71.119003295898440,73.611999511718750,4408000,73.611999511718750
2021-11-02,75.695999145507810,84.099998474121100,74.099998474121100,79.414001464843750,14874000,79.414001464843750
2021-11-03,78.158996582031250,81.763000488281250,77.817001342773440,81.025001525878900,6659000,81.025001525878900
2021-11-04,81.000000000000000,82.874000549316400,79.000000000000000,80.000000000000000,3766000,80.000000000000000
2021-11-05,80.387001037597660,81.205001831054690,77.910003662109380,79.750999450683600,6188000,79.750999450683600
2021-11-08,84.198997497558600,87.319000244140620,84.027999877929690,86.000000000000000,7178000,86.000000000000000
2021-11-09,88.449996948242190,89.138000488281250,83.500999450683600,85.901000976562500,5312000,85.901000976562500
2021-11-10,88.000000000000000,88.000000000000000,80.367996215820310,81.634002685546880,5572000,81.634002685546880
2021-11-11,81.233001708984380,83.704002380371100,80.699996948242190,81.835998535156250,2878000,81.835998535156250
2021-11-12,81.101997375488280,81.258003234863280,78.585998535156250,81.172996520996100,4630000,81.172996520996100
2021-11-15,81.996002197265620,81.996002197265620,78.134002685546880,79.500000000000000,3915000,79.500000000000000
2021-11-16,76.849998474121100,78.000000000000000,74.841003417968750,75.202003479003900,4937000,75.202003479003900
2021-11-17,76.360000610351560,76.500000000000000,73.699996948242190,75.300003051757810,3576000,75.300003051757810
2021-11-18,75.051002502441400,75.051002502441400,71.696998596191400,72.736000061035160,4989000,72.736000061035160
2021-11-19,73.512001037597660,73.900001525878900,71.800003051757810,71.831001281738280,4338000,71.831001281738280
2021-11-22,72.471000671386720,72.581001281738280,68.838996887207030,69.001998901367190,3991000,69.001998901367190
2021-11-23,69.427001953125000,70.899002075195310,68.072998046875000,69.677001953125000,3459000,69.677001953125000
2021-11-24,68.800003051757810,70.399002075195310,68.099998474121100,70.089996337890620,5555000,70.089996337890620
2021-11-26,68.128997802734380,68.128997802734380,65.500000000000000,66.300003051757810,3722000,66.300003051757810
2021-11-29,69.000000000000000,70.452003479003900,67.132003784179690,69.547996520996100,5870000,69.547996520996100
2021-11-30,69.824996948242190,72.660003662109380,69.000000000000000,72.142997741699220,6640000,72.142997741699220
2021-12-01,73.263999938964840,74.399002075195310,70.000000000000000,70.546997070312500,7637000,70.546997070312500
2021-12-02,69.152000427246100,71.184997558593750,66.706001281738280,68.335998535156250,4994000,68.335998535156250
2021-12-03,67.593002319335940,68.388999938964840,61.624000549316406,63.098999023437500,8091000,63.098999023437500
2021-12-06,59.492000579833984,60.401000976562500,56.573001861572266,59.646999359130860,6396000,59.646999359130860
2021-12-07,62.099998474121094,64.719001770019530,62.099998474121094,62.817001342773440,3965000,62.817001342773440
2021-12-08,62.367000579833984,64.150001525878900,61.200000762939450,63.653999328613280,2270000,63.653999328613280
2021-12-09,62.150001525878906,62.527999877929690,58.743999481201170,59.187999725341800,3761000,59.187999725341800
2021-12-10,61.361000061035156,61.952999114990234,58.134998321533200,60.083999633789060,3514000,60.083999633789060
2021-12-13,59.494998931884766,59.499000549316406,56.555999755859375,57.164001464843750,3758000,57.164001464843750
2021-12-14,56.500000000000000,58.450000762939450,55.653999328613280,58.037998199462890,3646000,58.037998199462890
2021-12-15,57.761001586914060,60.299999237060550,54.799999237060550,59.859001159667970,5289000,59.859001159667970
2021-12-16,59.571998596191406,60.208000183105470,55.965999603271484,56.694000244140625,4018000,56.694000244140625
2021-12-17,55.354999542236330,58.083999633789060,52.881000518798830,57.158000946044920,7456000,57.158000946044920
2021-12-20,55.282001495361330,56.365001678466800,54.299999237060550,54.638999938964844,3438000,54.638999938964844
2021-12-21,56.770000457763670,57.476001739501950,55.678001403808594,56.750000000000000,2827000,56.750000000000000
2021-12-22,56.835998535156250,57.852001190185550,56.200000762939450,56.999000549316406,2714000,56.999000549316406
2021-12-23,56.830001831054690,60.000000000000000,56.300998687744140,59.721000671386720,5451000,59.721000671386720
2021-12-27,60.000000000000000,62.152000427246094,59.840000152587890,60.827999114990234,3122000,60.827999114990234
2021-12-28,59.000000000000000,59.022998809814450,56.262001037597656,56.797000885009766,3453000,56.797000885009766
2021-12-29,56.695999145507810,56.986000061035156,55.124000549316406,55.609001159667970,2771000,55.609001159667970
2021-12-30,55.588001251220700,57.544998168945310,55.588001251220700,56.234001159667970,3164000,56.234001159667970
2021-12-31,56.689998626708984,57.500000000000000,54.333000183105470,54.449001312255860,3363000,54.449001312255860
2022-01-03,55.061000823974610,56.132999420166016,54.299999237060550,55.826000213623050,3458000,55.826000213623050
2022-01-04,56.014999389648440,57.625999450683594,53.501998901367190,55.106998443603516,3947000,55.106998443603516
2022-01-05,54.175998687744140,55.250999450683594,50.749000549316406,50.909999847412110,5470000,50.909999847412110
2022-01-06,50.000000000000000,50.849998474121094,47.782001495361330,49.861999511718750,4845000,49.861999511718750
2022-01-07,49.090000152587890,50.000000000000000,47.120998382568360,48.294998168945310,4258000,48.294998168945310
2022-01-10,46.368999481201170,48.226001739501950,44.825000762939450,48.194999694824220,5597000,48.194999694824220
2022-01-11,48.229999542236330,51.307998657226560,47.416999816894530,50.655998229980470,4742000,50.655998229980470
2022-01-12,52.400001525878906,52.998001098632810,51.071998596191406,51.464000701904300,3623000,51.464000701904300
2022-01-13,52.185001373291016,52.769001007080080,48.750999450683594,48.958999633789060,3251000,48.958999633789060
2022-01-14,48.416999816894530,50.262001037597656,48.183998107910156,49.956001281738280,2645000,49.956001281738280
2022-01-18,48.479999542236330,48.956001281738280,46.661998748779300,46.827999114990234,4083000,46.827999114990234
2022-01-19,48.278999328613280,49.199001312255860,45.846000671386720,46.041999816894530,4224000,46.041999816894530
2022-01-20,46.708999633789060,49.087001800537110,45.549999237060550,45.752998352050780,4393000,45.752998352050780
2022-01-21,42.284000396728516,43.408000946044920,36.598999023437500,37.589000701904300,15707000,37.589000701904300
2022-01-24,32.000000000000000,37.299999237060550,31.900999069213867,37.044998168945310,15052000,37.044998168945310
2022-01-25,36.999000549316406,37.939998626708984,35.500000000000000,36.505001068115234,8319000,36.505001068115234
2022-01-26,39.366001129150390,39.366001129150390,34.595001220703125,35.365001678466800,7892000,35.365001678466800
2022-01-27,36.000000000000000,36.000000000000000,31.759000778198242,31.944999694824220,8723000,31.944999694824220
2022-01-28,32.868999481201170,34.209999084472656,30.718999862670900,33.895000457763670,8143000,33.895000457763670
2022-01-31,33.787998199462890,37.080001831054690,33.294998168945310,36.800998687744140,7630000,36.800998687744140
2022-02-01,38.285999298095700,39.095001220703125,36.269001007080080,37.299999237060550,6406000,37.299999237060550
2022-02-02,36.673999786376950,36.868999481201170,33.604000091552734,34.883998870849610,7402000,34.883998870849610
2022-02-03,34.000000000000000,35.685001373291016,33.195999145507810,34.008998870849610,5536000,34.008998870849610
2022-02-04,34.076000213623050,39.858001708984375,33.973999023437500,39.164001464843750,9440000,39.164001464843750
2022-02-07,40.451000213623050,43.333000183105470,40.400001525878906,41.347000122070310,10874000,41.347000122070310
2022-02-08,40.875000000000000,42.673000335693360,40.347999572753906,42.542999267578125,4889000,42.542999267578125
2022-02-09,43.000000000000000,44.659999847412110,42.220001220703125,44.659999847412110,3989000,44.659999847412110
2022-02-10,43.950000762939450,46.304000854492190,42.453998565673830,43.147998809814450,6236000,43.147998809814450
2022-02-11,43.011001586914060,44.365001678466800,40.549999237060550,41.101001739501950,4972000,41.101001739501950
2022-02-14,41.470001220703125,42.949001312255860,40.500000000000000,40.949001312255860,3424000,40.949001312255860
2022-02-15,43.101001739501950,43.827999114990234,42.450000762939450,43.723999023437500,3136000,43.723999023437500
2022-02-16,42.852001190185550,43.750999450683594,41.603000640869140,43.498001098632810,3304000,43.498001098632810
2022-02-17,42.022998809814450,42.330001831054690,40.187999725341800,40.459999084472656,3753000,40.459999084472656
2022-02-18,40.458999633789060,40.745998382568360,38.521999359130860,39.597000122070310,4694000,39.597000122070310
2022-02-22,37.581001281738280,39.000000000000000,36.804000854492190,37.770000457763670,4672000,37.770000457763670
2022-02-23,39.049999237060550,39.319999694824220,36.299999237060550,36.502998352050780,3656000,36.502998352050780
2022-02-24,34.023998260498050,39.939998626708984,33.683998107910156,39.695999145507810,7313000,39.695999145507810
2022-02-25,40.299999237060550,41.200000762939450,39.257999420166016,40.500000000000000,4070000,40.500000000000000
2022-02-28,40.157001495361330,44.712001800537110,40.157001495361330,44.299999237060550,5982000,44.299999237060550
2022-03-01,46.512001037597656,47.305000305175780,44.969001770019530,46.472999572753906,6571000,46.472999572753906
2022-03-02,45.481998443603516,46.969001770019530,45.092998504638670,45.929000854492190,4028000,45.929000854492190
2022-03-03,45.509998321533200,46.014999389648440,42.611999511718750,42.869998931884766,3182000,42.869998931884766
2022-03-04,42.500000000000000,43.361999511718750,40.706001281738280,41.035999298095700,3406000,41.035999298095700
2022-03-07,41.509998321533200,42.500000000000000,38.842998504638670,38.890998840332030,4722000,38.890998840332030
2022-03-08,39.498001098632810,42.500000000000000,39.361000061035156,41.035999298095700,4432000,41.035999298095700
2022-03-09,44.200000762939450,45.444999694824220,43.423999786376950,43.674999237060550,4581000,43.674999237060550
2022-03-10,41.500000000000000,42.298000335693360,40.646999359130860,42.112998962402344,2919000,42.112998962402344
2022-03-11,42.700000762939450,42.917999267578125,39.048999786376950,39.082000732421875,3539000,39.082000732421875
2022-03-14,38.994998931884766,39.287998199462890,36.390998840332030,36.993000030517580,4932000,36.993000030517580
2022-03-15,36.907001495361330,39.615001678466800,36.319999694824220,39.613998413085940,3780000,39.613998413085940
2022-03-16,40.016998291015625,42.949001312255860,39.875000000000000,42.877998352050780,5694000,42.877998352050780
2022-03-17,42.798000335693360,44.209999084472656,42.500000000000000,43.409000396728516,3397000,43.409000396728516
2022-03-18,43.582000732421875,45.689998626708984,43.192001342773440,45.428001403808594,7102000,45.428001403808594
2022-03-21,45.106998443603516,45.450000762939450,43.028999328613280,43.647998809814450,3502000,43.647998809814450
2022-03-22,45.015998840332030,46.770000457763670,44.882999420166016,45.994998931884766,4344000,45.994998931884766
2022-03-23,45.515998840332030,47.030998229980470,44.700000762939450,45.069000244140625,2536000,45.069000244140625
2022-03-24,45.965999603271484,48.473999023437500,45.099998474121094,48.391998291015625,4390000,48.391998291015625
2022-03-25,49.369998931884766,49.393001556396484,46.094001770019530,47.242000579833984,4124000,47.242000579833984
2022-03-28,49.604000091552734,51.233001708984375,48.799999237060550,51.000000000000000,4265000,51.000000000000000
2022-03-29,51.000000000000000,52.279998779296875,49.536998748779300,52.000000000000000,3639000,52.000000000000000
2022-03-30,50.619998931884766,51.599998474121094,49.703998565673830,50.069000244140625,2784000,50.069000244140625
2022-03-31,50.493000030517580,50.654998779296875,48.561000823974610,48.631999969482420,3330000,48.631999969482420
2022-04-01,48.956001281738280,49.799999237060550,47.880001068115234,49.097999572753906,2708000,49.097999572753906
2022-04-04,49.172000885009766,50.330001831054690,48.854999542236330,50.125999450683594,2667000,50.125999450683594
2022-04-05,50.856998443603516,50.856998443603516,47.122001647949220,48.728000640869140,4540000,48.728000640869140
2022-04-06,47.291999816894530,47.685001373291016,44.759998321533200,45.511001586914060,4307000,45.511001586914060
2022-04-07,45.549999237060550,46.770000457763670,44.599998474121094,46.361000061035156,3427000,46.361000061035156
2022-04-08,45.908000946044920,47.060001373291016,45.280998229980470,45.324001312255860,2749000,45.324001312255860
2022-04-11,44.122001647949220,44.750999450683594,42.502998352050780,43.638999938964844,3567000,43.638999938964844
2022-04-12,44.799999237060550,47.606998443603516,43.749000549316406,44.345001220703125,4923000,44.345001220703125
2022-04-13,44.125000000000000,46.659000396728516,44.125000000000000,46.358001708984375,2613000,46.358001708984375
2022-04-14,46.402000427246094,46.974998474121094,44.643001556396484,44.918998718261720,2565000,44.918998718261720
2022-04-18,44.779998779296875,45.215999603271484,43.131000518798830,44.589000701904300,2523000,44.589000701904300
2022-04-19,45.000000000000000,47.117000579833984,44.299999237060550,47.113998413085940,2848000,47.113998413085940
2022-04-20,47.659999847412110,47.728000640869140,44.645000457763670,44.902999877929690,2821000,44.902999877929690
2022-04-21,46.102001190185550,47.187000274658200,42.581001281738280,42.785999298095700,4163000,42.785999298095700
2022-04-22,42.492000579833984,43.698001861572266,40.799999237060550,40.908000946044920,3543000,40.908000946044920
2022-04-25,40.507999420166016,42.799999237060550,40.397998809814450,42.799999237060550,3293000,42.799999237060550
2022-04-26,42.599998474121094,42.743999481201170,39.034000396728516,39.101001739501950,3749000,39.101001739501950
2022-04-27,39.319999694824220,40.596000671386720,38.365001678466800,38.577999114990234,3073000,38.577999114990234
2022-04-28,39.299999237060550,40.405998229980470,36.965000152587890,40.048999786376950,4053000,40.048999786376950
2022-04-29,39.299999237060550,41.000000000000000,35.299999237060550,35.416999816894530,5480000,35.416999816894530
2022-05-02,35.601001739501950,36.952999114990234,34.370998382568360,36.590999603271484,5159000,36.590999603271484
2022-05-03,36.400001525878906,36.894001007080080,34.008998870849610,34.340000152587890,4752000,34.340000152587890
2022-05-04,35.000999450683594,36.861999511718750,32.525001525878906,36.644001007080080,8104000,36.644001007080080
2022-05-05,35.661998748779300,35.734001159667970,30.559999465942383,31.451999664306640,8594000,31.451999664306640
2022-05-06,30.906000137329100,31.000000000000000,28.254999160766600,29.423999786376953,12082000,29.423999786376953
2022-05-09,27.125000000000000,27.125000000000000,21.412000656127930,21.905000686645508,19280000,21.905000686645508
2022-05-10,23.958999633789062,24.951999664306640,20.836999893188477,22.552000045776367,17051000,22.552000045776367
2022-05-11,20.000000000000000,21.775999069213867,16.500000000000000,16.819999694824220,36188000,16.819999694824220
2022-05-12,15.319000244140625,20.525999069213867,13.409000396728516,17.118000030517578,46929000,17.118000030517578
2022-05-13,20.205999374389650,22.000000000000000,19.329999923706055,20.457000732421875,25234000,20.457000732421875
2022-05-16,20.000000000000000,20.840999603271484,19.301000595092773,20.150999069213867,10089000,20.150999069213867
2022-05-17,21.000000000000000,22.596000671386720,20.503999710083008,22.486999511718750,10171000,22.486999511718750
2022-05-18,21.687999725341797,22.388000488281250,19.554000854492188,19.743999481201172,9953000,19.743999481201172
2022-05-19,20.479000091552734,22.031999588012695,19.805000305175780,21.076999664306640,8015000,21.076999664306640
2022-05-20,21.451999664306640,21.948999404907227,18.899999618530273,20.274999618530273,9193000,20.274999618530273
2022-05-23,21.163999557495117,21.500000000000000,19.829999923706055,20.437000274658203,8985000,20.437000274658203
2022-05-24,20.059999465942383,20.132999420166016,18.440000534057617,19.301000595092773,8067000,19.301000595092773
2022-05-25,19.072999954223633,20.343000411987305,19.028999328613280,19.812000274658203,5391000,19.812000274658203
2022-05-26,18.021999359130860,22.070999145507812,17.610000610351562,21.610000610351562,9678000,21.610000610351562
2022-05-27,22.027999877929688,23.386999130249023,21.280000686645508,21.938999176025390,9706000,21.938999176025390
2022-05-31,23.517000198364258,27.288000106811523,22.851999282836914,26.468999862670900,15527000,26.468999862670900
2022-06-01,26.135000228881836,26.700000762939453,23.299999237060547,23.813999176025390,8710000,23.813999176025390
2022-06-02,23.281999588012695,25.079999923706055,23.181999206542970,24.445999145507812,5960000,24.445999145507812
2022-06-03,23.937999725341797,23.937999725341797,22.354999542236328,22.722000122070312,4992000,22.722000122070312
2022-06-06,24.395000457763672,24.877000808715820,23.236000061035156,23.544000625610350,5854000,23.544000625610350
2022-06-07,22.170000076293945,24.249000549316406,21.808000564575195,24.000000000000000,6667000,24.000000000000000
2022-06-08,23.687999725341797,24.698999404907227,23.218999862670900,23.288999557495117,3108000,23.288999557495117
2022-06-09,23.132999420166016,23.353000640869140,21.635999679565430,21.775999069213867,5243000,21.775999069213867
2022-06-10,21.188999176025390,21.385999679565430,19.780000686645508,20.336000442504883,7816000,20.336000442504883
2022-06-13,14.930999755859375,16.798000335693360,14.390000343322754,15.215000152587890,36775000,15.215000152587890
2022-06-14,14.901000022888184,16.868000030517578,14.529999732971191,15.687000274658203,18926000,15.687000274658203
2022-06-15,16.024999618530273,17.687999725341797,15.609999656677246,17.134000778198242,18770000,17.134000778198242
2022-06-16,16.086999893188477,16.702999114990234,15.446000099182129,16.134000778198242,11403000,16.134000778198242
2022-06-17,15.803000450134277,16.856000900268555,15.751000404357910,16.760000228881836,12302000,16.760000228881836
2022-06-21,17.093999862670900,19.482000350952150,16.997999191284180,17.895999908447266,11347000,17.895999908447266
2022-06-22,17.725000381469727,18.700000762939453,16.827999114990234,17.090999603271484,7494000,17.090999603271484
2022-06-23,17.700000762939453,18.902999877929688,16.892999649047850,18.830999374389650,6691000,18.830999374389650
2022-06-24,19.500000000000000,20.798999786376953,19.399999618530273,20.544000625610350,9965000,20.544000625610350
2022-06-27,20.250999450683594,20.613000869750977,18.499000549316406,19.673000335693360,7685000,19.673000335693360
2022-06-28,19.763999938964844,20.370000839233400,18.471000671386720,18.611999511718750,6332000,18.611999511718750
2022-06-29,18.030000686645508,18.423000335693360,17.250999450683594,17.968999862670900,7621000,17.968999862670900
2022-06-30,17.280000686645508,17.541999816894530,16.273000717163086,16.430000305175780,7792000,16.430000305175780
2022-07-01,16.797000885009766,17.216999053955078,16.138999938964844,16.677000045776367,7855000,16.677000045776367
2022-07-05,16.583999633789062,18.839000701904297,16.002000808715820,18.767999649047850,8087000,18.767999649047850
2022-07-06,18.576000213623047,19.358999252319336,18.316999435424805,18.829999923706055,6360000,18.829999923706055
2022-07-07,19.069999694824220,22.052000045776367,18.982000350952150,21.951000213623047,11958000,21.951000213623047
2022-07-08,21.312000274658203,23.628000259399414,20.667999267578125,22.128000259399414,11523000,22.128000259399414
2022-07-11,21.034999847412110,21.329999923706055,19.799999237060547,20.090000152587890,6955000,20.090000152587890
2022-07-12,19.652000427246094,20.334999084472656,18.815000534057617,19.252000808715820,5886000,19.252000808715820
2022-07-13,18.674999237060547,20.326999664306640,18.245000839233400,19.555000305175780,5641000,19.555000305175780
2022-07-14,19.329000473022460,20.548000335693360,18.687999725341797,20.458999633789062,7228000,20.458999633789062
2022-07-15,20.899999618530273,21.419000625610350,20.229000091552734,21.398000717163086,4887000,21.398000717163086
2022-07-18,23.011999130249023,24.656999588012695,22.424999237060547,22.562999725341797,10676000,22.562999725341797
2022-07-19,23.943000793457030,26.879999160766600,23.033000946044922,26.716999053955078,11810000,26.716999053955078
2022-07-20,27.850000381469727,29.950000762939453,27.150999069213867,28.877000808715820,16179000,28.877000808715820
2022-07-21,27.903999328613280,29.049999237060547,27.138000488281250,28.971000671386720,8100000,28.971000671386720
2022-07-22,29.406000137329100,29.804000854492188,27.392000198364258,28.191999435424805,6543000,28.191999435424805
2022-07-25,26.701999664306640,27.559999465942383,26.201000213623047,26.586000442504883,4826000,26.586000442504883
2022-07-26,24.882999420166016,25.597999572753906,23.568000793457030,23.763999938964844,6626000,23.763999938964844
2022-07-27,24.728000640869140,26.815000534057617,24.125000000000000,26.239999771118164,7089000,26.239999771118164
2022-07-28,26.000000000000000,27.681999206542970,25.555999755859375,27.572000503540040,5934000,27.572000503540040
2022-07-29,27.000000000000000,28.797000885009766,26.756999969482422,28.606000900268555,6157000,28.606000900268555
2022-08-01,27.652999877929688,28.750000000000000,27.145999908447266,27.573999404907227,5203000,27.573999404907227
2022-08-02,28.089000701904297,29.524000167846680,27.573999404907227,27.826000213623047,6061000,27.826000213623047
2022-08-03,28.375999450683594,32.455001831054690,28.340999603271484,31.368000030517578,12502000,31.368000030517578
2022-08-04,31.989000320434570,33.222999572753906,30.452999114990234,30.930999755859375,8922000,30.930999755859375
2022-08-05,30.874000549316406,33.097000122070310,30.544000625610350,31.915000915527344,6914000,31.915000915527344
2022-08-08,33.564998626708984,35.194000244140625,32.744998931884766,33.000999450683594,6203000,33.000999450683594
2022-08-09,32.000000000000000,32.652999877929690,31.424999237060547,31.937999725341797,3268000,31.937999725341797
2022-08-10,34.700000762939450,34.700000762939450,32.750000000000000,33.580001831054690,5381000,33.580001831054690
2022-08-11,35.500000000000000,36.196998596191406,33.006000518798830,33.699001312255860,6054000,33.699001312255860
2022-08-12,33.699001312255860,35.330001831054690,33.099998474121094,35.284000396728516,4255000,35.284000396728516
2022-08-15,34.645999908447266,35.832000732421875,34.500000000000000,34.908000946044920,3050000,34.908000946044920
2022-08-16,34.448001861572266,35.027000427246094,33.026000976562500,34.263999938964844,3379000,34.263999938964844
2022-08-17,33.500000000000000,33.799999237060550,32.013999938964844,32.520000457763670,3292000,32.520000457763670
2022-08-18,32.103000640869140,32.799999237060550,31.843000411987305,32.437999725341800,2444000,32.437999725341800
2022-08-19,29.941999435424805,30.395000457763672,28.176000595092773,28.299999237060547,7575000,28.299999237060547
2022-08-22,27.301000595092773,27.968999862670900,26.607999801635742,26.809000015258790,4507000,26.809000015258790
2022-08-23,27.190000534057617,28.326999664306640,25.882999420166016,26.579999923706055,5319000,26.579999923706055
2022-08-24,26.569999694824220,27.670999526977540,26.398000717163086,27.440999984741210,2485000,27.440999984741210
2022-08-25,27.785999298095703,28.045999526977540,26.718999862670900,27.281000137329100,2764000,27.281000137329100
2022-08-26,27.500000000000000,27.500000000000000,24.799999237060547,24.920000076293945,6049000,24.920000076293945
2022-08-29,24.136999130249023,25.420000076293945,24.111000061035156,24.496000289916992,4928000,24.496000289916992
2022-08-30,25.003999710083008,25.299999237060547,23.500999450683594,24.023000717163086,4949000,24.023000717163086
2022-08-31,24.826999664306640,25.149999618530273,22.270999908447266,23.156000137329100,9374000,23.156000137329100
2022-09-01,22.000999450683594,22.854999542236328,21.329000473022460,22.091999053955078,5681000,22.091999053955078
2022-09-02,22.610000610351562,22.774999618530273,21.565000534057617,21.805999755859375,4235000,21.805999755859375
2022-09-06,21.853000640869140,22.000000000000000,20.290000915527344,20.424999237060547,8007000,20.424999237060547
2022-09-07,20.399000167846680,22.187999725341797,20.378000259399414,21.861000061035156,5632000,21.861000061035156
2022-09-08,21.447000503540040,23.469999313354492,21.173000335693360,23.450000762939453,5286000,23.450000762939453
2022-09-09,24.940999984741210,26.221000671386720,24.513999938964844,26.197000503540040,9128000,26.197000503540040
2022-09-12,26.320999145507812,26.798999786376953,25.011999130249023,26.298000335693360,8998000,26.298000335693360
2022-09-13,24.184999465942383,24.635000228881836,22.951999664306640,23.125000000000000,8111000,23.125000000000000
2022-09-14,23.010000228881836,23.125000000000000,22.135000228881836,22.599000930786133,5403000,22.599000930786133
2022-09-15,22.290000915527344,23.670000076293945,21.604999542236328,21.694000244140625,8432000,21.694000244140625
2022-09-16,21.152000427246094,21.504999160766600,20.322000503540040,20.634000778198242,9951000,20.634000778198242
2022-09-19,19.927000045776367,20.708999633789062,19.631999969482422,20.620000839233400,8184000,20.620000839233400
2022-09-20,20.000000000000000,20.149999618530273,19.341999053955078,19.659999847412110,7615000,19.659999847412110
2022-09-21,19.830999374389650,20.833000183105470,19.403999328613280,19.591999053955078,6621000,19.591999053955078
2022-09-22,19.688999176025390,19.843000411987305,18.622999191284180,19.232000350952150,7610000,19.232000350952150
2022-09-23,18.870000839233400,19.191999435424805,18.349000930786133,19.145000457763672,5995000,19.145000457763672
2022-09-26,19.181999206542970,20.549999237060547,19.149999618530273,20.017999649047850,5852000,20.017999649047850
2022-09-27,21.284000396728516,21.922000885009766,20.100000381469727,20.607000350952150,6754000,20.607000350952150
2022-09-28,20.760000228881836,22.186000823974610,20.750000000000000,22.047000885009766,4656000,22.047000885009766
2022-09-29,21.424999237060547,21.631000518798828,20.555000305175780,21.181999206542970,3967000,21.181999206542970
2022-09-30,20.850999832153320,22.604000091552734,20.711000442504883,21.225999832153320,4006000,21.225999832153320
2022-10-03,21.389999389648438,22.841999053955078,21.214000701904297,22.451999664306640,4335000,22.451999664306640
2022-10-04,23.583999633789062,24.912000656127930,23.500000000000000,24.874000549316406,6507000,24.874000549316406
2022-10-05,24.093999862670900,24.575000762939453,23.243999481201172,24.218999862670900,5251000,24.218999862670900
2022-10-06,24.218999862670900,24.916999816894530,23.625000000000000,24.166999816894530,2700000,24.166999816894530
2022-10-07,23.399999618530273,23.600000381469727,21.766000747680664,22.030000686645508,3726000,22.030000686645508
2022-10-10,21.961999893188477,23.186000823974610,21.525999069213867,22.065000534057617,3709000,22.065000534057617
2022-10-11,22.121000289916992,22.725999832153320,21.221000671386720,21.636999130249023,3473000,21.636999130249023
2022-10-12,21.818000793457030,21.886999130249023,20.551000595092773,21.837999343872070,2681000,21.837999343872070
2022-10-13,20.148000717163086,22.299999237060547,19.812999725341797,22.054000854492188,5920000,22.054000854492188
2022-10-14,22.333999633789062,22.878999710083008,20.743000030517578,20.930999755859375,3888000,20.930999755859375
2022-10-17,22.000000000000000,22.627000808715820,21.881000518798828,22.113000869750977,3344000,22.113000869750977
2022-10-18,23.020000457763672,23.531000137329100,21.964000701904297,23.500000000000000,6103000,23.500000000000000
2022-10-19,22.808000564575195,23.448999404907227,22.395999908447266,22.607999801635742,2712000,22.607999801635742
2022-10-20,22.822999954223633,23.489000320434570,21.922000885009766,22.100999832153320,2675000,22.100999832153320
2022-10-21,21.854999542236328,23.443000793457030,21.649000167846680,23.261999130249023,3626000,23.261999130249023
2022-10-24,23.299999237060547,24.493999481201172,22.635999679565430,23.760000228881836,3513000,23.760000228881836
2022-10-25,24.000000000000000,27.000000000000000,24.000000000000000,26.868999481201172,6402000,26.868999481201172
2022-10-26,26.954999923706055,29.000000000000000,26.687999725341797,27.271999359130860,6650000,27.271999359130860
2022-10-27,27.673000335693360,27.899999618530273,26.500000000000000,27.055999755859375,2473000,27.055999755859375
2022-10-28,26.919000625610350,28.093000411987305,26.461000442504883,27.999000549316406,4325000,27.999000549316406
2022-10-31,27.889999389648438,28.388000488281250,26.045000076293945,26.750999450683594,3519000,26.750999450683594
2022-11-01,27.594999313354492,27.844999313354492,25.718999862670900,25.719999313354492,3111000,25.719999313354492
2022-11-02,25.888999938964844,27.878999710083008,24.551000595092773,24.822999954223633,6411000,24.822999954223633
2022-11-03,24.201000213623047,26.139999389648438,24.135999679565430,24.843999862670900,2616000,24.843999862670900
2022-11-04,26.111999511718750,27.735000610351562,25.062999725341797,27.709999084472656,6713000,27.709999084472656
2022-11-07,27.141000747680664,27.379999160766600,26.000000000000000,26.663999557495117,3758000,26.663999557495117
2022-11-08,24.799999237060547,26.663999557495117,19.350999832153320,21.184000015258790,31238000,21.184000015258790
2022-11-09,19.500000000000000,20.906000137329100,16.850000381469727,17.035999298095703,27419000,17.035999298095703
2022-11-10,18.899999618530273,19.837999343872070,17.292999267578125,17.500000000000000,19092000,17.500000000000000
2022-11-11,16.252000808715820,17.809999465942383,15.529999732971191,17.517999649047850,16441000,17.517999649047850
2022-11-14,17.131000518798828,17.909999847412110,16.434999465942383,16.590000152587890,7970000,16.590000152587890
2022-11-15,17.399999618530273,17.746999740600586,16.513000488281250,17.152999877929688,7028000,17.152999877929688
2022-11-16,16.353000640869140,17.048000335693360,16.000000000000000,16.944000244140625,6819000,16.944000244140625
2022-11-17,16.565000534057617,17.549999237060547,16.212999343872070,17.388000488281250,4997000,17.388000488281250
2022-11-18,17.700000762939453,17.715000152587890,16.212999343872070,17.011999130249023,8230000,17.011999130249023
2022-11-21,16.500000000000000,17.065000534057617,15.234000205993652,15.722000122070312,9077000,15.722000122070312
2022-11-22,16.000000000000000,16.799999237060547,15.555999755859375,16.708000183105470,5856000,16.708000183105470
2022-11-23,16.844999313354492,17.672000885009766,16.621000289916992,17.638999938964844,4798000,17.638999938964844
2022-11-25,17.202999114990234,18.299999237060547,17.201999664306640,18.299999237060547,2634000,18.299999237060547
2022-11-28,17.871999740600586,18.142999649047850,16.916000366210938,17.666999816894530,6597000,17.666999816894530
2022-11-29,18.020000457763672,18.250999450683594,17.563999176025390,18.200000762939453,5440000,18.200000762939453
2022-11-30,18.920000076293945,19.832000732421875,18.100000381469727,19.809000015258790,6612000,19.809000015258790
2022-12-01,19.718999862670900,20.652999877929688,19.600000381469727,19.898000717163086,4236000,19.898000717163086
2022-12-02,19.568000793457030,21.149000167846680,19.534000396728516,20.694000244140625,5932000,20.694000244140625
2022-12-05,20.850000381469727,21.072999954223633,18.725000381469727,19.566999435424805,7714000,19.566999435424805
2022-12-06,19.459999084472656,19.784000396728516,18.739000320434570,19.552000045776367,3850000,19.552000045776367
2022-12-07,19.260999679565430,19.896999359130860,19.027999877929688,19.349000930786133,2965000,19.349000930786133
2022-12-08,19.450000762939453,20.326999664306640,19.023000717163086,20.256999969482422,3169000,20.256999969482422
2022-12-09,20.100999832153320,20.347999572753906,19.642000198364258,20.325000762939453,4064000,20.325000762939453
2022-12-12,19.899999618530273,20.048999786376953,19.479000091552734,19.615999221801758,4077000,19.615999221801758
2022-12-13,20.645000457763672,21.184000015258790,19.552000045776367,20.180999755859375,4384000,20.180999755859375
2022-12-14,20.299999237060547,21.378000259399414,20.190999984741210,20.273000717163086,5291000,20.273000717163086
2022-12-15,19.750000000000000,19.900999069213867,18.600000381469727,18.799999237060547,4405000,18.799999237060547
2022-12-16,18.375999450683594,18.563999176025390,17.232999801635742,17.375000000000000,7227000,17.375000000000000
2022-12-19,17.231000900268555,17.884000778198242,16.837999343872070,17.020999908447266,3684000,17.020999908447266
2022-12-20,17.037000656127930,17.542999267578125,16.799999237060547,16.885000228881836,3057000,16.885000228881836
2022-12-21,16.900999069213867,17.207000732421875,16.663999557495117,16.881999969482422,2184000,16.881999969482422
2022-12-22,16.829999923706055,16.829999923706055,16.091999053955078,16.622999191284180,4330000,16.622999191284180
2022-12-23,16.554000854492188,16.759000778198242,16.054000854492188,16.267000198364258,2858000,16.267000198364258
2022-12-27,16.000000000000000,16.006999969482422,14.567999839782715,14.774000167846680,7128000,14.774000167846680
2022-12-28,14.699999809265137,15.109000205993652,13.791000366210938,13.809000015258789,6920000,13.809000015258789
2022-12-29,13.890000343322754,14.300000190734863,13.376999855041504,13.663000106811523,7157000,13.663000106811523
2022-12-30,13.381999969482422,14.208999633789062,13.255999565124512,14.156999588012695,7034000,14.156999588012695
2023-01-03,14.567000389099121,14.652000427246094,13.937999725341797,14.501999855041504,6283000,14.501999855041504
2023-01-04,14.680000305175781,16.569999694824220,14.590000152587890,16.506000518798828,10101000,16.506000518798828
2023-01-05,16.054000854492188,16.054000854492188,14.977000236511230,15.656000137329102,4091000,15.656000137329102
2023-01-06,15.260999679565430,16.188999176025390,14.710000038146973,16.045000076293945,4929000,16.045000076293945
2023-01-09,17.000000000000000,18.187000274658203,16.540000915527344,17.500999450683594,7146000,17.500999450683594
2023-01-10,17.434999465942383,19.097000122070312,17.000000000000000,19.000000000000000,6524000,19.000000000000000
2023-01-11,18.899999618530273,19.645000457763672,18.410999298095703,19.475999832153320,6659000,19.475999832153320
2023-01-12,20.364999771118164,21.343000411987305,18.930999755859375,21.017000198364258,9960000,21.017000198364258
2023-01-13,20.600000381469727,22.216999053955078,20.270000457763672,21.697000503540040,8457000,21.697000503540040
2023-01-17,23.200000762939453,23.966999053955078,22.274999618530273,23.591999053955078,10863000,23.591999053955078
2023-01-18,23.700000762939453,24.202999114990234,20.961999893188477,22.118999481201172,11378000,22.118999481201172
2023-01-19,21.677000045776367,22.787000656127930,21.448999404907227,22.145000457763672,4942000,22.145000457763672
2023-01-20,22.419000625610350,24.187000274658203,21.902999877929688,24.003000259399414,7299000,24.003000259399414
2023-01-23,24.094999313354492,25.049999237060547,23.576999664306640,25.021999359130860,7276000,25.021999359130860
2023-01-24,24.700000762939453,25.101999282836914,24.184999465942383,24.750000000000000,3157000,24.750000000000000
2023-01-25,24.040000915527344,24.752000808715820,23.215000152587890,24.583999633789062,3746000,24.583999633789062
2023-01-26,25.302999496459960,25.499000549316406,23.698999404907227,24.531999588012695,4123000,24.531999588012695
2023-01-27,24.000000000000000,26.209999084472656,24.000000000000000,25.836000442504883,6292000,25.836000442504883
2023-01-30,25.235000610351562,25.885000228881836,23.941999435424805,24.569000244140625,5340000,24.569000244140625
2023-01-31,24.899999618530273,25.775999069213867,24.799999237060547,25.173000335693360,3788000,25.173000335693360
2023-02-01,25.100000381469727,27.360000610351562,24.424999237060547,26.791999816894530,6554000,26.791999816894530
2023-02-02,27.500000000000000,30.290000915527344,27.486000061035156,29.212999343872070,10415000,29.212999343872070
2023-02-03,27.910999298095703,30.340000152587890,27.837999343872070,28.475999832153320,6303000,28.475999832153320
2023-02-06,27.430999755859375,28.622999191284180,27.115999221801758,28.204999923706055,4206000,28.204999923706055
2023-02-07,27.975000381469727,28.732999801635742,27.038000106811523,28.386999130249023,5013000,28.386999130249023
2023-02-08,28.243000030517578,29.041000366210938,27.166000366210938,27.596000671386720,3156000,27.596000671386720
2023-02-09,27.600999832153320,27.760999679565430,24.558000564575195,24.903999328613280,7268000,24.903999328613280
2023-02-10,24.600000381469727,25.259000778198242,24.100999832153320,24.336999893188477,4362000,24.336999893188477
2023-02-13,23.902999877929688,25.065000534057617,23.653999328613280,24.924999237060547,2892000,24.924999237060547
2023-02-14,25.101999282836914,27.677999496459960,24.399999618530273,27.114000320434570,6728000,27.114000320434570
2023-02-15,27.558000564575195,29.972999572753906,27.208999633789062,29.840000152587890,7082000,29.840000152587890
2023-02-16,29.600000381469727,31.500000000000000,28.284000396728516,28.402999877929688,9707000,28.402999877929688
2023-02-17,28.329000473022460,29.740999221801758,27.385000228881836,29.405000686645508,5529000,29.405000686645508
2023-02-21,28.624000549316406,29.073999404907227,26.753999710083008,26.992000579833984,5715000,26.992000579833984
2023-02-22,26.638000488281250,27.347999572753906,26.243999481201172,26.857999801635742,4214000,26.857999801635742
2023-02-23,27.094999313354492,27.559000015258790,26.159000396728516,26.575000762939453,3015000,26.575000762939453
2023-02-24,26.142000198364258,26.204999923706055,24.886999130249023,25.579999923706055,5035000,25.579999923706055
2023-02-27,26.358999252319336,26.971000671386720,25.583000183105470,25.864999771118164,3493000,25.864999771118164
2023-02-28,25.979000091552734,26.975000381469727,25.604000091552734,26.226999282836914,4006000,26.226999282836914
2023-03-01,26.388000488281250,26.854999542236328,25.333999633789062,25.791000366210938,3452000,25.791000366210938
2023-03-02,24.899000167846680,25.386999130249023,24.166999816894530,25.288999557495117,4927000,25.288999557495117
2023-03-03,24.020000457763672,25.233999252319336,23.684999465942383,24.690999984741210,7604000,24.690999984741210
2023-03-06,24.934999465942383,25.204000473022460,23.704999923706055,23.745000839233400,4768000,23.745000839233400
2023-03-07,23.600000381469727,24.100000381469727,23.093000411987305,23.143999099731445,4936000,23.143999099731445
2023-03-08,23.040000915527344,23.493999481201172,22.700000762939453,23.271999359130860,4701000,23.271999359130860
2023-03-09,23.034999847412110,23.142999649047850,21.010999679565430,21.082000732421875,8242000,21.082000732421875
2023-03-10,20.575000762939453,20.757999420166016,18.829999923706055,19.201000213623047,13303000,19.201000213623047
2023-03-13,20.201999664306640,22.961999893188477,19.635000228881836,22.315999984741210,15330000,22.315999984741210
2023-03-14,23.908000946044922,24.440999984741210,22.208999633789062,22.947000503540040,11304000,22.947000503540040
2023-03-15,22.700000762939453,23.497999191284180,21.652999877929688,22.754999160766600,6895000,22.754999160766600
2023-03-16,22.517999649047850,24.510999679565430,22.326999664306640,24.107999801635742,7668000,24.107999801635742
2023-03-17,25.552999496459960,27.399999618530273,24.900999069213867,26.766000747680664,20224000,26.766000747680664
2023-03-20,28.042999267578125,28.173000335693360,25.836999893188477,26.395999908447266,12524000,26.395999908447266
2023-03-21,26.899000167846680,27.892999649047850,26.065000534057617,27.337999343872070,8811000,27.337999343872070
2023-03-22,27.600000381469727,27.809000015258790,24.600999832153320,24.686000823974610,11130000,24.686000823974610
2023-03-23,24.900999069213867,27.100000381469727,24.804000854492188,26.333000183105470,11250000,26.333000183105470
2023-03-24,25.913999557495117,26.347999572753906,24.731000900268555,25.666999816894530,6565000,25.666999816894530
2023-03-27,25.986000061035156,26.020999908447266,23.072000503540040,23.895999908447266,11331000,23.895999908447266
2023-03-28,23.677000045776367,24.854000091552734,23.250000000000000,24.826000213623047,6721000,24.826000213623047
2023-03-29,25.780000686645508,28.541999816894530,25.545000076293945,28.402999877929688,10109000,28.402999877929688
2023-03-30,28.790000915527344,28.850000381469727,27.457000732421875,27.923000335693360,7081000,27.923000335693360
2023-03-31,28.346000671386720,29.540000915527344,28.000000000000000,29.232000350952150,10380000,29.232000350952150
2023-04-03,29.099000930786133,30.100000381469727,28.815999984741210,29.739000320434570,7654000,29.739000320434570
2023-04-04,29.958000183105470,30.135999679565430,28.573999404907227,29.898000717163086,6235000,29.898000717163086
2023-04-05,30.344999313354492,30.700000762939453,28.350999832153320,29.083999633789062,8122000,29.083999633789062
2023-04-06,28.650999069213867,29.548000335693360,27.836999893188477,29.010000228881836,4260000,29.010000228881836
2023-04-10,29.000000000000000,31.294000625610350,28.500000000000000,31.277999877929688,10026000,31.277999877929688
2023-04-11,32.191001892089844,33.782001495361330,31.809999465942383,33.235000610351560,14267000,33.235000610351560
2023-04-12,33.424999237060550,33.575000762939450,31.833999633789062,32.283000946044920,8812000,32.283000946044920
2023-04-13,33.041999816894530,34.500000000000000,32.700000762939450,34.071998596191406,11132000,34.071998596191406
2023-04-14,34.284999847412110,34.763000488281250,32.460998535156250,33.375000000000000,8721000,33.375000000000000
2023-04-17,32.173000335693360,32.247001647949220,31.219999313354492,31.302999496459960,7702000,31.302999496459960
2023-04-18,32.500000000000000,33.400001525878906,32.400001525878906,32.985000610351560,10001000,32.985000610351560
2023-04-19,31.988000869750977,32.199001312255860,31.290000915527344,31.472000122070312,6235000,31.472000122070312
2023-04-20,31.027000427246094,31.290000915527344,29.226999282836914,29.471000671386720,8256000,29.471000671386720
2023-04-21,29.733999252319336,30.049999237060547,28.774000167846680,29.101999282836914,6576000,29.101999282836914
2023-04-24,29.103000640869140,29.795000076293945,28.299999237060547,28.533000946044922,5675000,28.533000946044922
2023-04-25,28.236000061035156,29.688999176025390,28.014999389648438,29.090999603271484,5700000,29.090999603271484
2023-04-26,31.049999237060547,32.164001464843750,29.629999160766600,29.945999145507812,10820000,29.945999145507812
2023-04-27,30.650999069213867,31.888000488281250,29.600999832153320,31.864000320434570,10165000,31.864000320434570
2023-04-28,31.304000854492188,32.897998809814450,30.809000015258790,32.838001251220700,7607000,32.838001251220700
2023-05-01,32.000000000000000,32.335998535156250,30.423999786376953,30.746999740600586,9055000,30.746999740600586
2023-05-02,31.013999938964844,33.292999267578125,30.513000488281250,32.800998687744140,13733000,32.800998687744140
2023-05-03,32.048999786376950,32.188999176025390,30.167999267578125,30.424999237060547,11930000,30.424999237060547
2023-05-04,31.114999771118164,32.118999481201170,30.750000000000000,31.224000930786133,7151000,31.224000930786133
2023-05-05,31.299999237060547,32.872001647949220,31.200000762939453,32.672000885009766,9082000,32.672000885009766
2023-05-08,31.114999771118164,31.174999237060547,29.399999618530273,29.466999053955078,10430000,29.466999053955078
2023-05-09,29.750999450683594,31.000000000000000,28.962999343872070,30.343000411987305,7219000,30.343000411987305
2023-05-10,31.323999404907227,32.564998626708984,30.500000000000000,31.510999679565430,12952000,31.510999679565430
2023-05-11,31.135000228881836,31.135000228881836,28.475999832153320,28.736999511718750,15422000,28.736999511718750
2023-05-12,28.489999771118164,28.659000396728516,26.650999069213867,27.100000381469727,10851000,27.100000381469727
2023-05-15,28.000000000000000,28.687999725341797,27.600000381469727,28.250000000000000,6507000,28.250000000000000
2023-05-16,27.750000000000000,28.299999237060547,27.236999511718750,27.343999862670900,4641000,27.343999862670900
2023-05-17,27.149000167846680,29.104999542236328,26.926000595092773,29.056999206542970,6113000,29.056999206542970
2023-05-18,28.899999618530273,29.721000671386720,28.000999450683594,28.757999420166016,6696000,28.757999420166016
2023-05-19,29.090000152587890,29.195999145507812,28.257999420166016,28.827999114990234,3732000,28.827999114990234
2023-05-22,28.777999877929688,29.705999374389650,28.601999282836914,29.412000656127930,5910000,29.412000656127930
2023-05-23,29.919000625610350,30.120000839233400,28.826000213623047,28.933000564575195,6433000,28.933000564575195
2023-05-24,28.200000762939453,28.694999694824220,27.663000106811523,28.443000793457030,8064000,28.443000793457030
2023-05-25,28.791000366210938,28.884000778198242,27.284999847412110,28.099000930786133,8783000,28.099000930786133
2023-05-26,27.979999542236328,29.489000320434570,27.920000076293945,28.510000228881836,6550000,28.510000228881836
2023-05-30,30.010000228881836,31.364000320434570,29.674999237060547,29.927000045776367,9466000,29.927000045776367
2023-05-31,29.400999069213867,30.277000427246094,28.899999618530273,30.163000106811523,6234000,30.163000106811523
2023-06-01,29.850000381469727,30.773000717163086,29.563999176025390,29.993999481201172,5489000,29.993999481201172
2023-06-02,30.527000427246094,30.600000381469727,29.063999176025390,30.212999343872070,7265000,30.212999343872070
2023-06-05,29.447000503540040,29.695999145507812,27.120000839233400,27.635999679565430,14040000,27.635999679565430
2023-06-06,27.000000000000000,30.457000732421875,26.655000686645508,29.881999969482422,18779000,29.881999969482422
2023-06-07,29.881999969482422,30.226999282836914,28.799999237060547,29.080999374389650,6755000,29.080999374389650
2023-06-08,28.968999862670900,29.724000930786133,28.357000350952150,29.093000411987305,4846000,29.093000411987305
2023-06-09,29.350000381469727,29.576000213623047,28.051000595092773,28.232999801635742,5673000,28.232999801635742
2023-06-12,27.913000106811523,28.166000366210938,27.500000000000000,27.770000457763672,3695000,27.770000457763672
2023-06-13,28.430000305175780,28.488000869750977,27.495000839233400,28.381999969482422,4436000,28.381999969482422
2023-06-14,28.410999298095703,28.614999771118164,27.673000335693360,28.288000106811523,3997000,28.288000106811523
2023-06-15,27.415000915527344,28.138000488281250,26.600000381469727,27.791999816894530,7857000,27.791999816894530
2023-06-16,28.499000549316406,29.799999237060547,28.096000671386720,29.339000701904297,14233000,29.339000701904297
2023-06-20,30.000000000000000,31.517999649047850,28.968999862670900,31.340000152587890,18899000,31.340000152587890
2023-06-21,32.400001525878906,33.799999237060550,32.030998229980470,33.131000518798830,19270000,33.131000518798830
2023-06-22,33.249000549316406,33.744998931884766,31.312999725341797,32.722999572753906,11344000,32.722999572753906
2023-06-23,32.700000762939450,33.700000762939450,31.729999542236328,32.910999298095700,15619000,32.910999298095700
2023-06-26,32.400001525878906,32.860000610351560,30.107999801635742,30.573999404907227,11273000,30.573999404907227
2023-06-27,31.229999542236328,32.798999786376950,31.152999877929688,32.487998962402344,8773000,32.487998962402344
2023-06-28,31.990999221801758,33.280998229980470,31.844999313354492,32.561000823974610,6591000,32.561000823974610
2023-06-29,33.563999176025390,34.078998565673830,32.849998474121094,34.026000976562500,8574000,34.026000976562500
2023-06-30,34.997001647949220,35.275001525878906,32.226001739501950,34.242000579833984,15255000,34.242000579833984
2023-07-03,34.700000762939450,37.826999664306640,34.598999023437500,37.784000396728516,11065000,37.784000396728516
2023-07-05,36.701000213623050,38.298999786376950,35.909999847412110,37.811000823974610,11849000,37.811000823974610
2023-07-06,38.058998107910156,38.500999450683594,36.200000762939450,37.654998779296875,8904000,37.654998779296875
2023-07-07,37.359001159667970,39.200000762939450,37.359001159667970,38.074001312255860,9418000,38.074001312255860
2023-07-10,38.117000579833984,40.800998687744140,37.005001068115234,40.770999908447266,9976000,40.770999908447266
2023-07-11,40.099998474121094,41.500000000000000,39.692001342773440,41.229999542236330,12039000,41.229999542236330
2023-07-12,41.799999237060550,42.097999572753906,40.523998260498050,41.348999023437500,9236000,41.348999023437500
2023-07-13,41.799999237060550,46.699001312255860,41.277999877929690,46.182998657226560,20783000,46.182998657226560
2023-07-14,45.546001434326170,47.508998870849610,44.717998504638670,45.886001586914060,17244000,45.886001586914060
2023-07-17,45.720001220703125,46.700000762939450,44.435001373291016,44.987998962402344,8613000,44.987998962402344
2023-07-18,44.948001861572266,45.400001525878906,43.500000000000000,44.580001831054690,7825000,44.580001831054690
2023-07-19,45.176998138427734,46.159999847412110,44.675998687744140,45.310001373291016,5502000,45.310001373291016
2023-07-20,45.520999908447266,46.131000518798830,43.520000457763670,44.083000183105470,6317000,44.083000183105470
2023-07-21,44.191001892089844,44.588001251220700,42.654998779296875,43.665000915527344,5633000,43.665000915527344
2023-07-24,42.763999938964844,43.187000274658200,41.292999267578125,43.094001770019530,6550000,43.094001770019530
2023-07-25,43.094001770019530,44.242000579833984,43.020999908447266,43.681999206542970,4479000,43.681999206542970
2023-07-26,43.681999206542970,44.792999267578125,43.627998352050780,44.346000671386720,5300000,44.346000671386720
2023-07-27,45.099998474121094,45.245998382568360,42.416999816894530,42.615001678466800,5655000,42.615001678466800
2023-07-28,43.400001525878906,43.874000549316406,42.484001159667970,43.460998535156250,4639000,43.460998535156250
2023-07-31,44.000000000000000,44.284000396728516,43.220001220703125,43.787998199462890,4863000,43.787998199462890
2023-08-01,43.000000000000000,43.799999237060550,42.088001251220700,43.498001098632810,6644000,43.498001098632810
2023-08-02,43.498001098632810,43.700000762939450,40.118000030517580,40.733001708984375,10556000,40.733001708984375
2023-08-03,40.000999450683594,40.236999511718750,38.762001037597656,38.991001129150390,6521000,38.991001129150390
2023-08-04,39.000999450683594,39.576000213623050,37.444999694824220,37.696998596191406,5512000,37.696998596191406
2023-08-07,37.103000640869140,37.355998992919920,35.770000457763670,37.082000732421875,6963000,37.082000732421875
2023-08-08,38.000000000000000,39.599998474121094,37.472000122070310,38.948001861572266,7719000,38.948001861572266
2023-08-09,39.597000122070310,39.650001525878906,37.599998474121094,37.784000396728516,5121000,37.784000396728516
2023-08-10,38.032001495361330,39.006000518798830,37.201000213623050,37.800998687744140,4114000,37.800998687744140
2023-08-11,37.800998687744140,38.799999237060550,37.209999084472656,38.430999755859375,3343000,38.430999755859375
2023-08-14,38.157001495361330,39.259998321533200,37.527999877929690,38.882999420166016,3822000,38.882999420166016
2023-08-15,38.903999328613280,39.269001007080080,37.583000183105470,37.615001678466800,4184000,37.615001678466800
2023-08-16,37.346000671386720,37.728000640869140,36.625999450683594,36.966999053955080,3136000,36.966999053955080
2023-08-17,36.159999847412110,36.558998107910156,34.536998748779300,34.679000854492190,8061000,34.679000854492190
2023-08-18,33.148998260498050,33.858001708984375,32.229000091552734,32.861999511718750,11012000,32.861999511718750
2023-08-21,33.028999328613280,33.698001861572266,32.501998901367190,33.525001525878906,4172000,33.525001525878906
2023-08-22,34.147998809814450,34.522998809814450,32.799999237060550,32.951000213623050,3817000,32.951000213623050
2023-08-23,33.000000000000000,35.051998138427734,32.750000000000000,34.639999389648440,5206000,34.639999389648440
2023-08-24,34.891998291015625,34.950000762939450,33.244998931884766,33.655998229980470,5075000,33.655998229980470
2023-08-25,33.967998504638670,34.500000000000000,32.902999877929690,33.604999542236330,3664000,33.604999542236330
2023-08-28,33.936000823974610,35.037998199462890,33.854999542236330,34.437000274658200,3533000,34.437000274658200
2023-08-29,34.222999572753906,38.798999786376950,34.193000793457030,38.152000427246094,15282000,38.152000427246094
2023-08-30,37.509998321533200,37.731998443603516,36.759998321533200,37.167999267578125,6051000,37.167999267578125
2023-08-31,37.509998321533200,37.567001342773440,35.423999786376950,35.752998352050780,6051000,35.752998352050780
2023-09-01,35.754001617431640,36.094001770019530,34.662998199462890,35.147998809814450,4067000,35.147998809814450
2023-09-05,35.147998809814450,35.396999359130860,34.458000183105470,34.924999237060550,3007000,34.924999237060550
2023-09-06,34.950000762939450,35.900001525878906,34.526000976562500,35.069999694824220,5724000,35.069999694824220
2023-09-07,34.650001525878906,35.681999206542970,33.784000396728516,35.306999206542970,4927000,35.306999206542970
2023-09-08,35.242000579833984,35.627998352050780,34.700000762939450,35.627998352050780,4593000,35.627998352050780
2023-09-11,35.500000000000000,35.660999298095700,33.599998474121094,34.268001556396484,7537000,34.268001556396484
2023-09-12,35.500000000000000,36.759998321533200,34.529998779296875,34.776000976562500,7655000,34.776000976562500
2023-09-13,34.729999542236330,35.256000518798830,34.060001373291016,34.183998107910156,4786000,34.183998107910156
2023-09-14,35.000000000000000,36.199001312255860,34.604000091552734,34.639999389648440,6699000,34.639999389648440
2023-09-15,34.639999389648440,34.639999389648440,33.636001586914060,34.077999114990234,4988000,34.077999114990234
2023-09-18,35.125000000000000,35.632999420166016,33.898998260498050,34.062000274658200,5781000,34.062000274658200
2023-09-19,34.410999298095700,35.020000457763670,33.349998474121094,33.925998687744140,5573000,33.925998687744140
2023-09-20,34.349998474121094,34.433998107910156,33.304000854492190,33.347000122070310,3826000,33.347000122070310
2023-09-21,32.580001831054690,32.866001129150390,32.159000396728516,32.605998992919920,3656000,32.605998992919920
2023-09-22,32.474998474121094,32.813999176025390,32.056999206542970,32.280998229980470,2825000,32.280998229980470
2023-09-25,31.950000762939453,32.761001586914060,31.563999176025390,32.759998321533200,3851000,32.759998321533200
2023-09-26,32.400001525878906,32.900001525878906,31.716999053955078,31.729999542236328,3857000,31.729999542236328
2023-09-27,32.262001037597656,32.689998626708984,31.010000228881836,31.562999725341797,3876000,31.562999725341797
2023-09-28,31.979999542236328,33.755001068115234,31.565000534057617,32.891998291015625,6432000,32.891998291015625
2023-09-29,33.271999359130860,33.448001861572266,32.490001678466800,32.827999114990234,3920000,32.827999114990234
2023-10-02,34.657001495361330,35.284000396728516,32.751998901367190,32.949001312255860,8535000,32.949001312255860
2023-10-03,32.389999389648440,32.599998474121094,31.100000381469727,31.132999420166016,6453000,31.132999420166016
2023-10-04,31.485000610351562,32.393001556396484,30.711000442504883,32.040000915527344,4938000,32.040000915527344
2023-10-05,32.379001617431640,32.799999237060550,31.517999649047850,32.341999053955080,4105000,32.341999053955080
2023-10-06,32.000000000000000,34.178001403808594,31.916999816894530,34.062999725341800,4732000,34.062999725341800
2023-10-09,33.152999877929690,34.423999786376950,33.143001556396484,34.044998168945310,3807000,34.044998168945310
2023-10-10,34.124000549316406,34.646999359130860,33.701000213623050,34.046001434326170,3866000,34.046001434326170
2023-10-11,33.860000610351560,34.027000427246094,33.034999847412110,33.460998535156250,3063000,33.460998535156250
2023-10-12,33.500000000000000,33.500000000000000,32.085998535156250,32.360000610351560,4451000,32.360000610351560
2023-10-13,32.762001037597656,32.762001037597656,31.424999237060547,31.822000503540040,3966000,31.822000503540040
2023-10-16,33.799999237060550,35.299999237060550,32.104999542236330,32.580001831054690,12584000,32.580001831054690
2023-10-17,32.133998870849610,34.090999603271484,32.133998870849610,33.541000366210940,6151000,33.541000366210940
2023-10-18,33.589000701904300,33.826000213623050,32.645999908447266,32.914001464843750,3687000,32.914001464843750
2023-10-19,33.071998596191406,34.877998352050780,32.813999176025390,34.235000610351560,5356000,34.235000610351560
2023-10-20,35.365001678466800,36.200000762939450,34.421001434326170,34.804000854492190,8764000,34.804000854492190
2023-10-23,35.534999847412110,38.389999389648440,34.609001159667970,37.749000549316406,12815000,37.749000549316406
2023-10-24,40.839000701904300,43.898998260498050,40.126998901367190,42.486999511718750,22467000,42.486999511718750
2023-10-25,43.479000091552734,44.949001312255860,42.511001586914060,43.321998596191406,12601000,43.321998596191406
2023-10-26,42.000000000000000,43.000000000000000,40.623001098632810,41.345001220703125,10069000,41.345001220703125
2023-10-27,42.000000000000000,42.145999908447266,39.819999694824220,40.675998687744140,7336000,40.675998687744140
2023-10-30,42.299999237060550,43.465000152587890,41.000000000000000,42.021999359130860,8258000,42.021999359130860
2023-10-31,41.650001525878906,42.376998901367190,41.005001068115234,42.339000701904300,6154000,42.339000701904300
2023-11-01,42.962001800537110,43.000000000000000,41.236000061035156,42.666999816894530,7522000,42.666999816894530
2023-11-02,44.048000335693360,45.404998779296875,42.400001525878906,45.362998962402344,11843000,45.362998962402344
2023-11-03,44.498001098632810,46.418998718261720,44.139999389648440,45.395000457763670,9453000,45.395000457763670
2023-11-06,46.102001190185550,47.298999786376950,45.101001739501950,45.963001251220700,7827000,45.963001251220700
2023-11-07,45.400001525878906,47.486999511718750,44.900001525878906,47.354999542236330,7248000,47.354999542236330
2023-11-08,46.908000946044920,47.860000610351560,45.848999023437500,47.450000762939450,7894000,47.450000762939450
2023-11-09,49.828998565673830,53.520999908447266,48.589000701904300,49.407001495361330,21139000,49.407001495361330
2023-11-10,50.400001525878906,51.332000732421875,49.453998565673830,50.917999267578125,9458000,50.917999267578125
2023-11-13,50.200000762939450,50.689998626708984,48.676998138427734,50.487998962402344,9251000,50.487998962402344
2023-11-14,50.669998168945310,50.699001312255860,46.000000000000000,48.000000000000000,16619000,48.000000000000000
2023-11-15,48.633998870849610,50.928001403808594,48.067001342773440,50.595001220703125,14502000,50.595001220703125
2023-11-16,49.400001525878906,50.277000427246094,48.297000885009766,48.908000946044920,11464000,48.908000946044920
2023-11-17,49.264999389648440,49.590999603271484,48.339000701904300,48.622001647949220,7497000,48.622001647949220
2023-11-20,49.201000213623050,51.251998901367190,49.201000213623050,50.853000640869140,10592000,50.853000640869140
2023-11-21,49.798999786376950,50.313999176025390,48.452999114990234,49.304000854492190,7956000,49.304000854492190
2023-11-22,49.400001525878906,50.944000244140625,48.108001708984375,50.787998199462890,7331000,50.787998199462890
2023-11-24,51.000000000000000,52.679000854492190,50.553001403808594,52.023998260498050,9074000,52.023998260498050
2023-11-27,50.575000762939450,51.479999542236330,49.529998779296875,49.537998199462890,10555000,49.537998199462890
2023-11-28,50.512001037597656,51.527000427246094,49.825000762939450,50.587001800537110,8877000,50.587001800537110
2023-11-29,50.798000335693360,51.349998474121094,49.700000762939450,50.709999084472656,6569000,50.709999084472656
2023-11-30,49.799999237060550,50.499000549316406,48.730998992919920,49.830001831054690,7405000,49.830001831054690
2023-12-01,50.353000640869140,52.979999542236330,50.337001800537110,52.768001556396484,14041000,52.768001556396484
2023-12-04,56.700000762939450,57.777000427246094,55.000000000000000,56.321998596191406,17530000,56.321998596191406
2023-12-05,56.599998474121094,58.990001678466800,56.338001251220700,57.750000000000000,14468000,57.750000000000000
2023-12-06,58.512001037597656,58.654998779296875,56.613998413085940,56.888999938964844,9566000,56.888999938964844
2023-12-07,55.720001220703125,57.805999755859375,55.209999084472656,57.109001159667970,5736000,57.109001159667970
2023-12-08,57.347999572753906,59.938999176025390,57.280998229980470,59.938999176025390,9531000,59.938999176025390
2023-12-11,57.410999298095700,57.787998199462890,54.618000030517580,55.580001831054690,13411000,55.580001831054690
2023-12-12,56.000000000000000,56.696998596191406,54.901000976562500,55.832000732421875,7119000,55.832000732421875
2023-12-13,55.758998870849610,58.599998474121094,55.229000091552734,58.599998474121094,9700000,58.599998474121094
2023-12-14,58.799999237060550,59.000000000000000,57.564998626708984,58.236999511718750,9167000,58.236999511718750
2023-12-15,57.500000000000000,57.522998809814450,56.465000152587890,57.041000366210940,9880000,57.041000366210940
2023-12-18,56.110000610351560,57.900001525878906,55.900001525878906,57.189998626708984,8503000,57.189998626708984
2023-12-19,58.349998474121094,59.041000366210940,56.451000213623050,57.130001068115234,8738000,57.130001068115234
2023-12-20,58.977001190185550,59.957000732421875,57.209999084472656,57.347000122070310,13785000,57.347000122070310
2023-12-21,58.810001373291016,59.131999969482420,57.439998626708984,58.194999694824220,7159000,58.194999694824220
2023-12-22,58.195999145507810,62.257999420166016,57.869998931884766,61.923999786376950,12620000,61.923999786376950
2023-12-26,60.949001312255860,61.555000305175780,59.648998260498050,60.388999938964844,12047000,60.388999938964844
2023-12-27,61.380001068115234,67.382003784179690,61.201000213623050,67.070999145507810,21273000,67.070999145507810
2023-12-28,65.469001770019530,68.934997558593750,65.351997375488280,66.788002014160160,15808000,66.788002014160160
2023-12-29,67.483001708984380,68.000000000000000,61.716999053955080,63.161998748779300,15818000,63.161998748779300
2024-01-02,69.249000549316400,72.777000427246100,68.000000000000000,68.514999389648440,22074000,68.514999389648440
2024-01-03,64.321998596191400,65.855003356933600,62.529998779296875,63.105998992919920,18806000,63.105998992919920
2024-01-04,63.860000610351560,66.800003051757810,62.845001220703125,65.581001281738280,11193000,65.581001281738280
2024-01-05,64.871002197265620,65.402999877929690,63.002998352050780,63.108001708984375,9323000,63.108001708984375
2024-01-08,64.000000000000000,64.688003540039060,58.652000427246094,59.800998687744140,25143000,59.800998687744140
2024-01-09,60.000000000000000,60.277999877929690,57.125000000000000,57.729000091552734,14346000,57.729000091552734
2024-01-10,56.667999267578125,58.700000762939450,55.383998870849610,56.567001342773440,16409000,56.567001342773440
2024-01-11,59.898998260498050,61.099998474121094,53.029998779296875,53.618000030517580,25704000,53.618000030517580
2024-01-12,52.501998901367190,52.589000701904300,48.099998474121094,48.553001403808594,27403000,48.553001403808594
2024-01-16,47.900001525878906,48.948001861572266,46.700000762939450,48.214000701904300,16453000,48.214000701904300
2024-01-17,47.423000335693360,49.909999847412110,47.423000335693360,49.900001525878906,9766000,49.900001525878906
2024-01-18,50.000000000000000,52.200000762939450,47.784999847412110,48.659999847412110,16605000,48.659999847412110
2024-01-19,48.450000762939450,48.720001220703125,46.500000000000000,48.099998474121094,11772000,48.099998474121094
2024-01-22,46.799999237060550,48.395999908447266,45.539001464843750,47.019001007080080,11431000,47.019001007080080
2024-01-23,45.000000000000000,45.981998443603516,43.874000549316406,45.019001007080080,11716000,45.019001007080080
2024-01-24,46.000000000000000,46.200000762939450,44.505001068115234,45.098999023437500,8233000,45.098999023437500
2024-01-25,45.231998443603516,46.400001525878906,44.589000701904300,45.777999877929690,6608000,45.777999877929690
2024-01-26,47.000000000000000,50.095001220703125,46.474998474121094,49.450000762939450,14660000,49.450000762939450
2024-01-29,50.000000000000000,52.497001647949220,49.020999908447266,51.381000518798830,13649000,51.381000518798830
2024-01-30,51.698001861572266,52.580001831054690,50.763999938964844,51.951000213623050,7388000,51.951000213623050
2024-01-31,50.799999237060550,52.789001464843750,49.943000793457030,50.120998382568360,9380000,50.120998382568360
2024-02-01,50.180000305175780,51.506000518798830,49.596000671386720,50.347999572753906,6281000,50.347999572753906
2024-02-02,49.724998474121094,50.900001525878906,49.099998474121094,50.009998321533200,6098000,50.009998321533200
2024-02-05,50.200000762939450,50.347999572753906,48.200000762939450,49.060001373291016,8599000,49.060001373291016
2024-02-06,49.330001831054690,50.918998718261720,49.312000274658200,49.799999237060550,6899000,49.799999237060550
2024-02-07,49.946998596191406,50.862998962402344,46.749000549316406,50.800998687744140,10997000,50.800998687744140
2024-02-08,53.000000000000000,58.846000671386720,52.505001068115234,58.780998229980470,22631000,58.780998229980470
2024-02-09,62.740001678466800,64.889999389648440,61.411998748779300,64.632003784179690,24685000,64.632003784179690
2024-02-12,65.198997497558600,72.527000427246100,65.016998291015620,71.751998901367190,23100000,71.751998901367190
2024-02-13,67.500000000000000,70.122001647949220,65.555000305175780,68.601997375488280,13915000,68.601997375488280
2024-02-14,74.599998474121100,77.484001159667970,73.416999816894530,76.987998962402340,20705000,76.987998962402340
2024-02-15,79.244003295898440,80.678001403808600,70.750999450683600,71.800003051757810,23828000,71.800003051757810
2024-02-16,73.500000000000000,74.000000000000000,68.938003540039060,69.956001281738280,13407000,69.956001281738280
2024-02-20,71.079002380371100,72.197998046875000,67.027000427246100,70.498001098632810,9680000,70.498001098632810
2024-02-21,68.430000305175780,68.538002014160160,66.426002502441400,67.279998779296880,6942000,67.279998779296880
2024-02-22,68.370002746582030,72.324996948242190,67.999000549316400,71.315002441406250,10425000,71.315002441406250
2024-02-23,69.901000976562500,70.429000854492190,67.805999755859380,68.744003295898440,7393000,68.744003295898440
2024-02-26,68.793998718261720,80.995002746582030,68.793998718261720,79.648002624511720,22695000,79.648002624511720
2024-02-27,86.610000610351560,89.000000000000000,84.176002502441400,87.180000305175780,22748000,87.180000305175780
2024-02-28,95.199996948242190,100.888000488281250,91.550003051757810,96.294998168945310,48388000,96.294998168945310
2024-02-29,99.900001525878900,104.000000000000000,96.043998718261720,102.283996582031250,35206000,102.283996582031250
2024-03-01,99.599998474121100,108.000000000000000,99.199996948242190,107.939002990722660,26964000,107.939002990722660
2024-03-04,120.000000000000000,135.990997314453120,119.000999450683600,133.401000976562500,54250000,133.401000976562500
2024-03-05,124.418998718261720,133.779006958007800,103.505996704101560,105.100997924804690,57366000,105.100997924804690
2024-03-06,114.000000000000000,128.554992675781250,113.110000610351560,124.621002197265620,36940000,124.621002197265620
2024-03-07,128.498001098632800,132.104003906250000,122.500000000000000,130.001998901367200,21677000,130.001998901367200
2024-03-08,132.804000854492200,145.173004150390620,128.365997314453120,142.559005737304700,37418000,142.559005737304700
2024-03-11,155.000000000000000,165.705993652343750,147.735000610351560,148.423004150390620,41024000,148.423004150390620
2024-03-12,154.399993896484380,159.496994018554700,143.800003051757800,159.335006713867200,35489000,159.335006713867200
2024-03-13,166.000000000000000,177.399993896484380,162.000000000000000,176.615005493164060,37759000,176.615005493164060
2024-03-14,170.800994873046880,174.600006103515620,155.076995849609380,167.684997558593750,49868000,167.684997558593750
2024-03-15,160.001007080078120,181.500000000000000,157.000000000000000,178.235992431640620,44750000,178.235992431640620
2024-03-18,171.845001220703120,173.490005493164060,144.501007080078120,150.276000976562500,45111000,150.276000976562500
2024-03-19,132.606994628906250,145.000000000000000,123.012001037597660,141.750000000000000,44644000,141.750000000000000
2024-03-20,142.300994873046880,155.000000000000000,136.300994873046880,154.651992797851560,33314000,154.651992797851560
2024-03-21,159.412002563476560,170.436004638671880,158.102005004882800,159.929000854492200,31590000,159.929000854492200
2024-03-22,152.000000000000000,159.449005126953120,149.000000000000000,152.300003051757800,20836000,152.300003051757800
2024-03-25,160.500000000000000,187.365005493164060,159.442001342773440,185.600006103515620,38840000,185.600006103515620
2024-03-26,188.242996215820300,190.949996948242200,179.199996948242200,187.699005126953120,23939000,187.699005126953120
2024-03-27,195.300003051757800,199.998992919921880,184.199996948242200,191.916000366210940,26226000,191.916000366210940
2024-03-28,194.300003051757800,198.899993896484380,164.552001953125000,170.455993652343750,45559000,170.455993652343750
2024-04-01,164.501007080078120,169.018997192382800,158.656005859375000,163.673995971679700,19930000,163.673995971679700
2024-04-02,149.199996948242200,159.229003906250000,146.294006347656250,157.882995605468750,18546000,157.882995605468750
2024-04-03,158.001007080078120,169.949005126953120,156.832000732421880,160.610992431640620,19772000,160.610992431640620
2024-04-04,169.298004150390620,173.972000122070300,161.009994506835940,161.542007446289060,20171000,161.542007446289060
2024-04-05,157.000000000000000,167.425003051757800,143.199996948242200,143.899993896484380,22740000,143.899993896484380
2024-04-08,160.210006713867200,162.378005981445300,149.119995117187500,151.298995971679700,20574000,151.298995971679700
2024-04-09,147.809997558593750,148.016998291015620,137.500000000000000,144.102005004882800,16659000,144.102005004882800
2024-04-10,138.750000000000000,156.600006103515620,137.376998901367200,156.600006103515620,19392000,156.600006103515620
2024-04-11,154.300003051757800,157.837005615234380,151.009002685546880,155.180999755859380,14386000,155.180999755859380
2024-04-12,153.500000000000000,153.781997680664060,143.300003051757800,147.957992553710940,12906000,147.957992553710940
2024-04-15,147.000000000000000,148.996994018554700,132.104995727539060,133.587997436523440,16125000,133.587997436523440
2024-04-16,130.602005004882800,132.850006103515620,121.514999389648440,125.402999877929690,17292000,125.402999877929690
2024-04-17,125.800003051757810,126.421997070312500,113.198997497558600,118.805000305175780,20374000,118.805000305175780
2024-04-18,119.199996948242190,128.787994384765620,116.843002319335940,120.816001892089840,17697000,120.816001892089840
2024-04-19,123.699996948242190,125.864997863769530,116.624000549316400,117.411003112792970,14747000,117.411003112792970
2024-04-22,120.900001525878900,134.789993286132800,120.800003051757810,132.401000976562500,19411000,132.401000976562500
2024-04-23,131.100006103515620,139.445007324218750,129.889007568359380,133.863998413085940,10478000,133.863998413085940
2024-04-24,132.701004028320300,134.500000000000000,126.000000000000000,126.567001342773440,9512000,126.567001342773440
2024-04-25,122.599998474121100,126.772003173828120,120.113998413085940,124.041000366210940,7734000,124.041000366210940
2024-04-26,122.500000000000000,128.597000122070300,120.401000976562500,128.238006591796880,8815000,128.238006591796880
2024-04-29,125.000000000000000,130.841995239257800,122.842002868652340,129.296997070312500,10131000,129.296997070312500
2024-04-30,119.901000976562500,121.541999816894530,106.317001342773440,106.502998352050780,24936000,106.502998352050780
2024-05-01,101.553001403808600,110.932998657226560,101.000000000000000,102.827003479003900,19249000,102.827003479003900
2024-05-02,105.500000000000000,114.230003356933600,104.176002502441400,112.942001342773440,15402000,112.942001342773440
2024-05-03,120.100997924804690,124.199996948242190,117.281997680664060,122.301002502441400,15610000,122.301002502441400
2024-05-06,127.385002136230470,133.899993896484380,126.010002136230470,126.880996704101560,13870000,126.880996704101560
2024-05-07,127.819999694824220,131.899993896484380,125.129997253417970,125.745002746582030,9968000,125.745002746582030
2024-05-08,119.838996887207030,125.989997863769530,119.000000000000000,123.311996459960940,8590000,123.311996459960940
2024-05-09,123.000000000000000,130.300003051757800,120.098999023437500,126.363998413085940,10534000,126.363998413085940
2024-05-10,128.998992919921880,130.199005126953120,117.852996826171880,118.047996520996100,14038000,118.047996520996100
2024-05-13,121.793998718261720,126.415000915527340,120.300003051757810,124.596000671386720,8757000,124.596000671386720
2024-05-14,122.648002624511720,129.869003295898440,122.648002624511720,129.763000488281250,9268000,129.763000488281250
2024-05-15,137.960006713867200,152.033996582031250,135.108993530273440,150.347000122070300,20586000,150.347000122070300
2024-05-16,149.410003662109380,151.889999389648440,143.544998168945300,143.998001098632800,13656000,143.998001098632800
2024-05-17,150.098007202148440,158.500000000000000,146.899993896484380,158.449996948242200,16529000,158.449996948242200
2024-05-20,159.699996948242200,172.895996093750000,155.141998291015620,172.723999023437500,16717000,172.723999023437500
2024-05-21,173.000000000000000,174.000000000000000,164.500000000000000,165.542007446289060,12978000,165.542007446289060
2024-05-22,166.300003051757800,171.800003051757800,162.014999389648440,164.699996948242200,10339000,164.699996948242200
2024-05-23,166.921005249023440,167.000000000000000,153.033004760742200,154.406997680664060,11588000,154.406997680664060
2024-05-24,154.000000000000000,168.500000000000000,152.800003051757800,168.483993530273440,12069000,168.483993530273440
2024-05-28,165.000000000000000,169.154998779296880,161.001998901367200,167.535003662109380,10799000,167.535003662109380
2024-05-29,165.000000000000000,165.906997680664060,161.117996215820300,161.869995117187500,7344000,161.869995117187500
2024-05-30,165.300003051757800,171.498992919921880,153.195999145507800,154.100006103515620,14708000,154.100006103515620
2024-05-31,159.699996948242200,161.481994628906250,144.199996948242200,152.449005126953120,22154000,152.449005126953120
2024-06-03,160.100006103515620,165.600006103515620,156.042007446289060,162.740997314453120,11222000,162.740997314453120
2024-06-04,161.742004394531250,169.699996948242200,161.500000000000000,163.876998901367200,13230000,163.876998901367200
2024-06-05,167.500000000000000,171.783996582031250,163.623992919921880,169.468994140625000,10956000,169.468994140625000
2024-06-06,169.858993530273440,173.470001220703120,164.705001831054700,165.662994384765620,11623000,165.662994384765620
2024-06-07,167.102005004882800,171.770004272460940,158.500000000000000,159.619995117187500,12627000,159.619995117187500
2024-06-10,157.501007080078120,164.776000976562500,156.029006958007800,159.992004394531250,7239000,159.992004394531250
2024-06-11,154.199996948242200,156.414993286132800,148.660003662109380,155.548995971679700,11412000,155.548995971679700
2024-06-12,162.000000000000000,169.270996093750000,159.177001953125000,160.367004394531250,13681000,160.367004394531250
2024-06-13,156.330001831054700,157.376007080078120,144.100997924804700,148.388000488281250,21108000,148.388000488281250
2024-06-14,150.500000000000000,153.800003051757800,146.151000976562500,149.554000854492200,13790000,149.554000854492200
2024-06-17,149.979995727539060,156.901000976562500,142.117004394531250,150.725997924804700,12076000,150.725997924804700
2024-06-18,145.792999267578120,151.095001220703120,144.600006103515620,146.942993164062500,8934000,146.942993164062500
2024-06-20,148.210998535156250,150.559005737304700,142.205993652343750,146.539993286132800,9098000,146.539993286132800
2024-06-21,142.000000000000000,149.104995727539060,140.901992797851560,148.376007080078120,11353000,148.376007080078120
2024-06-24,139.800003051757800,144.889999389648440,132.554000854492200,137.214996337890620,16081000,137.214996337890620
2024-06-25,141.376998901367200,149.899993896484380,139.339004516601560,149.574005126953120,13537000,149.574005126953120
2024-06-26,147.229003906250000,150.501998901367200,144.500000000000000,145.772994995117200,7502000,145.772994995117200
2024-06-27,148.500000000000000,153.899993896484380,146.350006103515620,152.539993286132800,9308000,152.539993286132800
2024-06-28,151.641998291015620,151.899993896484380,136.701995849609380,137.748001098632800,34113000,137.748001098632800
2024-07-01,141.000000000000000,143.595001220703120,136.307998657226560,136.597000122070300,14129000,136.597000122070300
2024-07-02,136.550994873046880,138.440994262695300,130.656997680664060,132.018997192382800,9229000,132.018997192382800
2024-07-03,129.800003051757800,132.800003051757800,127.347000122070310,130.208999633789060,6659000,130.208999633789060
2024-07-05,121.550003051757810,129.917007446289060,120.232002258300780,128.171997070312500,15029000,128.171997070312500
2024-07-08,131.453002929687500,132.500000000000000,125.877998352050780,129.057998657226560,8736000,129.057998657226560
2024-07-09,131.388000488281250,132.000000000000000,127.808998107910160,130.177001953125000,8903000,130.177001953125000
2024-07-10,131.970001220703120,134.500000000000000,129.600006103515620,130.572006225585940,6387000,130.572006225585940
2024-07-11,139.600006103515620,143.199996948242200,132.923995971679700,135.856002807617200,13513000,135.856002807617200
2024-07-12,133.919998168945300,143.539993286132800,132.419006347656250,139.675994873046880,10641000,139.675994873046880
2024-07-15,152.399993896484380,163.899993896484380,149.242996215820300,161.128005981445300,24671000,161.128005981445300
2024-07-16,161.500000000000000,167.578002929687500,157.639999389648440,166.429992675781250,15810000,166.429992675781250
2024-07-17,161.100006103515620,167.408004760742200,153.000000000000000,159.000000000000000,17212000,159.000000000000000
2024-07-18,163.389999389648440,163.699996948242200,151.625000000000000,155.516006469726560,10236000,155.516006469726560
2024-07-19,157.339996337890620,178.500000000000000,156.500000000000000,177.850006103515620,20458000,177.850006103515620
2024-07-22,178.401992797851560,181.065994262695300,173.613006591796880,180.009002685546880,15391000,180.009002685546880
2024-07-23,176.399002075195300,179.800003051757800,171.501998901367200,172.177001953125000,10747000,172.177001953125000
2024-07-24,175.000000000000000,176.951995849609380,166.701995849609380,167.268997192382800,13774000,167.268997192382800
2024-07-25,161.649993896484380,167.785995483398440,150.766006469726560,160.647003173828120,14772000,160.647003173828120
2024-07-26,170.000000000000000,177.697006225585940,168.600997924804700,175.270996093750000,14138000,175.270996093750000
2024-07-29,181.998992919921880,183.699996948242200,167.126998901367200,168.485000610351560,12802000,168.485000610351560
2024-07-30,168.798995971679700,169.500000000000000,159.248992919921880,160.406997680664060,9155000,160.406997680664060
2024-07-31,164.602996826171880,168.500000000000000,160.854995727539060,161.444000244140620,7534000,161.444000244140620
2024-08-01,161.500000000000000,163.436004638671880,148.201995849609380,151.180999755859380,11930000,151.180999755859380
2024-08-02,148.580993652343750,159.139999389648440,141.710006713867200,144.798995971679700,14126000,144.798995971679700
2024-08-05,105.165000915527340,135.427001953125000,102.402000427246100,130.899993896484380,22678000,130.899993896484380
2024-08-06,132.600006103515620,139.494003295898440,126.218002319335940,136.921005249023440,12260000,136.921005249023440
2024-08-07,140.878005981445300,142.158004760742200,124.013000488281250,124.684997558593750,10934000,124.684997558593750
2024-08-08,130.229995727539060,136.759994506835940,128.059997558593750,135.990005493164060,10378300,135.990005493164060
2024-08-09,135.889999389648440,136.690002441406250,129.550003051757800,135.369995117187500,7330400,135.369995117187500
2024-08-12,133.490005493164060,139.210006713867200,129.220001220703120,131.460006713867200,6932300,131.460006713867200
2024-08-13,132.279998779296880,140.000000000000000,130.259994506835940,135.380004882812500,8123100,135.380004882812500
2024-08-14,136.369995117187500,137.399993896484380,129.330001831054700,130.369995117187500,8535900,130.369995117187500
2024-08-15,132.699996948242200,139.000000000000000,130.729995727539060,131.929992675781250,10856900,131.929992675781250
2024-08-16,133.250000000000000,136.320007324218750,126.589996337890620,133.039993286132800,11360400,133.039993286132800
2024-08-19,133.699996948242200,137.440002441406250,131.160003662109380,135.350006103515620,6595700,135.350006103515620
2024-08-20,139.740005493164060,141.360000610351560,130.630004882812500,133.690002441406250,11274600,133.690002441406250
2024-08-21,134.339996337890620,142.580001831054700,132.869995117187500,141.419998168945300,11774500,141.419998168945300
2024-08-22,141.389999389648440,141.779998779296880,133.690002441406250,133.809997558593750,7963400,133.809997558593750
2024-08-23,137.399993896484380,151.809997558593750,135.509994506835940,150.009994506835940,17791300,150.009994506835940
2024-08-26,148.119995117187500,152.350006103515620,146.600006103515620,146.899993896484380,10418800,146.899993896484380
2024-08-27,144.479995727539060,145.240005493164060,138.190002441406250,140.009994506835940,10943100,140.009994506835940
2024-08-28,138.160003662109380,138.399993896484380,130.729995727539060,132.089996337890620,8860100,132.089996337890620
2024-08-29,137.000000000000000,139.429992675781250,131.000000000000000,132.559997558593750,8431400,132.559997558593750
2024-08-30,134.000000000000000,135.250000000000000,128.300003051757800,132.419998168945300,7803000,132.419998168945300
2024-09-03,132.000000000000000,132.729995727539060,122.190002441406250,122.319999694824220,8258800,122.319999694824220
2024-09-04,120.250000000000000,125.980003356933600,117.940002441406250,124.849998474121100,8191100,124.849998474121100
2024-09-05,122.349998474121100,126.830001831054690,119.430000305175780,119.569999694824220,6066600,119.569999694824220
2024-09-06,122.930000305175780,124.690002441406250,113.690002441406250,114.300003051757810,8795500,114.300003051757810
2024-09-09,118.930000305175780,125.230003356933600,117.500000000000000,124.819999694824220,9771200,124.819999694824220
2024-09-10,123.000000000000000,129.820007324218750,121.550003051757810,129.639999389648440,7738000,129.639999389648440
2024-09-11,124.809997558593750,131.000000000000000,121.300003051757810,129.279998779296880,8731200,129.279998779296880
2024-09-12,129.000000000000000,134.100006103515620,127.269996643066400,130.770004272460940,6031600,130.770004272460940
2024-09-13,131.100006103515620,143.000000000000000,129.839996337890620,141.470001220703120,12239100,141.470001220703120
2024-09-16,137.020004272460940,137.880004882812500,132.669998168945300,134.529998779296880,8765900,134.529998779296880
2024-09-17,138.369995117187500,140.160003662109380,128.820007324218750,131.270004272460940,21043400,131.270004272460940
2024-09-18,130.440002441406250,139.490005493164060,128.509994506835940,132.669998168945300,16345600,132.669998168945300
2024-09-19,140.449996948242200,148.960006713867200,139.619995117187500,144.660003662109380,20177300,144.660003662109380
2024-09-20,144.389999389648440,148.029998779296880,141.639999389648440,144.779998779296880,12332300,144.779998779296880
2024-09-23,147.479995727539060,151.589996337890620,145.009994506835940,149.970001220703120,10090300,149.970001220703120
2024-09-24,150.160003662109380,154.330001831054700,146.710006713867200,153.880004882812500,9365200,153.880004882812500
2024-09-25,152.300003051757800,157.880004882812500,151.500000000000000,151.940002441406250,7839400,151.940002441406250
2024-09-26,157.630004882812500,167.509994506835940,156.380004882812500,165.979995727539060,17068500,165.979995727539060
2024-09-27,170.479995727539060,179.600006103515620,168.309997558593750,176.220001220703120,17321200,176.220001220703120
2024-09-30,168.630004882812500,175.509994506835940,167.309997558593750,168.600006103515620,13338100,168.600006103515620
2024-10-01,168.520004272460940,169.429992675781250,157.020004272460940,162.690002441406250,14103300,162.690002441406250
2024-10-02,160.509994506835940,173.880004882812500,159.160003662109380,164.639999389648440,12557500,164.639999389648440
2024-10-03,163.389999389648440,165.860000610351560,157.820007324218750,163.410003662109380,8814200,163.410003662109380
2024-10-04,166.720001220703120,176.550003051757800,163.970001220703120,176.509994506835940,14030100,176.509994506835940
2024-10-07,179.710006713867200,191.990005493164060,178.800003051757800,186.089996337890620,19826000,186.089996337890620
2024-10-08,186.100006103515620,198.490005493164060,184.449996948242200,192.199996948242200,20984800,192.199996948242200
2024-10-09,189.770004272460940,198.389999389648440,185.250000000000000,188.910003662109380,13445300,188.910003662109380
2024-10-10,191.889999389648440,192.199996948242200,178.000000000000000,183.339996337890620,15937500,183.339996337890620
2024-10-11,188.500000000000000,212.809997558593750,187.410003662109380,212.589996337890620,29933800,212.589996337890620
2024-10-14,224.479995727539060,227.149993896484380,201.429992675781250,201.669998168945300,31736600,201.669998168945300
2024-10-15,206.729995727539060,211.160003662109380,189.699996948242200,194.309997558593750,23114600,194.309997558593750
2024-10-16,199.899993896484380,200.619995117187500,191.960006713867200,194.089996337890620,12434600,194.089996337890620
2024-10-17,192.800003051757800,198.880004882812500,185.809997558593750,193.419998168945300,11414300,193.419998168945300
2024-10-18,197.589996337890620,218.649993896484380,197.100006103515620,215.860000610351560,22814800,215.860000610351560
2024-10-21,214.490005493164060,223.149993896484380,208.449996948242200,219.050003051757800,18028600,219.050003051757800
2024-10-22,216.210006713867200,221.399993896484380,212.080001831054700,219.699996948242200,13758100,219.699996948242200
2024-10-23,215.080001831054700,222.850006103515620,204.910003662109380,213.949996948242200,17025500,213.949996948242200
2024-10-24,220.089996337890620,236.289993286132800,218.250000000000000,235.889999389648440,23221500,235.889999389648440
2024-10-25,236.389999389648440,245.570007324218750,227.750000000000000,234.339996337890620,25093200,234.339996337890620
2024-10-28,244.639999389648440,259.500000000000000,242.770004272460940,255.339996337890620,23182000,255.339996337890620
2024-10-29,264.250000000000000,267.890014648437500,251.240005493164060,258.239990234375000,25958500,258.239990234375000
2024-10-30,246.500000000000000,255.800003051757800,239.000000000000000,247.309997558593750,20593300,247.309997558593750
2024-10-31,251.119995117187500,252.880004882812500,237.000000000000000,244.500000000000000,21954100,244.500000000000000
2024-11-01,245.330001831054700,255.750000000000000,225.929992675781250,229.710006713867200,26258900,229.710006713867200
2024-11-04,226.970001220703120,231.679992675781250,220.820007324218750,222.990005493164060,13438800,222.990005493164060
2024-11-05,233.339996337890620,243.460006713867200,225.429992675781250,227.800003051757800,17993900,227.800003051757800
2024-11-06,260.000000000000000,261.200012207031250,242.690002441406250,257.809997558593750,26270400,257.809997558593750
2024-11-07,256.799987792968750,280.799987792968750,252.699996948242200,270.809997558593750,23931700,270.809997558593750
2024-11-08,275.579986572265600,279.380004882812500,262.600006103515600,270.420013427734400,18764200,270.420013427734400
2024-11-11,297.000000000000000,351.730010986328100,293.299987792968750,340.000000000000000,47315700,340.000000000000000
2024-11-12,334.769989013671900,360.890014648437500,325.500000000000000,356.589996337890600,39705800,356.589996337890600
2024-11-13,366.980010986328100,383.399993896484400,321.700012207031250,328.380004882812500,46238500,328.380004882812500
2024-11-14,341.769989013671900,348.000000000000000,318.619995117187500,327.670013427734400,26605700,327.670013427734400
2024-11-15,336.600006103515600,349.940002441406250,324.100006103515600,340.649993896484400,25842000,340.649993896484400
2024-11-18,345.420013427734400,388.489990234375000,339.380004882812500,384.790008544921900,32612800,384.790008544921900
2024-11-19,389.500000000000000,449.000000000000000,381.000000000000000,430.540008544921900,50954500,430.540008544921900
2024-11-20,463.399993896484400,504.829986572265600,457.299987792968750,473.829986572265600,70212600,473.829986572265600
2024-11-21,535.630004882812500,543.000000000000000,371.839996337890600,397.279998779296900,100444000,397.279998779296900
2024-11-22,403.600006103515600,453.000000000000000,393.100006103515600,421.880004882812500,55935000,421.880004882812500
2024-11-25,440.750000000000000,440.750000000000000,383.799987792968750,403.450012207031250,40180400,403.450012207031250
2024-11-26,382.779998779296900,403.000000000000000,338.670013427734400,353.690002441406250,47891000,353.690002441406250
2024-11-27,384.290008544921900,397.660003662109400,372.500000000000000,388.839996337890600,34921200,388.839996337890600
2024-11-29,405.750000000000000,417.619995117187500,381.000000000000000,387.470001220703100,21987600,387.470001220703100
2024-12-02,393.640014648437500,398.790008544921900,374.359985351562500,380.299987792968750,23404300,380.299987792968750
2024-12-03,367.850006103515600,393.119995117187500,362.670013427734400,373.429992675781250,22817500,373.429992675781250
2024-12-04,380.000000000000000,409.970001220703100,365.600006103515600,406.000000000000000,29862200,406.000000000000000
2024-12-05,440.119995117187500,444.940002441406250,379.350006103515600,386.399993896484400,46189800,386.399993896484400
2024-12-06,395.290008544921900,405.000000000000000,384.019989013671900,395.010009765625000,26206200,395.010009765625000
2024-12-09,394.000000000000000,399.799987792968750,363.440002441406250,365.339996337890600,22606100,365.339996337890600
2024-12-10,373.369995117187500,379.799987792968750,356.049987792968750,377.320007324218750,20139900,377.320007324218750
2024-12-11,385.660003662109400,412.679992675781250,385.500000000000000,411.399993896484400,27594400,411.399993896484400
2024-12-12,413.709991455078100,415.799987792968750,386.109985351562500,392.190002441406250,21074300,392.190002441406250
2024-12-13,400.070007324218750,409.709991455078100,388.880004882812500,408.670013427734400,21536900,408.670013427734400
2024-12-16,424.869995117187500,437.609985351562500,406.459991455078100,408.500000000000000,31099400,408.500000000000000
2024-12-17,413.450012207031250,415.679992675781250,386.010009765625000,386.420013427734400,21822000,386.420013427734400
2024-12-18,386.000000000000000,390.320007324218750,338.000000000000000,349.640014648437500,24422900,349.640014648437500
2024-12-19,365.440002441406250,367.500000000000000,323.480010986328100,326.459991455078100,26922900,326.459991455078100
2024-12-20,319.369995117187500,364.880004882812500,317.000000000000000,364.200012207031250,44889900,364.200012207031250
2024-12-23,358.000000000000000,359.739990234375000,329.079986572265600,332.230010986328100,21742500,332.230010986328100
2024-12-24,343.500000000000000,361.000000000000000,342.700012207031250,358.179992675781250,16377800,358.179992675781250
2024-12-26,350.309997558593750,351.799987792968750,340.000000000000000,341.049987792968750,13249000,341.049987792968750
2024-12-27,342.299987792968750,342.709991455078100,323.200012207031250,330.000000000000000,13778500,330.000000000000000
2024-12-30,319.399993896484400,320.010009765625000,301.750000000000000,302.959991455078100,25771200,302.959991455078100
2024-12-31,316.959991455078100,317.910003662109400,285.010009765625000,289.619995117187500,22486100,289.619995117187500
2025-01-02,300.109985351562500,310.799987792968750,292.320007324218750,300.010009765625000,17933900,300.010009765625000
2025-01-03,303.000000000000000,343.399993896484400,301.769989013671900,339.660003662109400,25039000,339.660003662109400
2025-01-06,349.850006103515600,383.019989013671900,335.500000000000000,379.089996337890600,26707300,379.089996337890600
2025-01-07,366.470001220703100,371.279998779296900,335.299987792968750,341.429992675781250,24736800,341.429992675781250
2025-01-08,335.250000000000000,344.390014648437500,317.220001220703100,331.700012207031250,18274800,331.700012207031250
2025-01-10,330.309997558593750,337.000000000000000,317.910003662109400,327.910003662109400,16478700,327.910003662109400
2025-01-13,309.950012207031250,329.600006103515600,303.799987792968750,328.399993896484400,15914500,328.399993896484400
2025-01-14,343.000000000000000,354.899993896484400,331.299987792968750,342.170013427734400,17889500,342.170013427734400
2025-01-15,357.809997558593750,368.420013427734400,353.010009765625000,360.619995117187500,19941300,360.619995117187500
2025-01-16,357.890014648437500,370.260009765625000,345.799987792968750,367.000000000000000,14826600,367.000000000000000
2025-01-17,383.279998779296900,398.679992675781250,380.149993896484400,396.500000000000000,24339100,396.500000000000000
2025-01-21,395.459991455078100,404.420013427734400,367.760009765625000,389.100006103515600,26215800,389.100006103515600
2025-01-22,384.910003662109400,390.350006103515600,371.049987792968750,377.309997558593750,16000300,377.309997558593750
2025-01-23,371.750000000000000,390.200012207031250,370.700012207031250,373.119995117187500,23306500,373.119995117187500
2025-01-24,377.670013427734400,378.109985351562500,351.000000000000000,353.670013427734400,22943800,353.670013427734400
2025-01-27,340.500000000000000,356.880004882812500,322.299987792968750,347.920013427734400,21224400,347.920013427734400
2025-01-28,344.679992675781250,348.920013427734400,333.089996337890600,335.929992675781250,11461400,335.929992675781250
2025-01-29,338.200012207031250,343.630004882812500,329.329986572265600,341.250000000000000,11716800,341.250000000000000
2025-01-30,345.829986572265600,356.109985351562500,338.519989013671900,340.089996337890600,12607800,340.089996337890600
2025-01-31,340.109985351562500,352.709991455078100,332.000000000000000,334.790008544921900,15533300,334.790008544921900
2025-02-03,310.000000000000000,348.850006103515600,308.899993896484400,347.089996337890600,18207300,347.089996337890600
2025-02-04,341.200012207031250,353.790008544921900,340.450012207031250,348.309997558593750,12486000,348.309997558593750
2025-02-05,349.000000000000000,352.359985351562500,333.549987792968750,336.700012207031250,10874100,336.700012207031250
2025-02-06,338.700012207031250,344.500000000000000,320.709991455078100,325.459991455078100,12795200,325.459991455078100
2025-02-07,335.000000000000000,344.399993896484400,327.000000000000000,327.559997558593750,15049700,327.559997558593750
2025-02-10,333.500000000000000,340.380004882812500,328.299987792968750,334.619995117187500,10104100,334.619995117187500
2025-02-11,332.980010986328100,338.500000000000000,318.700012207031250,319.459991455078100,12017200,319.459991455078100
2025-02-12,315.959991455078100,331.170013427734400,314.190002441406250,326.820007324218750,9837900,326.820007324218750
2025-02-13,325.500000000000000,330.589996337890600,317.350006103515600,324.920013427734400,9848100,324.920013427734400
2025-02-14,325.149993896484400,344.890014648437500,323.709991455078100,337.730010986328100,13912800,337.730010986328100
2025-02-18,337.350006103515600,340.489990234375000,326.790008544921900,333.970001220703100,10179800,333.970001220703100
2025-02-19,337.299987792968750,340.190002441406250,317.220001220703100,318.670013427734400,17043100,318.670013427734400
2025-02-20,323.730010986328100,327.829986572265600,314.950012207031250,323.920013427734400,12291700,323.920013427734400
2025-02-21,327.929992675781250,329.000000000000000,299.040008544921900,299.690002441406250,17930800,299.690002441406250
2025-02-24,304.000000000000000,304.040008544921900,276.399993896484400,282.760009765625000,17974900,282.760009765625000
2025-02-25,268.100006103515600,270.290008544921900,243.699996948242200,250.509994506835940,31379600,250.509994506835940
2025-02-26,245.389999389648440,264.459991455078100,244.009994506835940,263.269989013671900,19876900,263.269989013671900
2025-02-27,267.429992675781250,271.459991455078100,239.479995727539060,240.050003051757800,18520300,240.050003051757800
2025-02-28,238.320007324218750,257.500000000000000,231.919998168945300,255.429992675781250,22662600,255.429992675781250
2025-03-03,293.149993896484400,295.100006103515600,246.100006103515620,250.919998168945300,30575700,250.919998168945300
2025-03-04,240.279998779296880,293.040008544921900,237.009994506835940,275.149993896484400,30130200,275.149993896484400
2025-03-05,278.309997558593750,311.279998779296900,271.769989013671900,308.549987792968750,26199800,308.549987792968750
2025-03-06,298.950012207031250,320.940002441406250,292.170013427734400,304.109985351562500,25309500,304.109985351562500
2025-03-07,298.149993896484400,310.440002441406250,281.440002441406250,287.179992675781250,22764500,287.179992675781250
2025-03-10,268.000000000000000,272.000000000000000,231.619995117187500,239.270004272460940,31478300,239.270004272460940
2025-03-11,245.000000000000000,263.100006103515600,231.509994506835940,260.589996337890600,22076100,260.589996337890600
2025-03-12,264.600006103515600,269.769989013671900,248.220001220703120,262.549987792968750,14328600,262.549987792968750
2025-03-13,262.000000000000000,270.399993896484400,253.759994506835940,263.260009765625000,13804700,263.260009765625000
2025-03-14,273.989990234375000,298.700012207031250,272.619995117187500,297.489990234375000,23714000,297.489990234375000
2025-03-17,292.149993896484400,296.809997558593750,281.600006103515600,294.269989013671900,12998700,294.269989013671900
2025-03-18,283.200012207031250,290.989990234375000,272.500000000000000,283.190002441406250,15398200,283.190002441406250
2025-03-19,290.299987792968750,309.079986572265600,287.119995117187500,304.230010986328100,19378800,304.230010986328100
2025-03-20,298.790008544921900,309.399993896484400,293.399993896484400,302.070007324218750,15058100,302.070007324218750
2025-03-21,295.700012207031250,306.390014648437500,293.049987792968750,304.000000000000000,21774000,304.000000000000000
2025-03-24,316.140014648437500,336.769989013671900,311.359985351562500,335.720001220703100,23099700,335.720001220703100
2025-03-25,333.480010986328100,343.589996337890600,329.500000000000000,341.809997558593750,15053700,341.809997558593750
2025-03-26,336.500000000000000,340.339996337890600,319.730010986328100,329.309997558593750,16732400,329.309997558593750
2025-03-27,322.529998779296900,333.489990234375000,318.000000000000000,324.589996337890600,13838300,324.589996337890600
2025-03-28,318.380004882812500,320.799987792968750,289.250000000000000,289.410003662109400,21058900,289.410003662109400
2025-03-31,281.869995117187500,294.890014648437500,272.799987792968750,288.269989013671900,14866300,288.269989013671900
2025-04-01,293.529998779296900,307.600006103515600,280.649993896484400,306.019989013671900,16780100,306.019989013671900
2025-04-02,297.859985351562500,319.470001220703100,296.980010986328100,312.540008544921900,16293800,312.540008544921900
2025-04-03,286.750000000000000,299.220001220703100,276.029998779296900,282.279998779296900,18223000,282.279998779296900
2025-04-04,285.019989013671900,299.140014648437500,265.299987792968750,293.609985351562500,24847100,293.609985351562500
2025-04-07,260.140014648437500,297.600006103515600,252.600006103515620,268.140014648437500,28449300,268.140014648437500
2025-04-08,278.149993896484400,282.839996337890600,235.929992675781250,237.949996948242200,22952700,237.949996948242200
2025-04-09,242.020004272460940,302.339996337890600,241.690002441406250,296.859985351562500,38346400,296.859985351562500
2025-04-10,282.500000000000000,288.309997558593750,261.369995117187500,272.339996337890600,19237800,272.339996337890600
2025-04-11,281.299987792968750,304.149993896484400,276.299987792968750,299.980010986328100,21334100,299.980010986328100
2025-04-14,309.799987792968750,314.600006103515600,300.100006103515600,311.450012207031250,15635400,311.450012207031250
2025-04-15,312.220001220703100,319.750000000000000,306.809997558593750,310.720001220703100,11217800,310.720001220703100
2025-04-16,306.059997558593750,318.600006103515600,304.000000000000000,311.660003662109400,12847200,311.660003662109400
2025-04-17,313.890014648437500,320.000000000000000,306.000000000000000,317.200012207031250,13511100,317.200012207031250
2025-04-21,324.989990234375000,330.989990234375000,309.000000000000000,317.760009765625000,16053200,317.760009765625000
2025-04-22,328.709991455078100,348.959991455078100,327.010009765625000,343.029998779296900,24036500,343.029998779296900
2025-04-23,354.700012207031250,355.829986572265600,339.000000000000000,345.730010986328100,16690700,345.730010986328100
2025-04-24,344.970001220703100,351.029998779296900,343.239990234375000,350.339996337890600,10781400,350.339996337890600
2025-04-25,354.000000000000000,373.230010986328100,353.119995117187500,368.709991455078100,19338600,368.709991455078100
2025-04-28,373.290008544921900,373.660003662109400,354.529998779296900,369.250000000000000,11490900,369.250000000000000
2025-04-29,369.019989013671900,383.950012207031250,366.799987792968750,381.450012207031250,13038800,381.450012207031250
2025-04-30,373.779998779296900,384.000000000000000,362.390014648437500,380.109985351562500,13762900,380.109985351562500
2025-05-01,392.290008544921900,403.899993896484400,381.029998779296900,381.600006103515600,16944100,381.600006103515600
2025-05-02,393.880004882812500,401.700012207031250,387.510009765625000,394.369995117187500,15948000,394.369995117187500
2025-05-05,383.329986572265600,391.929992675781250,374.200012207031250,386.529998779296900,14424100,386.529998779296900
2025-05-06,378.559997558593750,387.859985351562500,377.769989013671900,385.600006103515600,9695600,385.600006103515600
2025-05-07,393.799987792968750,396.350006103515600,388.260009765625000,392.480010986328100,10555300,392.480010986328100
2025-05-08,408.170013427734400,423.109985351562500,404.500000000000000,414.380004882812500,22135600,414.380004882812500
2025-05-09,420.000000000000000,430.350006103515600,406.220001220703100,416.029998779296900,17161800,416.029998779296900
2025-05-12,420.920013427734400,422.040008544921900,400.829986572265600,404.899993896484400,16245500,404.899993896484400
2025-05-13,412.549987792968750,422.549987792968750,404.119995117187500,421.609985351562500,12925000,421.609985351562500
2025-05-14,420.399993896484400,425.940002441406250,410.410003662109400,416.750000000000000,10722700,416.750000000000000
2025-05-15,411.700012207031250,415.359985351562500,394.140014648437500,397.029998779296900,14674700,397.029998779296900
2025-05-16,399.000000000000000,406.899993896484400,389.010009765625000,399.799987792968750,12461100,399.799987792968750
2025-05-19,392.809997558593750,414.589996337890600,392.619995117187500,413.420013427734400,12822000,413.420013427734400
2025-05-20,413.500000000000000,417.850006103515600,406.100006103515600,416.920013427734400,11532200,416.920013427734400
2025-05-21,415.920013427734400,423.339996337890600,395.529998779296900,402.690002441406250,18698500,402.690002441406250
2025-05-22,413.200012207031250,426.320007324218750,398.910003662109400,399.459991455078100,16511400,399.459991455078100
2025-05-23,391.510009765625000,392.190002441406250,367.309997558593750,369.510009765625000,21448800,369.510009765625000
2025-05-27,381.119995117187500,381.299987792968750,364.179992675781250,372.200012207031250,14116000,372.200012207031250
2025-05-28,368.529998779296900,370.649993896484400,358.500000000000000,364.250000000000000,9936800,364.250000000000000
2025-05-29,370.790008544921900,373.859985351562500,362.739990234375000,370.630004882812500,10175500,370.630004882812500
2025-05-30,369.000000000000000,372.559997558593750,359.160003662109400,369.059997558593750,12564000,369.059997558593750
2025-06-02,367.890014648437500,378.429992675781250,367.019989013671900,372.269989013671900,8102800,372.269989013671900
2025-06-03,379.399993896484400,391.010009765625000,371.369995117187500,387.429992675781250,11351800,387.429992675781250
2025-06-04,385.799987792968750,386.119995117187500,375.660003662109400,378.100006103515600,8472200,378.100006103515600
2025-06-05,383.850006103515600,385.380004882812500,364.299987792968750,368.790008544921900,11871400,368.790008544921900
2025-06-06,377.399993896484400,380.600006103515600,369.709991455078100,374.470001220703100,9384200,374.470001220703100
2025-06-09,380.679992675781250,394.790008544921900,377.600006103515600,392.119995117187500,10924600,392.119995117187500
2025-06-10,393.239990234375000,394.000000000000000,383.600006103515600,391.179992675781250,7074800,391.179992675781250
2025-06-11,391.230010986328100,392.769989013671900,380.500000000000000,387.109985351562500,6812200,387.109985351562500
2025-06-12,378.399993896484400,391.220001220703100,373.980010986328100,379.760009765625000,9423900,379.760009765625000
2025-06-13,375.230010986328100,383.559997558593750,370.619995117187500,382.869995117187500,9378900,382.869995117187500
2025-06-16,387.609985351562500,388.149993896484400,377.399993896484400,382.250000000000000,8105200,382.250000000000000
2025-06-17,375.260009765625000,378.480010986328100,367.000000000000000,375.179992675781250,11218500,375.179992675781250
2025-06-18,371.429992675781250,374.910003662109400,367.420013427734400,369.029998779296900,9200500,369.029998779296900
2025-06-20,372.750000000000000,376.100006103515600,365.109985351562500,369.700012207031250,12821800,369.700012207031250
2025-06-23,362.480010986328100,370.299987792968750,358.799987792968750,367.179992675781250,10614700,367.179992675781250
2025-06-24,373.679992675781250,384.359985351562500,371.000000000000000,377.019989013671900,10174900,377.019989013671900
2025-06-25,384.829986572265600,389.489990234375000,379.309997558593750,388.670013427734400,10606600,388.670013427734400
2025-06-26,386.350006103515600,392.670013427734400,384.149993896484400,386.440002441406250,10202300,386.440002441406250
2025-06-27,385.230010986328100,397.989990234375000,383.410003662109400,383.880004882812500,18694400,383.880004882812500
2025-06-30,389.779998779296900,407.390014648437500,384.250000000000000,404.230010986328100,13752900,404.230010986328100
2025-07-01,395.700012207031250,397.869995117187500,372.910003662109400,373.299987792968750,17289600,373.299987792968750
2025-07-02,383.339996337890600,405.299987792968750,379.880004882812500,402.279998779296900,17454400,402.279998779296900
2025-07-03,400.869995117187500,414.600006103515600,400.399993896484400,403.989990234375000,10013900,403.989990234375000
2025-07-07,402.640014648437500,405.640014648437500,395.200012207031250,395.670013427734400,8848200,395.670013427734400
2025-07-08,399.690002441406250,402.200012207031250,393.209991455078100,396.940002441406250,7022700,396.940002441406250
2025-07-09,401.600006103515600,416.339996337890600,395.950012207031250,415.410003662109400,13065400,415.410003662109400
2025-07-10,412.570007324218750,422.399993896484400,411.200012207031250,421.739990234375000,13208600,421.739990234375000
2025-07-11,430.540008544921900,438.839996337890600,423.500000000000000,434.579986572265600,18448500,434.579986572265600
2025-07-14,447.200012207031250,456.450012207031250,440.649993896484400,451.019989013671900,17952500,451.019989013671900
2025-07-15,445.220001220703100,456.660003662109400,441.019989013671900,442.309997558593750,14315400,442.309997558593750
2025-07-16,448.309997558593750,457.220001220703100,445.559997558593750,455.899993896484400,10575400,455.899993896484400
2025-07-17,451.679992675781250,456.000000000000000,446.579986572265600,451.339996337890600,8901400,451.339996337890600
2025-07-18,451.720001220703100,454.329986572265600,422.220001220703100,423.220001220703100,19105400,423.220001220703100
2025-07-21,430.100006103515600,437.000000000000000,425.019989013671900,426.279998779296900,9984500,426.279998779296900
2025-07-22,428.850006103515600,433.940002441406250,413.600006103515600,426.399993896484400,10524200,426.399993896484400
2025-07-23,422.829986572265600,424.000000000000000,406.100006103515600,412.670013427734400,12990000,412.670013427734400
2025-07-24,414.579986572265600,419.950012207031250,406.170013427734400,414.920013427734400,7407300,414.920013427734400
2025-07-25,405.670013427734400,410.950012207031250,402.200012207031250,405.890014648437500,8380200,405.890014648437500
2025-07-28,416.950012207031250,417.010009765625000,403.459991455078100,403.799987792968750,6996500,403.799987792968750
2025-07-29,405.959991455078100,407.000000000000000,390.410003662109400,394.660003662109400,10580000,394.660003662109400
2025-07-30,396.779998779296900,404.390014648437500,392.589996337890600,395.040008544921900,7543800,395.040008544921900
2025-07-31,399.130004882812500,410.809997558593750,397.079986572265600,401.859985351562500,10467500,401.859985351562500
2025-08-01,390.410003662109400,392.640014648437500,365.700012207031250,366.630004882812500,21808900,366.630004882812500
2025-08-04,372.769989013671900,390.019989013671900,366.200012207031250,389.239990234375000,12362400,389.239990234375000
2025-08-05,384.179992675781250,388.309997558593750,373.350006103515600,375.459991455078100,8467100,375.459991455078100
2025-08-06,374.750000000000000,384.420013427734400,373.000000000000000,383.410003662109400,7242600,383.410003662109400
2025-08-07,388.399993896484400,406.239990234375000,387.140014648437500,402.010009765625000,13051200,402.010009765625000
2025-08-08,397.600006103515600,409.649993896484400,389.029998779296900,395.130004882812500,11200100,395.130004882812500
2025-08-11,403.920013427734400,414.359985351562500,398.920013427734400,400.250000000000000,10394400,400.250000000000000
2025-08-12,400.500000000000000,401.670013427734400,390.140014648437500,394.390014648437500,8333600,394.390014648437500
2025-08-13,397.730010986328100,399.440002441406250,383.549987792968750,389.899993896484400,10884900,389.899993896484400
2025-08-14,380.000000000000000,381.000000000000000,365.000000000000000,372.940002441406250,16461700,372.940002441406250
2025-08-15,372.209991455078100,372.619995117187500,360.029998779296900,366.320007324218750,13125300,366.320007324218750
2025-08-18,359.950012207031250,367.570007324218750,358.010009765625000,363.600006103515600,9002000,363.600006103515600
2025-08-19,363.190002441406250,364.630004882812500,333.399993896484400,336.570007324218750,18254600,336.570007324218750
2025-08-20,339.380004882812500,345.500000000000000,325.559997558593750,344.369995117187500,13807200,344.369995117187500
2025-08-21,340.000000000000000,343.269989013671900,334.850006103515600,337.579986572265600,8398500,337.579986572265600
2025-08-22,335.200012207031250,359.529998779296900,332.609985351562500,358.130004882812500,17386900,358.130004882812500
2025-08-25,344.910003662109400,351.510009765625000,339.209991455078100,343.200012207031250,10983400,343.200012207031250
2025-08-26,341.809997558593750,351.989990234375000,340.679992675781250,351.359985351562500,9144200,351.359985351562500
2025-08-27,348.679992675781250,351.769989013671900,341.839996337890600,342.059997558593750,8454300,342.059997558593750
2025-08-28,346.160003662109400,348.170013427734400,336.649993896484400,338.839996337890600,8116100,338.839996337890600
2025-08-29,334.600006103515600,339.630004882812500,332.640014648437500,334.410003662109400,10162300,334.410003662109400
2025-09-02,334.929992675781250,348.600006103515600,331.570007324218750,341.619995117187500,11123000,341.619995117187500
2025-09-03,341.769989013671900,344.500000000000000,327.609985351562500,330.260009765625000,9180200,330.260009765625000
2025-09-04,330.000000000000000,332.559997558593750,317.750000000000000,327.589996337890600,10530000,327.589996337890600
2025-09-05,334.809997558593750,337.200012207031250,320.000000000000000,335.869995117187500,14047600,335.869995117187500
2025-09-08,328.109985351562500,333.100006103515600,321.500000000000000,329.899993896484400,9954500,329.899993896484400
2025-09-09,330.230010986328100,331.959991455078100,324.450012207031250,328.529998779296900,6587800,328.529998779296900
2025-09-10,332.799987792968750,340.010009765625000,321.959991455078100,326.450012207031250,9741400,326.450012207031250
2025-09-11,326.869995117187500,329.750000000000000,322.769989013671900,326.019989013671900,7506900,326.019989013671900
2025-09-12,329.149993896484400,336.130004882812500,327.600006103515600,331.440002441406250,10809900,331.440002441406250
2025-09-15,329.399993896484400,331.329986572265600,320.450012207031250,327.790008544921900,9527700,327.790008544921900
2025-09-16,329.230010986328100,335.440002441406250,324.839996337890600,335.089996337890600,8651300,335.089996337890600
2025-09-17,335.660003662109400,340.109985351562500,323.209991455078100,329.709991455078100,9691000,329.709991455078100
2025-09-18,335.859985351562500,358.250000000000000,334.630004882812500,349.119995117187500,19697300,349.119995117187500
2025-09-19,347.450012207031250,352.920013427734400,337.070007324218750,344.750000000000000,17699700,344.750000000000000
2025-09-22,337.019989013671900,341.589996337890600,329.000000000000000,335.929992675781250,10053500,335.929992675781250
2025-09-23,337.059997558593750,339.000000000000000,327.769989013671900,327.779998779296900,9468800,327.779998779296900
2025-09-24,330.630004882812500,337.059997558593750,323.140014648437500,323.309997558593750,9153100,323.309997558593750
2025-09-25,316.609985351562500,317.000000000000000,292.359985351562500,300.700012207031250,22087000,300.700012207031250
2025-09-26,301.299987792968750,310.000000000000000,297.709991455078100,309.059997558593750,11693400,309.059997558593750
2025-09-29,313.730010986328100,327.989990234375000,311.000000000000000,326.420013427734400,12652000,326.420013427734400
2025-09-30,320.829986572265600,324.500000000000000,316.190002441406250,322.209991455078100,7798800,322.209991455078100
2025-10-01,332.470001220703100,343.730010986328100,331.200012207031250,338.410003662109400,13994800,338.410003662109400
2025-10-02,348.570007324218750,353.220001220703100,341.149993896484400,352.329986572265600,13666800,352.329986572265600
2025-10-03,350.869995117187500,358.540008544921900,344.399993896484400,351.630004882812500,12107900,351.630004882812500
2025-10-06,362.950012207031250,365.209991455078100,354.700012207031250,359.690002441406250,9551000,359.690002441406250
2025-10-07,358.880004882812500,359.440002441406250,328.160003662109400,328.399993896484400,19584100,328.399993896484400
2025-10-08,335.619995117187500,336.359985351562500,322.299987792968750,330.799987792968750,12996300,330.799987792968750
2025-10-09,327.399993896484400,328.989990234375000,318.220001220703100,320.290008544921900,11213200,320.290008544921900
2025-10-10,323.179992675781250,323.429992675781250,303.570007324218750,304.790008544921900,13643700,304.790008544921900
2025-10-13,306.670013427734400,315.950012207031250,300.589996337890600,315.470001220703100,11575000,315.470001220703100
2025-10-14,301.000000000000000,312.709991455078100,297.339996337890600,300.670013427734400,11480500,300.670013427734400
2025-10-15,303.600006103515600,308.880004882812500,294.619995117187500,296.760009765625000,10625600,296.760009765625000
2025-10-16,299.899993896484400,301.579986572265600,282.190002441406250,283.839996337890600,13817900,283.839996337890600
2025-10-17,279.269989013671900,292.799987792968750,279.000000000000000,289.869995117187500,13110700,289.869995117187500
2025-10-20,297.209991455078100,306.160003662109400,294.399993896484400,296.609985351562500,9679700,296.609985351562500
2025-10-21,293.950012207031250,305.989990234375000,291.519989013671900,301.910003662109400,7902800,301.910003662109400
2025-10-22,293.019989013671900,297.959991455078100,276.600006103515600,280.809997558593750,15129500,280.809997558593750
2025-10-23,285.470001220703100,289.070007324218750,278.000000000000000,284.920013427734400,9082100,284.920013427734400
2025-10-24,290.429992675781250,292.149993896484400,286.109985351562500,289.079986572265600,7881700,289.079986572265600
2025-10-27,299.500000000000000,299.799987792968750,293.000000000000000,295.630004882812500,8135900,295.630004882812500
2025-10-28,295.140014648437500,297.200012207031250,284.250000000000000,284.640014648437500,7996800,284.640014648437500
2025-10-29,284.380004882812500,286.179992675781250,274.000000000000000,275.359985351562500,10184100,275.359985351562500
2025-10-30,269.989990234375000,271.369995117187500,254.000000000000000,254.570007324218750,15564200,254.570007324218750
2025-10-31,269.980010986328100,276.320007324218750,263.000000000000000,269.510009765625000,14071800,269.510009765625000
2025-11-03,264.190002441406250,270.359985351562500,259.850006103515600,264.670013427734400,11074600,264.670013427734400
2025-11-04,255.160003662109380,258.209991455078100,245.860000610351560,246.990005493164060,15735100,246.990005493164060
2025-11-05,250.199996948242200,255.360000610351560,247.020004272460940,255.000000000000000,9676200,255.000000000000000
2025-11-06,252.139999389648440,252.339996337890620,235.029998779296880,237.199996948242200,14468300,237.199996948242200
2025-11-07,222.660003662109380,243.729995727539060,219.679992675781250,241.929992675781250,16976100,241.929992675781250
2025-11-10,249.679992675781250,249.960006713867200,234.600006103515620,238.880004882812500,9527200,238.880004882812500
2025-11-11,236.460006713867200,239.240005493164060,230.550003051757800,231.350006103515620,8340300,231.350006103515620
2025-11-12,233.899993896484380,234.839996337890620,219.800003051757800,224.610000610351560,10800400,224.610000610351560
2025-11-13,223.800003051757800,226.000000000000000,207.029998779296880,208.539993286132800,16474500,208.539993286132800
2025-11-14,200.580001831054700,208.839996337890620,194.559997558593750,199.750000000000000,23233800,199.750000000000000
2025-11-17,197.029998779296880,204.149993896484380,189.529998779296880,195.419998168945300,19545000,195.419998168945300
2025-11-18,196.360000610351560,213.830001831054700,196.000000000000000,206.800003051757800,22049500,206.800003051757800
2025-11-19,202.360000610351560,203.949996948242200,181.729995727539060,186.500000000000000,28025400,186.500000000000000
2025-11-20,192.440002441406250,193.529998779296880,171.479995727539060,177.130004882812500,27684400,177.130004882812500
2025-11-21,172.740005493164060,181.190002441406250,166.309997558593750,170.500000000000000,29651300,170.500000000000000
2025-11-24,171.619995117187500,179.839996337890620,166.009994506835940,179.039993286132800,23282600,179.039993286132800
2025-11-25,173.710006713867200,176.759994506835940,166.779998779296880,172.190002441406250,19112700,172.190002441406250
2025-11-26,173.690002441406250,180.630004882812500,169.699996948242200,175.639999389648440,20016500,175.639999389648440
2025-11-28,182.990005493164060,187.289993286132800,175.050003051757800,177.179992675781250,15114300,177.179992675781250
2025-12-01,168.259994506835940,172.179992675781250,155.610000610351560,171.419998168945300,42940200,171.419998168945300
2025-12-02,177.750000000000000,188.369995117187500,176.889999389648440,181.330001831054700,31285600,181.330001831054700
2025-12-03,183.399993896484380,190.440002441406250,177.820007324218750,188.389999389648440,26686100,188.389999389648440
2025-12-04,186.020004272460940,191.000000000000000,182.350006103515620,186.009994506835940,16474400,186.009994506835940
2025-12-05,183.339996337890620,185.389999389648440,176.300003051757800,178.990005493164060,20750700,178.990005493164060
2025-12-08,182.100006103515620,185.589996337890620,178.000000000000000,183.690002441406250,16328100,183.690002441406250
2025-12-09,181.490005493164060,198.399993896484380,179.919998168945300,188.990005493164060,24269600,188.990005493164060
2025-12-10,189.320007324218750,191.070007324218750,182.199996948242200,184.639999389648440,22459000,184.639999389648440
2025-12-11,179.789993286132800,183.500000000000000,171.410003662109380,183.300003051757800,19542400,183.300003051757800
2025-12-12,182.970001220703120,185.250000000000000,176.220001220703120,176.449996948242200,14532100,176.449996948242200
2025-12-15,176.000000000000000,176.500000000000000,160.539993286132800,162.080001831054700,25393400,162.080001831054700
2025-12-16,164.970001220703120,171.490005493164060,161.949996948242200,167.500000000000000,21181000,167.500000000000000
2025-12-17,167.750000000000000,171.160003662109380,160.309997558593750,160.380004882812500,19144900,160.380004882812500
2025-12-18,167.809997558593750,169.509994506835940,157.429992675781250,158.240005493164060,17534700,158.240005493164060
2025-12-19,163.399993896484380,167.750000000000000,161.630004882812500,164.820007324218750,22062400,164.820007324218750
2025-12-22,168.820007324218750,170.669998168945300,163.690002441406250,164.320007324218750,19234500,164.320007324218750
2025-12-23,162.250000000000000,162.729995727539060,156.500000000000000,157.880004882812500,15891200,157.880004882812500
2025-12-24,157.199996948242200,159.279998779296880,155.100006103515620,158.710006713867200,7097600,158.710006713867200
2025-12-26,159.889999389648440,159.910003662109380,154.119995117187500,158.809997558593750,12298200,158.809997558593750
2025-12-29,157.949996948242200,162.929992675781250,155.320007324218750,155.389999389648440,14073500,155.389999389648440
2025-12-30,155.820007324218750,159.380004882812500,154.130004882812500,155.610000610351560,12740200,155.610000610351560
2025-12-31,156.240005493164060,156.800003051757800,151.419998168945300,151.949996948242200,15918100,151.949996948242200
2026-01-02,154.589996337890620,160.789993286132800,149.750000000000000,157.160003662109380,20185600,157.160003662109380
2026-01-05,163.419998168945300,167.699996948242200,160.960006713867200,164.720001220703120,22859000,164.720001220703120
2026-01-06,166.880004882812500,167.139999389648440,154.050003051757800,157.970001220703120,22627800,157.970001220703120
2026-01-07,163.449996948242200,170.160003662109380,158.449996948242200,161.830001831054700,28406900,161.830001831054700
2026-01-08,158.630004882812500,170.619995117187500,156.169998168945300,166.970001220703120,25159400,166.970001220703120
2026-01-09,166.750000000000000,167.199996948242200,155.460006713867200,157.330001831054700,27962600,157.330001831054700
2026-01-12,156.270004272460940,163.820007324218750,154.690002441406250,162.229995727539060,16182000,162.229995727539060
2026-01-13,164.449996948242200,173.759994506835940,159.929992675781250,172.990005493164060,27656200,172.990005493164060
2026-01-14,178.639999389648440,190.199996948242200,176.119995117187500,179.330001831054700,40257000,179.330001831054700
2026-01-15,179.130004882812500,179.250000000000000,170.089996337890620,170.910003662109380,21486500,170.910003662109380
2026-01-16,171.929992675781250,173.880004882812500,167.589996337890620,173.710006713867200,19462500,173.710006713867200
2026-01-20,165.169998168945300,165.720001220703120,158.850006103515620,160.229995727539060,25666700,160.229995727539060
2026-01-21,161.270004272460940,165.720001220703120,156.009994506835940,163.809997558593750,18440800,163.809997558593750
2026-01-22,163.729995727539060,164.639999389648440,159.440002441406250,160.979995727539060,11116000,160.979995727539060
2026-01-23,160.940002441406250,168.960006713867200,158.720001220703120,163.110000610351560,14879300,163.110000610351560
2026-01-26,159.410003662109380,163.919998168945300,158.619995117187500,160.580001831054700,14516500,160.580001831054700
2026-01-27,160.309997558593750,161.669998168945300,156.979995727539060,161.580001831054700,13962200,161.580001831054700
2026-01-28,164.449996948242200,165.720001220703120,157.000000000000000,158.449996948242200,14082600,158.449996948242200
2026-01-29,155.949996948242200,156.000000000000000,139.360000610351560,143.190002441406250,34618500,143.190002441406250
2026-01-30,140.000000000000000,151.149993896484380,139.899993896484380,149.710006713867200,22768000,149.710006713867200
2026-02-02,139.770004272460940,147.880004882812500,138.000000000000000,139.630004882812500,27171500,139.630004882812500
2026-02-03,140.139999389648440,140.229995727539060,126.739997863769530,133.259994506835940,26169000,133.259994506835940
2026-02-04,130.009994506835940,130.820007324218750,121.190002441406250,129.089996337890620,25775600,129.089996337890620
2026-02-05,120.250000000000000,122.000000000000000,104.169998168945310,106.989997863769530,60129700,106.989997863769530
2026-02-06,114.949996948242190,135.669998168945300,114.680000305175780,134.929992675781250,57771000,134.929992675781250
2026-02-09,127.370002746582030,139.580001831054700,125.129997253417970,138.440002441406250,34291600,138.440002441406250
2026-02-10,133.660003662109380,139.160003662109380,132.679992675781250,133.000000000000000,23002100,133.000000000000000
2026-02-11,133.690002441406250,133.910003662109380,123.919998168945310,126.069999694824220,25837800,126.069999694824220
2026-02-12,127.569999694824220,128.990005493164060,120.639999389648440,123.000000000000000,20960700,123.000000000000000
2026-02-13,127.000000000000000,135.250000000000000,125.760002136230470,133.880004882812500,24573900,133.880004882812500
2026-02-17,129.009994506835940,132.119995117187500,125.910003662109380,128.669998168945300,18881000,128.669998168945300
2026-02-18,127.629997253417970,132.250000000000000,123.620002746582030,125.199996948242190,17307700,125.199996948242190
2026-02-19,123.489997863769530,130.039993286132800,121.870002746582030,129.449996948242200,15457200,129.449996948242200
2026-02-20,130.509994506835940,136.139999389648440,129.410003662109380,131.050003051757800,17625400,131.050003051757800
2026-02-23,127.900001525878900,130.380004882812500,122.830001831054690,123.709999084472660,18858900,123.709999084472660
2026-02-24,121.709999084472660,126.739997863769530,118.400001525878900,124.610000610351560,15352700,124.610000610351560
2026-02-25,130.050003051757800,137.860000610351560,128.940002441406250,135.649993896484380,24152100,135.649993896484380
2026-02-26,133.699996948242200,135.750000000000000,128.639999389648440,133.399993896484380,18110800,133.399993896484380
2026-02-27,128.949996948242200,131.119995117187500,127.860000610351560,129.500000000000000,14027700,129.500000000000000
2026-03-02,129.139999389648440,140.139999389648440,128.940002441406250,137.649993896484380,25456100,137.649993896484380
2026-03-03,133.339996337890620,136.460006713867200,127.800003051757810,132.679992675781250,19405900,132.679992675781250
2026-03-04,143.830001831054700,149.539993286132800,142.190002441406250,146.440002441406250,37382600,146.440002441406250
2026-03-05,145.039993286132800,146.440002441406250,137.210006713867200,139.809997558593750,21286000,139.809997558593750
2026-03-06,134.899993896484380,136.360000610351560,131.770004272460940,133.529998779296880,19538800,133.529998779296880
2026-03-09,136.000000000000000,140.190002441406250,135.300003051757800,138.949996948242200,20433000,138.949996948242200
2026-03-10,141.929992675781250,142.460006713867200,133.940002441406250,138.460006713867200,18325000,138.460006713867200
2026-03-11,139.809997558593750,142.669998168945300,135.139999389648440,138.330001831054700,15637600,138.330001831054700
2026-03-12,137.160003662109380,138.800003051757800,133.380004882812500,137.339996337890620,15229400,137.339996337890620
2026-03-13,143.860000610351560,147.259994506835940,138.440002441406250,139.669998168945300,23685400,139.669998168945300
2026-03-16,145.350006103515620,148.240005493164060,143.309997558593750,147.520004272460940,22933200,147.520004272460940
2026-03-17,145.970001220703120,152.270004272460940,145.229995727539060,150.279998779296880,18448500,150.279998779296880
2026-03-18,144.990005493164060,146.759994506835940,140.350006103515620,140.559997558593750,21314100,140.559997558593750
2026-03-19,135.020004272460940,139.779998779296880,132.759994506835940,138.240005493164060,19227700,138.240005493164060
2026-03-20,139.470001220703120,139.690002441406250,134.130004882812500,135.660003662109380,28568300,135.660003662109380
2026-03-23,138.610000610351560,139.929992675781250,133.970001220703120,138.199996948242200,21633700,138.199996948242200
2026-03-24,138.729995727539060,140.050003051757800,134.279998779296880,136.250000000000000,19098500,136.250000000000000
2026-03-25,140.399993896484380,143.850006103515620,136.800003051757800,139.130004882812500,18708000,139.130004882812500
2026-03-26,136.550003051757800,139.080001831054700,132.690002441406250,132.929992675781250,15285500,132.929992675781250
2026-03-27,129.880004882812500,130.649993896484380,123.980003356933600,126.029998779296880,21475100,126.029998779296880
2026-03-30,129.550003051757800,130.339996337890620,120.800003051757810,121.440002441406250,15800400,121.440002441406250
2026-03-31,123.160003662109380,125.300003051757810,117.750000000000000,124.800003051757810,21290300,124.800003051757810
2026-04-01,126.180000305175780,126.300003051757810,121.440002441406250,122.779998779296880,15378300,122.779998779296880
2026-04-02,119.800003051757810,122.650001525878900,116.400001525878900,119.830001831054690,17609700,119.830001831054690
2026-04-06,124.569999694824220,128.460006713867200,123.199996948242190,127.690002441406250,18435900,127.690002441406250
2026-04-07,125.319999694824220,126.739997863769530,121.139999389648440,123.720001220703120,14284200,123.720001220703120
2026-04-08,133.669998168945300,134.500000000000000,126.129997253417970,128.300003051757800,17149200,128.300003051757800
2026-04-09,127.830001831054690,132.210006713867200,125.800003051757810,128.860000610351560,14497400,128.860000610351560
2026-04-10,130.050003051757800,132.279998779296880,127.400001525878900,128.639999389648440,13097500,128.639999389648440
2026-04-13,126.650001525878900,132.490005493164060,125.040000915527340,132.360000610351560,12804700,132.360000610351560
2026-04-14,137.929992675781250,143.699996948242200,136.320007324218750,137.410003662109380,20643200,137.410003662109380
2026-04-15,139.750000000000000,143.750000000000000,135.490005493164060,143.539993286132800,13941700,143.539993286132800
2026-04-16,143.210006713867200,149.160003662109380,139.330001831054700,148.940002441406250,17638000,148.940002441406250
2026-04-17,154.630004882812500,173.149993896484380,153.770004272460940,166.520004272460940,52173700,166.520004272460940
2026-04-20,162.300003051757800,171.059997558593750,160.639999389648440,170.809997558593750,22173500,170.809997558593750
2026-04-21,170.610000610351560,172.899993896484380,163.750000000000000,163.970001220703120,22153500,163.970001220703120
2026-04-22,174.929992675781250,183.250000000000000,174.000000000000000,179.360000610351560,31893900,179.360000610351560
2026-04-23,175.880004882812500,180.919998168945300,171.539993286132800,172.470001220703120,19559000,172.470001220703120
2026-04-24,176.880004882812500,177.279998779296880,169.009994506835940,171.020004272460940,14119400,171.020004272460940
2026-04-27,170.919998168945300,175.750000000000000,167.610000610351560,169.199996948242200,13295400,169.199996948242200
2026-04-28,163.869995117187500,166.839996337890620,159.679992675781250,165.710006713867200,13858700,165.710006713867200
2026-04-29,165.710006713867200,165.740005493164060,156.110000610351560,158.190002441406250,15146200,158.190002441406250
2026-04-30,161.770004272460940,166.839996337890620,159.000000000000000,165.449996948242200,12437800,165.449996948242200
2026-05-01,170.800003051757800,180.380004882812500,169.429992675781250,177.169998168945300,21661200,177.169998168945300
2026-05-04,180.899993896484380,186.009994506835940,178.490005493164060,183.800003051757800,18210200,183.800003051757800
2026-05-05,189.550003051757800,190.410003662109380,183.720001220703120,186.899993896484380,15512800,186.899993896484380
2026-05-06,184.570007324218750,188.259994506835940,178.940002441406250,186.820007324218750,14338600,186.820007324218750
2026-05-07,184.410003662109380,184.410003662109380,175.720001220703120,179.839996337890620,15918100,179.839996337890620
2026-05-08,178.679992675781250,187.770004272460940,177.600006103515620,187.589996337890620,15985200,187.589996337890620
2026-05-11,189.199996948242200,197.000000000000000,182.309997558593750,195.940002441406250,16063000,195.940002441406250
2026-05-12,191.330001831054700,192.240005493164060,179.850006103515620,184.419998168945300,14738500,184.419998168945300
2026-05-13,182.029998779296880,182.479995727539060,175.570007324218750,178.029998779296880,12480700,178.029998779296880
2026-05-14,177.850006103515620,193.000000000000000,174.639999389648440,186.970001220703120,15859400,186.970001220703120
2026-05-15,182.110000610351560,182.229995727539060,173.610000610351560,177.419998168945300,19654300,177.419998168945300
2026-05-18,169.179992675781250,169.179992675781250,162.020004272460940,166.630004882812500,19299700,166.630004882812500
2026-05-19,163.990005493164060,168.490005493164060,163.500000000000000,164.630004882812500,10002000,164.630004882812500
2026-05-20,166.000000000000000,169.229995727539060,163.259994506835940,165.809997558593750,9825300,165.809997558593750
2026-05-21,164.279998779296880,168.710006713867200,160.570007324218750,164.850006103515620,10526900,164.850006103515620
2026-05-22,164.089996337890620,165.660003662109380,159.240005493164060,159.889999389648440,12786800,159.889999389648440
2026-05-26,160.830001831054700,167.000000000000000,159.279998779296880,159.929992675781250,11819500,159.929992675781250
2026-05-27,156.759994506835940,157.550003051757800,153.820007324218750,154.199996948242200,11885100,154.199996948242200
2026-05-28,148.979995727539060,153.639999389648440,144.300003051757800,151.639999389648440,16275000,151.639999389648440
2026-05-29,149.929992675781250,162.059997558593750,148.199996948242200,159.089996337890620,19225600,159.089996337890620
2026-06-01,148.470001220703120,153.869995117187500,144.289993286132800,149.779998779296880,17780300,149.779998779296880
2026-06-02,142.690002441406250,142.800003051757800,134.110000610351560,136.080001831054700,31130800,136.080001831054700
2026-06-03,134.500000000000000,138.179992675781250,125.000000000000000,126.550003051757810,21141800,126.550003051757810
2026-06-04,126.750000000000000,131.470001220703120,125.650001525878900,129.369995117187500,24590400,129.369995117187500
2026-06-05,124.250000000000000,125.300003051757810,114.309997558593750,120.440002441406250,41943500,120.440002441406250
2026-06-08,125.839996337890620,129.000000000000000,123.150001525878900,127.199996948242190,20952000,127.199996948242190
2026-06-09,122.849998474121100,125.550003051757810,114.209999084472660,117.019996643066400,23055700,117.019996643066400
2026-06-10,116.300003051757810,120.940002441406250,115.000000000000000,115.349998474121100,15690800,115.349998474121100
2026-06-11,116.110000610351560,121.099998474121100,113.269996643066400,120.150001525878900,17574200,120.150001525878900
2026-06-12,119.489997863769530,128.600006103515620,117.269996643066400,123.970001220703120,16772200,123.970001220703120
2026-06-15,133.220001220703120,136.250000000000000,130.630004882812500,131.139999389648440,19982400,131.139999389648440
2026-06-16,129.380004882812500,131.699996948242200,122.500000000000000,122.809997558593750,17795600,122.809997558593750
2026-06-17,123.010002136230470,125.419998168945310,116.360000610351560,116.559997558593750,18052900,116.559997558593750
2026-06-18,117.639999389648440,117.750000000000000,107.849998474121100,112.529998779296880,35530700,112.529998779296880
2026-06-22,116.209999084472660,120.000000000000000,107.309997558593750,109.459999084472660,25287400,109.459999084472660
2026-06-23,106.540000915527340,107.760002136230470,103.519996643066400,103.839996337890620,22502900,103.839996337890620
2026-06-24,102.480003356933600,102.970001220703120,92.279998779296880,94.129997253417970,40121100,94.129997253417970
2026-06-25,94.690002441406250,94.720001220703120,85.000000000000000,85.330001831054690,45066500,85.330001831054690
2026-06-26,83.230003356933600,87.669998168945310,81.809997558593750,82.309997558593750,45680000,82.309997558593750
2026-06-29,85.669998168945310,94.370002746582030,82.720001220703120,92.680000305175780,44931500,92.680000305175780
2026-06-30,86.209999084472660,88.260002136230470,83.419998168945310,86.930000305175780,35676600,86.930000305175780
2026-07-01,87.699996948242190,98.529998779296880,86.199996948242190,93.389999389648440,34687100,93.389999389648440
2026-07-02,99.849998474121100,104.110000610351560,97.569999694824220,100.769996643066400,34625800,100.769996643066400
2026-07-06,95.139999389648440,104.779998779296880,94.629997253417970,100.769996643066400,27536200,100.769996643066400
2026-07-07,101.180000305175780,103.559997558593750,96.959999084472660,97.360000610351560,18218000,97.360000610351560
2026-07-08,93.680000305175780,95.040000915527340,91.779998779296880,93.870002746582030,17801100,93.870002746582030
2026-07-09,94.059997558593750,96.800003051757810,92.830001831054690,93.889999389648440,13822800,93.889999389648440
2026-07-10,98.760002136230470,100.120002746582030,93.349998474121100,94.639999389648440,16284500,94.639999389648440
2026-07-13,91.489997863769530,93.639999389648440,90.019996643066400,92.099998474121100,12682300,92.099998474121100
2026-07-14,94.760002136230470,98.029998779296880,93.559997558593750,97.580001831054690,18043700,97.580001831054690
2026-07-15,99.790000915527340,101.949996948242190,96.360000610351560,97.470001220703120,14584900,97.470001220703120
2026-07-16,96.000000000000000,96.610000610351560,93.449996948242190,94.029998779296880,11365100,94.029998779296880
2026-07-17,91.300003051757810,95.970001220703120,90.059997558593750,94.849998474121100,13064500,94.849998474121100
2026-07-20,95.620002746582030,100.919998168945310,94.860000610351560,97.819999694824220,16170500,97.819999694824220
2026-07-21,101.309997558593750,104.599998474121100,99.949996948242190,101.949996948242190,20223500,101.949996948242190
2026-07-22,100.059997558593750,101.949996948242190,98.120002746582030,100.010002136230470,13066300,100.010002136230470
2026-07-23,97.000000000000000,97.510002136230470,92.339996337890620,93.629997253417970,17186400,93.629997253417970
2026-07-24,93.370002746582030,93.680000305175780,89.760002136230470,91.669998168945310,13088100,91.669998168945310
2026-07-27,94.540000915527340,99.160003662109380,94.019996643066400,98.650001525878900,17633500,98.650001525878900
2026-07-28,95.470001220703120,98.370002746582030,93.120002746582030,96.160003662109380,13353300,96.160003662109380
2026-07-29,96.379997253417970,100.050003051757810,93.269996643066400,93.330001831054690,14243200,93.330001831054690
2026-07-30,95.089996337890620,98.220001220703120,94.330001831054690,97.739997863769530,13472200,97.739997863769530
2026-07-31,94.860000610351560,95.199996948242190,89.209999084472660,93.279998779296880,20678300,93.279998779296880
2026-08-03,92.010002136230470,96.059997558593750,90.930000305175780,94.860000610351560,13894600,94.860000610351560
2026-08-04,93.910003662109380,97.980003356933600,93.400001525878900,97.650001525878900,15220800,97.650001525878900
2026-08-05,97.919998168945310,99.230003356933600,96.120002746582030,98.370002746582030,13695600,98.370002746582030
2026-08-06,96.059997558593750,98.379997253417970,95.440002441406250,96.849998474121100,10128700,96.849998474121100
2026-08-07,101.339996337890620,105.500000000000000,96.769996643066400,100.010002136230470,29002700,100.010002136230470
2026-08-10,99.459999084472660,100.769996643066400,96.239997863769530,97.330001831054690,13560300,97.330001831054690
2026-08-11,97.400001525878900,99.260002136230470,95.139999389648440,96.089996337890620,12159900,96.089996337890620
2026-08-12,97.160003662109380,97.889999389648440,94.599998474121100,94.830001831054690,11468100,94.830001831054690
2026-08-13,94.830001831054690,98.879997253417970,94.279998779296880,97.099998474121100,18336800,97.099998474121100
2026-08-14,94.980003356933600,95.080001831054690,91.669998168945310,93.040000915527340,20678800,93.040000915527340
2026-08-17,93.250000000000000,98.569999694824220,93.080001831054690,97.680000305175780,20353400,97.680000305175780
2026-08-18,95.839996337890620,97.660003662109380,92.449996948242190,92.519996643066400,16911000,92.519996643066400
2026-08-19,94.540000915527340,106.900001525878900,94.300003051757810,104.250000000000000,49175200,104.250000000000000
2026-08-20,113.230003356933600,113.739997863769530,108.349998474121100,112.389999389648440,47249100,112.389999389648440
2026-08-21,119.690002441406250,121.910003662109380,115.800003051757810,119.250000000000000,46364300,119.250000000000000
2026-08-24,121.839996337890620,127.900001525878900,119.379997253417970,122.629997253417970,41298800,122.629997253417970
