"m_date","m_open_split_adjusted","m_high_split_adjusted","m_low_split_adjusted","m_close_split_adjusted","m_volume_split_adjusted","m_close_dividend_and_split_adjusted"
2016-01-04,0.8072500228881836,0.8144999742507935,0.8009999990463257,0.8092499971389770,358076000,0.7886258363723755
2016-01-05,0.8245000243186951,0.8360000252723694,0.8125000000000000,0.8222500085830688,490272000,0.8012947440147400
2016-01-06,0.8087499737739563,0.8125000000000000,0.7789999842643738,0.7882500290870667,449344000,0.7681612372398376
2016-01-07,0.7684999704360962,0.7737500071525574,0.7469999790191650,0.7570000290870667,645304000,0.7377073764801025
2016-01-08,0.7667499780654907,0.7674999833106995,0.7392500042915344,0.7407500147819519,398472000,0.7218717932701111
2016-01-11,0.7415000200271606,0.7472500205039978,0.7287499904632568,0.7419999837875366,409372000,0.7230899333953857
2016-01-12,0.7552499771118164,0.7655000090599060,0.7492499947547913,0.7544999718666077,469356000,0.7352711558341980
2016-01-13,0.7602499723434448,0.7652500271797180,0.7307500243186951,0.7315000295639038,481672000,0.7128574848175049
2016-01-14,0.7164999842643738,0.7250000238418579,0.6955000162124634,0.7167500257492065,600236000,0.6984833478927612
2016-01-15,0.6880000233650208,0.6962500214576721,0.6660000085830688,0.6777499914169312,841452000,0.6604771614074707
2016-01-19,0.6917499899864197,0.7112500071525574,0.6804999709129333,0.6832500100135803,457140000,0.6658368110656738
2016-01-20,0.6702499985694885,0.6957499980926514,0.6612499952316284,0.6869999766349792,481180000,0.6694913506507874
2016-01-21,0.6945000290870667,0.7057499885559082,0.6802499890327454,0.6949999928474426,481456000,0.6772876977920532
2016-01-22,0.7082499861717224,0.7160000205039978,0.7067499756813049,0.7112500071525574,257996000,0.6931234598159790
2016-01-25,0.7110000252723694,0.7192500233650208,0.7089999914169312,0.7105000019073486,270728000,0.6923924684524536
2016-01-26,0.7120000123977661,0.7204999923706055,0.7047500014305115,0.7174999713897705,227944000,0.6992141604423523
2016-01-27,0.7164999842643738,0.7187500000000000,0.6955000162124634,0.7089999914169312,231700000,0.6909309029579163
2016-01-28,0.7147499918937683,0.7172499895095825,0.6875000000000000,0.7012500166893005,276776000,0.6833784580230713
2016-01-29,0.7072499990463257,0.7337499856948853,0.7045000195503235,0.7322499752044678,310504000,0.7135882973670960
2016-02-01,0.7315000295639038,0.7362499833106995,0.7252500057220459,0.7325000166893005,289884000,0.7138319015502930
2016-02-02,0.7250000238418579,0.7287499904632568,0.6965000033378601,0.7014999985694885,341908000,0.6836221218109131
2016-02-03,0.7070000171661377,0.7112500071525574,0.6887500286102295,0.7049999833106995,326772000,0.6870328783988953
2016-02-04,0.7059999704360962,0.7212499976158142,0.6982499957084656,0.7052500247955322,348140000,0.6872764229774475
2016-02-05,0.7005000114440918,0.7082499861717224,0.6587499976158142,0.6607499718666077,600428000,0.6439102292060852
2016-02-08,0.6507499814033508,0.6539999842643738,0.6212499737739563,0.6305000185966492,608852000,0.6144316196441650
2016-02-09,0.6230000257492065,0.6637499928474426,0.6200000047683716,0.6372500061988831,425372000,0.6210094094276428
2016-02-10,0.6412500143051147,0.6597499847412109,0.6322500109672546,0.6357499957084656,335800000,0.6195476055145264
2016-02-11,0.6194999814033508,0.6389999985694885,0.6194999814033508,0.6324999928474426,340144000,0.6163806319236755
2016-02-12,0.6424999833106995,0.6445000171661377,0.6187499761581421,0.6432499885559082,340816000,0.6268565058708191
2016-02-16,0.6524999737739563,0.6757500171661377,0.6504999995231628,0.6747499704360962,485352000,0.6575536727905273
2016-02-17,0.6832500100135803,0.6980000138282776,0.6804999709129333,0.6915000081062317,771468000,0.6738767623901367
2016-02-18,0.7482500076293945,0.7745000123977661,0.7475000023841858,0.7509999871253967,1068660000,0.7318605780601501
2016-02-19,0.7469999790191650,0.7677500247955322,0.7412499785423279,0.7609999775886536,525628000,0.7416055798530579
2016-02-22,0.7720000147819519,0.7967500090599060,0.7705000042915344,0.7879999876022339,449668000,0.7679173946380615
2016-02-23,0.7817500233650208,0.7975000143051147,0.7779999971389770,0.7900000214576721,369380000,0.7698665857315063
2016-02-24,0.7867500185966492,0.7967500090599060,0.7649999856948853,0.7954999804496765,336852000,0.7752262353897095
2016-02-25,0.7985000014305115,0.8012499809265137,0.7829999923706055,0.7972499728202820,349616000,0.7769316434860230
2016-02-26,0.8009999990463257,0.8029999732971191,0.7839999794960022,0.7919999957084656,361964000,0.7718153595924377
2016-02-29,0.7902500033378601,0.8004999756813049,0.7835000157356262,0.7839999794960022,323344000,0.7668027877807617
2016-03-01,0.7860000133514404,0.8187500238418579,0.7847499847412109,0.8187500238418579,348700000,0.8007906675338745
2016-03-02,0.8142499923706055,0.8264999985694885,0.8127499818801880,0.8234999775886536,233812000,0.8054364919662476
2016-03-03,0.8224999904632568,0.8259999752044678,0.8052499890327454,0.8162500262260437,302004000,0.7983455061912537
2016-03-04,0.8224999904632568,0.8232499957084656,0.8075000047683716,0.8137500286102295,175304000,0.7959004044532776
2016-03-07,0.8092499971389770,0.8147500157356262,0.7979999780654907,0.8084999918937683,239968000,0.7907655835151672
2016-03-08,0.8002499938011169,0.8050000071525574,0.7912499904632568,0.7937499880790710,274940000,0.7763388752937317
2016-03-09,0.8007500171661377,0.8019999861717224,0.7829999923706055,0.7932500243186951,222788000,0.7758499979972839
2016-03-10,0.7979999780654907,0.8025000095367432,0.7760000228881836,0.7919999957084656,286084000,0.7746272683143616
2016-03-11,0.8037499785423279,0.8057500123977661,0.7942500114440918,0.8054999709129333,277400000,0.7878312468528748
2016-03-14,0.8017500042915344,0.8107500076293945,0.7979999780654907,0.8075000047683716,190312000,0.7897877693176270
2016-03-15,0.8032500147819519,0.8084999918937683,0.7892500162124634,0.8034999966621399,226216000,0.7858750224113464
2016-03-16,0.7975000143051147,0.8302500247955322,0.7937499880790710,0.8274999856948853,363644000,0.8093487024307251
2016-03-17,0.8245000243186951,0.8284999728202820,0.8092499971389770,0.8205000162124634,353680000,0.8025025725364685
2016-03-18,0.8302500247955322,0.8562499880790710,0.8249999880790710,0.8452500104904175,545512000,0.8267095088958740
2016-03-21,0.8377500176429749,0.8479999899864197,0.8287500143051147,0.8477500081062317,337780000,0.8291546702384949
2016-03-22,0.8450000286102295,0.8522499799728394,0.8357499837875366,0.8462499976158142,242012000,0.8276875615119934
2016-03-23,0.8500000238418579,0.8669999837875366,0.8462499976158142,0.8607500195503235,429008000,0.8418694138526917
2016-03-24,0.8529999852180481,0.8634999990463257,0.8502500057220459,0.8619999885559082,244956000,0.8430920243263245
2016-03-28,0.8604999780654907,0.8744999766349792,0.8594999909400940,0.8707500100135803,265388000,0.8516501188278198
2016-03-29,0.8669999837875366,0.8867499828338623,0.8650000095367432,0.8847500085830688,261812000,0.8653429746627808
2016-03-30,0.8880000114440918,0.9062500000000000,0.8874999880790710,0.8939999938011169,376700000,0.8743903040885925
2016-03-31,0.8980000019073486,0.8999999761581421,0.8837500214576721,0.8907499909400940,379884000,0.8712112903594971
2016-04-01,0.8852499723434448,0.9042500257492065,0.8784999847412109,0.9037500023841858,348292000,0.8839262723922730
2016-04-04,0.9112499952316284,0.9160000085830688,0.8914999961853027,0.8949999809265137,393940000,0.8753681182861328
2016-04-05,0.8870000243186951,0.9020000100135803,0.8834999799728394,0.8937500119209290,339568000,0.8741454482078552
2016-04-06,0.8824999928474426,0.8955000042915344,0.8657500147819519,0.8949999809265137,453376000,0.8753681182861328
2016-04-07,0.8892499804496765,0.8972499966621399,0.8820000290870667,0.8857499957084656,378104000,0.8663210868835449
2016-04-08,0.8930000066757202,0.8987500071525574,0.8827499747276306,0.8914999961853027,255936000,0.8719450831413269
2016-04-11,0.8967499732971191,0.9117500185966492,0.8939999938011169,0.8970000147819519,387524000,0.8773243427276611
2016-04-12,0.8999999761581421,0.9012500047683716,0.8784999847412109,0.8960000276565552,292764000,0.8763462901115417
2016-04-13,0.8999999761581421,0.9187499880790710,0.8999999761581421,0.9185000061988831,350716000,0.8983526825904846
2016-04-14,0.9160000085830688,0.9250000119209290,0.9122499823570251,0.9210000038146973,416564000,0.9007978439331055
2016-04-15,0.9207500219345093,0.9365000128746033,0.9177500009536743,0.9282500147819519,436972000,0.9078887104988098
2016-04-18,0.9265000224113464,0.9265000224113464,0.9152500033378601,0.9242500066757202,307320000,0.9039764404296875
2016-04-19,0.9277499914169312,0.9294999837875366,0.9020000100135803,0.9077500104904175,309152000,0.8878383636474609
2016-04-20,0.9062500000000000,0.9167500138282776,0.9052500128746033,0.9112499952316284,200172000,0.8912616372108460
2016-04-21,0.9114999771118164,0.9157500267028809,0.9062500000000000,0.9102500081062317,178280000,0.8902835249900818
2016-04-22,0.9132500290870667,0.9194999933242798,0.9037500023841858,0.9067500233650208,223540000,0.8868605494499207
2016-04-25,0.9070000052452087,0.9162499904632568,0.9045000076293945,0.9112499952316284,191972000,0.8912616372108460
2016-04-26,0.9167500138282776,0.9272500276565552,0.9079999923706055,0.9120000004768372,214536000,0.8919950723648071
2016-04-27,0.9097499847412109,0.9332500100135803,0.9079999923706055,0.9327499866485596,352396000,0.9122900962829590
2016-04-28,0.9269999861717224,0.9325000047683716,0.9027500152587891,0.9049999713897705,381224000,0.8851488828659058
2016-04-29,0.9012500047683716,0.9032499790191650,0.8784999847412109,0.8882499933242798,321904000,0.8687663078308105
2016-05-02,0.8967499732971191,0.9054999947547913,0.8924999833106995,0.8999999761581421,256076000,0.8802583813667297
2016-05-03,0.8897500038146973,0.8934999704360962,0.8815000057220459,0.8892499804496765,224024000,0.8697443008422852
2016-05-04,0.8784999847412109,0.8792499899864197,0.8600000143051147,0.8690000176429749,525764000,0.8499384522438049
2016-05-05,0.8762500286102295,0.8845000267028809,0.8677499890327454,0.8742499947547913,246884000,0.8550732135772705
2016-05-06,0.8727499842643738,0.8855000138282776,0.8709999918937683,0.8832499980926514,183240000,0.8638757467269897
2016-05-09,0.8855000138282776,0.8892499804496765,0.8747500181198120,0.8820000290870667,333336000,0.8626531958580017
2016-05-10,0.8874999880790710,0.9004999995231628,0.8790000081062317,0.8989999890327454,269676000,0.8792805671691895
2016-05-11,0.9017500281333923,0.9114999771118164,0.8967499732971191,0.9014999866485596,328176000,0.8817256093025208
2016-05-12,0.9079999923706055,0.9120000004768372,0.8732500076293945,0.8892499804496765,670540000,0.8697443008422852
2016-05-13,0.9797499775886536,1.0249999761581420,0.9750000238418579,1.0245000123977661,2110256000,1.0020275115966797
2016-05-16,1.0167499780654907,1.0700000524520874,1.0134999752044678,1.0547499656677246,973032000,1.0316140651702880
2016-05-17,1.0499999523162842,1.0644999742507935,1.0364999771118164,1.0570000410079956,628392000,1.0338149070739746
2016-05-18,1.0499999523162842,1.0962500572204590,1.0499999523162842,1.0839999914169312,541072000,1.0602222681045532
2016-05-19,1.0797499418258667,1.0965000391006470,1.0782500505447388,1.0887500047683716,398880000,1.0648683309555054
2016-05-20,1.0954999923706055,1.1127500534057617,1.0937500000000000,1.1082500219345093,391084000,1.0839403867721558
2016-05-23,1.1130000352859497,1.1172499656677246,1.1032500267028809,1.1100000143051147,413636000,1.0856518745422363
2016-05-24,1.1104999780654907,1.1375000476837158,1.1074999570846558,1.1339999437332153,415788000,1.1120058298110962
2016-05-25,1.1375000476837158,1.1422499418258667,1.1202499866485596,1.1292500495910645,458076000,1.1073479652404785
2016-05-26,1.1312500238418580,1.1495000123977661,1.1280000209808350,1.1412500143051147,309964000,1.1191152334213257
2016-05-27,1.1425000429153442,1.1492500305175781,1.1387499570846558,1.1475000381469727,277416000,1.1252439022064210
2016-05-31,1.1525000333786010,1.1705000400543213,1.1517499685287476,1.1679999828338623,412524000,1.1453465223312378
2016-06-01,1.1625000238418580,1.1814999580383300,1.1590000391006470,1.1702500581741333,387132000,1.1475528478622437
2016-06-02,1.1764999628067017,1.1885000467300415,1.1649999618530273,1.1785000562667847,329208000,1.1556428670883179
2016-06-03,1.1670000553131104,1.1684999465942383,1.1414999961853027,1.1619999408721924,461076000,1.1394627094268799
2016-06-06,1.1649999618530273,1.1740000247955322,1.1499999761581420,1.1560000181198120,322512000,1.1335786581039429
2016-06-07,1.1629999876022339,1.1694999933242798,1.1577500104904175,1.1582499742507935,193400000,1.1357853412628174
2016-06-08,1.1584999561309814,1.1627500057220460,1.1449999809265137,1.1545000076293945,234616000,1.1321083307266235
2016-06-09,1.1505000591278076,1.1862499713897705,1.1480000019073486,1.1844999790191650,472168000,1.1615265607833862
2016-06-10,1.1705000400543213,1.1809999942779540,1.1534999608993530,1.1549999713897705,400024000,1.1325987577438354
2016-06-13,1.1562500000000000,1.1924999952316284,1.1562500000000000,1.1697499752044678,475588000,1.1470625400543213
2016-06-14,1.1670000553131104,1.1775000095367432,1.1540000438690186,1.1720000505447388,298344000,1.1492686271667480
2016-06-15,1.1817500591278076,1.1942499876022339,1.1687500476837158,1.1840000152587890,301036000,1.1610362529754639
2016-06-16,1.1752500534057617,1.1907500028610230,1.1637500524520874,1.1887500286102295,246456000,1.1656941175460815
2016-06-17,1.1902500391006470,1.1905000209808350,1.1632499694824219,1.1679999828338623,471000000,1.1453465223312378
2016-06-20,1.1867500543594360,1.2042499780654907,1.1859999895095825,1.1890000104904175,293768000,1.1659392118453980
2016-06-21,1.1940000057220460,1.1972500085830688,1.1799999475479126,1.1817500591278076,212508000,1.1588298082351685
2016-06-22,1.1842499971389770,1.1920000314712524,1.1787500381469727,1.1807500123977661,202620000,1.1578491926193237
2016-06-23,1.1920000314712524,1.2135000228881836,1.1912499666213990,1.2122499942779540,297880000,1.1887382268905640
2016-06-24,1.1625000238418580,1.1840000152587890,1.1325000524520874,1.1432499885559082,1017684000,1.1210761070251465
2016-06-27,1.1337499618530273,1.1425000429153442,1.1142499446868896,1.1310000419616700,449088000,1.1090642213821411
2016-06-28,1.1525000333786010,1.1537499427795410,1.1317499876022339,1.1475000381469727,381920000,1.1252439022064210
2016-06-29,1.1575000286102295,1.1752500534057617,1.1545000076293945,1.1662499904632568,318932000,1.1436302661895752
2016-06-30,1.1682499647140503,1.1825000047683716,1.1587500572204590,1.1752500534057617,430940000,1.1524558067321777
2016-07-01,1.1687500476837158,1.1840000152587890,1.1625000238418580,1.1664999723434448,218488000,1.1438754796981812
2016-07-05,1.1599999666213990,1.1857500076293945,1.1507500410079956,1.1837500333786010,371084000,1.1607912778854370
2016-07-06,1.1755000352859497,1.1982500553131104,1.1694999933242798,1.1912499666213990,273104000,1.1681454181671143
2016-07-07,1.1992499828338623,1.2265000343322754,1.1937500238418580,1.2222499847412110,395400000,1.1985441446304321
2016-07-08,1.2352499961853027,1.2772500514984130,1.2304999828338623,1.2712500095367432,481932000,1.2465940713882446
2016-07-11,1.2894999980926514,1.3099999427795410,1.2879999876022339,1.3005000352859497,448776000,1.2752761840820312
2016-07-12,1.3150000572204590,1.3320000171661377,1.2984999418258667,1.3200000524520874,436760000,1.2943990230560303
2016-07-13,1.3224999904632568,1.3300000429153442,1.3174999952316284,1.3194999694824219,324604000,1.2939081192016602
2016-07-14,1.3265000581741333,1.3450000286102295,1.3155000209808350,1.3329999446868896,316892000,1.3071461915969849
2016-07-15,1.3159999847412110,1.3235000371932983,1.2960000038146973,1.3174999952316284,428616000,1.2919472455978394
2016-07-18,1.3337500095367432,1.3357499837875366,1.3192499876022339,1.3242499828338623,252992000,1.2985656261444092
2016-07-19,1.3235000371932983,1.3432500362396240,1.3209999799728394,1.3380000591278076,382652000,1.3120492696762085
2016-07-20,1.3424999713897705,1.3627500534057617,1.3370000123977661,1.3554999828338623,296460000,1.3292096853256226
2016-07-21,1.3524999618530273,1.3567500114440918,1.3259999752044678,1.3305000066757202,361308000,1.3046947717666626
2016-07-22,1.3352500200271606,1.3667500019073486,1.3255000114440918,1.3667500019073486,315768000,1.3402413129806519
2016-07-25,1.3750000000000000,1.3952499628067017,1.3689999580383300,1.3919999599456787,312528000,1.3650020360946655
2016-07-26,1.4042500257492065,1.4229999780654907,1.4022500514984130,1.4157500267028809,514508000,1.3882911205291748
2016-07-27,1.4279999732971191,1.4305000305175781,1.3930000066757202,1.4014999866485596,446676000,1.3743172883987427
2016-07-28,1.4047499895095825,1.4149999618530273,1.4002499580383300,1.4045000076293945,221916000,1.3772596120834350
2016-07-29,1.4097499847412110,1.4312499761581420,1.3845000267028809,1.4275000095367432,409588000,1.3998136520385742
2016-08-01,1.4335000514984130,1.4387500286102295,1.4090000391006470,1.4182499647140503,301120000,1.3907432556152344
2016-08-02,1.4249999523162842,1.4257500171661377,1.3875000476837158,1.4010000228881836,282748000,1.3738279342651367
2016-08-03,1.3992500305175781,1.4075000286102295,1.3914999961853027,1.4047499895095825,299828000,1.3775044679641724
2016-08-04,1.4114999771118164,1.4372500181198120,1.4087500572204590,1.4307500123977661,272712000,1.4030007123947144
2016-08-05,1.4472500085830688,1.4557499885559082,1.4402500391006470,1.4550000429153442,371588000,1.4267799854278564
2016-08-08,1.4750000238418580,1.4785000085830688,1.4529999494552612,1.4685000181198120,305064000,1.4400182962417603
2016-08-09,1.4757499694824219,1.4865000247955322,1.4685000181198120,1.4722499847412110,372344000,1.4436954259872437
2016-08-10,1.4852499961853027,1.4874999523162842,1.4579999446868896,1.4627499580383300,375740000,1.4343796968460083
2016-08-11,1.4704999923706055,1.4987499713897705,1.4674999713897705,1.4924999475479126,681064000,1.4635528326034546
2016-08-12,1.5475000143051147,1.5844999551773071,1.5157500505447388,1.5759999752044678,1425744000,1.5454332828521729
2016-08-15,1.5777499675750732,1.5874999761581420,1.5532499551773071,1.5744999647140503,573304000,1.5439621210098267
2016-08-16,1.5722500085830688,1.5747499465942383,1.5602500438690186,1.5650000572204590,287652000,1.5346465110778809
2016-08-17,1.5650000572204590,1.5685000419616700,1.5164999961853027,1.5287499427795410,595212000,1.4990992546081543
2016-08-18,1.5264999866485596,1.5549999475479126,1.5204999446868896,1.5525000095367432,331684000,1.5223891735076904
2016-08-19,1.5517499446868896,1.5682499408721924,1.5449999570846558,1.5564999580383300,291560000,1.5263116359710693
2016-08-22,1.5612499713897705,1.5652500391006470,1.5427500009536743,1.5629999637603760,244748000,1.5326851606369019
2016-08-23,1.5759999752044678,1.5829999446868896,1.5682499408721924,1.5727499723434448,339764000,1.5450884103775024
2016-08-24,1.5782500505447388,1.5789999961853027,1.5412499904632568,1.5484999418258667,298448000,1.5212646722793580
2016-08-25,1.5490000247955322,1.5497499704360962,1.5190000534057617,1.5382499694824219,406032000,1.5111951828002930
2016-08-26,1.5422500371932983,1.5594999790191650,1.5299999713897705,1.5507500171661377,300024000,1.5234754085540771
2016-08-29,1.5570000410079956,1.5632499456405640,1.5472500324249268,1.5497499704360962,274652000,1.5224927663803100
2016-08-30,1.5477499961853027,1.5559999942779540,1.5364999771118164,1.5407500267028809,285544000,1.5136512517929077
2016-08-31,1.5437500476837158,1.5479999780654907,1.5290000438690186,1.5334999561309814,388544000,1.5065283775329590
2016-09-01,1.5347499847412110,1.5844999551773071,1.5334999561309814,1.5787500143051147,428492000,1.5509825944900513
2016-09-02,1.5820000171661377,1.5837500095367432,1.5455000400543213,1.5632499456405640,323148000,1.5357549190521240
2016-09-06,1.5687500238418580,1.5779999494552612,1.5607500076293945,1.5779999494552612,306812000,1.5502454042434692
2016-09-07,1.5729999542236328,1.5807499885559082,1.5457500219345093,1.5547499656677246,397988000,1.5274045467376710
2016-09-08,1.5532499551773071,1.5685000419616700,1.5355000495910645,1.5659999847412110,315808000,1.5384566783905030
2016-09-09,1.5487500429153442,1.5575000047683716,1.4750000238418580,1.4880000352859497,697760000,1.4618288278579712
2016-09-12,1.4682500362396240,1.5217499732971191,1.4329999685287476,1.5187499523162842,598260000,1.4920380115509033
2016-09-13,1.5149999856948853,1.5325000286102295,1.4882500171661377,1.4967499971389770,471768000,1.4704251289367676
2016-09-14,1.5002499818801880,1.5149999856948853,1.4877500534057617,1.5099999904632568,319048000,1.4834417104721070
2016-09-15,1.5125000476837158,1.5690000057220460,1.5089999437332153,1.5672500133514404,515212000,1.5396850109100342
2016-09-16,1.5727499723434448,1.5812499523162842,1.5529999732971191,1.5709999799728394,902444000,1.5433690547943115
2016-09-19,1.5874999761581420,1.6315000057220460,1.5802500247955322,1.5917500257492065,417128000,1.5637543201446533
2016-09-20,1.6100000143051147,1.6100000143051147,1.5685000419616700,1.5772500038146973,331112000,1.5495090484619140
2016-09-21,1.5820000171661377,1.6245000362396240,1.5817500352859497,1.6215000152587890,336212000,1.5929809808731080
2016-09-22,1.6310000419616700,1.6360000371932983,1.6162500381469727,1.6254999637603760,308732000,1.5969107151031494
2016-09-23,1.6275000572204590,1.6322499513626099,1.6165000200271606,1.6237499713897705,276132000,1.5951912403106690
2016-09-26,1.6052500009536743,1.6150000095367432,1.5882500410079956,1.6085000038146973,230040000,1.5802093744277954
2016-09-27,1.6022499799728394,1.6660000085830688,1.6015000343322754,1.6634999513626099,402752000,1.6342421770095825
2016-09-28,1.6660000085830688,1.6707500219345093,1.6482499837875366,1.6694999933242798,319788000,1.6401365995407104
2016-09-29,1.6667499542236328,1.6902500391006470,1.6512500047683716,1.6849999427795410,336684000,1.6553639173507690
2016-09-30,1.6942499876022339,1.7297500371932983,1.6842499971389770,1.7130000591278076,429932000,1.6828715801239014
2016-10-03,1.7130000591278076,1.7377500534057617,1.7082500457763672,1.7112499475479126,242596000,1.6811521053314210
2016-10-04,1.7137500047683716,1.7424999475479126,1.6947499513626099,1.7074999809265137,281624000,1.6774679422378540
2016-10-05,1.7220000028610230,1.7395000457763672,1.7005000114440918,1.7057499885559082,305440000,1.6757487058639526
2016-10-06,1.6852500438690186,1.6957499980926514,1.6564999818801880,1.6835000514984130,360212000,1.6538903713226318
2016-10-07,1.6947499513626099,1.6992499828338623,1.6664999723434448,1.6712499856948853,286260000,1.6418557167053223
2016-10-10,1.6799999475479126,1.6890000104904175,1.6617499589920044,1.6775000095367432,287876000,1.6479959487915040
2016-10-11,1.6720000505447388,1.6744999885559082,1.6404999494552612,1.6532499790191650,388540000,1.6241723299026490
2016-10-12,1.6464999914169312,1.6694999933242798,1.6327500343322754,1.6607500314712524,419920000,1.6315406560897827
2016-10-13,1.6412500143051147,1.6449999809265137,1.5924999713897705,1.6337499618530273,390116000,1.6050153970718384
2016-10-14,1.6537499427795410,1.6649999618530273,1.6399999856948853,1.6497499942779540,330636000,1.6207338571548462
2016-10-17,1.6495000123977661,1.6649999618530273,1.6380000114440918,1.6402499675750732,195328000,1.6114007234573364
2016-10-18,1.6629999876022339,1.6747499704360962,1.6562500000000000,1.6652499437332153,269372000,1.6359610557556152
2016-10-19,1.6540000438690186,1.6694999933242798,1.6454999446868896,1.6617499589920044,199060000,1.6325229406356812
2016-10-20,1.6812499761581420,1.6987500190734863,1.6575000286102295,1.6932499408721924,312084000,1.6634688377380370
2016-10-21,1.6872500181198120,1.6914999485015870,1.6725000143051147,1.6885000467300415,279508000,1.6588022708892822
2016-10-24,1.7000000476837158,1.7697499990463257,1.6997499465942383,1.7677500247955322,339836000,1.7366584539413452
2016-10-25,1.7647500038146973,1.8075000047683716,1.7562500238418580,1.7967499494552612,397460000,1.7651481628417969
2016-10-26,1.7817499637603760,1.8237500190734863,1.7799999713897705,1.8040000200271606,333792000,1.7722710371017456
2016-10-27,1.8177499771118164,1.8212499618530273,1.7597500085830688,1.7669999599456787,388664000,1.7359215021133423
2016-10-28,1.7755000591278076,1.8025000095367432,1.7607500553131104,1.7640000581741333,290856000,1.7329744100570679
2016-10-31,1.7697499990463257,1.7907500267028809,1.7687499523162842,1.7790000438690186,252388000,1.7477108240127563
2016-11-01,1.7855000495910645,1.7952500581741333,1.7072499990463257,1.7262500524520874,473224000,1.6958886384963990
2016-11-02,1.7395000457763672,1.7630000114440918,1.7159999608993530,1.7189999818801880,295848000,1.6887658834457397
2016-11-03,1.7269999980926514,1.7285000085830688,1.6660000085830688,1.6990000009536743,309664000,1.6691175699234009
2016-11-04,1.6877499818801880,1.7182500362396240,1.6644999980926514,1.6892499923706055,328780000,1.6595391035079956
2016-11-07,1.7387499809265137,1.7929999828338623,1.7374999523162842,1.7817499637603760,487580000,1.7504122257232666
2016-11-08,1.7884999513626099,1.7942500114440918,1.7625000476837158,1.7790000438690186,429884000,1.7477108240127563
2016-11-09,1.7307499647140503,1.7725000381469727,1.7180000543594360,1.7489999532699585,456532000,1.7182381153106690
2016-11-10,1.7872500419616700,1.7875000238418580,1.6690000295639038,1.6942499876022339,869280000,1.6644515991210938
2016-11-11,1.9877500534057617,2.2192499637603760,1.9624999761581420,2.1992499828338623,2175344000,2.1605696678161620
2016-11-14,2.2022500038146973,2.2047500610351562,2.0905001163482666,2.0910000801086426,1348796000,2.0542225837707520
2016-11-15,2.1072499752044678,2.1862499713897705,2.0982499122619630,2.1547501087188720,626092000,2.1168527603149414
2016-11-16,2.1835000514984130,2.3139998912811280,2.1587500572204590,2.2907500267028810,987984000,2.2504596710205080
2016-11-17,2.3077499866485596,2.3697500228881836,2.2662498950958250,2.3097500801086426,832988000,2.2691256999969482
2016-11-18,2.3097500801086426,2.3582499027252197,2.2950000762939453,2.3340001106262207,576060000,2.2929489612579346
2016-11-21,2.3522500991821290,2.3587501049041750,2.3099999427795410,2.3245000839233400,436436000,2.2836165428161620
2016-11-22,2.3324999809265137,2.3434998989105225,2.3094999790191650,2.3412499427795410,330368000,2.3000717163085938
2016-11-23,2.3429999351501465,2.3812499046325684,2.3192501068115234,2.3492500782012940,443236000,2.3113865852355957
2016-11-25,2.3605000972747803,2.3775000572204590,2.3352499008178710,2.3540000915527344,195564000,2.3160593509674072
2016-11-28,2.3467500209808350,2.3684999942779540,2.3399999141693115,2.3527500629425050,278736000,2.3148303031921387
2016-11-29,2.3499999046325684,2.3610000610351562,2.3132500648498535,2.3312499523162840,444568000,2.2936766147613525
2016-11-30,2.3399999141693115,2.3540000915527344,2.3025000095367430,2.3050000667572020,440500000,2.2678499221801760
2016-12-01,2.3025000095367430,2.3042500019073486,2.1192500591278076,2.1909999847412110,1035524000,2.1556873321533203
2016-12-02,2.1562500000000000,2.2200000286102295,2.1280000209808350,2.2112500667572020,478292000,2.1756107807159424
2016-12-05,2.2497498989105225,2.3152499198913574,2.2249999046325684,2.2969999313354490,602284000,2.2599787712097170
2016-12-06,2.3052499294281006,2.3432500362396240,2.2892498970031740,2.3347499370574950,498796000,2.2971203327178955
2016-12-07,2.3210000991821290,2.3824999332427980,2.3025000095367430,2.3767499923706055,480804000,2.3384430408477783
2016-12-08,2.3797500133514404,2.4154999256134033,2.3262500762939453,2.3369998931884766,381544000,2.2993338108062744
2016-12-09,2.3550000190734863,2.3567500114440920,2.2677500247955322,2.2955000400543213,382312000,2.2585022449493410
2016-12-12,2.2462499141693115,2.2487499713897705,2.1884999275207520,2.2397499084472656,601332000,2.2036511898040770
2016-12-13,2.2522499561309814,2.3072500228881836,2.2512500286102295,2.2792499065399170,387796000,2.2425138950347900
2016-12-14,2.3134999275207520,2.4277501106262207,2.2892498970031740,2.4112501144409180,983980000,2.3723874092102050
2016-12-15,2.4224998950958250,2.4985001087188720,2.4149999618530273,2.4677500724792480,746548000,2.4279773235321045
2016-12-16,2.4957499504089355,2.5174999237060547,2.4432499408721924,2.5102500915527344,1089528000,2.4697914123535156
2016-12-19,2.4925000667572020,2.5612499713897705,2.4749999046325684,2.5407500267028810,744656000,2.4997992515563965
2016-12-20,2.6145000457763670,2.6532499790191650,2.6029999256134033,2.6292500495910645,848056000,2.5868735313415527
2016-12-21,2.6410000324249268,2.6487500667572020,2.5927500724792480,2.6457500457763670,576136000,2.6031084060668945
2016-12-22,2.6705000400543213,2.7217500209808350,2.6632499694824220,2.6777501106262207,718612000,2.6345918178558350
2016-12-23,2.6594998836517334,2.7460000514984130,2.6567499637603760,2.7444999217987060,647692000,2.7002654075622560
2016-12-27,2.8015000820159910,2.9340000152587890,2.7804999351501465,2.9330000877380370,1194272000,2.8857285976409910
2016-12-28,2.9900000095367430,2.9982500076293945,2.7172501087188720,2.7312500476837160,2295764000,2.6872298717498780
2016-12-29,2.6224999427795410,2.7872500419616700,2.5699999332427980,2.7857499122619630,2175368000,2.7408514022827150
2016-12-30,2.7837500572204590,2.7980000972747803,2.6575000286102295,2.6684999465942383,1212932000,2.6254904270172120
2017-01-03,2.6099998950958250,2.6592500209808350,2.4844999313354490,2.5502500534057617,1501996000,2.5091469287872314
2017-01-04,2.5850000381469727,2.6375000476837160,2.5382499694824220,2.6097500324249268,1199220000,2.5676877498626710
2017-01-05,2.6132500171661377,2.6454999446868896,2.5262498855590820,2.5434999465942383,984296000,2.5025057792663574
2017-01-06,2.5712499618530273,2.6062500476837160,2.5299999713897705,2.5775001049041750,822856000,2.5359580516815186
2017-01-09,2.5875000953674316,2.7000000476837160,2.5875000953674316,2.6819999217987060,916248000,2.6387732028961180
2017-01-10,2.6952500343322754,2.7297499179840090,2.6407499313354490,2.6617500782012940,880920000,2.6188495159149170
2017-01-11,2.6500000953674316,2.6549999713897705,2.6037499904632570,2.6289999485015870,525664000,2.5866272449493410
2017-01-12,2.6057500839233400,2.6175000667572020,2.5404999256134033,2.5859999656677246,625616000,2.5443205833435060
2017-01-13,2.5899999141693115,2.6250000000000000,2.5764999389648438,2.5857501029968260,457820000,2.5440752506256104
2017-01-17,2.5750000476837160,2.5799999237060547,2.5142500400543213,2.5277500152587890,580612000,2.4870100021362305
2017-01-18,2.5060000419616700,2.5807499885559080,2.4777500629425050,2.5737500190734863,654424000,2.5322687625885010
2017-01-19,2.5767500400543213,2.6614999771118164,2.5745000839233400,2.6289999485015870,644872000,2.5866272449493410
2017-01-20,2.6519999504089355,2.6700000762939453,2.5780000686645510,2.6002500057220460,492024000,2.5583412647247314
2017-01-23,2.5950000286102295,2.6475000381469727,2.5924999713897705,2.6272499561309814,369904000,2.5849061012268066
2017-01-24,2.6375000476837160,2.6895000934600830,2.6224999427795410,2.6832499504089355,428052000,2.6400032043457030
2017-01-25,2.7262499332427980,2.7325000762939453,2.6582500934600830,2.6947500705718994,522760000,2.6513178348541260
2017-01-26,2.6974999904632570,2.7487499713897705,2.6675000190734863,2.7412500381469727,458800000,2.6970689296722410
2017-01-27,2.7482500076293945,2.7972500324249268,2.7212500572204590,2.7942500114440920,471996000,2.7492146492004395
2017-01-30,2.7730000019073486,2.7752499580383300,2.6977500915527344,2.7504999637603760,496004000,2.7061698436737060
2017-01-31,2.7237501144409180,2.7512500286102295,2.7049999237060547,2.7295000553131104,362756000,2.6855084896087646
2017-02-01,2.7644999027252197,2.8529999256134033,2.7465000152587890,2.8487501144409180,590004000,2.8028364181518555
2017-02-02,2.8324999809265137,2.8935000896453857,2.8015000820159910,2.8847498893737793,483240000,2.8382544517517090
2017-02-03,2.8862500190734863,2.8975000381469727,2.8475000858306885,2.8594999313354490,372744000,2.8134124279022217
2017-02-06,2.8499999046325684,2.9332499504089355,2.8499999046325684,2.9327499866485596,506768000,2.8854818344116210
2017-02-07,2.9674999713897705,3.0230000019073486,2.9474999904632570,2.9782500267028810,746224000,2.9302487373352050
2017-02-08,2.9600000381469727,2.9827499389648438,2.9094998836517334,2.9652500152587890,449580000,2.9174578189849854
2017-02-09,2.9714999198913574,2.9765000343322754,2.8900001049041750,2.9094998836517334,842568000,2.8626060485839844
2017-02-10,2.9982500076293945,3.0174999237060547,2.8150000572204590,2.8405001163482666,1651092000,2.7947194576263428
2017-02-13,2.8347499370574950,2.8494999408721924,2.7049999237060547,2.7095000743865967,1180724000,2.6658301353454590
2017-02-14,2.6997499465942383,2.7537500858306885,2.6572499275207520,2.7195000648498535,850632000,2.6756684780120850
2017-02-15,2.7225000858306885,2.7449998855590820,2.6940000057220460,2.7249999046325684,373020000,2.6810805797576904
2017-02-16,2.7347500324249268,2.7360000610351562,2.6414999961853027,2.6812500953674316,647176000,2.6380350589752197
2017-02-17,2.6675000190734863,2.6852500438690186,2.6197500228881836,2.6807498931884766,563740000,2.6375434398651123
2017-02-21,2.7057499885559080,2.7807500362396240,2.7054998874664307,2.7767500877380370,551952000,2.7319965362548830
2017-02-22,2.7855000495910645,2.7950000762939453,2.7497498989105225,2.7690000534057617,433772000,2.7278091907501220
2017-02-23,2.6375000476837160,2.6597499847412110,2.4920001029968260,2.5122499465942383,1592888000,2.4748780727386475
2017-02-24,2.4267499446868896,2.5499999523162840,2.3924999237060547,2.5364999771118164,1029904000,2.4987683296203613
2017-02-27,2.5550000667572020,2.6254999637603760,2.5390000343322754,2.6102499961853027,715400000,2.5714209079742430
2017-02-28,2.6199998855590820,2.6300001144409180,2.5195000171661377,2.5369999408721924,625360000,2.4992601871490480
2017-03-01,2.5947499275207520,2.6092500686645510,2.5277500152587890,2.5697500705718994,504804000,2.5315239429473877
2017-03-02,2.5567500591278076,2.5710000991821290,2.4722499847412110,2.4749999046325684,754332000,2.4381828308105470
2017-03-03,2.4642500877380370,2.4692499637603760,2.4054999351501465,2.4607501029968260,864692000,2.4241442680358887
2017-03-06,2.4240000247955322,2.4525001049041750,2.3792500495910645,2.4417500495910645,883568000,2.4054272174835205
2017-03-07,2.4417500495910645,2.4882500171661377,2.4287500381469727,2.4684998989105225,603400000,2.4317798614501953
2017-03-08,2.5174999237060547,2.5325000286102295,2.4617500305175780,2.4639999866485596,638712000,2.4273469448089600
2017-03-09,2.4477500915527344,2.4862499237060547,2.4349999427795410,2.4635000228881836,478060000,2.4268538951873780
2017-03-10,2.4902501106262207,2.5022499561309814,2.4595000743865967,2.4779999256134033,499740000,2.4411387443542480
2017-03-13,2.4885001182556152,2.5562500953674316,2.4877500534057617,2.5462501049041750,774136000,2.5083727836608887
2017-03-14,2.5592501163482666,2.5687499046325684,2.5117499828338623,2.5445001125335693,522016000,2.5066497325897217
2017-03-15,2.5562500953674316,2.5747499465942383,2.5079998970031740,2.5637500286102295,615036000,2.5256121158599854
2017-03-16,2.5745000839233400,2.5957500934600830,2.5602500438690186,2.5952498912811280,523100000,2.5566439628601074
2017-03-17,2.6129999160766600,2.6530001163482666,2.5952498912811280,2.6517500877380370,1119688000,2.6123032569885254
2017-03-20,2.6695001125335693,2.7402501106262207,2.6532499790191650,2.7362499237060547,748568000,2.6955468654632570
2017-03-21,2.7187500000000000,2.7490000724792480,2.6397500038146973,2.6477499008178710,913484000,2.6083631515502930
2017-03-22,2.6364998817443848,2.7065000534057617,2.6324999332427980,2.7017500400543213,616764000,2.6615598201751710
2017-03-23,2.6937499046325684,2.7139999866485596,2.6675000190734863,2.6772499084472656,533940000,2.6374247074127197
2017-03-24,2.7242500782012940,2.7322499752044678,2.6605000495910645,2.6867499351501465,439500000,2.6467826366424560
2017-03-27,2.6394999027252197,2.7102499008178710,2.5894999504089355,2.7062499523162840,506644000,2.6659922599792480
2017-03-28,2.7074999809265137,2.7222499847412110,2.6817500591278076,2.6922500133514404,432444000,2.6522011756896973
2017-03-29,2.6997499465942383,2.7122499942779540,2.6812500953674316,2.6835000514984130,349992000,2.6435809135437010
2017-03-30,2.6907498836517334,2.7500000000000000,2.6849999427795410,2.7349998950958250,525532000,2.6943151950836180
2017-03-31,2.7252500057220460,2.7472500801086426,2.7100000381469727,2.7232499122619630,440808000,2.6827402114868164
2017-04-03,2.7237501144409180,2.7412500381469727,2.6854999065399170,2.7095000743865967,445232000,2.6691946983337402
2017-04-04,2.5850000381469727,2.6105000972747803,2.5085000991821290,2.5195000171661377,1271280000,2.4820213317871094
2017-04-05,2.5004999637603760,2.5592501163482666,2.4874999523162840,2.5007500648498535,747048000,2.4635491371154785
2017-04-06,2.5060000419616700,2.5312500000000000,2.4602499008178710,2.5190000534057617,635120000,2.4815285205841064
2017-04-07,2.5255000591278076,2.5432500839233400,2.4930000305175780,2.5082499980926514,429068000,2.4709377288818360
2017-04-10,2.5090000629425050,2.5157499313354490,2.4400000572204590,2.4442501068115234,756332000,2.4078907966613770
2017-04-11,2.4137499332427980,2.4725000858306885,2.4087500572204590,2.4530000686645510,618148000,2.4165101051330566
2017-04-12,2.4530000686645510,2.4674999713897705,2.4275000095367430,2.4327499866485596,414092000,2.3965613842010500
2017-04-13,2.4082500934600830,2.4302499294281006,2.3872499465942383,2.3872499465942383,506892000,2.3517377376556396
2017-04-17,2.4002499580383300,2.4809999465942383,2.3949999809265137,2.4807500839233400,497292000,2.4438471794128420
2017-04-18,2.4662499427795410,2.4885001182556152,2.4400000572204590,2.4822499752044678,370116000,2.4453251361846924
2017-04-19,2.5000000000000000,2.5244998931884766,2.4852499961853027,2.4920001029968260,380828000,2.4549305438995360
2017-04-20,2.5067501068115234,2.5362501144409180,2.4852499961853027,2.5315001010894775,404016000,2.4938421249389650
2017-04-21,2.5209999084472656,2.5447499752044678,2.5090000629425050,2.5420000553131104,341896000,2.5041861534118652
2017-04-24,2.5739998817443848,2.5869998931884766,2.5527501106262207,2.5737500190734863,371820000,2.5354638099670410
2017-04-25,2.5885000228881836,2.6332499980926514,2.5667500495910645,2.6184999942779540,388440000,2.5795483589172363
2017-04-26,2.6322500705718994,2.6347498893737793,2.5985000133514404,2.6005001068115234,327004000,2.5618162155151367
2017-04-27,2.6080000400543213,2.6494998931884766,2.5897500514984130,2.6410000324249268,319700000,2.6017136573791504
2017-04-28,2.6340000629425050,2.6410000324249268,2.6017498970031740,2.6075000762939453,348248000,2.5687117576599120
2017-05-01,2.6184999942779540,2.6712501049041750,2.6112499237060547,2.6659998893737793,307732000,2.6263413429260254
2017-05-02,2.6387500762939453,2.6400001049041750,2.5639998912811280,2.5869998931884766,629972000,2.5485165119171143
2017-05-03,2.5799999237060547,2.6159999370574950,2.5650000572204590,2.6062500476837160,336904000,2.5674808025360107
2017-05-04,2.6124999523162840,2.6237499713897705,2.5882499217987060,2.5962500572204590,209788000,2.5576295852661133
2017-05-05,2.5845000743865967,2.6037499904632570,2.5687499046325684,2.5964999198913574,228428000,2.5578751564025880
2017-05-08,2.6085000038146973,2.6099998950958250,2.5577499866485596,2.5692501068115234,365240000,2.5310311317443848
2017-05-09,2.5750000476837160,2.6232500076293945,2.5664999485015870,2.5734999179840090,847672000,2.5352177619934080
2017-05-10,2.8572499752044678,3.0455000400543213,2.8505001068115234,3.0322499275207520,2129096000,2.9871437549591064
2017-05-11,3.0012500286102295,3.2607500553131104,2.9977500438690186,3.1624999046325684,1939792000,3.1154563426971436
2017-05-12,3.1657500267028810,3.2400000095367430,3.1445000171661377,3.1972498893737793,962620000,3.1496887207031250
2017-05-15,3.2390000820159910,3.3602499961853027,3.2344999313354490,3.3577499389648438,1087540000,3.3078010082244873
2017-05-16,3.4094998836517334,3.4360001087188720,3.3340001106262207,3.4202499389648438,1120700000,3.3693716526031494
2017-05-17,3.3524999618530273,3.3715000152587890,3.1887500286102295,3.1930000782012940,1271368000,3.1455023288726807
2017-05-18,3.2374999523162840,3.3357501029968260,3.1762499809265137,3.3267500400543213,1156032000,3.2772626876831055
2017-05-19,3.4257500171661377,3.4554998874664307,3.3805000782012940,3.4000000953674316,1018372000,3.3529515266418457
2017-05-22,3.4442501068115234,3.4869999885559080,3.4332499504089355,3.4725000858306885,836608000,3.4244475364685060
2017-05-23,3.4925000667572020,3.4947500228881836,3.3927500247955322,3.4257500171661377,681248000,3.3783447742462160
2017-05-24,3.5239999294281006,3.5267500877380370,3.4519999027252197,3.4642500877380370,815996000,3.4163119792938232
2017-05-25,3.5000000000000000,3.5007500648498535,3.4110000133514404,3.4565000534057617,608228000,3.4086685180664062
2017-05-26,3.4482500553131104,3.6319999694824220,3.4277501106262207,3.5460000038146973,779140000,3.4969303607940674
2017-05-30,3.5924999713897705,3.6572499275207520,3.5762500762939453,3.6217501163482666,989652000,3.5716316699981690
2017-05-31,3.6672499179840090,3.6749999523162840,3.5512499809265137,3.6087501049041750,887316000,3.5588114261627197
2017-06-01,3.6247498989105225,3.6257500648498535,3.5629999637603760,3.6089999675750732,503340000,3.5590581893920900
2017-06-02,3.6059999465942383,3.6324999332427980,3.5850000381469727,3.5910000801086426,487456000,3.5413072109222410
2017-06-05,3.5745000839233400,3.7132499217987060,3.5627501010894775,3.7002499103546143,817376000,3.6490461826324463
2017-06-06,3.6954998970031740,3.7422499656677246,3.6700000762939453,3.6835000514984130,758728000,3.6325271129608154
2017-06-07,3.7082500457763670,3.7469999790191650,3.6925001144409180,3.7279999256134033,612612000,3.6764111518859863
2017-06-08,3.8364999294281006,4.0000000000000000,3.7947499752044678,3.9985001087188720,1161744000,3.9431684017181396
2017-06-09,4.1185002326965330,4.2125000953674320,3.5687499046325684,3.7400000095367430,3692928000,3.6882460117340090
2017-06-12,3.6470000743865967,3.7925000190734863,3.5527501106262207,3.7492499351501465,1697532000,3.6973671913146973
2017-06-13,3.8599998950958250,3.8692500591278076,3.6412498950958250,3.7850000858306885,1672504000,3.7326233386993410
2017-06-14,3.7880001068115234,3.8515000343322754,3.7125000953674316,3.7929999828338623,1184640000,3.7405123710632324
2017-06-15,3.6740000247955322,3.8399999141693115,3.6624999046325684,3.8092501163482666,963824000,3.7565371990203857
2017-06-16,3.8190000057220460,3.8675000667572020,3.7560000419616700,3.7904999256134033,924960000,3.7380464076995850
2017-06-19,3.8352499008178710,3.9382500648498535,3.8315000534057617,3.9330000877380370,778176000,3.8785750865936280
2017-06-20,3.9757499694824220,4.0434999465942380,3.9230000972747803,3.9272499084472656,1095444000,3.8729045391082764
2017-06-21,3.9552500247955322,3.9904999732971190,3.8924999237060547,3.9867498874664307,682652000,3.9315807819366455
2017-06-22,3.9949998855590820,4.0085000991821290,3.9349999427795410,3.9592499732971190,469132000,3.9044613838195800
2017-06-23,3.9670000076293945,3.9830000400543213,3.8304998874664307,3.8457500934600830,1088588000,3.7925326824188232
2017-06-26,3.8789999485015870,3.9149999618530273,3.7082500457763670,3.8037500381469727,1063960000,3.7511126995086670
2017-06-27,3.7860000133514404,3.7947499752044678,3.6587500572204590,3.6644999980926514,999492000,3.6137897968292236
2017-06-28,3.7330000400543213,3.7985000610351562,3.6437499523162840,3.7937500476837160,994948000,3.7412524223327637
2017-06-29,3.7650001049041750,3.7679998874664307,3.6019999980926514,3.6670000553131104,1064424000,3.6162559986114500
2017-06-30,3.6844999790191650,3.6982500553131104,3.5875000953674316,3.6140000820159910,731060000,3.5639891624450684
2017-07-03,3.6262500286102295,3.6412498950958250,3.4644999504089355,3.4832499027252197,709072000,3.4350481033325195
2017-07-05,3.5474998950958250,3.6054999828338623,3.5282499790191650,3.5762500762939453,820188000,3.5267624855041504
2017-07-06,3.5467500686645510,3.6345000267028810,3.4939999580383300,3.5869998931884766,746284000,3.5373625755310060
2017-07-07,3.6445000171661377,3.6875000000000000,3.6212499141693115,3.6689999103546143,654972000,3.6182279586791990
2017-07-10,3.7434999942779540,3.8499999046325684,3.7170000076293945,3.8424999713897705,958492000,3.7893266677856445
2017-07-11,3.8462500572204590,3.9047501087188720,3.8037500381469727,3.8970000743865967,757956000,3.8430738449096680
2017-07-12,3.9574999809265137,4.0749998092651370,3.9140000343322754,4.0627498626708980,1145208000,4.0065293312072750
2017-07-13,4.0749998092651370,4.1574997901916500,3.9687500000000000,4.0157499313354490,1369132000,3.9601795673370360
2017-07-14,4.0322499275207520,4.1252498626708980,4.0252499580383300,4.1237502098083500,941948000,4.0666842460632320
2017-07-17,4.1582498550415040,4.1875000000000000,4.0437498092651370,4.1062498092651370,930792000,4.0494256019592285
2017-07-18,4.0444998741149900,4.1637501716613770,4.0324997901916500,4.1490001678466800,776640000,4.0915861129760740
2017-07-19,4.1582498550415040,4.1849999427795410,4.1152501106262210,4.1275000572204590,687044000,4.0703825950622560
2017-07-20,4.1482501029968260,4.1877498626708980,4.0977501869201660,4.1875000000000000,699596000,4.1295537948608400
2017-07-21,4.1667499542236330,4.2325000762939450,4.1522498130798340,4.2024998664855960,648332000,4.1443457603454590
2017-07-24,4.2097501754760740,4.2195000648498535,4.1430001258850100,4.1537499427795410,652524000,4.0962696075439450
2017-07-25,4.1304998397827150,4.1482501029968260,4.0894999504089355,4.1337499618530270,496556000,4.0765461921691895
2017-07-26,4.1919999122619630,4.2482500076293945,4.1462497711181640,4.1814999580383300,640404000,4.1236352920532230
2017-07-27,4.2067499160766600,4.2185001373291020,3.9389998912811280,4.0434999465942380,782856000,3.9875459671020510
2017-07-28,4.0072498321533200,4.1345000267028810,3.9820001125335693,4.1097497940063480,513348000,4.0528788566589355
2017-07-31,4.1234998703002930,4.1599998474121090,4.0155000686645510,4.0627498626708980,559672000,4.0065293312072750
2017-08-01,4.0532498359680180,4.1139998435974120,4.0250000953674320,4.1122498512268070,431384000,4.0553436279296875
2017-08-02,4.1437501907348630,4.1477499008178710,4.0317502021789550,4.1097497940063480,478444000,4.0528788566589355
2017-08-03,4.1092500686645510,4.1657500267028810,4.0920000076293945,4.1620001792907715,442420000,4.1044058799743650
2017-08-04,4.1849999427795410,4.2517499923706055,4.1620001792907715,4.1802501678466800,589096000,4.1224045753479000
2017-08-07,4.2097501754760740,4.3092498779296875,4.1999998092651370,4.3087501525878910,717412000,4.2491264343261720
2017-08-08,4.3472499847412110,4.3639998435974120,4.2177500724792480,4.2575001716613770,755336000,4.1985845565795900
2017-08-09,4.2107501029968260,4.3052501678466800,4.1917500495910645,4.3027501106262210,530784000,4.2432088851928710
2017-08-10,4.3039999008178710,4.3165001869201660,4.1082501411437990,4.1185002326965330,1328088000,4.0615081787109375
2017-08-11,3.9284999370574950,3.9749999046325684,3.8227500915527344,3.8989999294281006,1497196000,3.8450462818145750
2017-08-14,3.9917500019073486,4.2137498855590820,3.9800000190734863,4.2100000381469730,1279020000,4.1517405509948730
2017-08-15,4.2152500152587890,4.2417497634887695,4.1397500038146970,4.1744999885559080,764532000,4.1167330741882320
2017-08-16,4.1897501945495605,4.2135000228881840,4.0960001945495605,4.1287498474121090,596632000,4.0716180801391600
2017-08-17,4.1202502250671390,4.1374998092651370,4.0345001220703125,4.0367498397827150,525444000,3.9808876514434814
2017-08-18,4.0917501449584960,4.1090002059936520,3.9909999370574950,4.0374999046325680,601204000,3.9816272258758545
2017-08-21,4.0622501373291020,4.0737500190734860,3.9342501163482666,3.9787499904632570,623672000,3.9236922264099120
2017-08-22,4.0122499465942380,4.0697498321533200,3.9927499294281006,4.0637497901916500,450456000,4.0110445022583010
2017-08-23,4.0300002098083500,4.1562500000000000,4.0212497711181640,4.1449999809265140,579520000,4.0912408828735350
2017-08-24,4.1774997711181640,4.1820001602172850,4.1030001640319820,4.1297497749328610,469700000,4.0761876106262210
2017-08-25,4.1542501449584960,4.1645002365112305,4.0887498855590820,4.0952501296997070,357200000,4.0421361923217770
2017-08-28,4.1145000457763670,4.1275000572204590,4.0582499504089355,4.1242499351501465,389496000,4.0707588195800780
2017-08-29,4.0647501945495605,4.1395001411437990,4.0564999580383300,4.1174998283386230,324096000,4.0640954971313480
2017-08-30,4.1374998092651370,4.1532502174377440,4.1067500114440920,4.1420001983642580,384400000,4.0882787704467770
2017-08-31,4.1624999046325680,4.2399997711181640,4.1550002098083500,4.2360000610351560,612684000,4.1810593605041500
2017-09-01,4.2487502098083500,4.2975001335144040,4.2399997711181640,4.2614998817443850,445432000,4.2062292098999020
2017-09-05,4.2094998359680180,4.2144999504089355,4.0890002250671390,4.1477499008178710,695364000,4.0939545631408690
2017-09-06,4.1810002326965330,4.1950001716613770,4.1100001335144040,4.1452498435974120,397672000,4.0914855003356930
2017-09-07,4.1622500419616700,4.1972498893737790,4.1237502098083500,4.1645002365112305,352868000,4.1104879379272460
2017-09-08,4.1527500152587890,4.1677498817443850,4.0677499771118160,4.0922498703002930,498856000,4.0391740798950195
2017-09-11,4.1385002136230470,4.2357501983642580,4.1329998970031740,4.2249999046325680,567444000,4.1702017784118650
2017-09-12,4.2500000000000000,4.2500000000000000,4.1742501258850100,4.2402501106262210,411488000,4.1852540969848630
2017-09-13,4.2147498130798340,4.2884998321533200,4.1820001602172850,4.2592501640319820,580960000,4.2040071487426760
2017-09-14,4.2197499275207520,4.3140001296997070,4.1950001716613770,4.2350001335144040,513712000,4.1800727844238280
2017-09-15,4.3214998245239260,4.5027499198913570,4.3162498474121090,4.5027499198913570,1364792000,4.4443516731262210
2017-09-18,4.6284999847412110,4.7800002098083500,4.6215000152587890,4.6887497901916500,1684460000,4.6279377937316895
2017-09-19,4.6377501487731930,4.7462501525878910,4.6154999732971190,4.6837501525878910,874280000,4.6230025291442870
2017-09-20,4.6875000000000000,4.7354998588562010,4.6052498817443850,4.6459999084472660,724920000,4.5857405662536620
2017-09-21,4.5409998893737790,4.5675001144409180,4.4402499198913570,4.5190000534057620,1075600000,4.4603881835937500
2017-09-22,4.5075001716613770,4.5577502250671390,4.4650001525878910,4.4749999046325680,491232000,4.4169607162475590
2017-09-25,4.4437499046325680,4.4450001716613770,4.2540001869201660,4.2750000953674320,874580000,4.2195549011230470
2017-09-26,4.4112501144409180,4.4670000076293945,4.2587499618530270,4.2989997863769530,1125620000,4.2432427406311035
2017-09-27,4.3905000686645510,4.4067502021789550,4.3187499046325680,4.3932499885559080,713720000,4.3362689018249510
2017-09-28,4.4004998207092285,4.4045000076293945,4.3439998626708980,4.3920001983642580,435244000,4.3350362777709960
2017-09-29,4.4770002365112305,4.4932498931884770,4.4312500953674320,4.4692502021789550,619092000,4.4112844467163090
2017-10-02,4.5199999809265140,4.5494999885559080,4.4250001907348630,4.4749999046325680,503480000,4.4169607162475590
2017-10-03,4.4812498092651370,4.5145001411437990,4.4394998550415040,4.4842500686645510,390332000,4.4260892868041990
2017-10-04,4.4904999732971190,4.5442500114440920,4.4534997940063480,4.5217499732971190,427848000,4.4631032943725590
2017-10-05,4.5465002059936520,4.5500001907348630,4.4889998435974120,4.5192499160766600,437364000,4.4606366157531740
2017-10-06,4.4912500381469730,4.5460000038146970,4.4749999046325680,4.5324997901916500,318800000,4.4737129211425780
2017-10-09,4.5697498321533200,4.6682500839233400,4.5507497787475590,4.6347498893737790,563492000,4.5746388435363770
2017-10-10,4.7857499122619630,4.8237500190734860,4.6814999580383300,4.7232499122619630,974876000,4.6619906425476070
2017-10-11,4.7399997711181640,4.7750000953674320,4.6935000419616700,4.7734999656677250,529508000,4.7115888595581055
2017-10-12,4.7769999504089355,4.8272500038146970,4.7482500076293945,4.7757501602172850,528292000,4.7138099670410160
2017-10-13,4.8387498855590820,4.8750000000000000,4.7912502288818360,4.8647499084472660,628728000,4.8016548156738280
2017-10-16,4.8949999809265140,4.9512500762939450,4.8309998512268070,4.9482498168945310,576640000,4.8840703964233400
2017-10-17,4.9272499084472660,4.9724998474121090,4.9087500572204590,4.9437499046325680,478596000,4.8796305656433105
2017-10-18,4.9527502059936520,4.9534997940063480,4.8330001831054690,4.9394998550415040,567316000,4.8754358291625980
2017-10-19,4.8610000610351560,4.9499998092651370,4.8112502098083500,4.9450001716613770,570772000,4.8808646202087400
2017-10-20,4.9622502326965330,4.9897499084472660,4.9134998321533200,4.9225001335144040,451620000,4.8586549758911130
2017-10-23,4.9444999694824220,4.9712500572204590,4.8949999809265140,4.9155001640319820,428696000,4.8517460823059080
2017-10-24,4.9247498512268070,4.9687500000000000,4.8984999656677250,4.9670000076293945,407244000,4.9025802612304690
2017-10-25,4.9270000457763670,4.9805002212524410,4.7792501449584960,4.8414998054504395,828160000,4.7787060737609860
2017-10-26,4.8695001602172850,4.9039998054504395,4.8452501296997070,4.8922500610351560,322744000,4.8287992477416990
2017-10-27,4.9450001716613770,5.0467500686645510,4.9187498092651370,5.0465002059936520,572192000,4.9810490608215330
2017-10-30,5.0465002059936520,5.1522498130798340,5.0304999351501465,5.0960001945495605,504056000,5.0299067497253420
2017-10-31,5.1282501220703125,5.1972498893737790,5.1224999427795410,5.1702499389648440,411908000,5.1031918525695800
2017-11-01,5.2337498664855960,5.2492499351501465,5.1149997711181640,5.1799998283386230,502576000,5.1128168106079100
2017-11-02,5.1500000953674320,5.1952500343322750,5.0912499427795410,5.1484999656677250,342308000,5.0817251205444340
2017-11-03,5.1799998283386230,5.2172498703002930,5.1335000991821290,5.2172498703002930,353640000,5.1495833396911620
2017-11-06,5.1799998283386230,5.2494997978210450,5.1675000190734860,5.2407498359680180,389944000,5.1727781295776370
2017-11-07,5.2637500762939450,5.3225002288818360,5.2515001296997070,5.3007497787475590,427700000,5.2320013046264650
2017-11-08,5.2962498664855960,5.3000001907348630,5.1810002326965330,5.2290000915527340,522988000,5.1611809730529785
2017-11-09,5.1317501068115230,5.1582498550415040,5.0092501640319820,5.1329998970031740,978564000,5.0664262771606445
2017-11-10,5.3270001411437990,5.4667501449584960,5.2907500267028810,5.4035000801086430,1253256000,5.3334159851074220
2017-11-13,5.4035000801086430,5.4292497634887695,5.3002500534057620,5.3157501220703125,582376000,5.2468051910400390
2017-11-14,5.3249998092651370,5.3699998855590820,5.2807497978210450,5.3544998168945310,529292000,5.2850537300109860
2017-11-15,5.2987499237060550,5.3000001907348630,5.1950001716613770,5.2494997978210450,501948000,5.1814155578613280
2017-11-16,5.3245000839233400,5.3550000190734860,5.2812500000000000,5.2902498245239260,441768000,5.2216367721557620
2017-11-17,5.3480000495910645,5.3837499618530270,5.2687501907348630,5.2839999198913570,515664000,5.2154688835144040
2017-11-20,5.2997498512268070,5.3642501831054690,5.2624998092651370,5.3520002365112305,396100000,5.2825860977172850
2017-11-21,5.3922500610351560,5.4130001068115230,5.3600001335144040,5.4012498855590820,399176000,5.3311977386474610
2017-11-22,5.4250001907348630,5.4250001907348630,5.3402500152587890,5.3732500076293945,356640000,5.3072457313537600
2017-11-24,5.3897500038146970,5.4250001907348630,5.3649997711181640,5.4239997863769530,180752000,5.3573713302612305
2017-11-27,5.4327502250671390,5.4340000152587890,5.3502497673034670,5.3534998893737790,422896000,5.2877378463745120
2017-11-28,5.3587498664855960,5.3682498931884770,5.2059998512268070,5.2677497863769530,512752000,5.2030405998229980
2017-11-29,5.2502498626708980,5.2529997825622560,4.7807497978210450,4.9105000495910645,1396788000,4.8501787185668945
2017-11-30,4.9800000190734860,5.0669999122619630,4.9162502288818360,5.0177497863769530,823768000,4.9561109542846680
2017-12-01,4.9827499389648440,5.0032501220703125,4.8117499351501465,4.9419999122619630,811548000,4.8812932968139650
2017-12-04,5.0012497901916500,5.0075001716613770,4.6125001907348630,4.6665000915527340,1240844000,4.6091761589050290
2017-12-05,4.5599999427795410,4.8175001144409180,4.5145001411437990,4.6935000419616700,981488000,4.6358432769775390
2017-12-06,4.6424999237060550,4.7534999847412110,4.6209998130798340,4.7315001487731930,467032000,4.6733770370483400
2017-12-07,4.7989997863769530,4.8400001525878910,4.7529997825622560,4.7997498512268070,542600000,4.7407889366149900
2017-12-08,4.8502497673034670,4.8695001602172850,4.7787499427795410,4.7872500419616700,466876000,4.7284426689147950
2017-12-11,4.8014998435974120,4.8695001602172850,4.7855000495910645,4.8664999008178710,372748000,4.8067183494567870
2017-12-12,4.8225002288818360,4.8460001945495605,4.7472500801086430,4.7709999084472660,455016000,4.7123923301696780
2017-12-13,4.8125000000000000,4.8137497901916500,4.6469998359680180,4.6545000076293945,554280000,4.5973238945007320
2017-12-14,4.6479997634887695,4.7335000038146970,4.6149997711181640,4.6617498397827150,438164000,4.6044840812683105
2017-12-15,4.7062501907348630,4.8095002174377440,4.6405000686645510,4.7890000343322750,670036000,4.7301702499389650
2017-12-18,4.8299999237060550,4.9505000114440920,4.8000001907348630,4.9475002288818360,477704000,4.8867259025573730
2017-12-19,4.9380002021789550,4.9432501792907715,4.8740000724792480,4.9027500152587890,373100000,4.8425250053405760
2017-12-20,4.9425001144409180,4.9517498016357420,4.8637499809265140,4.9200000762939450,288820000,4.8595628738403320
2017-12-21,4.9235000610351560,4.9487500190734860,4.8887500762939450,4.8972501754760740,300904000,4.8370923995971680
2017-12-22,4.8600001335144040,4.8912501335144040,4.7812500000000000,4.8817501068115230,466276000,4.8217821121215820
2017-12-26,4.8257498741149900,4.9437499046325680,4.7954998016357420,4.9359998703002930,355080000,4.8753652572631840
2017-12-27,4.9225001335144040,4.9992499351501465,4.9077501296997070,4.9292497634887695,329488000,4.8686995506286620
2017-12-28,4.9532499313354490,4.9844999313354490,4.9287500381469730,4.9349999427795410,240248000,4.8743772506713870
2017-12-29,4.9615001678466800,4.9615001678466800,4.8375000953674320,4.8375000953674320,279964000,4.7780766487121580
2018-01-02,4.8944997787475590,4.9875001907348630,4.8625001907348630,4.9837498664855960,355616000,4.9225301742553710
2018-01-03,5.1024999618530270,5.3425002098083500,5.0937500000000000,5.3117499351501465,914704000,5.2464990615844730
2018-01-04,5.3940000534057620,5.4512500762939450,5.3172497749328610,5.3397498130798340,583268000,5.2741560935974120
2018-01-05,5.3547501564025880,5.4227499961853030,5.2769999504089355,5.3850002288818360,580124000,5.3188509941101070
2018-01-08,5.5100002288818360,5.6250000000000000,5.4644999504089355,5.5500001907348630,881216000,5.4818239212036130
2018-01-09,5.5555000305175780,5.5954999923706055,5.4660000801086430,5.5485000610351560,497000000,5.4803419113159180
2018-01-10,5.4549999237060550,5.5954999923706055,5.4000000953674320,5.5920000076293945,582664000,5.5233073234558105
2018-01-11,5.6250000000000000,5.6567502021789550,5.5802497863769530,5.6020002365112305,406032000,5.5331835746765140
2018-01-12,5.5900001525878910,5.6247501373291020,5.5335001945495605,5.5745000839233400,359916000,5.5060214996337890
2018-01-16,5.6012501716613770,5.6877498626708980,5.4172501564025880,5.5027499198913570,702348000,5.4351530075073240
2018-01-17,5.5174999237060550,5.6279997825622560,5.4225001335144040,5.6180000305175780,538408000,5.5489878654479980
2018-01-18,5.5984997749328610,5.6659998893737790,5.5669999122619630,5.6110000610351560,408632000,5.5420737266540530
2018-01-19,5.7022500038146970,5.7772498130798340,5.6750001907348630,5.7527499198913570,609380000,5.6820826530456540
2018-01-22,5.7607498168945310,5.8439998626708980,5.7024998664855960,5.8422498703002930,550944000,5.7704844474792480
2018-01-23,5.8962497711181640,5.9957499504089355,5.8775000572204590,5.9727501869201660,475228000,5.8993787765502930
2018-01-24,5.9759998321533200,6.0122499465942380,5.8387498855590820,5.8949999809265140,579972000,5.8225841522216800
2018-01-25,5.9499998092651370,5.9937500953674320,5.8937501907348630,5.9087500572204590,409884000,5.8361659049987790
2018-01-26,5.9530000686645510,6.0834999084472660,5.9400000572204590,6.0832500457763670,516356000,6.0085234642028810
2018-01-29,6.0685000419616700,6.2027502059936520,6.0152502059936520,6.1712498664855960,455116000,6.0954413414001465
2018-01-30,6.0277500152587890,6.1605000495910645,5.9602499008178710,6.0679998397827150,570832000,5.9934592247009280
2018-01-31,6.1442499160766600,6.2317500114440920,6.1112499237060550,6.1449999809265140,478576000,6.0695128440856930
2018-02-01,5.9629998207092285,6.1725001335144040,5.9514999389648440,6.0124998092651370,519224000,5.9386415481567380
2018-02-02,5.9250001907348630,5.9492502212524410,5.7792501449584960,5.8379998207092285,718464000,5.7662839889526370
2018-02-05,5.6750001907348630,5.8307499885559080,5.1250000000000000,5.3425002098083500,1165204000,5.2768735885620120
2018-02-06,5.1100001335144040,5.6424999237060550,5.0999999046325680,5.6395001411437990,1114800000,5.5702238082885740
2018-02-07,5.7395000457763670,5.8742499351501465,5.6675000190734860,5.7199997901916500,802932000,5.6497340202331540
2018-02-08,5.8470001220703125,5.8804998397827150,5.4377498626708980,5.4380002021789550,1144000000,5.3711996078491210
2018-02-09,5.9562501907348630,5.9722499847412110,5.4380002021789550,5.8020000457763670,1674604000,5.7307262420654300
2018-02-12,5.8839998245239260,5.8870000839233400,5.6257500648498535,5.7007498741149900,1093172000,5.6307206153869630
2018-02-13,5.6640000343322750,5.8625001907348630,5.6312499046325680,5.8157501220703125,625524000,5.7443099021911620
2018-02-14,5.7750000953674320,6.0647501945495605,5.7637500762939450,6.0355000495910645,744988000,5.9613585472106930
2018-02-15,6.1197500228881840,6.2092499732971190,6.0380001068115230,6.1624999046325680,698900000,6.0867986679077150
2018-02-16,6.1350002288818360,6.2500000000000000,6.0867500305175780,6.0960001945495605,637656000,6.0211148262023930
2018-02-20,6.1187500953674320,6.2967500686645510,6.1149997711181640,6.2270002365112305,686240000,6.1505074501037600
2018-02-21,6.2922501564025880,6.2992501258850100,6.0339999198913570,6.0377497673034670,892292000,5.9635820388793945
2018-02-22,6.0682501792907715,6.1407499313354490,5.9875001907348630,6.0537500381469730,534364000,5.9831013679504395
2018-02-23,6.1142501831054690,6.1482501029968260,6.0630002021789550,6.1482501029968260,415300000,6.0764994621276855
2018-02-26,6.1950001716613770,6.1995000839233400,6.1015000343322750,6.1645002365112305,469312000,6.0925598144531250
2018-02-27,6.1374998092651370,6.2227501869201660,6.1282501220703125,6.1515002250671390,455436000,6.0797123908996580
2018-02-28,6.1624999046325680,6.2024998664855960,6.0382499694824220,6.0500001907348630,523116000,5.9793949127197270
2018-03-01,6.0477499961853030,6.1022500991821290,5.7030000686645510,5.8052501678466800,1040120000,5.7375011444091800
2018-03-02,5.6964998245239260,5.9200000762939450,5.5462498664855960,5.9134998321533200,913428000,5.8444871902465820
2018-03-05,5.8627500534057620,5.9312500953674320,5.7379999160766600,5.8912501335144040,620776000,5.8224973678588870
2018-03-06,5.9774999618530270,6.0735001564025880,5.9340000152587890,6.0539999008178710,636808000,5.9833483695983890
2018-03-07,5.9499998092651370,6.0987501144409180,5.9487500190734860,6.0460000038146970,581208000,5.9754419326782230
2018-03-08,6.0737500190734860,6.0737500190734860,5.9847497940063480,6.0295000076293945,411912000,5.9591350555419920
2018-03-09,6.0774998664855960,6.1462497711181640,6.0612502098083500,6.1332502365112305,505524000,6.0616731643676760
2018-03-12,6.1750001907348630,6.3249998092651370,6.1667499542236330,6.2439999580383300,605060000,6.1711311340332030
2018-03-13,6.2872500419616700,6.3625001907348630,6.1510000228881840,6.1927499771118160,619772000,6.1204805374145510
2018-03-14,6.2362499237060550,6.2637500762939450,6.1554999351501465,6.2185001373291020,505496000,6.1459283828735350
2018-03-15,6.2322502136230470,6.3154997825622560,6.1909999847412110,6.2335000038146970,401952000,6.1607546806335450
2018-03-16,6.2500000000000000,6.2812500000000000,6.2119998931884770,6.2620000839233400,399456000,6.1889204978942870
2018-03-19,6.2045001983642580,6.2337498664855960,5.9250001907348630,6.0250000953674320,713772000,5.9546871185302730
2018-03-20,6.0279998779296875,6.2787499427795410,6.0279998779296875,6.2395000457763670,554696000,6.1666836738586430
2018-03-21,6.2329998016357420,6.3000001907348630,6.1832499504089355,6.2140002250671390,438688000,6.1414813995361330
2018-03-22,6.1500000953674320,6.1970000267028810,6.0085000991821290,6.0462498664855960,551196000,5.9756898880004880
2018-03-23,6.0599999427795410,6.0625000000000000,5.8130002021789550,5.8242502212524410,735620000,5.7562794685363770
2018-03-26,5.9499998092651370,6.1132497787475590,5.8975000381469730,6.1119999885559080,611424000,6.0406713485717770
2018-03-27,6.1937499046325680,6.2500000000000000,5.4962501525878910,5.6380000114440920,1409000000,5.5722022056579590
2018-03-28,5.6032500267028810,5.7347497940063480,5.4250001907348630,5.5337500572204590,945904000,5.4691700935363770
2018-03-29,5.6027498245239260,5.8874998092651370,5.5174999237060550,5.7897500991821290,916628000,5.7221832275390625
2018-04-02,5.7185001373291020,5.8662500381469730,5.4375000000000000,5.5262498855590820,922092000,5.4617571830749510
2018-04-03,5.6950001716613770,5.7587499618530270,5.5337500572204590,5.6337499618530270,667432000,5.5680022239685060
2018-04-04,5.3752498626708980,5.6665000915527340,5.3499999046325680,5.6560001373291020,789168000,5.5899939537048340
2018-04-05,5.7150001525878910,5.7282500267028810,5.4622502326965330,5.5345001220703125,701240000,5.4699120521545410
2018-04-06,5.4307498931884770,5.5399999618530270,5.3267498016357420,5.3562498092651370,662988000,5.2937412261962890
2018-04-09,5.4200000762939450,5.5492501258850100,5.3649997711181640,5.3852500915527340,499524000,5.3224020004272460
2018-04-10,5.6180000305175780,5.7249999046325680,5.5602498054504395,5.6977500915527340,761676000,5.6312546730041500
2018-04-11,5.6827502250671390,5.7245001792907715,5.6230001449584960,5.6560001373291020,460244000,5.5899939537048340
2018-04-12,5.7500000000000000,5.8829998970031740,5.7052497863769530,5.8649997711181640,593920000,5.7965540885925290
2018-04-13,5.9292497634887695,5.9377498626708980,5.7387499809265140,5.7874999046325680,503036000,5.7199578285217285
2018-04-16,5.7942500114440920,5.8210000991821290,5.6919999122619630,5.7872500419616700,350792000,5.7197108268737790
2018-04-17,5.8400001525878910,5.9600000381469730,5.7837500572204590,5.9384999275207520,447224000,5.8691954612731930
2018-04-18,5.8874998092651370,5.9812498092651370,5.8192501068115230,5.9092497825622560,391364000,5.8402876853942870
2018-04-19,5.7937498092651370,5.8274998664855960,5.6700000762939450,5.7259998321533200,471996000,5.6591763496398930
2018-04-20,5.7172498703002930,5.8024997711181640,5.6862502098083500,5.7177500724792480,386200000,5.6510233879089355
2018-04-23,5.7357501983642580,5.7874999046325680,5.5707502365112305,5.5970001220703125,427508000,5.5316829681396480
2018-04-24,5.6230001449584960,5.7199997901916500,5.4640002250671390,5.5300002098083500,414596000,5.4654645919799805
2018-04-25,5.5000000000000000,5.5395002365112305,5.2575001716613770,5.4165000915527340,588492000,5.3532886505126950
2018-04-26,5.5799999237060550,5.6387500762939450,5.5132498741149900,5.6304998397827150,375824000,5.5647902488708500
2018-04-27,5.7375001907348630,5.7575001716613770,5.6154999732971190,5.6582498550415040,400848000,5.5922169685363770
2018-04-30,5.6747498512268070,5.7249999046325680,5.6030001640319820,5.6224999427795410,327844000,5.5568833351135250
2018-05-01,5.6142501831054690,5.6812500953674320,5.5549998283386230,5.6785001754760740,253788000,5.6122312545776370
2018-05-02,5.6750001907348630,5.7199997901916500,5.6312499046325680,5.6577501296997070,268248000,5.5917224884033200
2018-05-03,5.6900000572204590,5.8512501716613770,5.6442499160766600,5.8247499465942380,443144000,5.7567734718322750
2018-05-04,5.7957501411437990,5.9797501564025880,5.7782502174377440,5.9765000343322750,400660000,5.9067530632019040
2018-05-07,6.0822501182556150,6.2747502326965330,6.0722498893737790,6.2170000076293945,687616000,6.1444473266601560
2018-05-08,6.2172498703002930,6.2627501487731930,6.1677498817443850,6.2600002288818360,506616000,6.1869440078735350
2018-05-09,6.2802500724792480,6.3967499732971190,6.2527499198913570,6.3944997787475590,596760000,6.3198766708374020
2018-05-10,6.4479999542236330,6.5124998092651370,6.4299998283386230,6.5032501220703125,994080000,6.4273548126220700
2018-05-11,6.3194999694824220,6.4947500228881840,6.2635002136230470,6.3632497787475590,1214456000,6.2889890670776370
2018-05-14,6.4017500877380370,6.4622502326965330,6.3600001335144040,6.3839998245239260,523140000,6.3094954490661620
2018-05-15,6.3197498321533200,6.3225002288818360,6.0374999046325680,6.1389999389648440,963528000,6.0673565864562990
2018-05-16,6.0999999046325680,6.2129998207092285,6.0627498626708980,6.1502499580383300,553828000,6.0784745216369630
2018-05-17,6.1519999504089355,6.2874999046325680,6.1357498168945310,6.1927499771118160,519784000,6.1204805374145510
2018-05-18,6.2452502250671390,6.3092498779296875,6.1434998512268070,6.1484999656677250,483716000,6.0767450332641600
2018-05-21,6.2470002174377440,6.2507500648498535,6.0122499465942380,6.1059999465942380,640624000,6.0347394943237305
2018-05-22,6.1195001602172850,6.1449999809265140,6.0062499046325680,6.0675001144409180,518264000,5.9966912269592285
2018-05-23,6.0069999694824220,6.1897501945495605,6.0062499046325680,6.1884999275207520,442956000,6.1200609207153320
2018-05-24,6.1847500801086430,6.2350001335144040,6.1310000419616700,6.1922497749328610,437372000,6.1237678527832030
2018-05-25,6.2049999237060550,6.2484998703002930,6.1690001487731930,6.2319998741149900,292112000,6.1630792617797850
2018-05-29,6.2137498855590820,6.2835001945495605,6.1675000190734860,6.2147498130798340,352684000,6.1460208892822270
2018-05-30,6.2487502098083500,6.3334999084472660,6.2237501144409180,6.3247499465942380,390996000,6.2548041343688965
2018-05-31,6.2925000190734860,6.3800001144409180,6.2817502021789550,6.3047499656677250,493868000,6.2350263595581055
2018-06-01,6.3499999046325680,6.4467501640319820,6.3412499427795410,6.4404997825622560,421968000,6.3692736625671390
2018-06-04,6.4749999046325680,6.6434998512268070,6.4425001144409180,6.6212501525878910,642024000,6.5480256080627440
2018-06-05,6.6244997978210450,6.6647500991821290,6.5792498588562010,6.6267499923706055,391712000,6.5534648895263670
2018-06-06,6.5357499122619630,6.6319999694824220,6.5192499160766600,6.6287498474121090,371356000,6.5554428100585940
2018-06-07,6.6250000000000000,6.6370000839233400,6.4812498092651370,6.5725002288818360,369448000,6.4998135566711430
2018-06-08,6.4990000724792480,6.5999999046325680,6.4800000190734860,6.5570001602172850,360456000,6.4844865798950195
2018-06-11,6.5442500114440920,6.5862498283386230,6.5025000572204590,6.5155000686645510,265372000,6.4434461593627930
2018-06-12,6.5422501564025880,6.5767498016357420,6.4914999008178710,6.5644998550415040,319160000,6.4919018745422360
2018-06-13,6.5659999847412110,6.6417498588562010,6.5507497787475590,6.5599999427795410,338208000,6.4874529838562010
2018-06-14,6.6055002212524410,6.7300000190734860,6.5904998779296875,6.6727499961853030,430016000,6.5989551544189450
2018-06-15,6.6149997711181640,6.6869997978210450,6.5837497711181640,6.6314997673034670,432260000,6.5581622123718260
2018-06-18,6.5869998931884770,6.6449999809265140,6.5595002174377440,6.6272501945495605,356268000,6.5539588928222660
2018-06-19,6.5229997634887695,6.5910000801086430,6.3755002021789550,6.5042500495910645,594932000,6.4323196411132810
2018-06-20,6.5457501411437990,6.6112499237060550,6.5069999694824220,6.5577502250671390,369780000,6.4852304458618160
2018-06-21,6.5900001525878910,6.6085000038146970,6.4200000762939450,6.4277501106262210,359516000,6.3566637039184570
2018-06-22,6.4487500190734860,6.4622502326965330,6.2582502365112305,6.2737498283386230,434160000,6.2043662071228030
2018-06-25,6.1662502288818360,6.1700000762939450,5.8885002136230470,5.9780001640319820,665816000,5.9118881225585940
2018-06-26,6.0925002098083500,6.1412501335144040,5.9977498054504395,6.0497498512268070,478884000,5.9828462600708010
2018-06-27,6.0937500000000000,6.1607499122619630,5.8874998092651370,5.8930001258850100,453892000,5.8278293609619140
2018-06-28,5.8829998970031740,6.0335001945495605,5.8752498626708980,6.0215001106262210,338012000,5.9549074172973630
2018-06-29,6.0872502326965330,6.0999999046325680,5.9212498664855960,5.9225001335144040,392300000,5.8570036888122560
2018-07-02,5.8522500991821290,6.0597500801086430,5.8315000534057620,6.0560002326965330,357572000,5.9890275001525880
2018-07-03,6.0910000801086430,6.0970001220703125,5.9124999046325680,5.9210000038146970,222732000,5.8555188179016110
2018-07-05,5.9767498970031740,6.0732498168945310,5.9375000000000000,6.0682501792907715,306216000,6.0011410713195800
2018-07-06,6.0434999465942380,6.1917500495910645,6.0219998359680180,6.1832499504089355,296352000,6.1148691177368160
2018-07-09,6.2582502365112305,6.2680001258850100,6.1517500877380370,6.2312498092651370,303880000,6.1623373031616210
2018-07-10,6.2437500953674320,6.3534998893737790,6.2030000686645510,6.3312501907348630,360016000,6.2612328529357910
2018-07-11,6.2375001907348630,6.2725000381469730,6.1774997711181640,6.1882500648498535,367508000,6.1198139190673830
2018-07-12,6.2340002059936520,6.3292498588562010,6.2239999771118160,6.2807497978210450,345508000,6.2112894058227540
2018-07-13,6.2994999885559080,6.2994999885559080,6.1904997825622560,6.2329998016357420,246988000,6.1640682220458980
2018-07-16,6.2049999237060550,6.2585000991821290,6.1925001144409180,6.2049999237060550,197036000,6.1363773345947270
2018-07-17,6.1552500724792480,6.3575000762939450,6.1294999122619630,6.3422498703002930,362136000,6.2721109390258790
2018-07-18,6.3347501754760740,6.3487501144409180,6.2410001754760740,6.2925000190734860,277640000,6.2229108810424805
2018-07-19,6.2734999656677250,6.3347501754760740,6.2582502365112305,6.3007497787475590,235752000,6.2310690879821780
2018-07-20,6.2982501983642580,6.3375000953674320,6.2612500190734860,6.2722501754760740,222352000,6.2028861045837400
2018-07-23,6.2455000877380370,6.2472500801086430,6.0819997787475590,6.2352499961853030,301584000,6.1662936210632320
2018-07-24,6.2837500572204590,6.3712501525878910,6.1999998092651370,6.2177500724792480,354620000,6.1489868164062500
2018-07-25,6.2272500991821290,6.3095002174377440,6.1687498092651370,6.2967500686645510,319112000,6.2271137237548830
2018-07-26,6.2765002250671390,6.4082498550415040,6.2595000267028810,6.3709998130798340,325124000,6.3005409240722660
2018-07-27,6.4079999923706055,6.4149999618530270,6.2459998130798340,6.3004999160766600,295420000,6.2308220863342285
2018-07-30,6.3147501945495605,6.3207502365112305,6.0679998397827150,6.1032500267028810,340340000,6.0357542037963870
2018-07-31,6.0927500724792480,6.1970000267028810,6.0535001754760740,6.1215000152587890,283988000,6.0538010597229000
2018-08-01,6.1532502174377440,6.2090001106262210,6.0972499847412110,6.1617498397827150,283556000,6.0936074256896970
2018-08-02,6.0897498130798340,6.2694997787475590,6.0302500724792480,6.2655000686645510,269668000,6.1962108612060550
2018-08-03,6.2902498245239260,6.3264999389648440,6.2732501029968260,6.3024997711181640,214288000,6.2328000068664550
2018-08-06,6.2897500991821290,6.3542499542236330,6.2427501678466800,6.3507499694824220,207508000,6.2805151939392090
2018-08-07,6.4000000953674320,6.4425001144409180,6.3730001449584960,6.4237499237060550,258132000,6.3527083396911620
2018-08-08,6.4250001907348630,6.5060000419616700,6.3897500038146970,6.4604997634887695,262100000,6.3890519142150880
2018-08-09,6.4784998893737790,6.4812498092651370,6.4037499427795410,6.4114999771118160,204280000,6.3405947685241700
2018-08-10,6.3287501335144040,6.4025001525878910,6.3175001144409180,6.3697500228881840,256396000,6.2993078231811520
2018-08-13,6.3784999847412110,6.5250000953674320,6.3767499923706055,6.4029998779296875,375208000,6.3321881294250490
2018-08-14,6.5095000267028810,6.5500001907348630,6.4254999160766600,6.5357499122619630,466220000,6.4634704589843750
2018-08-15,6.5567498207092285,6.5910000801086430,6.3975000381469730,6.4770002365112305,591136000,6.4053702354431150
2018-08-16,6.5475001335144040,6.5500001907348630,6.3752498626708980,6.4359998703002930,801260000,6.3648233413696290
2018-08-17,6.3235001564025880,6.3242502212524410,6.0932497978210450,6.1205000877380370,1143188000,6.0528125762939450
2018-08-20,6.0795001983642580,6.3299999237060550,5.9679999351501465,6.1960000991821290,854388000,6.1274790763854980
2018-08-21,6.2125000953674320,6.3375000953674320,6.1925001144409180,6.3330001831054690,673988000,6.2629632949829100
2018-08-22,6.3000001907348630,6.5755000114440920,6.2965002059936520,6.5704998970031740,749856000,6.4978361129760740
2018-08-23,6.5314998626708980,6.7369999885559080,6.5174999237060550,6.6710000038146970,720684000,6.5972251892089840
2018-08-24,6.6795001029968260,6.8202500343322750,6.6750001907348630,6.8055000305175780,531512000,6.7302374839782715
2018-08-27,6.8354997634887695,6.9724998474121090,6.8037500381469730,6.8975000381469730,505776000,6.8212208747863770
2018-08-28,6.8914999961853030,6.9145002365112305,6.7382497787475590,6.8594999313354490,475384000,6.7836413383483890
2018-08-29,6.8480000495910645,6.9875001907348630,6.8270001411437990,6.9622502326965330,420108000,6.8890199661254880
2018-08-30,6.9307498931884770,7.0430002212524410,6.9079999923706055,6.9452500343322750,346608000,6.8721976280212400
2018-08-31,6.9250001907348630,7.0300002098083500,6.9149999618530270,7.0170001983642580,306592000,6.9431948661804200
2018-09-04,7.0037498474121090,7.1304998397827150,6.9749999046325680,7.0925002098083500,391720000,7.0179023742675780
2018-09-05,7.0747499465942380,7.1104998588562010,6.8787498474121090,6.9604997634887695,393156000,6.8872885704040530
2018-09-06,6.9439997673034670,6.9464998245239260,6.7847499847412110,6.8179998397827150,322796000,6.7462887763977050
2018-09-07,6.7249999046325680,6.9232501983642580,6.6797499656677250,6.7965002059936520,295420000,6.7250137329101560
2018-09-10,6.8192501068115230,6.8982501029968260,6.7750000953674320,6.8682498931884770,220140000,6.7960100173950195
2018-09-11,6.8214998245239260,6.9099998474121090,6.8004999160766600,6.8200001716613770,243112000,6.7482676506042480
2018-09-12,6.7797498703002930,6.7994999885559080,6.5479998588562010,6.7049999237060550,419092000,6.6344761848449710
2018-09-13,6.7715001106262210,6.8750000000000000,6.7540001869201660,6.7835001945495605,305536000,6.7121515274047850
2018-09-14,6.8747501373291020,6.9774999618530270,6.8375000953674320,6.9107499122619630,386936000,6.8380618095397950
2018-09-17,6.8850002288818360,6.9345002174377440,6.8287501335144040,6.8482499122619630,205528000,6.7762184143066410
2018-09-18,6.8522500991821290,6.9559998512268070,6.7687501907348630,6.7754998207092285,299520000,6.7042336463928220
2018-09-19,6.7567501068115230,6.8175001144409180,6.7062501907348630,6.7994999885559080,224860000,6.7279825210571290
2018-09-20,6.6762499809265140,6.7189998626708980,6.6024999618530270,6.6570000648498535,430584000,6.5869803428649900
2018-09-21,6.6690001487731930,6.7150001525878910,6.5527501106262210,6.5862498283386230,435128000,6.5169754028320310
2018-09-24,6.5549998283386230,6.6459999084472660,6.4670000076293945,6.6424999237060550,293912000,6.5726332664489750
2018-09-25,6.7092499732971190,6.7354998588562010,6.6227498054504395,6.7102499008178710,280388000,6.6396708488464355
2018-09-26,6.7152500152587890,6.7560000419616700,6.6570000648498535,6.6729998588562010,268548000,6.6028118133544920
2018-09-27,6.7084999084472660,6.7300000190734860,6.6532502174377440,6.6849999427795410,214428000,6.6146869659423830
2018-09-28,6.8182501792907715,7.0479998588562010,6.7899999618530270,7.0254998207092285,709396000,6.9516048431396480
2018-10-01,7.1040000915527340,7.3014998435974120,7.0650000572204590,7.2340002059936520,622060000,7.1579122543334960
2018-10-02,7.2062501907348630,7.3189997673034670,7.1395001411437990,7.1620001792907715,383964000,7.0866694450378420
2018-10-03,7.2329998016357420,7.2404999732971190,7.0632500648498535,7.1682500839233400,320552000,7.0928544998168945
2018-10-04,7.1317501068115230,7.1562500000000000,6.9045000076293945,6.9822502136230470,391220000,6.9088101387023930
2018-10-05,6.9572501182556150,7.0199999809265140,6.6884999275207520,6.7465000152587890,426636000,6.6755399703979490
2018-10-08,6.6624999046325680,6.7789998054504395,6.5019998550415040,6.6442499160766600,408612000,6.5743656158447270
2018-10-09,6.6234998703002930,6.7189998626708980,6.5700001716613770,6.6385002136230470,273500000,6.5686750411987305
2018-10-10,6.5314998626708980,6.5777502059936520,6.1399998664855960,6.1422500610351560,684940000,6.0776448249816895
2018-10-11,6.0542497634887695,6.1890001296997070,5.8565001487731930,5.8782501220703125,725436000,5.8164219856262210
2018-10-12,6.1377501487731930,6.2385001182556150,5.9912500381469730,6.1634998321533200,608236000,6.0986714363098145
2018-10-15,6.1500000953674320,6.1500000953674320,5.8835000991821290,5.8845000267028810,449760000,5.8226065635681150
2018-10-16,5.9982500076293945,6.1570000648498535,5.9485001564025880,6.1457500457763670,408712000,6.0811090469360350
2018-10-17,6.2084999084472660,6.2470002174377440,6.0269999504089355,6.0764999389648440,329668000,6.0125861167907715
2018-10-18,6.1465001106262210,6.1852498054504395,5.9272499084472660,5.9882497787475590,524020000,5.9252643585205080
2018-10-19,6.0440001487731930,6.0637497901916500,5.6925001144409180,5.7292499542236330,613608000,5.6689887046813965
2018-10-22,5.7820000648498535,5.8829998970031740,5.6767501831054690,5.7804999351501465,368844000,5.7197003364562990
2018-10-23,5.5107498168945310,5.6047501564025880,5.4177498817443850,5.5265002250671390,626436000,5.4683732986450195
2018-10-24,5.4877500534057620,5.5347499847412110,4.9712500572204590,4.9852499961853030,884288000,4.9328141212463380
2018-10-25,4.8867502212524410,5.2437500953674320,4.8420000076293945,5.1960000991821290,951720000,5.1413483619689940
2018-10-26,4.9577498435974120,5.1209998130798340,4.8280000686645510,4.9572501182556150,664784000,4.9051094055175780
2018-10-29,5.0997500419616700,5.1032500267028810,4.4002499580383300,4.6405000686645510,758016000,4.5916900634765625
2018-10-30,4.6637501716613770,5.0850000381469730,4.6405000686645510,5.0749998092651370,807192000,5.0216197967529300
2018-10-31,5.2412500381469730,5.3147501945495605,5.1002497673034670,5.2707500457763670,745772000,5.2153120040893555
2018-11-01,5.3074998855590820,5.4622502326965330,5.1797499656677250,5.4527502059936520,566528000,5.3953976631164550
2018-11-02,5.4432501792907715,5.5500001907348630,5.2552499771118160,5.3730001449584960,452960000,5.3164844512939450
2018-11-05,5.3597497940063480,5.3832502365112305,5.1319999694824220,5.2942500114440920,379332000,5.2385644912719730
2018-11-06,5.2862501144409180,5.3712501525878910,5.2389998435974120,5.2765002250671390,299012000,5.2210001945495605
2018-11-07,5.3437500000000000,5.4352498054504395,5.2795000076293945,5.3447499275207520,483812000,5.2885336875915530
2018-11-08,5.2849998474121090,5.2857499122619630,5.0957498550415040,5.1497502326965330,511352000,5.0955843925476070
2018-11-09,5.0599999427795410,5.2329998016357420,5.0260000228881840,5.1417498588562010,413240000,5.0876684188842770
2018-11-12,5.0494999885559080,5.0717501640319820,4.7164998054504395,4.7385001182556150,617116000,4.6886606216430660
2018-11-13,4.8372502326965330,5.1052498817443850,4.8309998512268070,4.9827499389648440,644712000,4.9303402900695800
2018-11-14,5.1574997901916500,5.1719999313354490,4.8207502365112305,4.9297499656677250,526580000,4.8778977394104000
2018-11-15,4.9237499237060550,5.1325001716613770,4.8874998092651370,5.0597500801086430,840708000,5.0065307617187500
2018-11-16,4.0830001831054690,4.2664999961853030,4.0402498245239260,4.1107501983642580,1963520000,4.0675134658813480
2018-11-19,4.0447502136230470,4.0454998016357420,3.6157500743865967,3.6175000667572020,1697820000,3.5794510841369630
2018-11-20,3.3515000343322754,3.8564999103546143,3.3327500820159910,3.7269999980926514,1692032000,3.6877989768981934
2018-11-21,3.8654999732971190,3.8824999332427980,3.5902500152587890,3.6177499294281006,1025496000,3.5796978473663330
2018-11-23,3.5827500820159910,3.7397499084472656,3.5697500705718994,3.6250000000000000,411968000,3.5868721008300780
2018-11-26,3.7472500801086426,3.8367500305175780,3.6640000343322754,3.8262500762939453,814832000,3.7860050201416016
2018-11-27,3.7999999523162840,3.9252500534057617,3.7637500762939453,3.8432500362396240,738060000,3.8028261661529540
2018-11-28,3.9619998931884766,4.0069999694824220,3.8282499313354490,4.0017499923706055,804524000,3.9596588611602783
2018-11-29,4.0000000000000000,4.0374999046325680,3.9035000801086426,3.9340000152587890,549172000,3.8965160846710205
2018-11-30,3.9437499046325684,4.0964999198913570,3.8929998874664307,4.0857501029968260,729564000,4.0468201637268070
2018-12-03,4.3150000572204590,4.3670001029968260,4.1834998130798340,4.2509999275207520,890804000,4.2104978561401370
2018-12-04,4.2059998512268070,4.2109999656677250,3.9124999046325684,3.9277501106262207,812112000,3.8903264999389650
2018-12-06,3.7860000133514404,3.9622499942779540,3.7702500820159910,3.9572501182556152,692308000,3.9195456504821777
2018-12-07,3.9614999294281006,3.9717500209808350,3.6405000686645510,3.6902499198913574,681676000,3.6550884246826170
2018-12-10,3.6449999809265137,3.8215000629425050,3.6412498950958250,3.7964999675750732,629472000,3.7603268623352050
2018-12-11,3.8889999389648438,3.8972499370574950,3.6250000000000000,3.7047500610351562,671912000,3.6694507598876953
2018-12-12,3.7105000019073486,3.8194999694824220,3.6205000877380370,3.7225000858306885,654136000,3.6870317459106445
2018-12-13,3.7697501182556152,3.8345000743865967,3.6860001087188720,3.7222499847412110,471384000,3.6867842674255370
2018-12-14,3.6802499294281006,3.7647500038146973,3.6375000476837160,3.6612501144409180,471820000,3.6263661384582520
2018-12-17,3.6310000419616700,3.7037498950958250,3.5309998989105225,3.5894999504089355,662868000,3.5552990436553955
2018-12-18,3.6337499618530273,3.7582499980926514,3.6062500476837160,3.6735000610351562,564372000,3.6384987831115723
2018-12-19,3.6394999027252197,3.6935000419616700,3.4107499122619630,3.4627499580383300,745364000,3.4297568798065186
2018-12-20,3.4542500972747803,3.5450000762939453,3.3172500133514404,3.3775000572204590,749588000,3.3453190326690674
2018-12-21,3.4042499065399170,3.4375000000000000,3.2114999294281006,3.2392499446868896,863740000,3.2083861827850340
2018-12-24,3.1622500419616700,3.2495000362396240,3.1124999523162840,3.1770000457763670,463840000,3.1467294692993164
2018-12-26,3.2235000133514404,3.3285000324249268,3.1115000247955322,3.3275001049041750,695100000,3.2957954406738280
2018-12-27,3.2747499942779540,3.3094999790191650,3.1294999122619630,3.2792499065399170,637044000,3.2480051517486572
2018-12-28,3.2999999523162840,3.4347500801086426,3.2577500343322754,3.3412499427795410,628728000,3.3094136714935303
2018-12-31,3.3849999904632570,3.4177498817443848,3.3064999580383300,3.3375000953674316,465140000,3.3057005405426025
2019-01-02,3.2660000324249268,3.4619998931884766,3.2512500286102295,3.4054999351501465,508752000,3.3730525970458984
2019-01-03,3.3447499275207520,3.3789999485015870,3.1922500133514404,3.1997499465942383,705552000,3.1692616939544678
2019-01-04,3.2734999656677246,3.4432499408721924,3.2425000667572020,3.4047501087188720,585620000,3.3723096847534180
2019-01-07,3.4625000953674316,3.6222500801086426,3.4107499122619630,3.5850000381469727,709160000,3.5508420467376710
2019-01-08,3.6672499179840090,3.6695001125335693,3.4224998950958250,3.4957499504089355,786016000,3.4624423980712890
2019-01-09,3.5474998950958250,3.6122500896453857,3.4965000152587890,3.5645000934600830,617260000,3.5305371284484863
2019-01-10,3.5450000762939453,3.6394999027252197,3.4839999675750732,3.6307499408721924,523156000,3.5961558818817140
2019-01-11,3.6082499027252197,3.7437500953674316,3.5802500247955322,3.7207500934600830,874764000,3.6852991580963135
2019-01-14,3.6679999828338623,3.7864999771118164,3.6442499160766600,3.7609999179840090,730168000,3.7251648902893066
2019-01-15,3.7939999103546143,3.8337500095367430,3.7282500267028810,3.7467501163482666,617012000,3.7110507488250732
2019-01-16,3.7742500305175780,3.8074998855590820,3.7155001163482666,3.7209999561309814,470104000,3.6855461597442627
2019-01-17,3.6877501010894775,3.8332500457763670,3.6602499485015870,3.7929999828338623,493436000,3.7568609714508057
2019-01-18,3.8432500362396240,3.9495000839233400,3.7912499904632570,3.9232499599456787,651336000,3.8858690261840820
2019-01-22,3.8927500247955322,3.9045000076293945,3.6887500286102295,3.7192499637603760,661552000,3.6838128566741943
2019-01-23,3.7750000953674316,3.8645000457763670,3.7007501125335693,3.7322499752044678,591020000,3.6966888904571533
2019-01-24,3.8175001144409180,3.9637498855590820,3.8127501010894775,3.9460000991821290,708972000,3.9084019660949707
2019-01-25,3.8859999179840090,4.0219998359680180,3.7825000286102295,4.0037498474121090,1154572000,3.9656026363372803
2019-01-28,3.4137499332427980,3.5409998893737793,3.2750000953674316,3.4502499103546143,2511528000,3.4173748493194580
2019-01-29,3.4037499427795410,3.4525001049041750,3.2752499580383300,3.2899999618530273,1153932000,3.2586531639099120
2019-01-30,3.3667500019073486,3.4492499828338623,3.2864999771118164,3.4347500801086426,974228000,3.4020233154296875
2019-01-31,3.4314999580383300,3.6297500133514404,3.4094998836517334,3.5937500000000000,842852000,3.5595085620880127
2019-02-01,3.6124999523162840,3.6697499752044678,3.5645000934600830,3.6182498931884766,625048000,3.5837748050689697
2019-02-04,3.6342499256134033,3.7669999599456787,3.6119999885559080,3.7295000553131104,528592000,3.6939649581909180
2019-02-05,3.7414999008178710,3.7857499122619630,3.7074999809265137,3.7487499713897705,542424000,3.7130315303802490
2019-02-06,3.7822499275207520,3.8900001049041750,3.7767500877380370,3.8250000476837160,702464000,3.7885553836822510
2019-02-07,3.7782499790191650,3.7804999351501465,3.6422500610351562,3.6854999065399170,637120000,3.6503844261169434
2019-02-08,3.6177499294281006,3.7149999141693115,3.6032500267028810,3.7042500972747803,461604000,3.6689558029174805
2019-02-11,3.6597499847412110,3.7144999504089355,3.6124999523162840,3.6612501144409180,495180000,3.6263661384582520
2019-02-12,3.7000000476837160,3.7950000762939453,3.6854999065399170,3.7792499065399170,591060000,3.7432417869567870
2019-02-13,3.8090000152587890,3.8957500457763670,3.7952499389648438,3.8220000267028810,605372000,3.7855832576751710
2019-02-14,3.8210000991821290,3.8917500972747803,3.7774999141693115,3.8632500171661377,827264000,3.8264412879943848
2019-02-15,4.0737500190734860,4.0967497825622560,3.9105000495910645,3.9335000514984130,1516748000,3.8960216045379640
2019-02-19,3.9227499961853027,3.9972500801086426,3.9035000801086426,3.9159998893737793,551892000,3.8786880970001220
2019-02-20,3.9454998970031740,4.0314998626708980,3.9342501163482666,3.9637498855590820,540988000,3.9259822368621826
2019-02-21,3.9765000343322754,4.0012497901916500,3.8794999122619630,3.8942499160766600,448548000,3.8571453094482420
2019-02-22,3.9465000629425050,3.9987499713897705,3.9327499866485596,3.9797499179840090,401740000,3.9418299198150635
2019-02-25,4.0640001296997070,4.1319999694824220,3.9584999084472656,3.9672501087188720,656020000,3.9294500350952150
2019-02-26,3.9625000953674316,4.0190000534057620,3.8937499523162840,3.9275000095367430,488464000,3.8900787830352783
2019-02-27,3.9130001068115234,3.9397499561309814,3.8277499675750732,3.8852500915527344,500256000,3.8482310771942140
2019-02-28,3.8750000000000000,3.8975000381469727,3.8340001106262207,3.8564999103546143,324944000,3.8236916065216064
2019-03-01,3.9067499637603760,3.9537498950958250,3.8480000495910645,3.9112501144409180,357188000,3.8779754638671875
2019-03-04,3.9500000476837160,3.9730000495910645,3.8624999523162840,3.9195001125335693,409992000,3.8861558437347410
2019-03-05,3.9037499427795410,3.9514999389648438,3.8489999771118164,3.9130001068115234,362924000,3.8797113895416260
2019-03-06,3.9040000438690186,3.9124999046325684,3.7985000610351562,3.8012499809265137,403524000,3.7689113616943360
2019-03-07,3.7774999141693115,3.7872500419616700,3.6849999427795410,3.7314999103546143,450104000,3.6997549533843994
2019-03-08,3.6414999961853027,3.7767500877380370,3.6199998855590820,3.7660000324249268,422416000,3.7339615821838380
2019-03-11,3.7897500991821290,4.0514998435974120,3.7422499656677246,4.0285000801086430,859728000,3.9942286014556885
2019-03-12,4.0564999580383300,4.1097497940063480,3.9797499179840090,4.0630002021789550,579576000,4.0284352302551270
2019-03-13,4.1007499694824220,4.2449998855590820,4.0932497978210450,4.2154998779296875,768900000,4.1796374320983890
2019-03-14,4.2247500419616700,4.2367501258850100,4.1312499046325680,4.1389999389648440,519384000,4.1037874221801760
2019-03-15,4.1824998855590820,4.2882499694824220,4.1789999008178710,4.2452502250671390,661484000,4.2091350555419920
2019-03-18,4.2769999504089355,4.3312501907348630,4.1964998245239260,4.2237501144409180,486992000,4.1878180503845215
2019-03-19,4.3189997673034670,4.4375000000000000,4.3020000457763670,4.3927497863769530,854972000,4.3553805351257320
2019-03-20,4.4219999313354490,4.4757499694824220,4.3249998092651370,4.3600001335144040,719148000,4.3229079246521000
2019-03-21,4.3832502365112305,4.6250000000000000,4.3782501220703125,4.5984997749328610,824312000,4.5593781471252440
2019-03-22,4.5710000991821290,4.6199998855590820,4.4235000610351560,4.4375000000000000,747644000,4.3997483253479000
2019-03-25,4.3965001106262210,4.4612498283386230,4.2777500152587890,4.3445000648498535,525212000,4.3075404167175290
2019-03-26,4.4872498512268070,4.5437498092651370,4.3649997711181640,4.4217500686645510,703508000,4.3841338157653810
2019-03-27,4.4475002288818360,4.4942498207092285,4.3425002098083500,4.4124999046325680,474372000,4.3749608993530270
2019-03-28,4.4387497901916500,4.4974999427795410,4.3777499198913570,4.4312500953674320,480264000,4.3935523033142090
2019-03-29,4.4984998703002930,4.5135002136230470,4.4477500915527340,4.4889998435974120,456896000,4.4508104324340820
2019-04-01,4.5815000534057620,4.5875000953674320,4.5092501640319820,4.5570001602172850,483824000,4.5182323455810550
2019-04-02,4.5812501907348630,4.6197500228881840,4.5380001068115230,4.5749998092651370,440920000,4.5360789299011230
2019-04-03,4.6250000000000000,4.7750000953674320,4.6199998855590820,4.7154998779296875,783504000,4.6753830909729000
2019-04-04,4.6999998092651370,4.7492499351501465,4.6432499885559080,4.7065000534057620,457376000,4.6664609909057620
2019-04-05,4.7500000000000000,4.7912502288818360,4.7132501602172850,4.7737498283386230,481744000,4.7331376075744630
2019-04-08,4.7430000305175780,4.8200001716613770,4.7187500000000000,4.7947502136230470,424192000,4.7539601325988770
2019-04-09,4.7610001564025880,4.7722501754760740,4.6890001296997070,4.7315001487731930,439972000,4.6912474632263180
2019-04-10,4.7307500839233400,4.8284997940063480,4.7262501716613770,4.8024997711181640,444772000,4.7616419792175290
2019-04-11,4.8049998283386230,4.8367500305175780,4.7387499809265140,4.7884998321533200,374600000,4.7477626800537110
2019-04-12,4.8274998664855960,4.8315000534057620,4.7414999008178710,4.7502498626708980,471708000,4.7098374366760250
2019-04-15,4.7424998283386230,4.7474999427795410,4.5774998664855960,4.6174998283386230,440092000,4.5782165527343750
2019-04-16,4.6570000648498535,4.7242498397827150,4.6240000724792480,4.7052497863769530,394964000,4.6652212142944340
2019-04-17,4.7404999732971190,4.7614998817443850,4.6597499847412110,4.6822500228881840,351004000,4.6424169540405270
2019-04-18,4.6890001296997070,4.7232499122619630,4.6294999122619630,4.6574997901916500,380988000,4.6178750991821290
2019-04-22,4.6337499618530270,4.7274999618530270,4.6020002365112305,4.7117500305175780,279936000,4.6716661453247070
2019-04-23,4.7249999046325680,4.7982501983642580,4.7152500152587890,4.7667498588562010,346856000,4.7261977195739750
2019-04-24,4.7772498130798340,4.8202500343322750,4.7160000801086430,4.7792501449584960,318204000,4.7385926246643070
2019-04-25,4.7387499809265140,4.7612500190734860,4.5925002098083500,4.6727499961853030,499296000,4.6329984664916990
2019-04-26,4.5177497863769530,4.5222501754760740,4.3324999809265140,4.4522500038146970,868988000,4.4143733978271480
2019-04-29,4.4602499008178710,4.5112500190734860,4.3874998092651370,4.4832501411437990,391920000,4.4451093673706055
2019-04-30,4.4507498741149900,4.5507497787475590,4.4314999580383300,4.5250000953674320,362920000,4.4865045547485350
2019-05-01,4.5777502059936520,4.6202502250671390,4.5114998817443850,4.5117502212524410,354280000,4.4733657836914060
2019-05-02,4.5215001106262210,4.6217498779296875,4.4780001640319820,4.5797500610351560,394684000,4.5407881736755370
2019-05-03,4.5882501602172850,4.5982499122619630,4.5132498741149900,4.5752501487731930,336824000,4.5363273620605470
2019-05-06,4.3874998092651370,4.5085000991821290,4.3499999046325680,4.4962501525878910,422176000,4.4579997062683105
2019-05-07,4.4475002288818360,4.4475002288818360,4.2792501449584960,4.3277502059936520,555220000,4.2909336090087890
2019-05-08,4.3000001907348630,4.4287500381469730,4.2880001068115230,4.3480000495910645,419168000,4.3110108375549320
2019-05-09,4.2785000801086430,4.2882499694824220,4.1350002288818360,4.2547497749328610,660248000,4.2185540199279785
2019-05-10,4.2237501144409180,4.2897500991821290,4.0999999046325680,4.2204999923706055,569500000,4.1845955848693850
2019-05-13,4.0875000953674320,4.1107501983642580,3.9452500343322754,3.9612500667572020,656912000,3.9275510311126710
2019-05-14,4.0012497901916500,4.0865001678466800,3.9622499942779540,4.0510001182556150,524880000,4.0165367126464840
2019-05-15,3.9949998855590820,4.0262498855590820,3.9352500438690186,3.9895000457763670,502320000,3.9555602073669434
2019-05-16,3.9839999675750732,4.0477499961853030,3.9412500858306885,4.0047497749328610,781088000,3.9706807136535645
2019-05-17,3.9625000953674316,4.0927500724792480,3.8735001087188720,3.9132499694824220,1022068000,3.8799588680267334
2019-05-20,3.8137500286102295,3.8692500591278076,3.7687499523162840,3.7937500476837160,572064000,3.7614753246307373
2019-05-21,3.8550000190734863,3.8924999237060547,3.8159999847412110,3.8764998912811280,361848000,3.8435211181640625
2019-05-22,3.8375000953674316,3.8637499809265137,3.7939999103546143,3.8050000667572020,325868000,3.7726297378540040
2019-05-23,3.7422499656677246,3.7422499656677246,3.6227500438690186,3.6830000877380370,591844000,3.6516685485839844
2019-05-24,3.7019999027252197,3.7374999523162840,3.6219999790191650,3.6287500858306885,357584000,3.5978784561157227
2019-05-28,3.6465001106262207,3.6795001029968260,3.5812499523162840,3.5832500457763670,428356000,3.5527660846710205
2019-05-29,3.5352499485015870,3.5704998970031740,3.4735000133514404,3.5085000991821290,559800000,3.4786527156829834
2019-05-30,3.5077500343322754,3.5437500476837160,3.4392499923706055,3.4777500629425050,394300000,3.4521005153656006
2019-05-31,3.4284999370574950,3.4962499141693115,3.3847498893737793,3.3864998817443848,389720000,3.3615226745605470
2019-06-03,3.3977499008178710,3.4367499351501465,3.3150000572204590,3.3445000648498535,478644000,3.3198325634002686
2019-06-04,3.4089999198913574,3.5802500247955322,3.3867499828338623,3.5750000476837160,641836000,3.5486319065093994
2019-06-05,3.6492500305175780,3.6547501087188720,3.4955000877380370,3.5320000648498535,511616000,3.5059499740600586
2019-06-06,3.5362501144409180,3.6192500591278076,3.5337500572204590,3.5945000648498535,408140000,3.5679886341094970
2019-06-07,3.6005001068115234,3.6719999313354490,3.5812499523162840,3.6375000476837160,348856000,3.6106708049774170
2019-06-10,3.6940000057220460,3.7797501087188720,3.6940000057220460,3.7107501029968260,402780000,3.6833810806274414
2019-06-11,3.7709999084472656,3.8090000152587890,3.7290000915527344,3.7687499523162840,383872000,3.7409534454345703
2019-06-12,3.7249999046325684,3.7312500476837160,3.6397500038146973,3.6549999713897705,358892000,3.6280417442321777
2019-06-13,3.6772499084472656,3.7249999046325684,3.6594998836517334,3.7065000534057617,308080000,3.6791625022888184
2019-06-14,3.6127500534057617,3.6372499465942383,3.5710000991821290,3.6159999370574950,394428000,3.5893297195434570
2019-06-17,3.6142499446868896,3.6630001068115234,3.5912499427795410,3.6257500648498535,276040000,3.5990083217620850
2019-06-18,3.6875000000000000,3.8777499198913574,3.6765000820159910,3.8220000267028810,581920000,3.7938101291656494
2019-06-19,3.8575000762939453,3.8689999580383300,3.8017499446868896,3.8280000686645510,331644000,3.7997665405273438
2019-06-20,3.9192500114440920,3.9332499504089355,3.8380000591278076,3.8524999618530273,350168000,3.8240854740142822
2019-06-21,3.8375000953674316,3.8870000839233400,3.7874999046325684,3.7939999103546143,434428000,3.7660176753997803
2019-06-24,3.8155000209808350,3.8462500572204590,3.7679998874664307,3.8164999485015870,282948000,3.7883510589599610
2019-06-25,3.8215000629425050,3.8970000743865967,3.7842500209808350,3.7869999408721924,311868000,3.7590684890747070
2019-06-26,3.9152500629425050,4.0430002212524410,3.9022500514984130,3.9814999103546143,584072000,3.9521336555480957
2019-06-27,4.0677499771118160,4.0999999046325680,4.0314998626708980,4.0807499885559080,445440000,4.0506534576416020
2019-06-28,4.1250000000000000,4.1342501640319820,4.0587501525878910,4.1057500839233400,397668000,4.0754666328430180
2019-07-01,4.3142499923706055,4.3487501144409180,4.1164999008178710,4.1542501449584960,709756000,4.1236114501953125
2019-07-02,4.1374998092651370,4.1587500572204590,4.0425000190734860,4.0557498931884770,400228000,4.0258364677429200
2019-07-03,4.0792498588562010,4.0850000381469730,4.0085000991821290,4.0687499046325680,246636000,4.0387401580810550
2019-07-05,4.0100002288818360,4.0145001411437990,3.9419999122619630,4.0057501792907715,396552000,3.9762055873870850
2019-07-08,3.9457499980926514,3.9647500514984130,3.9000000953674316,3.9302499294281006,329788000,3.9012625217437744
2019-07-09,3.8877499103546143,3.9609999656677246,3.8750000000000000,3.9327499866485596,342860000,3.9037437438964844
2019-07-10,3.9765000343322754,4.0592498779296875,3.9625000953674316,4.0015001296997070,452076000,3.9719865322113037
2019-07-11,4.0749998092651370,4.1979999542236330,4.0374999046325680,4.1570000648498535,682560000,4.1263399124145510
2019-07-12,4.1849999427795410,4.2617502212524410,4.1849999427795410,4.1902499198913570,506392000,4.1593437194824220
2019-07-15,4.2115001678466800,4.2277498245239260,4.1532502174377440,4.1817498207092285,289840000,4.1509075164794920
2019-07-16,4.1667499542236330,4.2042498588562010,4.1209998130798340,4.1770000457763670,341444000,4.1461930274963380
2019-07-17,4.1787500381469730,4.2497501373291020,4.1492500305175780,4.2427501678466800,348204000,4.2114577293396000
2019-07-18,4.2532501220703125,4.3177499771118160,4.1962499618530270,4.2544999122619630,442192000,4.2231216430664060
2019-07-19,4.2930002212524410,4.2994999885559080,4.2049999237060550,4.2109999656677250,344896000,4.1799411773681640
2019-07-22,4.2325000762939450,4.2960000038146970,4.2249999046325680,4.2829999923706055,315940000,4.2514104843139650
2019-07-23,4.3225002288818360,4.3934998512268070,4.3067498207092285,4.3914999961853030,428176000,4.3591098785400390
2019-07-24,4.4349999427795410,4.4722499847412110,4.3585000038146970,4.4664998054504395,366236000,4.4335570335388180
2019-07-25,4.4247498512268070,4.4375000000000000,4.3109998703002930,4.3344998359680180,392700000,4.3025293350219730
2019-07-26,4.3617501258850100,4.4237499237060550,4.3617501258850100,4.3767499923706055,274160000,4.3444685935974120
2019-07-29,4.3695001602172850,4.3867502212524410,4.2817502021789550,4.3705000877380370,248160000,4.3382644653320310
2019-07-30,4.3237500190734860,4.3984999656677250,4.3092498779296875,4.3862500190734860,197772000,4.3538990020751950
2019-07-31,4.3544998168945310,4.3555002212524410,4.1754999160766600,4.2179999351501465,359416000,4.1868906021118160
2019-08-01,4.2284998893737790,4.3194999694824220,4.0704998970031740,4.1230001449584960,421212000,4.0925908088684080
2019-08-02,4.0297498703002930,4.0995001792907715,3.9820001125335693,4.0297498703002930,428348000,4.0000286102294920
2019-08-05,3.8450000286102295,3.8462500572204590,3.7225000858306885,3.7697501182556152,589156000,3.7419462203979490
2019-08-06,3.8450000286102295,3.8907499313354490,3.7607500553131104,3.8087499141693115,361272000,3.7806594371795654
2019-08-07,3.7474999427795410,3.8592500686645510,3.7300000190734863,3.8472499847412110,372560000,3.8188741207122803
2019-08-08,3.9052500724792480,3.9577500820159910,3.8475000858306885,3.9565000534057617,309300000,3.9273185729980470
2019-08-09,3.9152500629425050,3.9187500476837160,3.8037500381469727,3.8545000553131104,341816000,3.8260710239410400
2019-08-12,3.8020000457763670,3.8545000553131104,3.7642500400543213,3.7862501144409180,279200000,3.7583246231079100
2019-08-13,3.7847499847412110,3.9474999904632570,3.7455000877380370,3.9012498855590820,351956000,3.8724761009216310
2019-08-14,3.8125000000000000,3.8237500190734863,3.7077500820159910,3.7517499923706055,419880000,3.7240781784057617
2019-08-15,3.7707500457763670,3.7907500267028810,3.6847500801086426,3.7192499637603760,477200000,3.6918179988861084
2019-08-16,3.9837501049041750,4.0384998321533200,3.9219999313354490,3.9890000820159910,1007960000,3.9595792293548584
2019-08-19,4.1030001640319820,4.2855000495910645,4.0867500305175780,4.2694997787475590,815112000,4.2380108833312990
2019-08-20,4.2639999389648440,4.2645001411437990,4.1754999160766600,4.1967501640319820,463188000,4.1657977104187010
2019-08-21,4.2632498741149900,4.3362498283386230,4.2414999008178710,4.2807497978210450,427244000,4.2491769790649410
2019-08-22,4.2905001640319820,4.3332500457763670,4.2474999427795410,4.2870001792907715,303488000,4.2553811073303220
2019-08-23,4.2100000381469730,4.2647500038146970,4.0409998893737790,4.0609998703002930,568056000,4.0310482978820800
2019-08-26,4.1402502059936520,4.1645002365112305,4.0977501869201660,4.1362500190734860,318208000,4.1057443618774410
2019-08-27,4.1747498512268070,4.1774997711181640,4.0155000686645510,4.0450000762939450,290968000,4.0151667594909670
2019-08-28,4.0145001411437990,4.0834999084472660,3.9749999046325684,4.0304999351501465,255612000,4.0047330856323240
2019-08-29,4.1224999427795410,4.2074999809265140,4.1189999580383300,4.1750001907348630,357976000,4.1483087539672850
2019-08-30,4.2214999198913570,4.2715001106262210,4.1694998741149900,4.1877498626708980,290616000,4.1609783172607420
2019-09-03,4.1145000457763670,4.1477499008178710,4.0812501907348630,4.1042499542236330,296140000,4.0780115127563480
2019-09-04,4.1652498245239260,4.2265000343322750,4.1652498245239260,4.2189998626708980,227728000,4.1920270919799805
2019-09-05,4.3217501640319820,4.4997501373291020,4.3200001716613770,4.4935002326965330,695676000,4.4647736549377440
2019-09-06,4.4699997901916500,4.5272498130798340,4.4279999732971190,4.4662499427795410,376976000,4.4376988410949710
2019-09-09,4.4974999427795410,4.5995001792907715,4.4959998130798340,4.5124998092651370,417524000,4.4836506843566895
2019-09-10,4.4794998168945310,4.6062498092651370,4.4697499275207520,4.5795001983642580,352812000,4.5502233505249020
2019-09-11,4.5942502021789550,4.6567502021789550,4.5650000572204590,4.6082501411437990,361512000,4.5787901878356930
2019-09-12,4.6550002098083500,4.7100000381469730,4.5987501144409180,4.6067500114440920,327840000,4.5772976875305180
2019-09-13,4.5397500991821290,4.5770001411437990,4.5044999122619630,4.5485000610351560,324592000,4.5194220542907715
2019-09-16,4.4730000495910645,4.5399999618530270,4.4625000953674320,4.5052499771118160,231832000,4.4764475822448730
2019-09-17,4.5120000839233400,4.5310001373291020,4.4652500152587890,4.5267500877380370,223048000,4.4978113174438480
2019-09-18,4.5197501182556150,4.5355000495910645,4.4124999046325680,4.4994997978210450,258152000,4.4707345962524410
2019-09-19,4.5054998397827150,4.5240001678466800,4.4127497673034670,4.4235000610351560,245476000,4.3952212333679200
2019-09-20,4.4225001335144040,4.4462499618530270,4.3070001602172850,4.3172497749328610,350244000,4.2896485328674320
2019-09-23,4.3175001144409180,4.4167499542236330,4.3137497901916500,4.3709998130798340,249712000,4.3430542945861820
2019-09-24,4.4025001525878910,4.4322500228881840,4.2775001525878910,4.3132500648498535,317268000,4.2856760025024410
2019-09-25,4.3127498626708980,4.4755001068115230,4.2677497863769530,4.4557499885559080,308432000,4.4272642135620120
2019-09-26,4.4460000991821290,4.4547500610351560,4.3822498321533200,4.4334998130798340,234564000,4.4051561355590820
2019-09-27,4.3914999961853030,4.4425001144409180,4.2329998016357420,4.2940001487731930,362056000,4.2665495872497560
2019-09-30,4.3200001716613770,4.3619999885559080,4.2884998321533200,4.3517498970031740,186184000,4.3239278793334960
2019-10-01,4.3750000000000000,4.5250000953674320,4.3452501296997070,4.3499999046325680,366008000,4.3221917152404785
2019-10-02,4.3280000686645510,4.3400001525878910,4.2532501220703125,4.3260002136230470,293372000,4.2983446121215820
2019-10-03,4.3305001258850100,4.5390000343322750,4.3000001907348630,4.5327501296997070,450588000,4.5037722587585450
2019-10-04,4.5349998474121090,4.5787501335144040,4.4695000648498535,4.5492501258850100,265524000,4.5201678276062010
2019-10-07,4.6145000457763670,4.7084999084472660,4.6057500839233400,4.6082501411437990,480984000,4.5787901878356930
2019-10-08,4.5159997940063480,4.5159997940063480,4.4124999046325680,4.4307498931884770,444436000,4.4024243354797360
2019-10-09,4.5079998970031740,4.5675001144409180,4.4790000915527340,4.5177497863769530,292412000,4.4888687133789060
2019-10-10,4.5155000686645510,4.6269998550415040,4.5102500915527340,4.5757498741149900,309124000,4.5464978218078610
2019-10-11,4.6602501869201660,4.7335000038146970,4.6412501335144040,4.6497502326965330,446404000,4.6200237274169920
2019-10-14,4.6409997940063480,4.6842498779296875,4.6097497940063480,4.6632499694824220,200040000,4.6334381103515625
2019-10-15,4.7540001869201660,4.9822502136230470,4.7399997711181640,4.9092497825622560,664124000,4.8778653144836430
2019-10-16,4.8750000000000000,4.9805002212524410,4.8437500000000000,4.8552498817443850,428944000,4.8242101669311520
2019-10-17,4.9000000953674320,4.9452500343322750,4.8024997711181640,4.8572502136230470,263436000,4.8261971473693850
2019-10-18,4.8577499389648440,4.8905000686645510,4.6875000000000000,4.7622499465942380,307440000,4.7318048477172850
2019-10-21,4.8239998817443850,4.9137501716613770,4.8049998283386230,4.9002499580383300,261868000,4.8689227104187010
2019-10-22,4.9574999809265140,5.0632500648498535,4.8825001716613770,4.8902502059936520,328720000,4.8589873313903810
2019-10-23,4.8077502250671390,4.8914999961853030,4.7757501602172850,4.8772501945495605,279916000,4.8460698127746580
2019-10-24,4.9187498092651370,4.9552497863769530,4.8845000267028810,4.9215002059936520,232020000,4.8900375366210940
2019-10-25,5.0025000572204590,5.1345000267028810,4.9947500228881840,5.1135001182556150,423092000,5.0808100700378420
2019-10-28,5.1574997901916500,5.2224998474121090,5.1279997825622560,5.1697502136230470,330792000,5.1366996765136720
2019-10-29,5.1557497978210450,5.1622500419616700,5.0535001754760740,5.0729999542236330,211236000,5.0405683517456055
2019-10-30,5.0999999046325680,5.1057500839233400,5.0064997673034670,5.0749998092651370,205960000,5.0425543785095215
2019-10-31,5.0539999008178710,5.0749998092651370,4.9452500343322750,5.0254998207092285,209732000,4.9933724403381350
2019-11-01,4.9899997711181640,5.0972499847412110,4.9647498130798340,5.0647501945495605,283640000,5.0323715209960940
2019-11-04,5.1462497711181640,5.2750000953674320,5.1230001449584960,5.2624998092651370,376716000,5.2288560867309570
2019-11-05,5.2622499465942380,5.2884998321533200,5.1919999122619630,5.2402501106262210,300868000,5.2067489624023440
2019-11-06,5.2160000801086430,5.2417497634887695,5.1027498245239260,5.1907501220703125,269012000,5.1575651168823240
2019-11-07,5.2777500152587890,5.2925000190734860,5.1634998321533200,5.2084999084472660,280340000,5.1752023696899410
2019-11-08,5.1915001869201660,5.2262501716613770,5.1537499427795410,5.1944999694824220,189100000,5.1612920761108400
2019-11-11,5.1937499046325680,5.2277498245239260,5.1069998741149900,5.2045001983642580,243436000,5.1712265014648440
2019-11-12,5.2430000305175780,5.2965002059936520,5.2077498435974120,5.2402501106262210,283504000,5.2067489624023440
2019-11-13,5.2087497711181640,5.2364997863769530,5.1475000381469730,5.2142500877380370,300188000,5.1809153556823730
2019-11-14,5.2232499122619630,5.2470002174377440,5.1630001068115230,5.2447500228881840,518080000,5.2112216949462890
2019-11-15,5.2424998283386230,5.2944998741149900,5.0159997940063480,5.1047501564025880,1053628000,5.0721154212951660
2019-11-18,5.0972499847412110,5.3337497711181640,5.0942502021789550,5.3070001602172850,574588000,5.2730731964111330
2019-11-19,5.2757501602172850,5.2994999885559080,5.1412501335144040,5.1997499465942380,414564000,5.1665062904357910
2019-11-20,5.1767501831054690,5.3637499809265140,5.1640000343322750,5.2795000076293945,472588000,5.2457485198974610
2019-11-21,5.2750000953674320,5.3309998512268070,5.2327499389648440,5.2544999122619630,288388000,5.2209076881408690
2019-11-22,5.2772498130798340,5.3239998817443850,5.2484998703002930,5.2722501754760740,224100000,5.2385444641113280
2019-11-25,5.4010000228881840,5.5352501869201660,5.3880000114440920,5.5302500724792480,506476000,5.4948964118957520
2019-11-26,5.5124998092651370,5.5172500610351560,5.4184999465942380,5.4250001907348630,385244000,5.3903193473815920
2019-11-27,5.4667501449584960,5.5012497901916500,5.4295001029968260,5.4559998512268070,215784000,5.4251184463500980
2019-11-29,5.4250001907348630,5.4534997940063480,5.3944997787475590,5.4184999465942380,141556000,5.3878316879272460
2019-12-02,5.4114999771118160,5.4250001907348630,5.2160000801086430,5.2312498092651370,372036000,5.2016425132751465
2019-12-03,5.0467500686645510,5.1954998970031740,5.0092501640319820,5.1915001869201660,465232000,5.1621165275573730
2019-12-04,5.2754998207092285,5.2979998588562010,5.2067499160766600,5.2354998588562010,273424000,5.2058672904968260
2019-12-05,5.2575001716613770,5.2732501029968260,5.1877498626708980,5.2185001373291020,184884000,5.1889648437500000
2019-12-06,5.2880001068115230,5.3372502326965330,5.2779998779296875,5.3042497634887695,232236000,5.2742295265197750
2019-12-09,5.2812500000000000,5.3592500686645510,5.2725000381469730,5.3042497634887695,211880000,5.2742295265197750
2019-12-10,5.3344998359680180,5.4015002250671390,5.2814998626708980,5.3495001792907715,256388000,5.3192234039306640
2019-12-11,5.3600001335144040,5.4390001296997070,5.3575000762939450,5.4334998130798340,233796000,5.4027466773986820
2019-12-12,5.4045000076293945,5.6199998855590820,5.3955001831054690,5.6017498970031740,404348000,5.5700440406799320
2019-12-13,5.6047501564025880,5.7245001792907715,5.5454998016357420,5.5997500419616700,454704000,5.5680561065673830
2019-12-16,5.6475000381469730,5.7014999389648440,5.6192498207092285,5.6287498474121090,320976000,5.5968914031982420
2019-12-17,5.6475000381469730,5.7300000190734860,5.6380000114440920,5.7072501182556150,321196000,5.6749472618103030
2019-12-18,5.7422499656677250,5.7985000610351560,5.7337498664855960,5.7377500534057620,343548000,5.7052736282348630
2019-12-19,5.7725000381469730,5.9000000953674320,5.7674999237060550,5.8864998817443850,445360000,5.8531823158264160
2019-12-20,5.9532499313354490,6.0097498893737790,5.9340000152587890,5.9842500686645510,603044000,5.9503793716430660
2019-12-23,6.0130000114440920,6.0452499389648440,5.9597501754760740,5.9704999923706055,355060000,5.9367079734802250
2019-12-24,5.9549999237060550,5.9827499389648440,5.9204998016357420,5.9654998779296875,138864000,5.9317355155944820
2019-12-26,5.9689998626708980,6.0079998970031740,5.9499998092651370,5.9797501564025880,182852000,5.9459061622619630
2019-12-27,5.9949998855590820,6.0085000991821290,5.8952498435974120,5.9217500686645510,254644000,5.8882331848144530
2019-12-30,5.8997502326965330,5.9050002098083500,5.7765002250671390,5.8080000877380370,258056000,5.7751255035400390
2019-12-31,5.7725000381469730,5.8920001983642580,5.7532501220703125,5.8825001716613770,231004000,5.8492074012756350
2020-01-02,5.9687500000000000,5.9977498054504395,5.9180002212524410,5.9977498054504395,237536000,5.9638042449951170
2020-01-03,5.8775000572204590,5.9457502365112305,5.8524999618530270,5.9017500877380370,205384000,5.8683462142944340
2020-01-06,5.8080000877380370,5.9317498207092285,5.7817502021789550,5.9264998435974120,262636000,5.8929562568664550
2020-01-07,5.9549999237060550,6.0442500114440920,5.9097499847412110,5.9982500076293945,314856000,5.9643011093139650
2020-01-08,5.9939999580383300,6.0510001182556150,5.9537501335144040,6.0095000267028810,277108000,5.9754881858825680
2020-01-09,6.0962500572204590,6.1482501029968260,6.0215001106262210,6.0755000114440920,255112000,6.0411128997802730
2020-01-10,6.1832499504089355,6.2137498855590820,6.0937500000000000,6.1079998016357420,316296000,6.0734295845031740
2020-01-13,6.1915001869201660,6.3247499465942380,6.1687498092651370,6.2994999885559080,319840000,6.2638468742370605
2020-01-14,6.2564997673034670,6.2820000648498535,6.1687498092651370,6.1820001602172850,359088000,6.1470117568969730
2020-01-15,6.1947498321533200,6.2172498703002930,6.1132497787475590,6.1392498016357420,263104000,6.1045041084289550
2020-01-16,6.1929998397827150,6.2292499542236330,6.1694998741149900,6.2232499122619630,284192000,6.1880273818969730
2020-01-17,6.2424998283386230,6.2500000000000000,6.1842498779296875,6.2319998741149900,253792000,6.1967291831970215
2020-01-21,6.1952500343322750,6.2322502136230470,6.1642498970031740,6.1985001564025880,217916000,6.1634168624877930
2020-01-22,6.2439999580383300,6.3397498130798340,6.2249999046325680,6.2527499198913570,239240000,6.2173609733581540
2020-01-23,6.2930002212524410,6.3299999237060550,6.2037501335144040,6.3214998245239260,244516000,6.2857198715209960
2020-01-24,6.4375000000000000,6.4875001907348630,6.2074999809265140,6.2620000839233400,373512000,6.2265572547912600
2020-01-27,5.9559998512268070,6.0562500953674320,5.8057498931884770,6.0050001144409180,470536000,5.9710130691528320
2020-01-28,6.0712499618530270,6.2317500114440920,6.0177497863769530,6.1992502212524410,310976000,6.1641631126403810
2020-01-29,6.1847500801086430,6.2210001945495605,6.0984997749328610,6.1385002136230470,258848000,6.1037578582763670
2020-01-30,6.0402498245239260,6.1587500572204590,5.9850001335144040,6.1452498435974120,290504000,6.1104688644409180
2020-01-31,6.0992498397827150,6.1112499237060550,5.8687500953674320,5.9107499122619630,370420000,5.8772959709167480
2020-02-03,5.8924999237060550,6.0277500152587890,5.8862500190734860,6.0082502365112305,255564000,5.9742455482482910
2020-02-04,6.1507501602172850,6.1975002288818360,6.1005001068115230,6.1782498359680180,271544000,6.1432809829711910
2020-02-05,6.2997498512268070,6.3099999427795410,6.1852498054504395,6.2690000534057620,208220000,6.2335190773010250
2020-02-06,6.3035001754760740,6.3562498092651370,6.2220001220703125,6.3562498092651370,218284000,6.3202748298645020
2020-02-07,6.3159999847412110,6.3382501602172850,6.2642498016357420,6.2897500991821290,189752000,6.2541513442993160
2020-02-10,6.3125000000000000,6.5749998092651370,6.3074998855590820,6.5742502212524410,529608000,6.5370421409606930
2020-02-11,6.6830000877380370,6.8125000000000000,6.6207499504089355,6.6972498893737790,638556000,6.6593441963195800
2020-02-12,6.7502498626708980,6.8200001716613770,6.7112498283386230,6.8134999275207520,374644000,6.7749361991882320
2020-02-13,6.7552499771118160,6.8369998931884770,6.7277498245239260,6.7694997787475590,528016000,6.7311854362487790
2020-02-14,7.1814999580383300,7.3742499351501465,7.1500000953674320,7.2447500228881840,1041924000,7.2037467956542970
2020-02-18,7.1409997940063480,7.4327502250671390,7.1215000152587890,7.4142498970031740,620164000,7.3722877502441410
2020-02-19,7.5372500419616700,7.8852500915527340,7.5372500419616700,7.8674998283386230,694332000,7.8229708671569820
2020-02-20,7.8192501068115230,7.9079999923706055,7.4087500572204590,7.7175002098083500,810052000,7.6738204956054690
2020-02-21,7.6047501564025880,7.6300001144409180,7.2664999961853030,7.3517498970031740,768180000,7.3101396560668945
2020-02-24,6.7547497749328610,7.0467500686645510,6.6999998092651370,6.8319997787475590,856916000,6.7933320999145510
2020-02-25,6.9074997901916500,6.9697499275207520,6.4489998817443850,6.5512499809265140,1055496000,6.5141711235046390
2020-02-26,6.5514998435974120,6.8862500190734860,6.5500001907348630,6.6912498474121090,747732000,6.6533780097961430
2020-02-27,6.3724999427795410,6.6750001907348630,6.2222499847412110,6.3150000572204590,906416000,6.2830138206481930
2020-02-28,6.0615000724792480,6.8115000724792480,6.0447502136230470,6.7517499923706055,1133252000,6.7175531387329100
2020-03-02,6.9225001335144040,6.9397501945495605,6.5250000953674320,6.9107499122619630,890744000,6.8757457733154300
2020-03-03,6.9667501449584960,7.0267500877380370,6.5615000724792480,6.6472501754760740,652792000,6.6135821342468260
2020-03-04,6.7550001144409180,7.1222500801086430,6.6799998283386230,7.1127500534057620,597408000,7.0767230987548830
2020-03-05,6.9124999046325680,7.0799999237060550,6.7874999046325680,6.8322501182556150,540328000,6.7976455688476560
2020-03-06,6.6519999504089355,6.7097501754760740,6.4499998092651370,6.6510000228881840,515412000,6.6173114776611330
2020-03-09,5.9974999427795410,6.4850001335144040,5.9545001983642580,6.1360001564025880,614160000,6.1049218177795410
2020-03-10,6.4134998321533200,6.5269999504089355,6.1497502326965330,6.5269999504089355,580648000,6.4939393997192380
2020-03-11,6.3864998817443850,6.4149999618530270,6.0642499923706055,6.1617498397827150,499964000,6.1305403709411620
2020-03-12,5.6364998817443850,5.9029998779296875,5.3949999809265140,5.4077501296997070,816540000,5.3803586959838870
2020-03-13,5.7624998092651370,6.0254998207092285,5.4902501106262210,6.0209999084472660,634836000,5.9905033111572270
2020-03-16,5.3102498054504395,5.6525001525878910,4.8499999046325680,4.9099998474121090,726972000,4.8851308822631840
2020-03-17,5.0227499008178710,5.5215001106262210,4.7750000953674320,5.4317498207092285,833632000,5.4042367935180660
2020-03-18,5.0025000572204590,5.2484998703002930,4.5170001983642580,5.0704998970031740,874268000,5.0448174476623535
2020-03-19,5.0489997863769530,5.4182500839233400,4.8347501754760740,5.3242502212524410,765512000,5.2972817420959470
2020-03-20,5.4749999046325680,5.7579998970031740,5.1282501220703125,5.1437501907348630,804636000,5.1176962852478030
2020-03-23,5.1427497863769530,5.4120001792907715,4.9629998207092285,5.3172497749328610,643876000,5.2903175354003910
2020-03-24,5.7249999046325680,6.3165001869201660,5.7012500762939450,6.2294998168945310,1101644000,6.1979470252990720
2020-03-25,6.3449997901916500,6.5454998016357420,6.0914998054504395,6.1405000686645510,793432000,6.1093983650207520
2020-03-26,6.3484997749328610,6.5555000305175780,6.2500000000000000,6.4310002326965330,696108000,6.3984265327453610
2020-03-27,6.2500000000000000,6.5780000686645510,6.2170000076293945,6.3182501792907715,638828000,6.2862482070922850
2020-03-30,6.3839998245239260,6.6490001678466800,6.3397498130798340,6.6397500038146970,602252000,6.6061205863952640
2020-03-31,6.6799998283386230,6.8850002288818360,6.4437499046325680,6.5900001525878910,949960000,6.5566210746765140
2020-04-01,6.3912501335144040,6.5382499694824220,6.0320000648498535,6.0767498016357420,656912000,6.0459704399108890
2020-04-02,6.1059999465942380,6.4000000953674320,6.0577502250671390,6.3867502212524410,675764000,6.3544006347656250
2020-04-03,6.3489999771118160,6.3907499313354490,5.9597501754760740,6.0977501869201660,663212000,6.0668640136718750
2020-04-06,6.3810000419616700,6.7470002174377440,6.3232498168945310,6.7100000381469730,727884000,6.6760134696960450
2020-04-07,6.9324998855590820,6.9562501907348630,6.4324998855590820,6.4757499694824220,784520000,6.4429492950439450
2020-04-08,6.5852499008178710,6.6987500190734860,6.5149998664855960,6.6737499237060550,542444000,6.6399474143981930
2020-04-09,6.8000001907348630,6.8229999542236330,6.5104999542236330,6.5737500190734860,525564000,6.5404524803161620
2020-04-13,6.5137500762939450,6.7550001144409180,6.4250001907348630,6.7462501525878910,398408000,6.7120795249938965
2020-04-14,6.8750000000000000,7.1329998970031740,6.8472499847412110,7.0987501144409180,530948000,7.0627946853637695
2020-04-15,6.9299998283386230,7.1042499542236330,6.8845000267028810,7.0209999084472660,366148000,6.9854373931884770
2020-04-16,7.1770000457763670,7.4749999046325680,7.1637501716613770,7.3674998283386230,745620000,7.3301820755004880
2020-04-17,7.4499998092651370,7.4714999198913570,7.1735000610351560,7.3080000877380370,539120000,7.2709846496582030
2020-04-20,7.1810002326965330,7.3375000953674320,7.1317501068115230,7.1762499809265140,449388000,7.1399011611938480
2020-04-21,7.0577502250671390,7.1192498207092285,6.6777501106262210,6.7377500534057620,735160000,6.7036232948303220
2020-04-22,6.9307498931884770,7.1967501640319820,6.8850002288818360,7.1537499427795410,483356000,7.1175150871276855
2020-04-23,7.1960000991821290,7.3284997940063480,7.0749998092651370,7.1002497673034670,424160000,7.0642852783203125
2020-04-24,7.0900001525878910,7.2417497634887695,7.0149998664855960,7.2397499084472660,352328000,7.2030797004699710
2020-04-27,7.3747501373291020,7.5875000953674320,7.3499999046325680,7.4270000457763670,479388000,7.3893814086914060
2020-04-28,7.5749998092651370,7.6050000190734860,7.2785000801086430,7.2839999198913570,442904000,7.2471060752868650
2020-04-29,7.4192500114440920,7.5145001411437990,7.3437500000000000,7.4615001678466800,379160000,7.4237070083618160
2020-04-30,7.4072499275207520,7.4615001678466800,7.2930002212524410,7.3070001602172850,375916000,7.2699904441833500
2020-05-01,7.1087498664855960,7.2224998474121090,7.0209999084472660,7.0694999694824220,342096000,7.0336923599243160
2020-05-04,7.0219998359680180,7.2960000038146970,7.0219998359680180,7.2822499275207520,317556000,7.2453646659851070
2020-05-05,7.3867502212524410,7.5067501068115230,7.2822499275207520,7.3435001373291020,368896000,7.3063058853149410
2020-05-06,7.4232501983642580,7.5500001907348630,7.3852500915527340,7.4447498321533200,323464000,7.4070415496826170
2020-05-07,7.5844998359680180,7.6852498054504395,7.5329999923706055,7.6217498779296875,373732000,7.5831441879272460
2020-05-08,7.6937499046325680,7.8187499046325680,7.6597499847412110,7.8125000000000000,339216000,7.7729301452636720
2020-05-11,7.8074998855590820,8.1125001907348630,7.7787499427795410,8.0655002593994140,469060000,8.0246477127075200
2020-05-12,8.1234998703002930,8.1724996566772460,7.7927498817443850,7.8024997711181640,493060000,7.7629795074462890
2020-05-13,7.9175000190734860,8.0784997940063480,7.5947499275207520,7.7800002098083500,625852000,7.7405939102172850
2020-05-14,7.8417501449584960,8.0360002517700200,7.6875000000000000,8.0305004119873050,602312000,7.9898252487182620
2020-05-15,7.8897500038146970,8.5004997253417970,7.8740000724792480,8.4907503128051760,987660000,8.4477415084838870
2020-05-18,8.7604999542236330,8.9165000915527340,8.6805000305175780,8.7502498626708980,774460000,8.7059288024902340
2020-05-19,8.7902498245239260,9.0874996185302730,8.7627496719360350,8.8055000305175780,717320000,8.7608995437622070
2020-05-20,8.9910001754760740,9.0430002212524410,8.8887500762939450,8.9700002670288090,587536000,8.9245653152465820
2020-05-21,9.0515003204345700,9.0524997711181640,8.7375001907348630,8.7752504348754880,761068000,8.7308006286621100
2020-05-22,8.8252496719360350,9.0930004119873050,8.7132501602172850,9.0262498855590820,1038764000,8.9805316925048830
2020-05-26,9.1567497253417970,9.1817502975463870,8.6719999313354500,8.7177495956420900,770780000,8.6735944747924800
2020-05-27,8.6250000000000000,8.6327495574951170,7.9967498779296875,8.5252504348754880,1175892000,8.4820709228515620
2020-05-28,8.4122495651245120,8.7604999542236330,8.3792495727539060,8.4870004653930660,734896000,8.4440097808837890
2020-05-29,8.5544996261596680,8.8754997253417970,8.4849996566772460,8.8754997253417970,745256000,8.8305463790893550
2020-06-01,8.8332500457763670,8.8407497406005860,8.6894998550415040,8.8062496185302730,389876000,8.7616462707519530
2020-06-02,8.7962503433227540,8.8372497558593750,8.6579999923706050,8.8252496719360350,391320000,8.7805490493774410
2020-06-03,8.8222503662109380,8.8662500381469730,8.6999998092651370,8.7694997787475590,365440000,8.7250785827636720
2020-06-04,8.7279996871948240,8.9432497024536130,8.6774997711181640,8.7665004730224610,424280000,8.7260761260986330
2020-06-05,8.7945003509521480,8.9969997406005860,8.7080001831054690,8.9200000762939450,481748000,8.8788681030273440
2020-06-08,8.8772497177124020,8.8897495269775390,8.6857500076293950,8.8050003051757810,387736000,8.7644023895263670
2020-06-09,8.8000001907348630,9.1097497940063480,8.7512502670288090,9.0459995269775390,468488000,9.0042896270751950
2020-06-10,9.1677503585815430,9.5000000000000000,9.1534996032714840,9.3667497634887700,632180000,9.3235578536987300
2020-06-11,9.1499996185302730,9.2612495422363280,8.7860002517700200,8.7962503433227540,583652000,8.7556915283203120
2020-06-12,9.1625003814697270,9.1872501373291020,8.7032499313354500,8.9324998855590820,570908000,8.8913106918334960
2020-06-15,8.8152503967285160,9.1822500228881840,8.7437496185302730,9.1737499237060550,400004000,9.1314477920532230
2020-06-16,9.2250003814697270,9.2667503356933600,8.8387498855590820,9.0684995651245120,535716000,9.0266838073730470
2020-06-17,9.1137504577636720,9.2989997863769530,9.0702495574951170,9.2360000610351560,408304000,9.1934146881103520
2020-06-18,9.2270002365112300,9.2825002670288090,9.1145000457763670,9.2180004119873050,254408000,9.1754980087280270
2020-06-19,9.2425003051757810,9.4449996948242190,9.2272500991821290,9.2612495422363280,524160000,9.2185449600219730
2020-06-22,9.3000001907348630,9.5312500000000000,9.2732496261596680,9.5267496109008790,398468000,9.4828214645385740
2020-06-23,9.5509996414184570,9.6424999237060550,9.4075002670288090,9.4499998092651370,375108000,9.4064264297485350
2020-06-24,9.4762496948242190,9.5565004348754880,9.1444997787475590,9.2355003356933600,449372000,9.1929159164428710
2020-06-25,9.3557500839233400,9.5050001144409180,9.1822500228881840,9.4899997711181640,376072000,9.4462432861328120
2020-06-26,9.5000000000000000,9.5000000000000000,9.1250000000000000,9.1549997329711910,592084000,9.1127862930297850
2020-06-29,9.1697502136230470,9.2045001983642580,8.8999996185302730,9.1999998092651370,342248000,9.1575794219970700
2020-06-30,9.3140001296997070,9.5262498855590820,9.2665004730224610,9.4977502822875980,367892000,9.4539556503295900
2020-07-01,9.5207500457763670,9.5757503509521480,9.4130001068115230,9.5299997329711910,326648000,9.4860534667968750
2020-07-02,9.6389999389648440,9.7375001907348630,9.5782499313354500,9.6122503280639650,364056000,9.5679283142089840
2020-07-06,9.7417497634887700,9.9087495803833000,9.7124996185302730,9.8392496109008790,315892000,9.7938804626464840
2020-07-07,9.9462499618530270,10.0699996948242190,9.8507499694824220,9.8717498779296880,357800000,9.8262319564819340
2020-07-08,9.9937496185302730,10.2250003814697270,9.9654998779296880,10.2159996032714840,365480000,10.1688919067382810
2020-07-09,10.3802499771118160,10.5699996948242190,10.2334995269775390,10.5089998245239260,494548000,10.4605426788330080
2020-07-10,10.5887498855590820,10.6552495956420900,10.3787498474121100,10.4792499542236330,497676000,10.4309291839599610
2020-07-13,10.5950002670288090,10.7922496795654300,10.0249996185302730,10.0522499084472660,457076000,10.0058965682983400
2020-07-14,10.0749998092651370,10.4027500152587890,9.7854995727539060,10.3769998550415040,542676000,10.3291511535644530
2020-07-15,10.4142503738403320,10.4329996109008790,10.0557498931884770,10.2272500991821290,403984000,10.1800928115844730
2020-07-16,10.0150003433227540,10.2067499160766600,9.8955001831054690,10.1347503662109380,344964000,10.0880184173583980
2020-07-17,10.2255001068115230,10.2484998703002930,10.0877504348754880,10.2014999389648440,266284000,10.1544609069824220
2020-07-20,10.2742500305175780,10.5312500000000000,10.1567497253417970,10.5107498168945310,284852000,10.4622850418090820
2020-07-21,10.5129995346069340,10.5600004196167000,10.2867498397827150,10.3284997940063480,277036000,10.2808742523193360
2020-07-22,10.3675003051757810,10.6024999618530270,10.2915000915527340,10.4387502670288090,367292000,10.3906173706054690
2020-07-23,10.4499998092651370,10.5469999313354500,10.0312500000000000,10.1297502517700200,411660000,10.0830430984497070
2020-07-24,9.8750000000000000,10.3647499084472660,9.7770004272460940,10.1944999694824220,473292000,10.1474924087524410
2020-07-27,10.2322502136230470,10.4417495727539060,10.2177495956420900,10.4215002059936520,292132000,10.3734445571899410
2020-07-28,10.3742504119873050,10.3819999694824220,10.2092504501342770,10.2154998779296880,271636000,10.1683959960937500
2020-07-29,10.3907499313354500,10.5162496566772460,10.3470001220703120,10.4654998779296880,284508000,10.4172420501708980
2020-07-30,10.3750000000000000,10.6230001449584960,10.2952499389648440,10.6140003204345700,308880000,10.5650596618652340
2020-07-31,10.5632495880126950,10.7665004730224610,10.4329996109008790,10.6147499084472660,386080000,10.5658054351806640
2020-08-03,10.7325000762939450,11.0987501144409180,10.7152500152587890,11.0102500915527340,412720000,10.9594812393188480
2020-08-04,11.0500001907348630,11.2277498245239260,10.9060001373291020,11.2277498245239260,310336000,11.1759786605834960
2020-08-05,11.2440004348754880,11.3717498779296880,11.1662502288818360,11.2867498397827150,249924000,11.2347059249877930
2020-08-06,11.3497495651245120,11.3579998016357420,11.1787500381469730,11.3354997634887700,244316000,11.2832307815551760
2020-08-07,11.3125000000000000,11.5047502517700200,11.0375003814697270,11.1995000839233400,342516000,11.1478576660156250
2020-08-10,11.3342504501342770,11.4082498550415040,10.8564996719360350,11.1649999618530270,427796000,11.1135187149047850
2020-08-11,11.0737495422363280,11.1367502212524410,10.7957496643066400,10.8500003814697270,354512000,10.7999715805053710
2020-08-12,10.9907503128051760,11.4670000076293950,10.9582500457763670,11.4402503967285160,464412000,11.3874998092651370
2020-08-13,11.5459995269775390,11.7217502593994140,11.3557500839233400,11.4429998397827150,374460000,11.3902359008789060
2020-08-14,11.5299997329711910,11.7047500610351560,11.4405002593994140,11.5640001296997070,366436000,11.5106782913208000
2020-08-17,11.8512496948242190,12.4097499847412110,11.8172502517700200,12.3369998931884770,621300000,12.2801122665405270
2020-08-18,12.4499998092651370,12.4960002899169920,12.0862503051757810,12.2607498168945310,503448000,12.2042131423950200
2020-08-19,12.2965002059936520,12.3149995803833000,12.0979995727539060,12.1385002136230470,622624000,12.0825262069702150
2020-08-20,11.9750003814697270,12.3750000000000000,11.8787498474121100,12.1409997940063480,921388000,12.0850162506103520
2020-08-21,12.2017498016357420,12.8087501525878900,12.1952495574951170,12.6835002899169920,999868000,12.6250162124633790
2020-08-24,12.8837499618530270,12.9125003814697270,12.5074996948242190,12.7202501296997070,490564000,12.6615972518920900
2020-08-25,12.6307497024536130,12.7612495422363280,12.5737495422363280,12.7500000000000000,289076000,12.6912097930908200
2020-08-26,12.7992496490478520,12.8684997558593750,12.6777496337890620,12.7729997634887700,321244000,12.7141008377075200
2020-08-27,12.7814998626708980,12.8500003814697270,12.5664997100830080,12.6282501220703120,317604000,12.5700206756591800
2020-08-28,12.6750001907348630,13.1479997634887700,12.6424999237060550,13.1477499008178710,537160000,13.0871267318725590
2020-08-31,13.1827497482299800,13.5749998092651370,13.0377502441406250,13.3745002746582030,500840000,13.3128309249877930
2020-09-01,13.4799995422363280,13.9937496185302730,13.4364995956420900,13.8210000991821290,511316000,13.7613878250122070
2020-09-02,14.7037496566772460,14.7267503738403320,13.8999996185302730,14.3465003967285160,874012000,14.2846193313598630
2020-09-03,13.8287496566772460,13.8844995498657230,12.8787498474121100,13.0155000686645500,945128000,12.9593591690063480
2020-09-04,12.7837495803833000,13.1750001907348630,11.7047500610351560,12.6225004196167000,1463684000,12.5680580139160160
2020-09-08,11.7344999313354500,12.5500001907348630,11.7042503356933600,11.9130001068115230,795728000,11.8616180419921880
2020-09-09,12.3999996185302730,12.8092498779296880,12.2317495346069340,12.7150001525878900,736200000,12.6601581573486330
2020-09-10,12.9892501831054690,13.0652503967285160,12.1669998168945310,12.3117504119873050,698684000,12.2586460113525390
2020-09-11,12.4855003356933600,12.6525001525878900,11.8957500457763670,12.1645002365112300,636928000,12.1120319366455080
2020-09-14,13.0810003280639650,13.3149995803833000,12.6312503814697270,12.8722496032714840,1201744000,12.8167304992675780
2020-09-15,13.2799997329711910,13.2987499237060550,12.8277502059936520,12.9910001754760740,727556000,12.9349660873413090
2020-09-16,12.9572496414184570,13.0927495956420900,12.5137500762939450,12.5144996643066400,556384000,12.4605236053466800
2020-09-17,12.1322498321533200,12.5897502899169920,12.0347499847412110,12.4635000228881840,792512000,12.4097423553466800
2020-09-18,12.5937500000000000,12.6324996948242190,11.9887504577636720,12.1892499923706050,698460000,12.1366739273071290
2020-09-21,11.9250001907348630,12.5225000381469730,11.9045000076293950,12.5172500610351560,721044000,12.4632616043090820
2020-09-22,12.5749998092651370,12.6479997634887700,12.1555004119873050,12.6377496719360350,646452000,12.5832405090332030
2020-09-23,12.5754995346069340,12.7270002365112300,12.0792503356933600,12.1237497329711910,647012000,12.0714588165283200
2020-09-24,12.0722503662109380,12.5694999694824220,12.0139999389648440,12.3479995727539060,731240000,12.2947397232055660
2020-09-25,12.4475002288818360,12.8835000991821290,12.2457504272460940,12.8737497329711910,588016000,12.8182220458984380
2020-09-28,13.0402498245239260,13.0517501831054690,12.7500000000000000,13.0349998474121100,573808000,12.9787750244140620
2020-09-29,12.9375000000000000,13.4427499771118160,12.9332504272460940,13.2257499694824220,621460000,13.1687040328979500
2020-09-30,13.1575002670288090,13.6225004196167000,13.1502504348754880,13.5305004119873050,689184000,13.4721384048461910
2020-10-01,13.7580003738403320,13.7627496719360350,13.4607496261596680,13.6145000457763670,525004000,13.5557775497436520
2020-10-02,13.2250003814697270,13.5194997787475590,13.0509996414184570,13.0622501373291020,552496000,13.0059118270874020
2020-10-05,13.2360000610351560,13.6442499160766600,13.2227497100830080,13.6424999237060550,479820000,13.5836572647094730
2020-10-06,13.8299999237060550,14.1420001983642580,13.6649999618530270,13.7364997863769530,784420000,13.6772489547729500
2020-10-07,13.9997501373291020,14.1192502975463870,13.8634996414184570,13.9639997482299800,418084000,13.9037723541259770
2020-10-08,14.0749998092651370,14.0845003128051760,13.7580003738403320,13.8387498855590820,378900000,13.7790584564208980
2020-10-09,13.7670001983642580,13.8242502212524410,13.6607503890991210,13.7627496719360350,346892000,13.7033901214599610
2020-10-12,13.9895000457763670,14.3470001220703120,13.9125003814697270,14.2259998321533200,434744000,14.1646413803100590
2020-10-13,14.2965002059936520,14.3485002517700200,14.0187501907348630,14.2482500076293950,344604000,14.1867923736572270
2020-10-14,14.2904996871948240,14.3427495956420900,13.9600000381469730,14.0952501296997070,276100000,14.0344543457031250
2020-10-15,13.8107500076293950,14.0057497024536130,13.7677497863769530,13.9700002670288090,267224000,13.9097442626953120
2020-10-16,14.0367498397827150,14.1215000152587890,13.7924995422363280,13.8114995956420900,242392000,13.7519273757934570
2020-10-19,13.9029998779296880,13.9834995269775390,13.4067497253417970,13.4977502822875980,298068000,13.4395303726196290
2020-10-20,13.5834999084472660,13.7997503280639650,13.5069999694824220,13.6455001831054690,229212000,13.5866441726684570
2020-10-21,13.6250000000000000,13.7915000915527340,13.4774999618530270,13.5247497558593750,219596000,13.4664144515991210
2020-10-22,13.5225000381469730,13.6117496490478520,13.2317495346069340,13.3610000610351560,290480000,13.3033704757690430
2020-10-23,13.4499998092651370,13.5932502746582030,13.2912502288818360,13.5902500152587890,233484000,13.5316333770751950
2020-10-26,13.4270000457763670,13.6927499771118160,13.0384998321533200,13.1412496566772460,336896000,13.0845689773559570
2020-10-27,13.3059997558593750,13.4420003890991210,13.1914997100830080,13.3967504501342770,250520000,13.3389673233032230
2020-10-28,13.1979999542236330,13.2600002288818360,12.6090002059936520,12.6269998550415040,376520000,12.5725355148315430
2020-10-29,12.8385000228881840,13.1927499771118160,12.7500000000000000,13.0240001678466800,320080000,12.9678249359130860
2020-10-30,12.8500003814697270,12.9364995956420900,12.3000001907348630,12.5340003967285160,416820000,12.4799385070800780
2020-11-02,12.6577501296997070,12.8367500305175780,12.3950004577636720,12.5807504653930660,299652000,12.5264863967895500
2020-11-03,12.7084999084472660,13.1049995422363280,12.6027498245239260,13.0194997787475590,272900000,12.9633426666259770
2020-11-04,13.3892498016357420,13.8275003433227540,13.3369998931884770,13.7942495346069340,410228000,13.7347507476806640
2020-11-05,14.1625003814697270,14.3389997482299800,13.9910001754760740,14.1599998474121100,319028000,14.0989236831665040
2020-11-06,14.1097497940063480,14.5887498855590820,13.8950004577636720,14.5620002746582030,383348000,14.4991903305053710
2020-11-09,14.5524997711181640,14.6914997100830080,13.6107501983642580,13.6307497024536130,582976000,13.5719556808471680
2020-11-10,13.6064996719360350,13.6064996719360350,12.6282501220703120,12.7700004577636720,644068000,12.7149190902709960
2020-11-11,13.0537500381469730,13.4350004196167000,12.9482498168945310,13.4180002212524410,404744000,13.3601236343383790
2020-11-12,13.4790000915527340,13.7659997940063480,13.3159999847412110,13.4567499160766600,365812000,13.3987073898315430
2020-11-13,13.6272497177124020,13.6687498092651370,13.0592498779296880,13.2969999313354500,346312000,13.2396478652954100
2020-11-16,13.1724996566772460,13.6494998931884770,13.1560001373291020,13.5152502059936520,413776000,13.4569559097290040
2020-11-17,13.5524997711181640,13.5962495803833000,13.3037500381469730,13.4222497940063480,312028000,13.3643560409545900
2020-11-18,13.4652500152587890,13.6057500839233400,13.1850004196167000,13.4287500381469730,510924000,13.3708286285400390
2020-11-19,13.2127504348754880,13.4875001907348630,13.1000003814697270,13.4402503967285160,565936000,13.3822774887084960
2020-11-20,13.4540004730224610,13.4945001602172850,13.0649995803833000,13.0877504348754880,341088000,13.0313014984130860
2020-11-23,13.1712503433227540,13.3824996948242190,13.0155000686645500,13.1400003433227540,361356000,13.0833234786987300
2020-11-24,13.1424999237060550,13.1619997024536130,12.8850002288818360,12.9577503204345700,346500000,12.9018611907958980
2020-11-25,13.0325002670288090,13.2694997787475590,13.0200004577636720,13.2347497940063480,259916000,13.1776657104492190
2020-11-27,13.3750000000000000,13.4075002670288090,13.1704998016357420,13.2612495422363280,167276000,13.2040510177612300
2020-11-30,13.2650003433227540,13.4125003814697270,12.9722499847412110,13.4014997482299800,286952000,13.3436956405639650
2020-12-01,13.4922504425048830,13.5287504196167000,13.2282495498657230,13.3900003433227540,296948000,13.3322448730468750
2020-12-02,13.3505001068115230,13.6735000610351560,13.2342500686645500,13.5445003509521480,283360000,13.4860792160034180
2020-12-03,13.5874996185302730,13.6599998474121100,13.3290004730224610,13.3959999084472660,199520000,13.3421592712402340
2020-12-04,13.4484996795654300,13.5600004196167000,13.3887500762939450,13.5582504272460940,202244000,13.5037593841552730
2020-12-07,13.6012496948242190,13.7312498092651370,13.5000000000000000,13.6067495346069340,223244000,13.5520610809326170
2020-12-08,13.5850000381469730,13.5987501144409180,13.2814998626708980,13.3500003814697270,271920000,13.2963466644287110
2020-12-09,13.3004999160766600,13.4139995574951170,12.8682498931884770,12.9307498931884770,401300000,12.8787784576416020
2020-12-10,12.8690004348754880,13.0687503814697270,12.8494997024536130,12.9722499847412110,207764000,12.9201145172119140
2020-12-11,12.9672498703002930,13.0200004577636720,12.8229999542236330,13.0132503509521480,209264000,12.9609460830688480
2020-12-14,13.0880002975463870,13.3887500762939450,13.0775003433227540,13.3087501525878900,270156000,13.2552623748779300
2020-12-15,13.4397497177124020,13.4639997482299800,13.1867504119873050,13.3605003356933600,193016000,13.3068017959594730
2020-12-16,13.4224996566772460,13.4372501373291020,13.2124996185302730,13.2425003051757810,223116000,13.1892786026000980
2020-12-17,13.3667497634887700,13.3795003890991210,13.1785001754760740,13.3412504196167000,231384000,13.2876300811767580
2020-12-18,13.3789997100830080,13.4049997329711910,13.0705003738403320,13.2720003128051760,342064000,13.2186565399169920
2020-12-21,13.0747499465942380,13.3699998855590820,12.9674997329711910,13.3322496414184570,302332000,13.2786655426025390
2020-12-22,13.3192501068115230,13.3372497558593750,13.0539999008178710,13.2782497406005860,185580000,13.2248840332031250
2020-12-23,13.2559995651245120,13.2749996185302730,13.0050001144409180,13.0092496871948240,179144000,12.9569664001464840
2020-12-24,13.0372495651245120,13.1324996948242190,12.9387502670288090,12.9937496185302730,97884000,12.9415292739868160
2020-12-28,13.0625000000000000,13.0625000000000000,12.7632503509521480,12.8999996185302730,212564000,12.8481531143188480
2020-12-29,12.9250001907348630,13.0725002288818360,12.8422498703002930,12.9432497024536130,170372000,12.8912296295166020
2020-12-30,12.9902496337890620,13.2137498855590820,12.8967504501342770,13.1457500457763670,225396000,13.0929193496704100
2020-12-31,13.1365003585815430,13.1510000228881840,12.9149999618530270,13.0550003051757810,192424000,13.0025310516357420
2021-01-04,13.1042499542236330,13.6525001525878900,12.9624996185302730,13.1134996414184570,560640000,13.0607957839965820
2021-01-05,13.0997495651245120,13.4434995651245120,13.0869998931884770,13.4047498703002930,322760000,13.3508739471435550
2021-01-06,13.2224998474121100,13.2449998855590820,12.5860004425048830,12.6145000457763670,580424000,12.5638017654418950
2021-01-07,12.9674997329711910,13.3777503967285160,12.8865003585815430,13.3439998626708980,461480000,13.2903690338134770
2021-01-08,13.3625001907348630,13.4209995269775390,13.0419998168945310,13.2767496109008790,292528000,13.2233896255493160
2021-01-11,13.4187498092651370,13.9610004425048830,13.3625001907348630,13.6215000152587890,518344000,13.5667533874511720
2021-01-12,13.7524995803833000,13.7545003890991210,13.3450002670288090,13.4847497940063480,291476000,13.4305534362792970
2021-01-13,13.4899997711181640,13.6250000000000000,13.3850002288818360,13.5317497253417970,210028000,13.4773645401000980
2021-01-14,13.5749998092651370,13.5997495651245120,13.1805000305175780,13.2002496719360350,283120000,13.1471986770629880
2021-01-15,13.2279996871948240,13.3252496719360350,12.8485002517700200,12.8594999313354500,277780000,12.8078155517578120
2021-01-19,13.0162496566772460,13.0939998626708980,12.8439998626708980,13.0252504348754880,226188000,12.9729013442993160
2021-01-20,13.1117496490478520,13.4305000305175780,13.0567502975463870,13.3657503128051760,258572000,13.3120336532592770
2021-01-21,13.4184999465942380,13.9992504119873050,13.2530002593994140,13.8675003051757810,337780000,13.8117675781250000
2021-01-22,13.7399997711181640,13.8417501449584960,13.6272497177124020,13.7124996185302730,246820000,13.6573905944824220
2021-01-25,13.7817497253417970,13.8284997940063480,13.2364997863769530,13.6532497406005860,251112000,13.5983743667602540
2021-01-26,13.5804996490478520,13.6447496414184570,13.3874998092651370,13.4352502822875980,163980000,13.3812541961669920
2021-01-27,13.2299995422363280,13.2327499389648440,12.7937498092651370,12.9177503585815430,371272000,12.8658323287963870
2021-01-28,12.9962501525878900,13.3397502899169920,12.9604997634887700,13.0509996414184570,228316000,12.9985427856445310
2021-01-29,13.0749998092651370,13.3347501754760740,12.9114999771118160,12.9897499084472660,271552000,12.9375429153442380
2021-02-01,13.0532503128051760,13.2707500457763670,12.9027500152587890,13.2370004653930660,217204000,13.1837968826293950
2021-02-02,13.3987503051757810,13.5719995498657230,13.2854995727539060,13.5567502975463870,220440000,13.5022640228271480
2021-02-03,13.6359996795654300,13.9317502975463870,13.5165004730224610,13.5305004119873050,245408000,13.4761199951171880
2021-02-04,13.5310001373291020,13.6735000610351560,13.3377504348754880,13.6642503738403320,201340000,13.6093301773071290
2021-02-05,13.7250003814697270,13.7372503280639650,13.5457496643066400,13.5909996032714840,169152000,13.5363759994506840
2021-02-08,13.7272500991821290,14.4737501144409180,13.7272500991821290,14.4387502670288090,434624000,14.3807201385498050
2021-02-09,14.3407497406005860,14.5832500457763670,14.2224998474121100,14.2632503509521480,287560000,14.2059288024902340
2021-02-10,14.4632501602172850,14.9049997329711910,14.3415002822875980,14.7642498016357420,485352000,14.7049093246459960
2021-02-11,14.9802503585815430,15.2722501754760740,14.9250001907348630,15.2507495880126950,450828000,15.1894569396972660
2021-02-12,15.0500001907348630,15.2912502288818360,14.7749996185302730,14.9612503051757810,374756000,14.9011211395263670
2021-02-16,15.0642499923706050,15.3725004196167000,14.9499998092651370,15.3302497863769530,321960000,15.2686367034912110
2021-02-17,15.1709995269775390,15.2235002517700200,14.7799997329711910,14.9060001373291020,274756000,14.8460922241210940
2021-02-18,14.7290000915527340,14.8732500076293950,14.5749998092651370,14.8290004730224610,233868000,14.7694015502929690
2021-02-19,15.0244998931884770,15.1770000457763670,14.8467502593994140,14.9265003204345700,271724000,14.8665056228637700
2021-02-22,14.7747497558593750,15.1332502365112300,14.3249998092651370,14.3557500839233400,325884000,14.2980537414550780
2021-02-23,14.0752496719360350,14.2387504577636720,13.3894996643066400,14.1420001983642580,391780000,14.0851631164550780
2021-02-24,14.1227502822875980,14.5067501068115230,13.7559995651245120,14.4989995956420900,448320000,14.4407262802124020
2021-02-25,14.0454998016357420,14.3747501373291020,13.2162504196167000,13.3074998855590820,824436000,13.2540159225463870
2021-02-26,13.7524995803833000,13.8544998168945310,13.3610000610351560,13.7145004272460940,500932000,13.6593809127807620
2021-03-01,13.8750000000000000,13.9250001907348630,13.5532503128051760,13.8417501449584960,353184000,13.7861204147338870
2021-03-02,13.8999996185302730,13.9204998016357420,13.3959999084472660,13.4062500000000000,264116000,13.3523683547973630
2021-03-03,13.4262504577636720,13.4514999389648440,12.7987499237060550,12.8047504425048830,377592000,12.7532863616943360
2021-03-04,12.8007497787475590,12.9750003814697270,12.0837497711181640,12.3702497482299800,573344000,12.3205356597900390
2021-03-05,12.5500001907348630,12.5500001907348630,11.6792497634887700,12.4615001678466800,542840000,12.4114189147949220
2021-03-08,12.4499998092651370,12.4712495803833000,11.5664997100830080,11.5932502746582030,543112000,11.5466556549072270
2021-03-09,12.1302499771118160,12.6167497634887700,12.0592498779296880,12.5202503204345700,521824000,12.4742374420166020
2021-03-10,12.8404998779296880,12.9799995422363280,12.4575004577636720,12.4682502746582030,384376000,12.4224262237548830
2021-03-11,12.9499998092651370,13.0462503433227540,12.7344999313354500,12.9934997558593750,299916000,12.9457464218139650
2021-03-12,12.6482496261596680,12.8887500762939450,12.5900001525878900,12.8559999465942380,243964000,12.8087501525878900
2021-03-15,12.8647499084472660,13.2067499160766600,12.7672500610351560,13.1912498474121100,221988000,13.1427669525146480
2021-03-16,13.3564996719360350,13.5124998092651370,13.1167497634887700,13.2912502288818360,272128000,13.2424020767211910
2021-03-17,13.0397500991821290,13.4532499313354500,12.9895000457763670,13.3412504196167000,243864000,13.2922182083129880
2021-03-18,13.1365003585815430,13.1840000152587890,12.7170000076293950,12.7224998474121100,293896000,12.6757411956787110
2021-03-19,12.7500000000000000,12.9215002059936520,12.6125001907348630,12.8457498550415040,299208000,12.7985382080078120
2021-03-22,12.9127502441406250,13.3944997787475590,12.9067497253417970,13.1862497329711910,297804000,13.1377859115600590
2021-03-23,13.2542495727539060,13.3444995880126950,13.0212497711181640,13.0707502365112300,222048000,13.0227117538452150
2021-03-24,13.1512498855590820,13.1592502593994140,12.6367502212524410,12.6429996490478520,245840000,12.5965337753295900
2021-03-25,12.4995002746582030,12.7147502899169920,12.2720003128051760,12.5352497100830080,295144000,12.4891786575317380
2021-03-26,12.5544996261596680,12.8562498092651370,12.3734998703002930,12.8392496109008790,363968000,12.7920627593994140
2021-03-29,12.8202495574951170,13.0625000000000000,12.6999998092651370,12.9482498168945310,273520000,12.9006605148315430
2021-03-30,12.8420000076293950,12.9752502441406250,12.7049999237060550,12.8717498779296880,200204000,12.8244438171386720
2021-03-31,13.0155000686645500,13.4704999923706050,12.9825000762939450,13.3482503890991210,314776000,13.2991914749145500
2021-04-01,13.5722503662109380,13.8699998855590820,13.5112495422363280,13.8117504119873050,308276000,13.7609872817993160
2021-04-05,13.8675003051757810,14.0139999389648440,13.7329998016357420,13.9875001907348630,255672000,13.9360933303833000
2021-04-06,13.9997501373291020,14.0542497634887700,13.7735004425048830,13.8614997863769530,191744000,13.8105535507202150
2021-04-07,13.8807497024536130,14.2434997558593750,13.7115001678466800,14.1435003280639650,251284000,14.0915184020996100
2021-04-08,14.2527503967285160,14.4715003967285160,14.2489995956420900,14.3170003890991210,244416000,14.2643814086914060
2021-04-09,14.2139997482299800,14.4079999923706050,14.1750001907348630,14.3999996185302730,195172000,14.3470764160156250
2021-04-12,14.2897500991821290,15.3524999618530270,14.1392498016357420,15.2089996337890620,869324000,15.1531019210815430
2021-04-13,15.2314996719360350,15.6999998092651370,15.1257495880126950,15.6794996261596680,676212000,15.6218729019165040
2021-04-14,15.6250000000000000,15.7204999923706050,15.2274999618530270,15.2770004272460940,385500000,15.2208538055419920
2021-04-15,15.6625003814697270,16.2142505645751950,15.6315002441406250,16.1372509002685550,598480000,16.0779418945312500
2021-04-16,16.0529994964599600,16.1657505035400400,15.8652496337890620,15.9125003814697270,335208000,15.8540163040161130
2021-04-19,15.5364999771118160,15.8074998855590820,15.2329998016357420,15.3617496490478520,404420000,15.3052930831909180
2021-04-20,15.3232498168945310,15.4969997406005860,14.9630002975463870,15.1712503433227540,334132000,15.1154899597167970
2021-04-21,15.1187496185302730,15.3625001907348630,15.1022500991821290,15.3605003356933600,216776000,15.3040475845336910
2021-04-22,15.3750000000000000,15.4385004043579100,14.7834997177124020,14.8502502441406250,277788000,14.7956733703613280
2021-04-23,14.9342498779296880,15.3350000381469730,14.9002504348754880,15.2652502059936520,227500000,15.2091455459594730
2021-04-26,15.1850004196167000,15.4790000915527340,15.1250000000000000,15.4779996871948240,197796000,15.4211139678955080
2021-04-27,15.5784997940063480,15.6704998016357420,15.3544998168945310,15.3817501068115230,164572000,15.3252191543579100
2021-04-28,15.3645000457763670,15.5322504043579100,15.2154998779296880,15.2767496109008790,209416000,15.2206048965454100
2021-04-29,15.3999996185302730,15.4364995956420900,15.0714998245239260,15.3247499465942380,173196000,15.2684268951416020
2021-04-30,15.1745004653930660,15.3649997711181640,14.9969997406005860,15.0094995498657230,201912000,14.9543380737304690
2021-05-03,15.1250000000000000,15.2467498779296880,14.7875003814697270,14.8367500305175780,203912000,14.7822208404541020
2021-05-04,14.6372499465942380,14.6374998092651370,14.0102500915527340,14.3512496948242190,405324000,14.2985057830810550
2021-05-05,14.7089996337890620,14.8135004043579100,14.3874998092651370,14.4584999084472660,292024000,14.4053621292114260
2021-05-06,14.4952497482299800,14.5712499618530270,14.2180004119873050,14.5229997634887700,193380000,14.4696207046508790
2021-05-07,14.8082504272460940,14.9707498550415040,14.6717500686645500,14.8122501373291020,229328000,14.7578105926513670
2021-05-10,14.7872495651245120,14.8059997558593750,14.2500000000000000,14.2657499313354500,268904000,14.2133188247680660
2021-05-11,13.8249998092651370,14.3547496795654300,13.7500000000000000,14.3062496185302730,285584000,14.2536697387695310
2021-05-12,14.0094995498657230,14.2602500915527340,13.7092504501342770,13.7585000991821290,303408000,13.7079324722290040
2021-05-13,14.0337495803833000,14.0807504653930660,13.4589996337890620,13.6652498245239260,285404000,13.6150264739990230
2021-05-14,13.8900003433227540,14.3280000686645500,13.7484998703002930,14.2430000305175780,258616000,14.1906528472900390
2021-05-17,14.1569995880126950,14.1692495346069340,13.8535003662109380,14.1654996871948240,216980000,14.1134366989135740
2021-05-18,14.2670001983642580,14.4042501449584960,14.0039997100830080,14.0157499313354500,186256000,13.9642353057861330
2021-05-19,13.5664997100830080,14.0795001983642580,13.5432500839233400,14.0657501220703120,344000000,14.0140533447265620
2021-05-20,14.3024997711181640,14.6837501525878900,14.2705001831054690,14.6125001907348630,321592000,14.5587949752807620
2021-05-21,15.1637496948242190,15.2220001220703120,14.8695001602172850,14.9917497634887700,672992000,14.9366502761840820
2021-05-24,15.2124996185302730,15.7449998855590820,15.1759996414184570,15.6120004653930660,554816000,15.5546236038208000
2021-05-25,15.7659997940063480,15.8184995651245120,15.4825000762939450,15.6477499008178710,435408000,15.5902404785156250
2021-05-26,15.7342500686645500,15.7937498092651370,15.5862503051757810,15.6999998092651370,370440000,15.6422948837280270
2021-05-27,15.6997499465942380,15.7500000000000000,15.4600000381469730,15.4879999160766600,581476000,15.4310770034790040
2021-05-28,15.5010004043579100,16.2775001525878900,15.5010004043579100,16.2444992065429700,644536000,16.1847991943359380
2021-06-01,16.2700004577636720,16.3882503509521500,15.9032497406005860,16.2644996643066400,472804000,16.2047214508056640
2021-06-02,16.2522506713867200,16.9187507629394530,16.2355003356933600,16.7782497406005860,594168000,16.7165908813476560
2021-06-03,16.7007503509521500,17.2590007781982420,16.5830001831054700,16.9697494506835940,580008000,16.9073810577392580
2021-06-04,17.1124992370605470,17.6609992980957030,17.0955009460449220,17.5782508850097660,617120000,17.5136489868164060
2021-06-07,17.5712509155273440,17.8125000000000000,17.1927509307861330,17.6189994812011720,575756000,17.5542411804199220
2021-06-08,17.5272502899169920,17.6215000152587900,17.2509994506835940,17.4570007324218750,323848000,17.3928413391113280
2021-06-09,17.5157508850097660,17.5750007629394530,17.2557506561279300,17.3582496643066400,381656000,17.2984180450439450
2021-06-10,17.3500003814697270,17.4920005798339840,17.1760005950927730,17.4249992370605470,287772000,17.3649387359619140
2021-06-11,17.4794998168945300,17.9392509460449220,17.4437503814697270,17.8252506256103500,416308000,17.7638092041015620
2021-06-14,17.9060001373291000,18.0394992828369140,17.6627502441406250,18.0187492370605470,321376000,17.9566345214843750
2021-06-15,17.9150009155273440,18.0162506103515620,17.7280006408691400,17.7884998321533200,243032000,17.7271842956542970
2021-06-16,17.7907505035400400,17.9547500610351560,17.5844993591308600,17.8102493286132800,307124000,17.7488594055175780
2021-06-17,17.7744998931884770,18.8349990844726560,17.7562503814697270,18.6572494506835940,809656000,18.5929374694824220
2021-06-18,18.7840003967285160,19.3750000000000000,18.5839996337890620,18.6387500762939450,968856000,18.5745067596435550
2021-06-21,18.4352493286132800,18.5365009307861330,17.8227500915527340,18.4272499084472660,672384000,18.3637294769287100
2021-06-22,18.4715003967285160,18.9637508392334000,18.3859996795654300,18.8867492675781250,580144000,18.8216514587402340
2021-06-23,19.0077495574951170,19.1527500152587900,18.9077491760253900,19.0572490692138670,332356000,18.9915637969970700
2021-06-24,19.2277507781982420,19.4200000762939450,19.0882492065429700,19.2054996490478500,320924000,19.1392955780029300
2021-06-25,19.2805004119873050,19.3455009460449220,18.8945007324218750,19.0310001373291000,278364000,18.9654026031494140
2021-06-28,19.3612499237060550,20.0787506103515620,19.3190002441406250,19.9850006103515620,495436000,19.9161128997802730
2021-06-29,19.8824996948242200,20.0987491607666000,19.6569995880126950,20.0267505645751950,367632000,19.9577217102050780
2021-06-30,19.9992504119873050,20.1625003814697270,19.8637504577636720,20.0025005340576170,326568000,19.9335479736328120
2021-07-01,20.1250000000000000,20.4559993743896500,20.0189990997314450,20.2119998931884770,480136000,20.1423320770263670
2021-07-02,20.4402503967285160,20.5052509307861330,20.2877502441406250,20.4869995117187500,342764000,20.4163837432861330
2021-07-06,20.7374992370605470,20.8419990539550780,20.3502502441406250,20.6984996795654300,446708000,20.6271572113037100
2021-07-07,20.8535003662109380,20.8750000000000000,20.3320007324218750,20.3717498779296880,418428000,20.3015289306640620
2021-07-08,19.8565006256103500,20.1329994201660160,19.7007503509521500,19.9027500152587900,503300000,19.8341464996337900
2021-07-09,19.9624996185302730,20.0802497863769530,19.7542495727539060,20.0502490997314450,296624000,19.9811382293701170
2021-07-12,20.2399997711181640,20.5327491760253900,20.1877498626709000,20.5125007629394530,321984000,20.4417934417724600
2021-07-13,20.4004993438720700,20.4612503051757800,20.1140003204345700,20.2500000000000000,290708000,20.1801948547363280
2021-07-14,20.3577499389648440,20.4177494049072270,19.7527503967285160,19.8414993286132800,380100000,19.7731075286865230
2021-07-15,19.8117504119873050,19.8470001220703120,18.8584995269775400,18.9662494659423830,550564000,18.9008750915527340
2021-07-16,19.0305004119873050,19.1569995880126950,18.0729999542236330,18.1609992980957030,688224000,18.0984020233154300
2021-07-19,17.9152507781982420,19.0419998168945300,17.8654994964599600,18.7797508239746100,749060000,18.7150211334228500
2021-07-20,18.7299995422363280,18.8379993438720700,18.1639995574951170,18.6119995117187500,434687000,18.5478458404541000
2021-07-21,18.8819999694824220,19.5270004272460940,18.7420005798339840,19.4099998474121100,371017000,19.3430938720703120
2021-07-22,19.6420001983642580,19.8869991302490230,19.2759990692138670,19.5939998626709000,323826000,19.5264606475830080
2021-07-23,19.6560001373291000,19.7000007629394530,19.2500000000000000,19.5580005645751950,195672000,19.4905815124511720
2021-07-26,19.3110008239746100,19.4419994354248050,18.9139995574951170,19.2940006256103500,203943000,19.2274951934814450
2021-07-27,19.2649993896484380,19.6219997406005860,18.7409992218017580,19.2080001831054700,248863000,19.1417903900146500
2021-07-28,19.3190002441406250,19.6459999084472660,18.9950008392334000,19.5030002593994140,202191000,19.4357719421386720
2021-07-29,19.5189990997314450,19.8530006408691400,19.3279991149902340,19.6620006561279300,190781000,19.5942268371582030
2021-07-30,19.4179992675781250,19.6299991607666000,19.2630004882812500,19.4990005493164060,183497000,19.4317893981933600
2021-08-02,19.7000007629394530,19.9610004425048830,19.3610000610351560,19.7500000000000000,217444000,19.6819210052490230
2021-08-03,19.7399997711181640,20.2220001220703120,19.2199993133544920,19.8150005340576170,301811000,19.7466964721679700
2021-08-04,19.9899997711181640,20.3180007934570300,19.8279991149902340,20.2740001678466800,231309000,20.2041168212890620
2021-08-05,20.5000000000000000,20.7329998016357420,20.3419990539550780,20.6369991302490230,211435000,20.5658626556396500
2021-08-06,20.5240001678466800,20.5699996948242200,20.2099990844726560,20.3659992218017580,178497000,20.2957973480224600
2021-08-09,20.4459991455078120,20.5079994201660160,20.1429996490478500,20.2950000762939450,146443000,20.2250404357910160
2021-08-10,20.3220005035400400,20.4300003051757800,19.8349990844726560,19.9360008239746100,179238000,19.8672790527343750
2021-08-11,20.0429992675781250,20.0489997863769530,19.4300003051757800,19.6989994049072270,185925000,19.6310977935791000
2021-08-12,19.8700008392334000,20.0289993286132800,19.6200008392334000,19.9050006866455080,151652000,19.8363876342773440
2021-08-13,19.9050006866455080,20.2140007019042970,19.8509998321533200,20.1879997253417970,183063000,20.1184139251709000
2021-08-16,20.1350002288818360,20.2870006561279300,19.4529991149902340,19.9500007629394530,210876000,19.8812370300292970
2021-08-17,19.6849994659423830,19.7700004577636720,19.2670001983642580,19.4580001831054700,204585000,19.3909301757812500
2021-08-18,19.5000000000000000,19.6340007781982420,19.0000000000000000,19.0400009155273440,285913000,18.9743709564209000
2021-08-19,19.4939994812011720,20.4950008392334000,18.7619991302490230,19.7980003356933600,766555000,19.7297554016113280
2021-08-20,19.9909992218017580,20.8649997711181640,19.9330005645751950,20.8159999847412100,675741000,20.7442474365234380
2021-08-23,20.9710006713867200,21.9969997406005860,20.9500007629394530,21.9580001831054700,575807000,21.8823127746582030
2021-08-24,21.7530002593994140,21.9589996337890620,21.5349998474121100,21.7929992675781250,297299000,21.7178802490234380
2021-08-25,21.7369995117187500,22.4699993133544920,21.7220001220703120,22.2129993438720700,347701000,22.1364345550537100
2021-08-26,22.2000007629394530,22.3400001525878900,21.7900009155273440,22.0680007934570300,237940000,21.9919319152832030
2021-08-27,22.1840000152587900,22.7220001220703120,22.1669998168945300,22.6359996795654300,304722000,22.5579757690429700
2021-08-30,22.8299999237060550,23.0429992675781250,22.5510005950927730,22.6879997253417970,262580000,22.6097984313964840
2021-08-31,22.6949996948242200,22.6949996948242200,22.1200008392334000,22.3850002288818360,259850000,22.3117771148681640
2021-09-01,22.4850006103515620,22.6970005035400400,22.3570003509521500,22.4409999847412100,201767000,22.3675880432128900
2021-09-02,22.5179996490478500,22.5930004119873050,22.2950000762939450,22.3959999084472660,187834000,22.3227367401123050
2021-09-03,22.3250007629394530,22.9860000610351560,22.2000007629394530,22.8430004119873050,280532000,22.7682723999023440
2021-09-07,22.8330001831054700,22.8990001678466800,22.5219993591308600,22.6620006561279300,198107000,22.5878696441650400
2021-09-08,22.5130004882812500,22.6100006103515620,21.9769992828369140,22.3390007019042970,254434000,22.2659263610839840
2021-09-09,22.3120002746582030,22.5380001068115230,22.1310005187988280,22.1770000457763670,196856000,22.1044521331787100
2021-09-10,22.3479995727539060,22.6259994506835940,22.2700004577636720,22.4780006408691400,248376000,22.4044704437255860
2021-09-13,22.6840000152587900,22.9640007019042970,21.8579998016357420,22.1520004272460940,297500000,22.0795383453369140
2021-09-14,22.2749996185302730,22.4099998474121100,22.0860004425048830,22.2420005798339840,199755000,22.1692447662353500
2021-09-15,22.3090000152587900,22.3670005798339840,21.9659996032714840,22.3409996032714840,166538000,22.2679157257080080
2021-09-16,22.1830005645751950,22.2770004272460940,21.9270000457763670,22.2420005798339840,156033000,22.1692447662353500
2021-09-17,22.2999992370605470,22.3209991455078120,21.8299999237060550,21.8999996185302730,294503000,21.8283576965332030
2021-09-20,21.1459999084472660,21.4330005645751950,20.6620006561279300,21.1130008697509770,349440000,21.0439357757568360
2021-09-21,21.4169998168945300,21.4249992370605470,20.9500007629394530,21.2460002899169920,204688000,21.1765079498291000
2021-09-22,21.3659992218017580,21.9599990844726560,21.1959991455078120,21.9409999847412100,268726000,21.8692283630371100
2021-09-23,22.1399993896484380,22.5349998474121100,21.8899993896484380,22.4820003509521500,248555000,22.4084568023681640
2021-09-24,22.0699996948242200,22.1490001678466800,21.8610000610351560,22.0809993743896500,217655000,22.0087642669677730
2021-09-27,21.7099990844726560,21.7989997863769530,21.3250007629394530,21.6599998474121100,245215000,21.5891456604003900
2021-09-28,21.2140007019042970,21.4190006256103500,20.6509990692138670,20.6989994049072270,343069000,20.6312866210937500
2021-09-29,20.9400005340576170,21.0170001983642580,20.4669990539550780,20.5170001983642580,218394000,20.4498844146728500
2021-09-30,20.7679996490478500,21.0659999847412100,20.6879997253417970,20.7159996032714840,221009000,20.6482276916503900
2021-10-01,20.7500000000000000,20.8589992523193360,20.2029991149902340,20.7420005798339840,240978000,20.6741447448730470
2021-10-04,20.5039997100830080,20.5419998168945300,19.5550003051757800,19.7320003509521500,345635000,19.6674556732177730
2021-10-05,19.9500007629394530,20.6480007171630860,19.8540000915527340,20.4510002136230470,279282000,20.3841018676757800
2021-10-06,20.1200008392334000,20.7199993133544920,20.0799999237060550,20.7000007629394530,297202000,20.6322860717773440
2021-10-07,21.0919990539550780,21.3220005035400400,20.9720001220703120,21.0750007629394530,256919000,21.0060596466064450
2021-10-08,21.1009998321533200,21.2059993743896500,20.7749996185302730,20.8309993743896500,151258000,20.7628555297851560
2021-10-11,20.5750007629394530,21.0629997253417970,20.5109996795654300,20.6949996948242200,163388000,20.6273021697998050
2021-10-12,20.8279991149902340,21.0569992065429700,20.5279998779296880,20.6709995269775400,162134000,20.6033782958984380
2021-10-13,20.9179992675781250,20.9899997711181640,20.7129993438720700,20.9389991760253900,180652000,20.8705024719238280
2021-10-14,21.2880001068115230,21.7549991607666000,21.1219997406005860,21.7460002899169920,243589000,21.6748619079589840
2021-10-15,21.8099994659423830,21.9309997558593750,21.6620006561279300,21.8619995117187500,226994000,21.7904872894287100
2021-10-18,21.7490005493164060,22.2910003662109380,21.6439990997314450,22.2220001220703120,189494000,22.1493072509765620
2021-10-19,22.2759990692138670,22.3789997100830080,22.0370006561279300,22.2900009155273440,161473000,22.2170829772949220
2021-10-20,22.3050003051757800,22.4330005645751950,21.9820003509521500,22.1030006408691400,146276000,22.0306968688964840
2021-10-21,22.0970001220703120,22.7110004425048830,22.0830001831054700,22.6919994354248050,187590000,22.6177711486816400
2021-10-22,22.8229999542236330,23.1299991607666000,22.5610008239746100,22.7259998321533200,249384000,22.6516590118408200
2021-10-25,22.9729995727539060,23.3549995422363280,22.7700004577636720,23.1660003662109380,230235000,23.0902214050292970
2021-10-26,23.9890003204345700,25.2590007781982420,23.9239997863769530,24.7169990539550780,485898000,24.6361389160156250
2021-10-27,24.4740009307861330,25.0900001525878900,24.2819995880126950,24.4510002136230470,245990000,24.3710117340087900
2021-10-28,24.8780002593994140,24.9500007629394530,24.5230007171630860,24.9409999847412100,234204000,24.8594074249267580
2021-10-29,25.0009994506835940,25.7089996337890620,25.0000000000000000,25.5669994354248050,292503000,25.4833621978759770
2021-11-01,25.6490001678466800,25.8939990997314450,25.2269992828369140,25.8269996643066400,265740000,25.7425155639648440
2021-11-02,25.8220005035400400,26.6779994964599600,25.7999992370605470,26.4009990692138670,294112000,26.3146305084228500
2021-11-03,26.6700000762939450,26.7840003967285160,26.2350006103515620,26.5979995727539060,239910000,26.5109920501709000
2021-11-04,27.2290000915527340,31.3649997711181640,27.1180000305175780,29.8010005950927730,1153631000,29.7035179138183600
2021-11-05,30.1870002746582030,31.3999996185302730,29.4099998474121100,29.7520008087158200,851260000,29.6546745300292970
2021-11-08,30.1490001678466800,31.1000003814697270,29.9069995880126950,30.8040008544921880,503101000,30.7032356262207030
2021-11-09,32.2820014953613300,32.3100013732910160,29.9640007019042970,30.6569995880126950,646746000,30.5567111968994140
2021-11-10,29.3560009002685550,30.8500003814697270,28.7779998779296880,29.4589996337890620,636206000,29.3626251220703120
2021-11-11,30.4680004119873050,30.5900001525878900,29.7770004272460940,30.3899993896484380,332172000,30.2905883789062500
2021-11-12,30.0100002288818360,30.6800003051757800,29.6299991607666000,30.3899993896484380,413054000,30.2905883789062500
2021-11-15,30.5520000457763670,30.6439990997314450,29.2469997406005860,30.0249996185302730,384909000,29.9267787933349600
2021-11-16,29.7590007781982420,30.3899993896484380,29.7059993743896500,30.2029991149902340,264484000,30.1041946411132800
2021-11-17,30.4179992675781250,30.5090007781982420,28.7999992370605470,29.2609996795654300,428508000,29.1652774810791000
2021-11-18,32.3670005798339840,32.7599983215332000,31.3209991455078120,31.6749992370605470,781711000,31.5713844299316400
2021-11-19,32.2430000305175800,33.0880012512207000,31.9050006866455080,32.9850006103515600,533867000,32.8770980834960940
2021-11-22,33.5169982910156250,34.6469993591308600,31.8999996185302730,31.9559993743896500,754335000,31.8514614105224600
2021-11-23,31.5349998474121100,32.3600006103515600,30.8799991607666000,31.7460002899169920,532163000,31.6421546936035160
2021-11-24,31.4610004425048830,32.8549995422363300,30.9279994964599600,32.6739997863769500,435162000,32.5671157836914060
2021-11-26,32.5999984741210940,32.7099990844726560,31.3500003814697270,31.5030002593994140,283069000,31.3999481201171880
2021-11-29,32.3660011291503900,33.4119987487793000,32.0359992980957000,33.3759994506835940,454964000,33.2668190002441400
2021-11-30,33.1689987182617200,33.3530006408691400,31.8640003204345700,32.6759986877441400,622066000,32.5691108703613300
2021-12-01,33.2190017700195300,33.2890014648437500,31.3799991607666000,31.4349994659423830,484368000,31.3360042572021500
2021-12-02,31.2140007019042970,32.4780006408691400,31.0249996185302730,32.1259994506835940,472890000,32.0248298645019500
2021-12-03,32.0000000000000000,32.1290016174316400,30.1299991607666000,30.6930007934570300,544325000,30.5963420867919920
2021-12-06,29.8799991607666000,30.2409992218017580,28.0380001068115230,30.0370006561279300,658938000,29.9424114227294920
2021-12-07,30.9570007324218750,32.4490013122558600,30.6509990692138670,32.4269981384277340,593053000,32.3248748779296900
2021-12-08,31.9990005493164060,32.2900009155273440,31.4209995269775400,31.8260002136230470,475551000,31.7257709503173830
2021-12-09,31.7339992523193360,32.2050018310546900,30.4279994964599600,30.4899997711181640,488507000,30.3939762115478500
2021-12-10,31.1499996185302730,31.3050003051757800,29.8610000610351560,30.1979999542236330,488825000,30.1028976440429700
2021-12-13,30.2490005493164060,30.2940006256103500,28.1159992218017580,28.1609992980957030,598344000,28.0723075866699220
2021-12-14,27.6989994049072270,28.6779994964599600,27.2500000000000000,28.3369998931884770,667035000,28.2477626800537100
2021-12-15,28.3999996185302730,30.5000000000000000,27.8379993438720700,30.4589996337890620,698297000,30.3630752563476560
2021-12-16,31.1520004272460940,31.1599998474121100,28.0930004119873050,28.3869991302490230,707366000,28.2976074218750000
2021-12-17,27.9850006103515620,28.9220008850097660,27.7600002288818360,27.8010005950927730,713758000,27.7134475708007800
2021-12-20,27.3050003051757800,28.1439990997314450,27.1450004577636720,27.7189998626709000,461847000,27.6317081451416000
2021-12-21,28.3740005493164060,29.1200008392334000,27.4009990692138670,29.0750007629394530,524385000,28.9834346771240230
2021-12-22,28.8910007476806640,29.5550003051757800,28.4489994049072270,29.3999996185302730,395184000,29.3074111938476560
2021-12-23,29.7549991607666000,30.0590000152587900,29.4309997558593750,29.6399993896484380,343022000,29.5466556549072270
2021-12-27,29.6599998474121100,31.0869998931884770,29.6399993896484380,30.9449996948242200,403686000,30.8475532531738280
2021-12-28,31.3120002746582030,31.3299999237060550,30.0119991302490230,30.3220005035400400,420591000,30.2265090942382800
2021-12-29,30.2730007171630860,30.5480003356933600,29.3659992218017580,30.0009994506835940,343139000,29.9065208435058600
2021-12-30,29.8269996643066400,30.4570007324218750,29.5400009155273440,29.5860004425048830,308864000,29.4928264617919920
2021-12-31,29.6739997863769530,30.0300006866455080,29.3309993743896500,29.4109992980957030,266530000,29.3183784484863280
2022-01-03,29.8150005340576170,30.7110004425048830,29.7849998474121100,30.1210002899169920,391547000,30.0261440277099600
2022-01-04,30.2770004272460940,30.4680004119873050,28.3490009307861330,29.2900009155273440,527154000,29.1977596282959000
2022-01-05,28.9489994049072270,29.4160003662109380,27.5330009460449220,27.6040000915527340,498064000,27.5170707702636720
2022-01-06,27.6399993896484380,28.4379997253417970,27.0650005340576170,28.1779994964599600,454186000,28.0892639160156250
2022-01-07,28.1410007476806640,28.4220008850097660,27.0569992065429700,27.2469997406005860,409939000,27.1611900329589840
2022-01-10,26.5809993743896500,27.4689998626709000,25.6439990997314450,27.3999996185302730,594681000,27.3137149810791000
2022-01-11,27.3229999542236330,28.0650005340576170,26.8390007019042970,27.8169994354248050,404089000,27.7294006347656250
2022-01-12,28.0669994354248050,28.5949993133544920,27.6079998016357420,27.9990005493164060,383413000,27.9108219146728500
2022-01-13,28.3789997100830080,28.4799995422363280,26.4979991912841800,26.5750007629394530,540171000,26.4913063049316400
2022-01-14,26.2999992370605470,27.1970005035400400,26.2099990844726560,26.9419994354248050,395832000,26.8571548461914060
2022-01-18,26.2600002288818360,26.6380004882812500,25.7700004577636720,25.9029998779296880,424270000,25.8214263916015620
2022-01-19,26.0790004730224600,26.5429992675781250,25.0520000457763670,25.0669994354248050,488315000,24.9880580902099600
2022-01-20,25.3040008544921880,25.5790004730224600,24.0779991149902340,24.1499996185302730,435181000,24.0739459991455080
2022-01-21,23.5069999694824220,24.8229999542236330,23.2630004882812500,23.3740005493164060,718958000,23.3003921508789060
2022-01-24,22.3299999237060550,23.3799991607666000,20.8880004882812500,23.3719997406005860,913982000,23.2984008789062500
2022-01-25,22.5459995269775400,22.9430007934570300,22.0000000000000000,22.3239994049072270,664616000,22.2536964416503900
2022-01-26,23.2399997711181640,24.0569992065429700,22.2999992370605470,22.7719993591308600,755959000,22.7002887725830080
2022-01-27,23.5680007934570300,23.9950008392334000,21.6749992370605470,21.9440002441406250,573353000,21.8748931884765620
2022-01-28,22.0119991302490230,22.8579998016357420,21.2959995269775400,22.8400001525878900,543774000,22.7680721282959000
2022-01-31,23.1819992065429700,24.5090007781982420,23.0520000457763670,24.4860000610351560,564680000,24.4088878631591800
2022-02-01,25.1040000915527340,25.1450004577636720,23.8899993896484380,24.6380004882812500,518925000,24.5604114532470700
2022-02-02,25.7940006256103500,25.8169994354248050,24.5529994964599600,25.2420005798339840,543419000,25.1625099182128900
2022-02-03,24.4580001831054700,25.0769996643066400,23.7800006866455080,23.9479999542236330,410178000,23.8725833892822270
2022-02-04,23.9720001220703120,24.6350002288818360,23.6319999694824220,24.3190002441406250,354829000,24.2424125671386720
2022-02-07,24.3719997406005860,25.1819992065429700,24.2019996643066400,24.7280006408691400,376868000,24.6501274108886720
2022-02-08,24.3589992523193360,25.2299995422363280,23.9799995422363280,25.1079998016357420,410359000,25.0289287567138670
2022-02-09,25.6219997406005860,26.7250003814697270,25.3530006408691400,26.7049999237060550,524282000,26.6209011077880860
2022-02-10,25.9950008392334000,26.9249992370605470,25.6000003814697270,25.8239994049072270,513200000,25.7426738739013670
2022-02-11,25.9160003662109380,26.1520004272460940,23.7730007171630860,23.9489994049072270,605472000,23.8735809326171880
2022-02-14,23.9340000152587900,24.8750000000000000,23.7549991607666000,24.2670001983642580,440424000,24.1905784606933600
2022-02-15,24.9489994049072270,26.5450000762939450,24.7840003967285160,26.4950008392334000,699869000,26.4115638732910160
2022-02-16,26.2590007781982420,26.5820007324218750,25.5520000457763670,26.5109996795654300,732676000,26.4275150299072270
2022-02-17,25.6299991607666000,25.7849998474121100,24.1650009155273440,24.5069999694824220,810595000,24.4298229217529300
2022-02-18,24.6679992675781250,24.9860000610351560,23.1000003814697270,23.6420001983642580,761255000,23.5675487518310550
2022-02-22,23.0349998474121100,24.0639991760253900,23.0000000000000000,23.3899993896484380,633422000,23.3163394927978500
2022-02-23,23.8020000457763670,24.1550006866455080,22.3010005950927730,22.3869991302490230,566511000,22.3164920806884770
2022-02-24,21.0149993896484380,23.7999992370605470,20.8899993896484380,23.7479991912841800,735801000,23.6732139587402340
2022-02-25,23.7210006713867200,24.2169990539550780,23.3810005187988280,24.1569995880126950,528866000,24.0809249877929700
2022-02-28,23.9920005798339840,24.6650009155273440,23.7070007324218750,24.3850002288818360,477319000,24.3082103729248050
2022-03-01,24.2910003662109380,24.3770008087158200,23.1319999694824220,23.4769992828369140,412056000,23.4030666351318360
2022-03-02,23.7560005187988280,24.4090003967285160,23.4150009155273440,24.2199993133544920,389642000,24.1478366851806640
2022-03-03,24.2619991302490230,24.3260002136230470,23.4689998626709000,23.7140007019042970,365095000,23.6433467864990230
2022-03-04,23.3840007781982420,23.6800003051757800,22.4820003509521500,22.9360008239746100,431415000,22.8676643371582030
2022-03-07,22.8169994354248050,23.0330009460449220,21.3299999237060550,21.3519992828369140,450821000,21.2883892059326170
2022-03-08,21.3090000152587900,22.3729991912841800,20.6499996185302730,21.5139999389648440,557467000,21.4498996734619140
2022-03-09,22.3869991302490230,23.2199993133544920,22.2469997406005860,23.0139999389648440,492742000,22.9454345703125000
2022-03-10,22.5310001373291000,22.7880001068115230,21.8819999694824220,22.6580009460449220,428066000,22.5904960632324220
2022-03-11,23.0219993591308600,23.1450004577636720,22.0459995269775400,22.1000003814697270,367209000,22.0341567993164060
2022-03-14,21.8689994812011720,22.2619991302490230,21.1590003967285160,21.3299999237060550,385354000,21.2664546966552730
2022-03-15,21.5179996490478500,23.0380001068115230,21.3220005035400400,22.9729995727539060,491996000,22.9045543670654300
2022-03-16,23.5000000000000000,24.5970001220703120,23.1720008850097660,24.4960002899169920,671422000,24.4230194091796880
2022-03-17,24.1200008392334000,24.8419990539550780,23.9060001373291000,24.7660007476806640,471941000,24.6922130584716800
2022-03-18,24.7989997863769530,26.5690002441406250,24.6240005493164060,26.4529991149902340,730719000,26.3741874694824220
2022-03-21,26.5069999694824220,27.1520004272460940,25.9669990539550780,26.7339992523193360,591727000,26.6543483734130860
2022-03-22,26.7269992828369140,27.2380008697509770,26.0720005035400400,26.5240001678466800,547007000,26.4449748992919920
2022-03-23,26.1259994506835940,26.6119995117187500,25.5750007629394530,25.6340007781982420,502120000,25.5576267242431640
2022-03-24,26.1660003662109380,28.3199996948242200,25.9069995880126950,28.1499996185302730,877379000,28.0661277770996100
2022-03-25,27.8859996795654300,28.3579998016357420,27.2709999084472660,27.6919994354248050,579016000,27.6094951629638670
2022-03-28,27.7560005187988280,28.2500000000000000,27.2059993743896500,28.2189998626709000,425494000,28.1349277496337900
2022-03-29,28.6949996948242200,28.9459991455078120,27.9799995422363280,28.6560001373291000,488984000,28.5706253051757800
2022-03-30,28.3040008544921880,28.4960002899169920,27.5030002593994140,27.6900005340576170,463487000,27.6075038909912100
2022-03-31,27.7819995880126950,28.2479991912841800,27.2700004577636720,27.2859992980957030,523440000,27.2047119140625000
2022-04-01,27.3750000000000000,27.4960002899169920,26.2670001983642580,26.7119998931884770,517235000,26.6324138641357420
2022-04-04,26.7280006408691400,27.5580005645751950,26.6130008697509770,27.3600006103515620,397120000,27.2784881591796880
2022-04-05,27.2539997100830080,27.3190002441406250,25.8199996948242200,25.9309997558593750,436615000,25.8537406921386720
2022-04-06,24.9340000152587900,25.2999992370605470,24.0030002593994140,24.4069995880126950,703833000,24.3342761993408200
2022-04-07,24.4409999847412100,24.7220001220703120,23.4780006408691400,24.2080001831054700,557992000,24.1358776092529300
2022-04-08,23.9169998168945300,23.9230003356933600,23.0620002746582030,23.1189994812011720,524781000,23.0501213073730470
2022-04-11,22.2140007019042970,22.3199996948242200,21.6599998474121100,21.9169998168945300,575207000,21.8516979217529300
2022-04-12,22.5370006561279300,22.7250003814697270,21.2819995880126950,21.5039997100830080,662258000,21.4399299621582030
2022-04-13,21.7280006408691400,22.5000000000000000,21.4549999237060550,22.2029991149902340,516943000,22.1368503570556640
2022-04-14,22.5049991607666000,22.7770004272460940,21.1630001068115230,21.2579994201660160,569097000,21.1946640014648440
2022-04-18,21.2000007629394530,22.0879993438720700,21.0790004730224600,21.7830009460449220,525701000,21.7180995941162100
2022-04-19,21.7199993133544920,22.3729991912841800,21.3139991760253900,22.1979999542236330,512781000,22.1318645477294920
2022-04-20,22.5170001983642580,22.6700000762939450,21.2000007629394530,21.4820003509521500,468974000,21.4180011749267580
2022-04-21,21.7089996337890620,22.3920001983642580,20.0000000000000000,20.1830005645751950,656209000,20.1228694915771500
2022-04-22,20.3029994964599600,20.4860000610351560,19.5000000000000000,19.5149993896484380,624713000,19.4568576812744140
2022-04-25,19.2019996643066400,19.9449996948242200,19.0960006713867200,19.9020004272460940,641566000,19.8427066802978500
2022-04-26,19.7180004119873050,19.7880001068115230,18.6700000762939450,18.7880001068115230,653143000,18.7320213317871100
2022-04-27,18.5979995727539060,19.1669998168945300,18.2900009155273440,18.4150009155273440,499460000,18.3601360321044920
2022-04-28,18.9669990539550780,20.0370006561279300,18.4899997711181640,19.7819995880126950,570327000,19.7230587005615230
2022-04-29,19.4020004272460940,20.1280002593994140,18.5170001983642580,18.5470008850097660,500435000,18.4917411804199220
2022-05-02,18.5410003662109380,19.5739994049072270,18.3910007476806640,19.5330009460449220,572049000,19.4748039245605470
2022-05-03,19.3999996185302730,19.8250007629394530,19.1329994201660160,19.6019992828369140,475751000,19.5435962677001950
2022-05-04,19.9230003356933600,20.3999996185302730,18.7509994506835940,20.3339996337890620,648855000,20.2734184265136720
2022-05-05,19.8670005798339840,19.9249992370605470,18.5000000000000000,18.8439998626709000,626331000,18.7878570556640620
2022-05-06,18.7360000610351560,19.5119991302490230,17.9899997711181640,18.6749992370605470,633297000,18.6193618774414060
2022-05-09,18.0340003967285160,18.2549991607666000,16.8269996643066400,16.9500007629394530,644455000,16.8995018005371100
2022-05-10,17.6889991760253900,18.1979999542236330,17.0249996185302730,17.5949993133544920,761474000,17.5425758361816400
2022-05-11,17.3470001220703120,17.7530002593994140,16.5680007934570300,16.6299991607666000,670167000,16.5804500579834000
2022-05-12,16.2189998626709000,16.7880001068115230,15.5670003890991210,16.1749992370605470,708728000,16.1268043518066400
2022-05-13,16.7880001068115230,17.9279994964599600,16.5930004119873050,17.7059993743896500,670437000,17.6532459259033200
2022-05-16,17.5090007781982420,17.7880001068115230,17.1060009002685550,17.2639999389648440,521446000,17.2125644683837900
2022-05-17,18.0739994049072270,18.3710002899169920,17.6340007781982420,18.1770000457763670,585830000,18.1228446960449220
2022-05-18,17.7049999237060550,18.1180000305175780,16.8640003204345700,16.9379997253417970,545161000,16.8875331878662100
2022-05-19,16.9370002746582030,17.6870002746582030,16.7339992523193360,17.1240005493164060,621310000,17.0729808807373050
2022-05-20,17.3320007324218750,17.4099998474121100,15.7550001144409180,16.6940002441406250,739105000,16.6442604064941400
2022-05-23,16.2740001678466800,16.9150009155273440,16.1790008544921880,16.8980007171630860,639889000,16.8476543426513670
2022-05-24,16.5100002288818360,16.5970001220703120,15.7799997329711910,16.1539993286132800,588550000,16.1058712005615230
2022-05-25,16.0200004577636720,17.1110000610351560,16.0000000000000000,16.9750003814697270,781132000,16.9244232177734380
2022-05-26,16.0359992980957030,18.0919990539550780,16.0219993591308600,17.8509998321533200,996575000,17.7978172302246100
2022-05-27,18.1860008239746100,18.8810005187988280,18.1000003814697270,18.8110008239746100,738379000,18.7549533843994140
2022-05-31,18.9799995422363280,19.2000007629394530,18.3500003814697270,18.6720008850097660,664100000,18.6163730621337900
2022-06-01,18.7240009307861330,19.0529994964599600,18.1219997406005860,18.3199996948242200,544514000,18.2654190063476560
2022-06-02,18.2919998168945300,19.6189994812011720,18.1979999542236330,19.5919990539550780,648656000,19.5336265563964840
2022-06-03,19.0820007324218750,19.3320007324218750,18.5219993591308600,18.7199993133544920,598779000,18.6642208099365230
2022-06-06,19.1389999389648440,19.3369998931884770,18.5639991760253900,18.7859992980957030,422406000,18.7300281524658200
2022-06-07,18.4720001220703120,19.0000000000000000,18.1879997253417970,18.9260005950927730,388914000,18.8696117401123050
2022-06-08,18.7989997863769530,19.1800003051757800,18.5349998474121100,18.6480007171630860,363252000,18.5963706970214840
2022-06-09,18.4810009002685550,18.9330005645751950,18.0410003662109380,18.0480003356933600,395574000,17.9980335235595700
2022-06-10,17.6000003814697270,17.6970005035400400,16.8689994812011720,16.9740009307861330,465248000,16.9270057678222660
2022-06-13,16.0000000000000000,16.3120002746582030,15.6059999465942380,15.6470003128051760,604153000,15.6036806106567380
2022-06-14,15.7309999465942380,16.0659999847412100,15.4119997024536130,15.8360004425048830,469680000,15.7921571731567380
2022-06-15,16.0949993133544920,16.8680000305175780,15.9259996414184570,16.5270004272460940,563936000,16.4812450408935550
2022-06-16,15.8599996566772460,15.9420003890991210,15.4010000228881840,15.6009998321533200,545749000,15.5578069686889650
2022-06-17,15.6479997634887700,15.9949998855590820,15.3280000686645500,15.8800001144409180,630334000,15.8360328674316400
2022-06-21,16.4750003814697270,17.0079994201660160,16.4069995880126950,16.5659999847412100,483089000,16.5201396942138670
2022-06-22,16.2259998321533200,16.6620006561279300,16.1800003051757800,16.3600006103515620,437135000,16.3147068023681640
2022-06-23,16.5189990997314450,16.5849990844726560,15.8529996871948240,16.2250003814697270,463680000,16.1800804138183600
2022-06-24,16.5000000000000000,17.1399993896484380,16.3099994659423830,17.1259994506835940,472153000,17.0785846710205080
2022-06-27,17.3120002746582030,17.3299999237060550,16.6259994506835940,16.8689994812011720,427968000,16.8222942352294920
2022-06-28,16.8999996185302730,17.2019996643066400,15.9449996948242190,15.9820003509521480,461149000,15.9377508163452150
2022-06-29,15.8140001296997070,15.8199996948242190,15.1700000762939450,15.5419998168945310,482352000,15.4989690780639650
2022-06-30,15.3610000610351560,15.5670003890991210,14.8620004653930660,15.1590003967285160,686070000,15.1170301437377930
2022-07-01,14.8990001678466800,15.0629997253417970,14.3920001983642580,14.5229997634887700,577610000,14.4827899932861330
2022-07-05,14.1750001907348630,14.9709997177124020,14.0550003051757810,14.9639997482299800,651397000,14.9225711822509770
2022-07-06,15.0100002288818360,15.3190002441406250,14.7889995574951170,15.1300001144409180,529066000,15.0881109237670900
2022-07-07,15.4560003280639650,15.9449996948242190,15.3889999389648440,15.8579998016357420,492903000,15.8140935897827150
2022-07-08,15.4300003051757810,16.0370006561279300,15.3889999389648440,15.8380002975463870,467972000,15.7941532135009770
2022-07-11,15.5260000228881840,15.5270004272460940,15.0380001068115230,15.1520004272460940,437321000,15.1100502014160160
2022-07-12,15.2679996490478520,15.4309997558593750,14.8769998550415040,15.0819997787475590,458483000,15.0402450561523440
2022-07-13,14.5900001525878900,15.3750000000000000,14.4650001525878900,15.1639995574951170,521918000,15.1220169067382810
2022-07-14,15.1079998016357420,15.4729995727539060,14.7279996871948240,15.3719997406005860,456235000,15.3294420242309570
2022-07-15,15.6590003967285160,15.7819995880126950,15.4449996948242190,15.7620000839233400,385935000,15.7183609008789060
2022-07-18,16.3020000457763670,16.8969993591308600,16.0020008087158200,16.1009998321533200,670517000,16.0564250946044920
2022-07-19,16.4860000610351560,17.1100006103515620,16.1720008850097660,16.9920005798339840,702366000,16.9449596405029300
2022-07-20,16.9470005035400400,17.9330005645751950,16.8010005950927730,17.8069992065429700,760538000,17.7576961517334000
2022-07-21,17.8850002288818360,18.1439990997314450,17.5450000762939450,18.0499992370605470,557049000,18.0000286102294920
2022-07-22,17.8929996490478500,17.9669990539550780,17.1369991302490230,17.3190002441406250,536671000,17.2710494995117200
2022-07-25,17.0189990997314450,17.1240005493164060,16.6490001678466800,17.0240001678466800,480748000,16.9768695831298830
2022-07-26,16.8889999389648440,16.9190006256103500,16.4780006408691400,16.5330009460449220,397865000,16.4872283935546880
2022-07-27,17.0319995880126950,17.9360008239746100,16.9130001068115230,17.7900009155273440,569776000,17.7407474517822270
2022-07-28,17.9750003814697270,18.1399993896484380,17.4400005340576170,17.9839992523193360,474646000,17.9342117309570300
2022-07-29,17.8129997253417970,18.2439994812011720,17.6919994354248050,18.1630001068115230,435460000,18.1127147674560550
2022-08-01,18.1819992065429700,18.8460006713867200,17.9899997711181640,18.4409999847412100,476469000,18.3899440765380860
2022-08-02,18.1219997406005860,18.9379997253417970,18.0919990539550780,18.5259990692138670,489527000,18.4747104644775400
2022-08-03,18.1840000152587900,18.9680004119873050,18.1369991302490230,18.8929996490478500,418146000,18.8406944274902340
2022-08-04,18.8490009307861330,19.2740001678466800,18.7600002288818360,19.2150001525878900,409652000,19.1618022918701170
2022-08-05,18.8099994659423830,19.2290000915527340,18.6660003662109380,18.9890003204345700,386068000,18.9364261627197270
2022-08-08,17.5020008087158200,18.2390003204345700,17.2420005798339840,17.7929992675781250,981859000,17.7437400817871100
2022-08-09,17.2520008087158200,17.4470005035400400,16.7240009307861330,17.0860004425048830,668263000,17.0386962890625000
2022-08-10,17.6979999542236330,18.1180000305175780,17.3169994354248050,18.0970001220703120,597422000,18.0468978881835940
2022-08-11,18.1310005187988280,18.7070007324218750,17.8759994506835940,17.9419994354248050,509327000,17.8923263549804700
2022-08-12,18.1599998474121100,18.7180004119873050,17.9529991149902340,18.7089996337890620,478094000,18.6572036743164060
2022-08-15,18.7010002136230470,19.1639995574951170,18.6130008697509770,19.0319995880126950,457666000,18.9793090820312500
2022-08-16,18.9200000762939450,19.1420001983642580,18.5009994506835940,18.8789997100830080,451240000,18.8267326354980470
2022-08-17,18.5230007171630860,18.6879997253417970,18.1450004577636720,18.3349990844726560,446799000,18.2842388153076170
2022-08-18,18.3010005950927730,18.8649997711181640,18.1830005645751950,18.7730007171630860,415447000,18.7210273742675780
2022-08-19,18.4060001373291000,18.5200004577636720,17.7700004577636720,17.8490009307861330,441588000,17.7995834350585940
2022-08-22,17.4899997711181640,17.5580005645751950,16.9659996032714840,17.0340003967285160,409593000,16.9868373870849600
2022-08-23,16.9890003204345700,17.4650001525878900,16.9699993133544920,17.1809997558593750,369986000,17.1334323883056640
2022-08-24,17.0119991302490230,17.4060001373291000,16.8950004577636720,17.2220001220703120,522661000,17.1743164062500000
2022-08-25,16.8439998626709000,17.9470005035400400,16.8330001831054700,17.9130001068115230,770691000,17.8634090423584000
2022-08-26,17.8570003509521500,17.9239997863769530,16.2369995117187500,16.2600002288818360,769127000,16.2149829864501950
2022-08-29,16.0200004577636720,16.3379993438720700,15.7670001983642580,15.8009996414184570,496132000,15.7572546005249020
2022-08-30,15.9600000381469730,16.0389995574951170,15.1820001602172850,15.4680004119873050,530181000,15.4251766204833980
2022-08-31,15.3839998245239260,15.5399999618530270,14.9589996337890620,15.0939998626708980,573710000,15.0522117614746100
2022-09-01,14.2089996337890620,14.3800001144409180,13.2700004577636720,13.9370002746582030,1178865000,13.8984136581420900
2022-09-02,14.1000003814697270,14.1709995269775390,13.5909996032714840,13.6470003128051760,743157000,13.6092166900634770
2022-09-06,13.7309999465942380,13.7790002822875980,13.3509998321533200,13.4650001525878900,535751000,13.4277191162109380
2022-09-07,13.5629997253417970,13.8380002975463870,13.3459997177124020,13.7139997482299800,512657000,13.6800947189331050
2022-09-08,13.4589996337890620,14.0080003738403320,13.3690004348754880,13.9899997711181640,624873000,13.9554157257080080
2022-09-09,14.1569995880126950,14.4739999771118160,14.1260004043579100,14.3870000839233400,486612000,14.3514318466186520
2022-09-12,14.3690004348754880,14.5469999313354500,14.1979999542236330,14.5050001144409180,484159000,14.4691400527954100
2022-09-13,13.8020000457763670,13.9219999313354500,13.0989999771118160,13.1309995651245120,714956000,13.0985374450683600
2022-09-14,13.2539997100830080,13.2899999618530270,12.9130001068115230,13.1280002593994140,588507000,13.0955448150634770
2022-09-15,13.0150003433227540,13.2329998016357420,12.7899999618530270,12.9289999008178710,523625000,12.8970355987548830
2022-09-16,12.7419996261596680,13.2119998931884770,12.6169996261596680,13.1979999542236330,670751000,13.1653728485107420
2022-09-19,13.0120000839233400,13.4630002975463870,13.0100002288818360,13.3819999694824220,569685000,13.3489160537719730
2022-09-20,13.2150001525878900,13.4829998016357420,13.0570001602172850,13.1759996414184570,524818000,13.1434268951416020
2022-09-21,13.2130002975463870,14.0310001373291020,13.1099996566772460,13.2609996795654300,807679000,13.2282152175903320
2022-09-22,13.0699996948242190,13.1490001678466800,12.4280004501342770,12.5609998703002930,759162000,12.5299463272094730
2022-09-23,12.4200000762939450,12.6110000610351560,12.2569999694824220,12.5159997940063480,663309000,12.4850578308105470
2022-09-26,12.4910001754760740,12.6590003967285160,12.2139997482299800,12.2279996871948240,547343000,12.1977682113647460
2022-09-27,12.5069999694824220,12.7360000610351560,12.2580003738403320,12.4130001068115230,553854000,12.3823118209838870
2022-09-28,12.4099998474121100,12.8229999542236330,12.3540000915527340,12.7360000610351560,542414000,12.7045125961303710
2022-09-29,12.4479999542236330,12.5000000000000000,11.9460000991821290,12.2200002670288090,532763000,12.1897888183593750
2022-09-30,12.0869998931884770,12.6330003738403320,12.0749998092651370,12.1389999389648440,565638000,12.1089878082275390
2022-10-03,12.3470001220703120,12.6780004501342770,12.1049995422363280,12.5120000839233400,547478000,12.4810686111450200
2022-10-04,12.8789997100830080,13.2200002670288090,12.8789997100830080,13.1669998168945310,584182000,13.1344480514526370
2022-10-05,12.9110002517700200,13.3210000991821290,12.6210002899169920,13.2089996337890620,507131000,13.1763458251953120
2022-10-06,13.2200002670288090,13.6560001373291020,13.1029996871948240,13.1300001144409180,644157000,13.0975408554077150
2022-10-07,12.5050001144409180,12.6700000762939450,12.0220003128051760,12.0760002136230470,672478000,12.0461463928222660
2022-10-10,12.0369997024536130,12.1239995956420900,11.4079999923706050,11.6700000762939450,698699000,11.6411495208740230
2022-10-11,11.5609998703002930,11.8459997177124020,11.2829999923706050,11.5860004425048830,667482000,11.5573558807373050
2022-10-12,11.5790004730224610,11.7349996566772460,11.3450002670288090,11.5000000000000000,492590000,11.4715700149536130
2022-10-13,10.9709997177124020,12.0780000686645500,10.8129997253417970,11.9600000381469730,850103000,11.9304313659667970
2022-10-14,12.0570001602172850,12.1110000610351560,11.2040004730224610,11.2270002365112300,713432000,11.1992435455322270
2022-10-17,11.5179996490478520,11.9479999542236330,11.5170001983642580,11.8879995346069340,580774000,11.8586091995239260
2022-10-18,12.3439998626708980,12.4919996261596680,11.6180000305175780,11.9670000076293950,659362000,11.9374151229858400
2022-10-19,11.8789997100830080,12.3500003814697270,11.8339996337890620,12.0509996414184570,523131000,12.0212049484252930
2022-10-20,12.1129999160766600,12.7690000534057620,12.1049995422363280,12.1940002441406250,652398000,12.1638526916503900
2022-10-21,12.0979995727539060,12.4980001449584960,11.8870000839233400,12.4659996032714840,609494000,12.4351816177368160
2022-10-24,12.5080003738403320,12.7100000381469730,12.0640001296997070,12.5989999771118160,517457000,12.5678520202636720
2022-10-25,12.6940002441406250,13.3000001907348630,12.6639995574951170,13.2609996795654300,505482000,13.2282152175903320
2022-10-26,12.8690004348754880,13.3879995346069340,12.7080001831054690,12.8959999084472660,532953000,12.8641176223754880
2022-10-27,13.6300001144409180,13.8380002975463870,13.1219997406005860,13.1759996414184570,583113000,13.1434268951416020
2022-10-28,13.1040000915527340,13.8500003814697270,13.0609998703002930,13.8339996337890620,521040000,13.7997980117797850
2022-10-31,13.7779998779296880,13.8380002975463870,13.2969999313354500,13.4969997406005860,486341000,13.4636316299438480
2022-11-01,13.8109998703002930,13.9250001907348630,13.5190000534057620,13.5430002212524410,432817000,13.5095176696777340
2022-11-02,13.8500003814697270,14.2100000381469730,13.2110004425048830,13.2189998626708980,672628000,13.1863193511962890
2022-11-03,13.0430002212524410,13.7810001373291020,12.9560003280639650,13.4209995269775390,500065000,13.3878192901611330
2022-11-04,13.9860000610351560,14.2290000915527340,13.6969995498657230,14.1560001373291020,612576000,14.1210050582885740
2022-11-07,14.2279996871948240,14.4119997024536130,13.9540004730224610,14.3009996414184570,410061000,14.2656440734863280
2022-11-08,14.8009996414184570,14.8909997940063480,14.2159996032714840,14.6020002365112300,595292000,14.5658998489379880
2022-11-09,14.1619997024536130,14.2110004425048830,13.7589998245239260,13.7760000228881840,454414000,13.7419414520263670
2022-11-10,14.8000001907348630,15.7729997634887700,14.5469999313354500,15.7500000000000000,700819000,15.7110614776611330
2022-11-11,15.8070001602172850,16.3889999389648440,15.4820003509521480,16.3269996643066400,655487000,16.2866325378417970
2022-11-14,16.2180004119873050,16.5400009155273440,15.9219999313354500,16.2950000762939450,527852000,16.2547111511230470
2022-11-15,16.7220001220703120,16.9979991912841800,16.3819999694824220,16.6660003662109380,545876000,16.6247978210449220
2022-11-16,16.1620006561279300,16.3619995117187500,15.8730001449584960,15.9099998474121100,649547000,15.8706655502319340
2022-11-17,15.7150001525878900,16.2660007476806640,15.5349998474121100,15.6770000457763670,710894000,15.6382417678833000
2022-11-18,15.9659996032714840,16.0020008087158200,15.1199998855590820,15.4090003967285160,492072000,15.3709068298339840
2022-11-21,15.1470003128051760,15.4770002365112300,15.0799999237060550,15.3170003890991210,404739000,15.2791328430175780
2022-11-22,15.3280000686645500,16.0580005645751950,15.1219997406005860,16.0380001068115230,472866000,15.9983472824096680
2022-11-23,16.0979995727539060,16.5270004272460940,16.0480003356933600,16.5189990997314450,427241000,16.4781608581542970
2022-11-25,16.3180007934570300,16.4869995117187500,16.1720008850097660,16.2700004577636720,167934000,16.2297801971435550
2022-11-28,16.0259990692138670,16.3570003509521500,15.7250003814697270,15.8269996643066400,303741000,15.7878713607788090
2022-11-29,15.8269996643066400,15.9320001602172850,15.5200004577636720,15.6389999389648440,298384000,15.6003370285034180
2022-11-30,15.6969995498657230,16.9300003051757800,15.5970001220703120,16.9230003356933600,565298000,16.8854770660400400
2022-12-01,16.9990005493164060,17.2649993896484380,16.6350002288818360,17.1350002288818360,470977000,17.0970077514648440
2022-12-02,16.6590003967285160,16.9330005645751950,16.4449996948242200,16.8759994506835940,371389000,16.8385829925537100
2022-12-05,16.6790008544921880,16.9950008392334000,16.4720001220703120,16.6100006103515620,352255000,16.5731773376464840
2022-12-06,16.5300006866455080,16.5729999542236330,15.8190002441406250,15.9870004653930660,352694000,15.9515571594238280
2022-12-07,15.7720003128051760,16.1860008239746100,15.6669998168945310,16.1200008392334000,372388000,16.0842590332031250
2022-12-08,16.2730007171630860,17.1790008544921880,15.9589996337890620,17.1690006256103500,515456000,17.1309356689453120
2022-12-09,17.1599998474121100,17.5830001831054700,16.9750003814697270,17.0009994506835940,465338000,16.9633102416992200
2022-12-12,17.0370006561279300,17.5380001068115230,16.7970008850097660,17.5349998474121100,457328000,17.4961261749267580
2022-12-13,18.5310001373291000,18.7900009155273440,17.7110004425048830,18.0720005035400400,656589000,18.0319328308105470
2022-12-14,17.9869995117187500,18.2520008087158200,17.4200000762939450,17.6739997863769530,496888000,17.6348152160644530
2022-12-15,17.1459999084472660,17.3199996948242200,16.7000007629394530,16.9519996643066400,478542000,16.9144153594970700
2022-12-16,16.8640003204345700,17.0410003662109380,16.4099998474121100,16.5709991455078120,478232000,16.5342559814453120
2022-12-19,16.5720005035400400,16.6089992523193360,16.1450004577636720,16.2539997100830080,354039000,16.2179641723632800
2022-12-20,16.0639991760253900,16.3099994659423830,15.8520002365112300,16.0849990844726560,403260000,16.0493392944335940
2022-12-21,16.1140003204345700,16.6270008087158200,16.1019992828369140,16.5009994506835940,325025000,16.4644184112548830
2022-12-22,16.0939998626709000,16.1380004882812500,14.8819999694824220,15.3389997482299800,565045000,15.3049936294555660
2022-12-23,15.1960000991821290,15.3389997482299800,14.8830003738403320,15.2060003280639650,349326000,15.1722860336303710
2022-12-27,15.0740003585815430,15.1000003814697270,14.0559997558593750,14.1210002899169920,464902000,14.0896949768066400
2022-12-28,13.9270000457763670,14.2620000839233400,13.8839998245239260,14.0360002517700200,351066000,14.0048809051513670
2022-12-29,14.4020004272460940,14.6829996109008790,14.2270002365112300,14.6029996871948240,354923000,14.5706243515014650
2022-12-30,14.3339996337890620,14.6289997100830080,14.2329998016357420,14.6140003204345700,310490000,14.5816001892089840
2023-01-03,14.8509998321533200,14.9960002899169920,14.0959997177124020,14.3149995803833000,401277000,14.2832622528076170
2023-01-04,14.5670003890991210,14.8529996871948240,14.2410001754760740,14.7489995956420900,431324000,14.7163000106811520
2023-01-05,14.4910001754760740,14.5640001296997070,14.1479997634887700,14.2650003433227540,389168000,14.2333765029907230
2023-01-06,14.4739999771118160,15.0100002288818360,14.0340003967285160,14.8590002059936520,405044000,14.8260564804077150
2023-01-09,15.2840003967285160,16.0559997558593750,15.1409997940063480,15.6280002593994140,504231000,15.5933523178100590
2023-01-10,15.5069999694824220,15.9619998931884770,15.4720001220703120,15.9090003967285160,384101000,15.8737287521362300
2023-01-11,15.8400001525878900,16.0279998779296880,15.5629997253417970,16.0009994506835940,353285000,15.9655227661132810
2023-01-12,16.1000003814697270,16.6369991302490230,15.4919996261596680,16.5109996795654300,551409000,16.4743938446044920
2023-01-13,16.2779998779296880,16.9220008850097660,16.1650009155273440,16.8990001678466800,447287000,16.8615303039550780
2023-01-17,16.8990001678466800,17.7280006408691400,16.8990001678466800,17.7019996643066400,511102000,17.6627521514892580
2023-01-18,17.6669998168945300,17.8729991912841800,17.2819995880126950,17.3770008087158200,439624000,17.3384761810302730
2023-01-19,17.0359992980957030,17.1970005035400400,16.7310009002685550,16.7649993896484380,452932000,16.7278270721435550
2023-01-20,17.0109996795654300,17.8560009002685550,16.8250007629394530,17.8390007019042970,564967000,17.7994480133056640
2023-01-23,18.0639991760253900,19.2450008392334000,17.8180007934570300,19.1930007934570300,655163000,19.1504497528076170
2023-01-24,18.8269996643066400,19.4950008392334000,18.8199996948242200,19.2649993896484380,496204000,19.2222881317138670
2023-01-25,18.9130001068115230,19.3700008392334000,18.5799999237060550,19.3229999542236330,449537000,19.2801609039306640
2023-01-26,19.7010002136230470,20.1660003662109380,19.2779998779296880,19.8020000457763670,489535000,19.7580986022949220
2023-01-27,19.4619998931884770,20.6280002593994140,19.4050006866455080,20.3649997711181640,542142000,20.3198471069335940
2023-01-30,19.9500007629394530,20.1399993896484380,19.1499996185302730,19.1620006561279300,488611000,19.1195201873779300
2023-01-31,19.1700000762939450,19.6870002746582030,18.9500007629394530,19.5370006561279300,498017000,19.4936828613281250
2023-02-01,19.6909999847412100,21.1919994354248050,19.6110000610351560,20.9430007934570300,660477000,20.8965682983398440
2023-02-02,21.0000000000000000,21.9489994049072270,20.7000007629394530,21.7089996337890620,564276000,21.6608695983886720
2023-02-03,21.0000000000000000,21.7450008392334000,20.7889995574951170,21.1000003814697270,429366000,21.0532207489013670
2023-02-06,20.8059997558593750,21.5699996948242200,20.7859992980957030,21.0890007019042970,452197000,21.0422420501709000
2023-02-07,21.3819999694824220,22.2590007781982420,21.1499996185302730,22.1730003356933600,664150000,22.1238460540771500
2023-02-08,22.3869991302490230,22.8780002593994140,22.0079994201660160,22.2049999237060550,559651000,22.1557693481445300
2023-02-09,22.6060009002685550,23.0200004577636720,22.1200008392334000,22.3369998931884770,523876000,22.2874794006347660
2023-02-10,21.6900005340576170,22.0779991149902340,20.8110008239746100,21.2649993896484380,550737000,21.2178516387939450
2023-02-13,21.5380001068115230,22.0480003356933600,20.9619998931884770,21.7880001068115230,474919000,21.7396945953369140
2023-02-14,21.5779991149902340,23.0489997863769530,21.3659992218017580,22.9710006713867200,675474000,22.9200725555419920
2023-02-15,22.5489997863769530,22.8549995422363280,22.1060009002685550,22.7639999389648440,420575000,22.7135295867919920
2023-02-16,22.1329994201660160,22.5499992370605470,21.9270000457763670,22.0020008087158200,412026000,21.9532222747802730
2023-02-17,21.6310005187988280,21.7399997711181640,20.9750003814697270,21.3880004882812500,465888000,21.3405780792236330
2023-02-21,21.0000000000000000,21.4939994812011720,20.6180000305175780,20.6550006866455080,410015000,20.6092090606689450
2023-02-22,20.7070007324218750,21.1040000915527340,20.4209995269775400,20.7539997100830080,513184000,20.7079887390136720
2023-02-23,23.4400005340576170,23.8880004882812500,23.0249996185302730,23.6639995574951170,1117995000,23.6115341186523440
2023-02-24,23.2250003814697270,23.4740009307861330,22.9470005035400400,23.2859992980957030,589716000,23.2343711853027340
2023-02-27,23.6700000762939450,23.8799991607666000,23.4540004730224600,23.5009994506835940,452994000,23.4488964080810550
2023-02-28,23.3719997406005860,23.8250007629394530,23.2059993743896500,23.2159996032714840,455963000,23.1645278930664060
2023-03-01,23.1919994354248050,23.2560005187988280,22.5079994201660160,22.6979999542236330,460026000,22.6476745605468750
2023-03-02,22.4880008697509770,23.3799991607666000,22.4319992065429700,23.3139991760253900,389415000,23.2623100280761720
2023-03-03,23.3199996948242200,23.8999996185302730,23.1299991607666000,23.8899993896484380,412393000,23.8370380401611330
2023-03-06,23.8910007476806640,24.2479991912841800,23.4869995117187500,23.5540008544921880,437429000,23.5017776489257800
2023-03-07,23.6000003814697270,24.1250000000000000,23.2409992218017580,23.2880001068115230,515154000,23.2403144836425780
2023-03-08,23.4869995117187500,24.2000007629394530,23.4239997863769530,24.1809997558593750,513573000,24.1314849853515620
2023-03-09,24.1749992370605470,24.4540004730224600,23.3829994201660160,23.4360008239746100,501257000,23.3880119323730470
2023-03-10,23.4090003967285160,23.6270008087158200,22.7259998321533200,22.9650001525878900,474866000,22.9179763793945300
2023-03-13,22.7520008087158200,23.2980003356933600,22.2970008850097660,22.9659996032714840,421890000,22.9189739227294920
2023-03-14,23.4960002899169920,24.2189998626709000,23.4599990844726560,24.0629997253417970,474910000,24.0137290954589840
2023-03-15,23.7609996795654300,24.2859992980957030,23.3600006103515620,24.2280006408691400,524486000,24.1783924102783200
2023-03-16,24.0270004272460940,25.5879993438720700,23.8939990997314450,25.5410003662109380,583253000,25.4887065887451170
2023-03-17,25.9820003509521500,26.3990001678466800,25.6679992675781250,25.7250003814697270,848547000,25.6723251342773440
2023-03-20,25.6149997711181640,26.0240001678466800,25.1299991607666000,25.8999996185302730,432747000,25.8469657897949220
2023-03-21,26.1800003051757800,26.3920001983642580,25.3810005187988280,26.1989994049072270,547408000,26.1453533172607420
2023-03-22,26.4249992370605470,27.5890007019042970,26.2369995117187500,26.4680004119873050,797295000,26.4138031005859380
2023-03-23,27.1149997711181640,27.4990005493164060,26.6900005340576170,27.1909999847412100,564889000,27.1353225708007800
2023-03-24,27.0310001373291000,27.1669998168945300,26.3549995422363280,26.7789993286132800,454920000,26.7241668701171880
2023-03-27,26.8369998931884770,27.0000000000000000,26.3649997711181640,26.5310001373291000,361026000,26.4766769409179700
2023-03-28,26.4470005035400400,26.5130004882812500,25.8500003814697270,26.4099998474121100,356104000,26.3559246063232420
2023-03-29,26.8250007629394530,27.0779991149902340,26.5970001220703120,26.9839992523193360,393694000,26.9287452697753900
2023-03-30,27.2290000915527340,27.4990005493164060,27.1019992828369140,27.3829994201660160,364516000,27.3269290924072270
2023-03-31,27.1399993896484380,27.8339996337890620,27.1049995422363280,27.7770004272460940,433933000,27.7201251983642580
2023-04-03,27.5090007781982420,28.0000000000000000,27.3360004425048830,27.9650001525878900,398716000,27.9077396392822270
2023-04-04,27.9659996032714840,28.0000000000000000,27.3069992065429700,27.4529991149902340,368592000,27.3967876434326170
2023-04-05,26.8290004730224600,26.9979991912841800,26.3950004577636720,26.8810005187988280,515015000,26.8259563446044920
2023-04-06,26.5839996337890620,27.0799999237060550,26.4270000457763670,27.0370006561279300,397654000,26.9816436767578120
2023-04-10,26.8229999542236330,27.6210002899169920,26.6690006256103500,27.5790004730224600,395279000,27.5225296020507800
2023-04-11,27.7240009307861330,27.7900009155273440,27.1259994506835940,27.1690006256103500,314378000,27.1133728027343750
2023-04-12,27.3700008392334000,27.4680004119873050,26.4479999542236330,26.4950008392334000,446259000,26.4407520294189450
2023-04-13,26.7339992523193360,26.8869991302490230,26.3290004730224600,26.4629993438720700,353615000,26.4088115692138670
2023-04-14,26.5039997100830080,26.8829994201660160,26.2199993133544920,26.7579994201660160,395660000,26.7032108306884770
2023-04-17,26.5650005340576170,27.0060005187988280,26.4330005645751950,27.0020008087158200,321471000,26.9467124938964840
2023-04-18,27.5330009460449220,28.1100006103515620,27.3570003509521500,27.6669998168945300,604812000,27.6103496551513670
2023-04-19,27.3610000610351560,28.0000000000000000,27.2320003509521500,27.9309997558593750,358660000,27.8738117218017580
2023-04-20,27.6709995269775400,28.0300006866455080,27.0000000000000000,27.1040000915527340,427713000,27.0485019683837900
2023-04-21,26.9519996643066400,27.1830005645751950,26.7220001220703120,27.1189994812011720,345103000,27.0634746551513670
2023-04-24,27.0130004882812500,27.3659992218017580,26.6709995269775400,27.0419998168945300,339282000,26.9866275787353500
2023-04-25,27.0779991149902340,27.2469997406005860,26.2250003814697270,26.2409992218017580,378527000,26.1872673034667970
2023-04-26,27.0020008087158200,27.3299999237060550,26.7049999237060550,26.9559993743896500,406337000,26.9008026123046880
2023-04-27,27.3630008697509770,27.4950008392334000,26.6250000000000000,27.2259998321533200,377161000,27.1702537536621100
2023-04-28,27.2250003814697270,27.7579994201660160,27.0709991455078120,27.7490005493164060,292216000,27.6921844482421880
2023-05-01,27.8400001525878900,29.0580005645751950,27.7800006866455080,28.9099998474121100,570329000,28.8508052825927730
2023-05-02,28.6800003051757800,28.8360004425048830,28.0830001831054700,28.2099990844726560,402730000,28.1522350311279300
2023-05-03,27.8400001525878900,28.3670005798339840,27.4720001220703120,27.8020000457763670,383387000,27.7450733184814450
2023-05-04,27.6509990692138670,27.8589992523193360,27.2399997711181640,27.5620002746582030,321850000,27.5055675506591800
2023-05-05,27.8260002136230470,28.7549991607666000,27.7310009002685550,28.6800003051757800,361494000,28.6212730407714840
2023-05-08,28.5219993591308600,29.2199993133544920,28.3500003814697270,29.1509990692138670,344979000,29.0913085937500000
2023-05-09,28.8990001678466800,28.9729995727539060,28.4500007629394530,28.5709991455078120,314869000,28.5124969482421880
2023-05-10,29.0049991607666000,29.1130008697509770,28.4610004425048830,28.8850002288818360,369350000,28.8258552551269530
2023-05-11,28.8959999084472660,28.9500007629394530,28.2460002899169920,28.5779991149902340,322149000,28.5194854736328120
2023-05-12,28.5289993286132800,28.7800006866455080,28.0459995269775400,28.3400001525878900,274222000,28.2819709777832030
2023-05-15,28.5079994201660160,28.9689998626709000,28.1520004272460940,28.9529991149902340,293926000,28.8937149047851560
2023-05-16,28.8409996032714840,29.8700008392334000,28.8320007324218750,29.2129993438720700,449405000,29.1531829833984380
2023-05-17,29.5839996337890620,30.1989994049072270,29.4300003051757800,30.1779994964599600,432535000,30.1162071228027340
2023-05-18,30.4099998474121100,31.8279991149902340,30.3199996948242200,31.6779994964599600,748725000,31.6131381988525400
2023-05-19,31.5359992980957030,31.5799999237060550,30.9160003662109380,31.2639999389648440,473908000,31.1999855041503900
2023-05-22,30.9009990692138670,31.5200004577636720,30.6800003051757800,31.1760005950927730,372000000,31.1121635437011720
2023-05-23,31.0000000000000000,31.2880001068115230,30.6310005187988280,30.6879997253417970,356253000,30.6251640319824220
2023-05-24,30.2099990844726560,30.6070003509521500,29.8059997558593750,30.5380001068115230,721419000,30.4754695892334000
2023-05-25,38.5229988098144500,39.4799995422363300,36.6349983215332000,37.9799995422363300,1543911000,37.9022331237793000
2023-05-26,37.8899993896484400,39.1699981689453100,37.5499992370605500,38.9459991455078100,714397000,38.8662528991699200
2023-05-30,40.5950012207031250,41.9379997253418000,39.9490013122558600,40.1110000610351560,923401000,40.0288696289062500
2023-05-31,39.4879989624023440,40.2949981689453100,37.8219985961914060,37.8339996337890600,1002580000,37.7565307617187500
2023-06-01,38.4889984130859400,40.0499992370605500,38.3400001525878900,39.7700004577636700,635873000,39.6885681152343750
2023-06-02,40.0970001220703100,40.5000000000000000,39.0579986572265600,39.3269996643066400,482731000,39.2464752197265600
2023-06-05,38.9090003967285160,39.5649986267089840,38.7070007324218750,39.1710014343261700,396094000,39.0907897949218750
2023-06-06,38.8300018310546900,39.1599998474121100,38.1479988098144500,38.6539993286132800,388729000,38.5748596191406250
2023-06-07,38.9150009155273440,39.4990005493164060,37.3559989929199200,37.4749984741210940,511998000,37.4021377563476560
2023-06-08,37.7239990234375000,38.8639984130859400,37.5050010681152340,38.5099983215332000,417772000,38.4351196289062500
2023-06-09,39.0369987487793000,39.7109985351562500,38.5670013427734400,38.7700004577636700,427717000,38.6946220397949200
2023-06-12,39.2000007629394500,39.5299987792968750,38.6180000305175800,39.4819984436035160,388701000,39.4052352905273440
2023-06-13,40.1860008239746100,41.1010017395019500,39.7400016784668000,41.0219993591308600,613208000,40.9422378540039060
2023-06-14,40.8240013122558600,43.0000000000000000,40.5519981384277340,42.9970016479492200,740465000,42.9134063720703100
2023-06-15,42.6020011901855500,43.2890014648437500,42.1469993591308600,42.6529998779296900,568622000,42.5700683593750000
2023-06-16,43.4500007629394500,43.7210006713867200,42.6609992980957000,42.6920013427734400,655709000,42.6089973449707000
2023-06-20,42.9980010986328100,43.9900016784668000,42.6739997863769500,43.8079986572265600,451153000,43.7228164672851560
2023-06-21,43.5009994506835940,43.6150016784668000,42.0800018310546900,43.0449981689453100,551603000,42.9612998962402340
2023-06-22,42.2529983520507800,43.4259986877441400,42.2340011596679700,43.0250015258789060,417737000,42.9413452148437500
2023-06-23,42.4640007019043000,42.8089981079101560,42.0149993896484400,42.2089996337890600,358140000,42.1269340515136700
2023-06-26,42.4609985351562500,42.7639999389648440,40.0999984741210940,40.6319999694824200,594322000,40.5529937744140600
2023-06-27,40.7989997863769500,41.9399986267089840,40.4480018615722660,41.8759994506835940,462175000,41.7945861816406250
2023-06-28,40.6599998474121100,41.8450012207031250,40.5180015563964840,41.1170005798339840,582639000,41.0370521545410160
2023-06-29,41.5579986572265600,41.5999984741210940,40.5999984741210940,40.8219985961914060,380514000,40.7426300048828100
2023-06-30,41.6800003051757800,42.5499992370605500,41.5009994506835940,42.3019981384277340,501148000,42.2197494506835940
2023-07-03,42.5169982910156250,42.8979988098144500,42.2019996643066400,42.4129981994628900,198209000,42.3305358886718750
2023-07-05,42.1349983215332000,43.1769981384277340,42.0849990844726560,42.3170013427734400,323618000,42.2347259521484400
2023-07-06,41.8440017700195300,42.1790008544921900,41.3460006713867200,42.1030006408691400,303582000,42.0211334228515600
2023-07-07,42.3219985961914060,43.2140007019043000,42.1800003051757800,42.5029983520507800,355881000,42.4203567504882800
2023-07-10,42.6570014953613300,42.8110008239746100,41.6489982604980500,42.1800003051757800,353908000,42.0979881286621100
2023-07-11,42.4809989929199200,42.7579994201660160,42.0670013427734400,42.4049987792968750,298244000,42.3225517272949200
2023-07-12,43.0330009460449200,43.9350013732910160,42.7770004272460940,43.9020004272460940,481277000,43.8166351318359400
2023-07-13,44.5180015563964840,46.1549987792968750,44.4920005798339840,45.9770011901855500,478204000,45.8876113891601560
2023-07-14,46.5830001831054700,48.0880012512207000,45.0600013732910160,45.4690017700195300,772075000,45.3805999755859400
2023-07-17,46.2890014648437500,46.4959983825683600,45.2620010375976560,46.4609985351562500,510488000,46.3706665039062500
2023-07-18,46.7010002136230500,47.8959999084472660,45.7340011596679700,47.4939994812011700,569164000,47.4016571044921900
2023-07-19,47.4640007019043000,47.8180007934570300,46.7420005798339840,47.0769996643066400,427502000,46.9854698181152340
2023-07-20,46.5069999694824200,47.0870018005371100,45.0620002746582000,45.5200004577636700,537865000,45.4314994812011700
2023-07-21,45.7879981994628900,45.8660011291503900,44.0999984741210940,44.3089981079101560,963769000,44.2228469848632800
2023-07-24,44.7309989929199200,45.1090011596679700,44.0400009155273440,44.6119995117187500,382516000,44.5252532958984400
2023-07-25,44.9410018920898440,46.1829986572265600,44.9230003356933600,45.6790008544921900,348081000,45.5901870727539060
2023-07-26,46.0209999084472660,46.0530014038085940,44.6300010681152340,45.4519996643066400,364237000,45.3636245727539060
2023-07-27,46.5190010070800800,47.3950004577636700,45.7500000000000000,45.9000015258789060,455976000,45.8107604980468750
2023-07-28,46.6679992675781250,47.0270004272460940,46.3810005187988300,46.7500000000000000,331194000,46.6591110229492200
2023-07-31,46.7540016174316400,47.1300010681152340,46.5060005187988300,46.7290000915527340,251055000,46.6381416320800800
2023-08-01,46.4599990844726560,46.9000015258789060,46.0270004272460940,46.5069999694824200,237858000,46.4165725708007800
2023-08-02,45.8310012817382800,45.8400001525878900,43.3870010375976560,44.2690010070800800,530142000,44.1829261779785160
2023-08-03,43.7999992370605500,45.1180000305175800,43.7999992370605500,44.5149993896484400,324176000,44.4284515380859400
2023-08-04,44.9850006103515600,45.6419982910156250,44.3930015563964840,44.6800003051757800,362666000,44.5931320190429700
2023-08-07,45.1110000610351560,45.5400009155273440,44.5629997253418000,45.4169998168945300,322154000,45.3286972045898440
2023-08-08,44.8530006408691400,45.2420005798339840,44.0559997558593750,44.6640014648437500,353843000,44.5771636962890600
2023-08-09,44.2739982604980500,44.3120002746582000,42.1339988708496100,42.5540008544921900,586449000,42.4712638854980500
2023-08-10,42.1599998474121100,43.5740013122558600,41.8349990844726560,42.3880004882812500,492705000,42.3055839538574200
2023-08-11,41.7509994506835940,42.0180015563964840,40.6389999389648440,40.8549995422363300,533085000,40.7755699157714840
2023-08-14,40.4860000610351560,43.7999992370605500,40.3110008239746100,43.7529983520507800,690286000,43.6679306030273440
2023-08-15,44.5600013732910160,45.2680015563964840,43.7099990844726560,43.9399986267089840,676512000,43.8545646667480500
2023-08-16,44.5200004577636700,44.6749992370605500,43.4059982299804700,43.4860000610351560,527451000,43.4014472961425800
2023-08-17,43.9700012207031250,44.0620002746582000,43.0009994506835940,43.3440017700195300,452395000,43.2597274780273440
2023-08-18,42.6349983215332000,43.5779991149902340,41.6599998474121100,43.2989997863769500,583768000,43.2148170471191400
2023-08-21,44.4939994812011700,47.0649986267089840,44.2220001220703100,46.9669990539550800,692573000,46.8756866455078100
2023-08-22,48.1349983215332000,48.1870002746582000,45.3330001831054700,45.6679992675781250,755293000,45.5792007446289060
2023-08-23,45.8660011291503900,47.2000007629394500,45.2080001831054700,47.1160011291503900,779046000,47.0243911743164060
2023-08-24,50.2159996032714840,50.2659988403320300,47.1590003967285160,47.1629981994628900,1156044000,47.0713005065918000
2023-08-25,47.0120010375976560,47.8050003051757800,45.0239982604980500,46.0180015563964840,925341000,45.9285316467285160
2023-08-28,46.4819984436035160,46.9799995422363300,44.8880004882812500,46.8349990844726560,685192000,46.7439346313476560
2023-08-29,46.6660003662109400,49.0810012817382800,46.3909988403320300,48.7840003967285160,701397000,48.6891479492187500
2023-08-30,49.0439987182617200,49.9269981384277340,48.4249992370605500,49.2639999389648440,735206000,49.1682128906250000
2023-08-31,49.3800010681152340,49.7439994812011700,48.9580001831054700,49.3549995422363300,528570000,49.2590370178222660
2023-09-01,49.7620010375976560,49.7999992370605500,48.1419982910156250,48.5089988708496100,463830000,48.4146881103515600
2023-09-05,48.2229995727539060,48.8510017395019500,47.8600006103515600,48.5480003356933600,382653000,48.4536056518554700
2023-09-06,48.4410018920898440,48.5489997863769500,46.5800018310546900,47.0610008239746100,468670000,46.9733619689941400
2023-09-07,45.5250015258789060,46.3440017700195300,45.1520004272460940,46.2410011291503900,433330000,46.1548995971679700
2023-09-08,45.9420013427734400,46.6059989929199200,45.2709999084472660,45.5719985961914060,473069000,45.4871406555175800
2023-09-11,46.1479988098144500,46.1629981994628900,44.3120002746582000,45.1780014038085940,473966000,45.0938758850097660
2023-09-12,44.7379989624023440,45.6730003356933600,44.5309982299804700,44.8699989318847660,349256000,44.7864494323730500
2023-09-13,44.5999984741210940,45.9300003051757800,44.5029983520507800,45.4850006103515600,398355000,45.4003028869628900
2023-09-14,45.9500007629394500,45.9869995117187500,45.1310005187988300,45.5810012817382800,370097000,45.4961280822753900
2023-09-15,45.3409996032714840,45.5989990234375000,43.8079986572265600,43.9000015258789060,506831000,43.8182525634765600
2023-09-18,42.7480010986328100,44.2420005798339840,42.0000000000000000,43.9659996032714840,500271000,43.8841323852539060
2023-09-19,43.8330001831054700,43.9659996032714840,43.0019989013671900,43.5200004577636700,373064000,43.4389572143554700
2023-09-20,43.5999984741210940,43.9029998779296900,42.2229995727539060,42.2389984130859400,367108000,42.1603393554687500
2023-09-21,41.5830001831054700,42.0999984741210940,40.9799995422363300,41.0169982910156250,450736000,40.9406204223632800
2023-09-22,41.5719985961914060,42.1150016784668000,41.2309989929199200,41.6100006103515600,479236000,41.5325088500976560
2023-09-25,41.5909996032714840,42.5359992980957000,41.1769981384277340,42.2220001220703100,419091000,42.1433830261230500
2023-09-26,42.0009994506835940,42.8199996948242200,41.6549987792968750,41.9109992980957000,402282000,41.8329582214355500
2023-09-27,42.3300018310546900,42.8720016479492200,41.6290016174316400,42.4679985046386700,444935000,42.3889198303222660
2023-09-28,42.4599990844726560,43.4459991455078100,42.1150016784668000,43.0890007019043000,424663000,43.0087623596191400
2023-09-29,43.8269996643066400,44.1440010070800800,43.3069992065429700,43.4990005493164060,397830000,43.4180030822753900
2023-10-02,44.0299987792968750,45.1749992370605500,43.8610000610351560,44.7820014953613300,433298000,44.6986083984375000
2023-10-03,44.8079986572265600,45.1300010681152340,43.2459983825683600,43.5169982910156250,470850000,43.4359703063964840
2023-10-04,43.7420005798339840,44.1430015563964840,43.2919998168945300,44.0410003662109400,361821000,43.9589920043945300
2023-10-05,44.0499992370605500,44.9000015258789060,43.8880004882812500,44.6879997253418000,393483000,44.6047859191894500
2023-10-06,44.1930007934570300,45.7890014648437500,44.0260009765625000,45.7620010375976560,434436000,45.6767883300781250
2023-10-09,44.8419990539550800,45.6049995422363300,44.3680000305175800,45.2729988098144500,409675000,45.1886940002441400
2023-10-10,45.3100013732910160,46.2589988708496100,45.0880012512207000,45.7980003356933600,368582000,45.7127227783203100
2023-10-11,46.1959991455078100,46.8590011596679700,46.0499992370605500,46.8059997558593750,378137000,46.7188453674316400
2023-10-12,46.7770004272460940,47.6090011596679700,46.3300018310546900,46.9449996948242200,481325000,46.8575897216796900
2023-10-13,46.9599990844726560,47.1160011291503900,45.2799987792968750,45.4609985351562500,474115000,45.3763504028320300
2023-10-16,45.0629997253418000,46.2249984741210940,44.9119987487793000,46.0950012207031250,375099000,46.0091629028320300
2023-10-17,44.0000000000000000,44.7540016174316400,42.4799995422363300,43.9379997253418000,812333000,43.8561782836914060
2023-10-18,42.5909996032714840,43.2190017700195300,41.8250007629394500,42.1959991455078100,627294000,42.1174240112304700
2023-10-19,42.8110008239746100,43.2970008850097660,41.8819999694824200,42.1010017395019500,501233000,42.0226020812988300
2023-10-20,41.8899993896484400,42.4700012207031250,41.0779991149902340,41.3870010375976560,477266000,41.3099365234375000
2023-10-23,41.2290000915527340,43.2480010986328100,40.9449996948242200,42.9749984741210940,478530000,42.8949775695800800
2023-10-24,43.0769996643066400,43.6969985961914060,42.6910018920898440,43.6629981994628900,401463000,43.5816917419433600
2023-10-25,43.3979988098144500,43.6500015258789060,41.5550003051757800,41.7789993286132800,398379000,41.7012023925781250
2023-10-26,41.8530006408691400,42.2560005187988300,39.8800010681152340,40.3260002136230500,541001000,40.2509117126464840
2023-10-27,41.1300010681152340,41.2060012817382800,40.0149993896484400,40.5000000000000000,416784000,40.4245834350585940
2023-10-30,41.0870018005371100,41.7659988403320300,40.4809989929199200,41.1609992980957000,388028000,41.0843544006347660
2023-10-31,40.4500007629394500,40.8790016174316400,39.2299995422363300,40.7799987792968750,517969000,40.7040596008300800
2023-11-01,40.8839988708496100,42.3810005187988300,40.8689994812011700,42.3250007629394500,437593000,42.2461814880371100
2023-11-02,43.3279991149902340,43.8839988708496100,42.8940010070800800,43.5060005187988300,409172000,43.4249916076660160
2023-11-03,44.0200004577636700,45.3089981079101560,43.7229995727539060,45.0050010681152340,424610000,44.9211959838867200
2023-11-06,45.2849998474121100,45.9350013732910160,44.8989982604980500,45.7509994506835940,400733000,45.6658096313476560
2023-11-07,45.7190017700195300,46.2179985046386700,45.1580009460449200,45.9550018310546900,343165000,45.8694305419921900
2023-11-08,46.0999984741210940,46.8670005798339840,45.9679985046386700,46.5740013122558600,346719000,46.4872741699218750
2023-11-09,47.4669990539550800,48.2299995422363300,46.7500000000000000,46.9500007629394500,540496000,46.8625831604003900
2023-11-10,47.5000000000000000,48.4720001220703100,47.2830009460449200,48.3349990844726560,421245000,48.2449989318847660
2023-11-13,48.3199996948242200,49.1160011291503900,48.0989990234375000,48.6199989318847660,384136000,48.5294685363769500
2023-11-14,49.6800003051757800,49.8339996337890600,49.0400009155273440,49.6559982299804700,416954000,49.5635261535644500
2023-11-15,49.9350013732910160,49.9599990844726560,48.2000007629394500,48.8880004882812500,475497000,48.7969665527343750
2023-11-16,48.6790008544921900,49.5250015258789060,48.3300018310546900,49.4799995422363300,339756000,49.3878593444824200
2023-11-17,49.5239982604980500,49.7169990539550800,49.0069999694824200,49.2980003356933600,325205000,49.2062034606933600
2023-11-20,49.3120002746582000,50.5480003356933600,49.1809997558593750,50.4090003967285160,414120000,50.3151397705078100
2023-11-21,50.1259994506835940,50.5169982910156250,49.2220001220703100,49.9440002441406250,565747000,49.8509979248046900
2023-11-22,49.8520011901855500,50.3349990844726560,47.6899986267089840,48.7159996032714840,899420000,48.6252861022949200
2023-11-24,48.4700012207031250,48.9210014343261700,47.7449989318847660,47.7760009765625000,294645000,47.6870422363281250
2023-11-27,47.7999992370605500,48.5299987792968750,47.6520004272460940,48.2420005798339840,395662000,48.1521720886230500
2023-11-28,48.2360000610351560,48.3230018615722660,47.4729995727539060,47.8209991455078100,401491000,47.7319488525390600
2023-11-29,48.3790016174316400,48.7620010375976560,47.8600006103515600,48.1399993896484400,382005000,48.0503540039062500
2023-11-30,48.0239982604980500,48.1100006103515600,46.4220008850097660,46.7700004577636700,526247000,46.6829032897949200
2023-12-01,46.5250015258789060,47.2000007629394500,46.1870002746582000,46.7649993896484400,369317000,46.6779136657714840
2023-12-04,46.0769996643066400,46.0769996643066400,45.0099983215332000,45.5099983215332000,437543000,45.4252548217773440
2023-12-05,45.4659996032714840,46.5999984741210940,45.2709999084472660,46.5660018920898440,371718000,46.4833717346191400
2023-12-06,47.2150001525878900,47.3870010375976560,45.4119987487793000,45.5029983520507800,380590000,45.4222602844238300
2023-12-07,45.7000007629394500,46.6290016174316400,45.6040000915527340,46.5960006713867200,350823000,46.5133209228515600
2023-12-08,46.5950012207031250,47.7410011291503900,46.5499992370605500,47.5060005187988300,359224000,47.4217147827148440
2023-12-11,47.4910011291503900,47.5309982299804700,45.8300018310546900,46.6269989013671900,509728000,46.5442695617675800
2023-12-12,46.0460014343261700,47.6660003662109400,46.0460014343261700,47.6570014953613300,372387000,47.5724372863769500
2023-12-13,47.6290016174316400,48.5940017700195300,47.6080017089843750,48.0880012512207000,447792000,48.0026779174804700
2023-12-14,48.3899993896484400,48.6699981689453100,47.4220008850097660,48.3499984741210940,391232000,48.2642059326171900
2023-12-15,48.1940002441406250,49.4039993286132800,48.1199989318847660,48.8899993896484400,479948000,48.8032493591308600
2023-12-18,49.4000015258789060,50.4329986572265600,49.1500015258789060,50.0769996643066400,412587000,49.9881477355957000
2023-12-19,49.4239997863769500,49.7000007629394500,48.8950004577636700,49.6040000915527340,464444000,49.5159835815429700
2023-12-20,49.6549987792968750,49.9990005493164060,48.0979995727539060,48.1110000610351560,397894000,48.0256385803222660
2023-12-21,48.8110008239746100,49.0950012207031250,48.4189987182617200,48.9900016784668000,300425000,48.9030838012695300
2023-12-22,49.1949996948242200,49.3829994201660160,48.4669990539550800,48.8300018310546900,252507000,48.7433624267578100
2023-12-26,48.9679985046386700,49.5999984741210940,48.9599990844726560,49.2789993286132800,244200000,49.1915588378906250
2023-12-27,49.5110015869140600,49.6800003051757800,49.0849990844726560,49.4169998168945300,233648000,49.3293151855468750
2023-12-28,49.6430015563964840,49.8839988708496100,49.4119987487793000,49.5219993591308600,246587000,49.4341278076171900
2023-12-29,49.8129997253418000,49.9970016479492200,48.7509994506835940,49.5219993591308600,389293000,49.4341278076171900
2024-01-02,49.2439994812011700,49.2949981689453100,47.5950012207031250,48.1679992675781250,411254000,48.0825386047363300
2024-01-03,47.4850006103515600,48.1839981079101560,47.3199996948242200,47.5690002441406250,320896000,47.4846000671386700
2024-01-04,47.7669982910156250,48.5000000000000000,47.5079994201660160,47.9980010986328100,306535000,47.9128341674804700
2024-01-05,48.4620018005371100,49.5470008850097660,48.3059997558593750,49.0970001220703100,415039000,49.0098800659179700
2024-01-08,49.5120010375976560,52.2750015258789060,49.4790000915527340,52.2529983520507800,642510000,52.1602859497070300
2024-01-09,52.4010009765625000,54.3250007629394500,51.6899986267089840,53.1399993896484400,773100000,53.0457038879394500
2024-01-10,53.6160011291503900,54.5999984741210940,53.4889984130859400,54.3499984741210940,533796000,54.2535667419433600
2024-01-11,54.9990005493164060,55.3460006713867200,53.5600013732910160,54.8219985961914060,596759000,54.7247276306152340
2024-01-12,54.6199989318847660,54.9700012207031250,54.3300018310546900,54.7099990844726560,352994000,54.6129264831543000
2024-01-16,55.0180015563964840,56.8349990844726560,54.9000015258789060,56.3819999694824200,449580000,56.2819633483886700
2024-01-17,56.3470001220703100,56.4710006713867200,54.7400016784668000,56.0530014038085940,474394000,55.9535446166992200
2024-01-18,57.2599983215332000,57.5999984741210940,56.1069984436035160,57.1069984436035160,491650000,57.0056724548339840
2024-01-19,57.9889984130859400,59.5000000000000000,57.2249984741210940,59.4910011291503900,543501000,59.3854484558105500
2024-01-22,60.0489997863769500,60.3310012817382800,59.0699996948242200,59.6539993286132800,452955000,59.5481491088867200
2024-01-23,59.5699996948242200,59.9099998474121100,58.5849990844726560,59.8730010986328100,294654000,59.7667694091796900
2024-01-24,60.3040008544921900,62.8489990234375000,59.9379997253418000,61.3619995117187500,560271000,61.2531280517578100
2024-01-25,62.3499984741210940,62.7190017700195300,60.8499984741210940,61.6170005798339840,482777000,61.5076675415039060
2024-01-26,60.9599990844726560,61.7830009460449200,60.5730018615722660,61.0309982299804700,390309000,60.9227104187011700
2024-01-29,61.2319984436035160,62.4889984130859400,60.9070014953613300,62.4650001525878900,348733000,62.3541641235351560
2024-01-30,62.9000015258789060,63.4930000305175800,62.2599983215332000,62.7739982604980500,410735000,62.6626167297363300
2024-01-31,61.4399986267089840,62.2690010070800800,60.7000007629394500,61.5270004272460940,453795000,61.4178314208984400
2024-02-01,62.0999984741210940,63.1910018920898440,61.6500015258789060,63.0270004272460940,369146000,62.9151687622070300
2024-02-02,63.9739990234375000,66.5999984741211000,63.6899986267089840,66.1600036621093800,476578000,66.0426177978515600
2024-02-05,68.2249984741211000,69.4970016479492200,67.2050018310546900,69.3320007324218800,680078000,69.2089920043945300
2024-02-06,69.6299972534179700,69.7539978027343800,66.3000030517578100,68.2229995727539000,683111000,68.1019515991211000
2024-02-07,68.3190002441406200,70.2200012207031200,67.5999984741211000,70.0989990234375000,495575000,69.9746170043945300
2024-02-08,70.0739974975586000,70.7939987182617200,69.4550018310546900,69.6409988403320300,414422000,69.5174331665039000
2024-02-09,70.5329971313476600,72.1849975585937500,70.2119979858398400,72.1330032348632800,436637000,72.0050277709961000
2024-02-12,72.5999984741211000,74.6110000610351600,71.2500000000000000,72.2480010986328100,613710000,72.1198043823242200
2024-02-13,70.4000015258789000,73.4499969482421900,69.6200027465820300,72.1279983520507800,602580000,72.0000228881836000
2024-02-14,73.2020034790039000,74.2360000610351600,71.9380035400390600,73.9000015258789000,504917000,73.7688751220703100
2024-02-15,73.8690032958984400,73.9749984741211000,72.4000015258789000,72.6579971313476600,420122000,72.5290832519531200
2024-02-16,74.0999984741211000,74.4020004272461000,72.5009994506836000,72.6129989624023400,495327000,72.4841537475586000
2024-02-20,71.9469985961914000,71.9560012817382800,67.7340011596679700,69.4520034790039000,704833000,69.3287811279296900
2024-02-21,68.0059967041015600,68.8880004882812500,66.2480010986328100,67.4720001220703100,673755000,67.3522872924804700
2024-02-22,75.0250015258789000,78.5749969482421900,74.2200012207031200,78.5380020141601600,865100000,78.3986587524414000
2024-02-23,80.7900009155273400,82.3939971923828100,77.5699996948242200,78.8170013427734400,829388000,78.6771621704101600
2024-02-26,79.6999969482421900,80.6460037231445300,78.5049972534179700,79.0920028686523400,503973000,78.9516830444336000
2024-02-27,79.3809967041015600,79.4800033569336000,77.1620025634765600,78.7009963989257800,391705000,78.5613479614257800
2024-02-28,77.6200027465820300,78.9329986572265600,77.1250000000000000,77.6630020141601600,393110000,77.5252075195312500
2024-02-29,79.0940017700195300,79.9899978637695300,78.3499984741211000,79.1119995117187500,507289000,78.9716262817382800
2024-03-01,80.0000000000000000,82.3000030517578100,79.4349975585937500,82.2789993286132800,479135000,82.1330032348632800
2024-03-04,84.1299972534179700,87.6949996948242200,83.7190017700195300,85.2369995117187500,615616000,85.0857696533203100
2024-03-05,85.2699966430664000,86.0970001220703100,83.4169998168945300,85.9639968872070300,520639000,85.8154907226562500
2024-03-06,88.0220031738281200,89.7239990234375000,87.0299987792968800,88.6999969482421900,582520000,88.5467681884765600
2024-03-07,90.1579971313476600,92.7669982910156200,89.6019973754882800,92.6689987182617200,608119000,92.5089263916015600
2024-03-08,95.1380004882812500,97.4000015258789000,86.5059967041015600,87.5279998779296900,1142269000,87.3768005371093800
2024-03-11,86.4290008544921900,88.7969970703125000,84.1660003662109400,85.7740020751953100,678364000,85.6258316040039000
2024-03-12,88.0490036010742200,91.9599990844726600,86.1500015258789000,91.9130020141601600,668075000,91.7542190551757800
2024-03-13,91.0550003051757800,91.5039978027343800,88.4349975585937500,90.8880004882812500,635713000,90.7309951782226600
2024-03-14,89.5770034790039000,90.6460037231445300,86.5999984741211000,87.9440002441406200,602318000,87.7920913696289000
2024-03-15,86.9300003051757800,89.5459976196289000,86.2570037841796900,87.8369979858398400,642086000,87.6852722167968800
2024-03-18,90.3880004882812500,92.4049987792968800,87.0849990844726600,88.4550018310546900,668976000,88.3021850585937500
2024-03-19,86.6999969482421900,90.5439987182617200,85.0100021362304700,89.3980026245117200,672171000,89.2435684204101600
2024-03-20,89.7969970703125000,90.4100036621093800,88.2229995727539000,90.3720016479492200,479063000,90.2158813476562500
2024-03-21,92.3000030517578100,92.6480026245117200,90.4049987792968800,91.4349975585937500,480372000,91.2770385742187500
2024-03-22,91.1409988403320300,94.7779998779296900,90.8339996337890600,94.2890014648437500,586719000,94.1261138916015600
2024-03-25,93.9410018920898400,96.7659988403320300,93.5100021362304700,95.0019989013671900,552136000,94.8378982543945300
2024-03-26,95.8509979248046900,96.3750000000000000,92.5019989013671900,92.5609970092773400,513648000,92.4010925292968800
2024-03-27,93.1119995117187500,93.2399978637695300,89.1230010986328100,90.2500000000000000,586067000,90.0941009521484400
2024-03-28,90.0000000000000000,91.3000030517578100,89.1930007934570300,90.3560028076171900,435212000,90.1999130249023400
2024-04-01,90.2990036010742200,92.2249984741211000,89.2040023803711000,90.3629989624023400,452441000,90.2068939208984400
2024-04-02,88.4479980468750000,90.0940017700195300,87.6200027465820300,89.4520034790039000,433064000,89.2974700927734400
2024-04-03,88.4840011596679700,90.3740005493164000,88.4000015258789000,88.9639968872070300,370067000,88.8103179931640600
2024-04-04,90.4059982299804700,90.6340026855468800,85.8799972534179700,85.9049987792968800,434965000,85.7565841674804700
2024-04-05,86.8659973144531200,88.4810028076171900,85.9260025024414000,88.0080032348632800,399678000,87.8559722900390600
2024-04-08,88.6999969482421900,88.8300018310546900,86.7320022583007800,87.1330032348632800,283220000,86.9824829101562500
2024-04-09,87.4420013427734400,87.6350021362304700,83.0220031738281200,85.3539962768554700,501700000,85.2065429687500000
2024-04-10,83.9260025024414000,87.4000015258789000,83.7089996337890600,87.0390014648437500,431929000,86.8886337280273400
2024-04-11,87.4199981689453100,90.7389984130859400,86.9260025024414000,90.6159973144531200,431637000,90.4594650268554700
2024-04-12,89.6989974975586000,90.1750030517578100,87.5299987792968800,88.1859970092773400,426805000,88.0336608886718800
2024-04-15,89.0979995727539000,90.6129989624023400,85.9290008544921900,86.0009994506836000,443077000,85.8524246215820300
2024-04-16,86.4329986572265600,88.1179962158203100,86.0640029907226600,87.4150009155273400,370453000,87.2639999389648400
2024-04-17,88.3399963378906200,88.7750015258789000,83.9499969482421900,84.0350036621093800,495400000,83.8898391723632800
2024-04-18,84.9700012207031200,86.1900024414062500,82.4020004272461000,84.6709976196289000,447260000,84.5247268676757800
2024-04-19,83.1500015258789000,84.3239974975586000,75.6060028076171900,76.1999969482421900,875198000,76.0683670043945300
2024-04-22,78.1039962768554700,80.0729980468750000,76.4000015258789000,79.5179977416992200,596341000,79.3806304931640600
2024-04-23,80.7689971923828100,82.7689971923828100,80.2639999389648400,82.4229965209961000,438559000,82.2806091308593800
2024-04-24,83.9499969482421900,84.0820007324218800,79.1829986572265600,79.6770019531250000,512208000,79.5393524169921900
2024-04-25,78.8679962158203100,83.3229980468750000,78.2229995727539000,82.6320037841796900,424641000,82.4892654418945300
2024-04-26,83.8180007934570300,88.3310012817382800,83.3870010375976600,87.7350006103515600,551011000,87.5834426879882800
2024-04-29,87.5950012207031200,87.9919967651367200,85.2659988403320300,87.7570037841796900,388971000,87.6054077148437500
2024-04-30,87.2399978637695300,88.8190002441406200,86.3000030517578100,86.4020004272461000,363709000,86.2527389526367200
2024-05-01,85.0770034790039000,86.0000000000000000,81.2549972534179700,83.0410003662109400,559863000,82.8975448608398400
2024-05-02,84.4489974975586000,86.2369995117187500,83.1999969482421900,85.8170013427734400,377898000,85.6687469482421900
2024-05-03,87.7890014648437500,89.2809982299804700,87.0400009155273400,88.7890014648437500,398341000,88.6356124877929700
2024-05-06,89.3899993896484400,92.2200012207031200,89.0550003051757800,92.1399993896484400,376203000,91.9808273315429700
2024-05-07,91.0979995727539000,91.7809982299804700,89.0110015869140600,90.5540008544921900,437342000,90.3975601196289000
2024-05-08,89.4830017089843800,91.1940002441406200,89.4199981689453100,90.4120025634765600,325721000,90.2558212280273400
2024-05-09,90.5289993286132800,91.0719985961914000,88.2310028076171900,88.7470016479492200,378013000,88.5936965942382800
2024-05-10,90.3050003051757800,91.4010009765625000,89.2269973754882800,89.8779983520507800,335325000,89.7227325439453100
2024-05-13,90.4779968261718800,90.9980010986328100,88.5289993286132800,90.3990020751953100,289680000,90.2428436279296900
2024-05-14,89.5989990234375000,91.6510009765625000,88.9339981079101600,91.3560028076171900,296507000,91.1981811523437500
2024-05-15,92.4720001220703100,94.8619995117187500,91.5989990234375000,94.6299972534179700,417735000,94.4665222167968800
2024-05-16,94.9100036621093800,95.8190002441406200,94.1029968261718800,94.3590011596679700,323952000,94.1959991455078100
2024-05-17,94.3690032958984400,94.7399978637695300,91.8059997558593800,92.4789962768554700,359691000,92.3192443847656200
2024-05-20,93.7500000000000000,95.1999969482421900,93.4400024414062500,94.7799987792968800,318764000,94.6162643432617200
2024-05-21,93.5989990234375000,95.4000015258789000,93.1800003051757800,95.3860015869140600,328946000,95.2212219238281200
2024-05-22,95.4589996337890600,96.0199966430664000,93.2490005493164000,94.9499969482421900,548648000,94.7859649658203100
2024-05-23,102.0279998779296900,106.3199996948242200,101.5199966430664000,103.7990036010742200,835065000,103.6197052001953100
2024-05-24,104.4489974975586000,106.4749984741211000,103.0000000000000000,106.4690017700195300,429494000,106.2850799560546900
2024-05-28,110.2440032958984400,114.9390029907226600,109.8830032348632800,113.9010009765625000,652728000,113.7042312622070300
2024-05-29,113.0500030517578100,115.4919967651367200,110.9010009765625000,114.8249969482421900,557442000,114.6266403198242200
2024-05-30,114.6500015258789000,115.8190002441406200,109.6630020141601600,110.5000000000000000,484553000,110.3091049194336000
2024-05-31,112.5199966430664000,112.7170028686523400,106.9400024414062500,109.6330032348632800,613263000,109.4436111450195300
2024-06-03,113.6210021972656200,115.0000000000000000,112.0029983520507800,115.0000000000000000,438392000,114.8013458251953100
2024-06-04,115.7160034179687500,116.5999984741211000,114.0449981689453100,116.4369964599609400,403324000,116.2358474731445300
2024-06-05,118.3710021972656200,122.4489974975586000,117.4680023193359400,122.4400024414062500,528402000,122.2284851074218800
2024-06-06,124.0479965209961000,125.5869979858398400,118.3199996948242200,120.9980010986328100,664696000,120.7889862060546900
2024-06-07,119.7699966430664000,121.6920013427734400,118.0220031738281200,120.8880004882812500,412386000,120.6791763305664000
2024-06-10,120.3700027465820300,123.0999984741211000,117.0100021362304700,121.7900009155273400,313434100,121.5796051025390600
2024-06-11,121.7699966430664000,122.8700027465820300,118.7399978637695300,120.9100036621093800,222551200,120.7110366821289000
2024-06-12,123.0599975585937500,126.8799972534179700,122.5699996948242200,125.1999969482421900,299595000,124.9939804077148400
2024-06-13,129.3899993896484400,129.8000030517578000,127.1600036621093800,129.6100006103515600,260704500,129.3967285156250000
2024-06-14,129.9600067138672000,132.8399963378906200,128.3200073242187500,131.8800048828125000,309320400,131.6629791259765600
2024-06-17,132.9900054931640600,133.7299957275390600,129.5800018310547000,130.9799957275390600,288504400,130.7644805908203000
2024-06-18,131.1399993896484400,136.3300018310547000,130.6900024414062500,135.5800018310547000,294335100,135.3569183349609400
2024-06-20,139.8000030517578000,140.7599945068359400,129.5200042724609400,130.7799987792968800,517768400,130.5647888183593800
2024-06-21,127.1200027465820300,130.6300048828125000,124.3000030517578100,126.5699996948242200,649445800,126.3617324829101600
2024-06-24,123.2399978637695300,124.4599990844726600,118.0400009155273400,118.1100006103515600,476060900,117.9156494140625000
2024-06-25,121.1999969482421900,126.5000000000000000,119.3199996948242200,126.0899963378906200,414192600,125.8825073242187500
2024-06-26,126.1299972534179700,128.1199951171875000,122.5999984741211000,126.4000015258789000,362975900,126.1920166015625000
2024-06-27,124.0999984741211000,126.4100036621093800,122.9199981689453100,123.9899978637695300,252571700,123.7859802246093800
2024-06-28,124.5800018310546900,127.7099990844726600,122.7500000000000000,123.5400009155273400,315516700,123.3367233276367200
2024-07-01,123.4700012207031200,124.8399963378906200,118.8300018310546900,124.3000030517578100,284885500,124.0954589843750000
2024-07-02,121.1299972534179700,123.4100036621093800,121.0299987792968800,122.6699981689453100,218374000,122.4681396484375000
2024-07-03,121.6600036621093800,128.2799987792968800,121.3600006103515600,128.2799987792968800,215749000,128.0689239501953000
2024-07-05,127.3799972534179700,128.8500061035156200,125.6800003051757800,125.8300018310546900,214176700,125.6229476928711000
2024-07-08,127.4899978637695300,130.7700042724609400,127.0400009155273400,128.1999969482422000,237677300,127.9890441894531200
2024-07-09,130.3500061035156200,133.8200073242187500,128.6499938964843800,131.3800048828125000,285366600,131.1638183593750000
2024-07-10,134.0299987792968800,135.1000061035156200,132.4199981689453000,134.9100036621093800,248978600,134.6880035400390600
2024-07-11,135.7500000000000000,136.1499938964843800,127.0500030517578100,127.4000015258789000,374782700,127.1903762817382800
2024-07-12,128.2599945068359400,131.9199981689453000,127.2200012207031200,129.2400054931640600,252680500,129.0273437500000000
2024-07-15,130.5599975585937500,131.3899993896484400,127.1800003051757800,128.4400024414062500,208326200,128.2286529541015600
2024-07-16,128.4400024414062500,129.0399932861328000,124.5800018310546900,126.3600006103515600,214769500,126.1520690917968800
2024-07-17,121.3499984741211000,121.8499984741211000,116.7200012207031200,117.9899978637695300,390086200,117.7958450317382800
2024-07-18,121.8499984741211000,122.4000015258789000,116.5599975585937500,121.0899963378906200,320979500,120.8907318115234400
2024-07-19,120.3499984741211000,121.5999984741211000,117.3700027465820300,117.9300003051757800,217223800,117.7359542846679700
2024-07-22,120.3499984741211000,124.0699996948242200,119.8600006103515600,123.5400009155273400,258068900,123.3367233276367200
2024-07-23,122.7799987792968800,124.6900024414062500,122.0999984741211000,122.5899963378906200,173911000,122.3882751464843800
2024-07-24,119.1699981689453100,119.9499969482421900,113.4400024414062500,114.2500000000000000,327776900,114.0620040893554700
2024-07-25,113.0400009155273400,116.6299972534179700,106.3000030517578100,112.2799987792968800,460067000,112.0952529907226600
2024-07-26,116.1900024414062500,116.1999969482421900,111.5800018310546900,113.0599975585937500,293399100,112.8739547729492200
2024-07-29,113.6900024414062500,116.2799987792968800,111.3000030517578100,111.5899963378906200,248152100,111.4063720703125000
2024-07-30,111.5199966430664000,111.9899978637695300,102.5400009155273400,103.7300033569336000,486833300,103.5593032836914000
2024-07-31,112.9000015258789000,118.3399963378906200,110.8799972534179700,117.0199966430664000,473174200,116.8274383544921900
2024-08-01,117.5299987792968800,120.1600036621093800,106.8099975585937500,109.2099990844726600,523462300,109.0302886962890600
2024-08-02,103.7600021362304700,108.7200012207031200,101.3700027465820300,107.2699966430664000,482027500,107.0934753417968800
2024-08-05,92.0599975585937500,103.4100036621093800,90.6900024414062500,100.4499969482421900,552842400,100.2846984863281200
2024-08-06,103.8399963378906200,107.7099990844726600,100.5500030517578100,104.2500000000000000,409012100,104.0784530639648400
2024-08-07,107.8099975585937500,108.8000030517578100,98.6900024414062500,98.9100036621093800,411440400,98.7472457885742200
2024-08-08,102.0000000000000000,105.5000000000000000,97.5199966430664000,104.9700012207031200,391910000,104.7972640991211000
2024-08-09,105.6399993896484400,106.5999984741211000,103.4300003051757800,104.7500000000000000,290844200,104.5776367187500000
2024-08-12,106.3199996948242200,111.0699996948242200,106.2600021362304700,109.0199966430664000,325559900,108.8405990600586000
2024-08-13,112.4400024414062500,116.2300033569336000,111.5800018310546900,116.1399993896484400,312646700,115.9488983154296900
2024-08-14,118.5299987792968800,118.5999984741211000,114.0699996948242200,118.0800018310546900,339246400,117.8856964111328100
2024-08-15,118.7600021362304700,123.2399978637695300,117.4700012207031200,122.8600006103515600,318086700,122.6578445434570300
2024-08-16,121.9400024414062500,125.0000000000000000,121.1800003051757800,124.5800018310546900,302589900,124.3749923706054700
2024-08-19,124.2799987792968800,130.0000000000000000,123.4199981689453100,130.0000000000000000,318333600,129.7860870361328000
2024-08-20,128.3999938964843800,129.8800048828125000,125.8899993896484400,127.2500000000000000,300087400,127.0406112670898400
2024-08-21,127.3199996948242200,129.3500061035156200,126.6600036621093800,128.5000000000000000,257883600,128.2885589599609400
2024-08-22,130.0200042724609400,130.7500000000000000,123.0999984741211000,123.7399978637695300,376189100,123.5363922119140600
2024-08-23,125.8600006103515600,129.6000061035156200,125.2200012207031200,129.3699951171875000,323230300,129.1571197509765600
2024-08-26,129.5700073242187500,131.2599945068359400,124.3700027465820300,126.4599990844726600,331964700,126.2518997192382800
2024-08-27,125.0500030517578100,129.1999969482422000,123.8799972534179700,128.3000030517578000,303134600,128.0888824462890600
2024-08-28,128.1199951171875000,128.3300018310547000,122.6399993896484400,125.6100006103515600,448101100,125.4033203125000000
2024-08-29,121.3600006103515600,124.4300003051757800,116.7099990844726600,117.5899963378906200,453023300,117.3964996337890600
2024-08-30,119.5299987792968800,121.7500000000000000,117.2200012207031200,119.3700027465820300,333751600,119.1735763549804700
2024-09-03,116.0100021362304700,116.2099990844726600,107.2900009155273400,108.0000000000000000,477155100,107.8222961425781200
2024-09-04,105.4100036621093800,113.2699966430664000,104.1200027465820300,106.2099990844726600,372470300,106.0352401733398400
2024-09-05,104.9899978637695300,109.6500015258789000,104.7600021362304700,107.2099990844726600,306850700,107.0335998535156200
2024-09-06,108.0400009155273400,108.1500015258789000,100.9499969482421900,102.8300018310546900,413638100,102.6608123779296900
2024-09-09,104.8799972534179700,106.5500030517578100,103.6900024414062500,106.4700012207031200,273912000,106.2947998046875000
2024-09-10,107.8099975585937500,109.4000015258789000,104.9499969482421900,108.0999984741211000,268283700,107.9221191406250000
2024-09-11,109.3899993896484400,117.1900024414062500,107.4199981689453100,116.9100036621093800,441422400,116.7176361083984400
2024-09-12,116.8399963378906200,120.7900009155273400,115.3799972534179700,119.1399993896484400,366052700,118.9541320800781200
2024-09-13,119.0800018310546900,119.9599990844726600,117.5999984741211000,119.0999984741211000,238358300,118.9141921997070300
2024-09-16,116.7900009155273400,118.1800003051757800,114.3600006103515600,116.7799987792968800,248772300,116.5978164672851600
2024-09-17,118.1699981689453100,118.8000030517578100,114.8300018310546900,115.5899963378906200,231925900,115.4096755981445300
2024-09-18,115.8899993896484400,117.6999969482421900,113.2200012207031200,113.3700027465820300,310318900,113.1931304931640600
2024-09-19,117.3499984741211000,119.6600036621093800,117.2500000000000000,117.8700027465820300,293506400,117.6861190795898400
2024-09-20,117.0599975585937500,118.6200027465820300,115.3899993896484400,116.0000000000000000,382462400,115.8190383911132800
2024-09-23,116.5500030517578100,116.9899978637695300,114.8600006103515600,116.2600021362304700,206228500,116.0786132812500000
2024-09-24,116.5199966430664000,121.8000030517578100,115.3799972534179700,120.8700027465820300,354966800,120.6814422607421900
2024-09-25,122.0199966430664000,124.9400024414062500,121.6100006103515600,123.5100021362304700,284692900,123.3173141479492200
2024-09-26,126.8000030517578100,127.6699981689453100,121.8000030517578100,124.0400009155273400,302582900,123.8464813232421900
2024-09-27,123.9700012207031200,124.0299987792968800,119.2600021362304700,121.4000015258789000,271009200,121.2106094360351600
2024-09-30,118.3099975585937500,121.5000000000000000,118.1500015258789000,121.4400024414062500,226553700,121.2505493164062500
2024-10-01,121.7699966430664000,122.4400024414062500,115.7900009155273400,117.0000000000000000,302094500,116.8174667358398400
2024-10-02,116.4400024414062500,119.3799972534179700,115.1399993896484400,118.8499984741211000,221845900,118.6645812988281200
2024-10-03,120.9199981689453100,124.3600006103515600,120.3399963378906200,122.8499984741211000,277118000,122.6583480834961000
2024-10-04,124.9400024414062500,125.0400009155273400,121.8300018310546900,124.9199981689453100,243678100,124.7251129150390600
2024-10-07,124.9899978637695300,130.6399993896484400,124.9499969482421900,127.7200012207031200,346250200,127.5207443237304700
2024-10-08,130.2599945068359400,133.4799957275390600,129.4199981689453000,132.8899993896484400,285722500,132.6826782226562500
2024-10-09,134.1100006103515600,134.5200042724609400,131.3800048828125000,132.6499938964843800,246191600,132.4430541992187500
2024-10-10,131.9100036621093800,135.0000000000000000,131.0000000000000000,134.8099975585937500,242311300,134.5996704101562500
2024-10-11,134.0099945068359400,135.7799987792968800,133.6600036621093800,134.8000030517578000,170209500,134.5897064208984400
2024-10-14,136.4700012207031200,139.6000061035156200,136.3000030517578000,138.0700073242187500,232347700,137.8545989990234400
2024-10-15,137.8699951171875000,138.5700073242187500,128.7400054931640600,131.6000061035156200,377831000,131.3946990966797000
2024-10-16,133.9799957275390600,136.6199951171875000,131.5800018310547000,135.7200012207031200,264879700,135.5082550048828000
2024-10-17,139.3399963378906200,140.8899993896484400,136.8699951171875000,136.9299926757812500,306435900,136.7163696289062500
2024-10-18,138.6699981689453000,138.8999938964843800,137.2799987792968800,138.0000000000000000,176090200,137.7847137451172000
2024-10-21,138.1300048828125000,143.7100067138672000,138.0000000000000000,143.7100067138672000,264554500,143.4858093261718800
2024-10-22,142.9100036621093800,144.4199981689453000,141.7799987792968800,143.5899963378906200,226311600,143.3659820556640600
2024-10-23,142.0299987792968800,142.4299926757812500,137.4600067138672000,139.5599975585937500,285930000,139.3422851562500000
2024-10-24,140.8200073242187500,141.3500061035156200,138.4600067138672000,140.4100036621093800,172354900,140.1909637451172000
2024-10-25,140.9299926757812500,144.1300048828125000,140.8000030517578000,141.5399932861328000,205122100,141.3191833496093800
2024-10-28,143.0000000000000000,143.1399993896484400,140.0500030517578000,140.5200042724609400,173586700,140.3007507324218800
2024-10-29,140.2899932861328000,142.2599945068359400,138.8999938964843800,141.2500000000000000,157593600,141.0296478271484400
2024-10-30,139.5399932861328000,140.3300018310547000,136.8099975585937500,139.3399963378906200,179418100,139.1226043701172000
2024-10-31,137.6000061035156200,137.6100006103515600,132.1100006103515600,132.7599945068359400,270039600,132.5528717041015600
2024-11-01,134.6999969482422000,137.3099975585937500,134.5700073242187500,135.3999938964843800,207127800,135.1887512207031200
2024-11-04,137.2100067138672000,138.9600067138672000,135.5700073242187500,136.0500030517578000,187528200,135.8377380371093800
2024-11-05,137.4499969482422000,140.3699951171875000,137.3300018310547000,139.9100036621093800,160537400,139.6917266845703000
2024-11-06,142.9600067138672000,146.4900054931640600,141.9600067138672000,145.6100006103515600,242043900,145.3828277587890600
2024-11-07,146.3899993896484400,148.9299926757812500,146.1699981689453000,148.8800048828125000,207323300,148.6477355957031200
2024-11-08,148.7700042724609400,149.7700042724609400,146.2599945068359400,147.6300048828125000,175665800,147.3996734619140600
2024-11-11,148.6799926757812500,148.8500061035156200,143.5700073242187500,145.2599945068359400,182325600,145.0333862304687500
2024-11-12,146.7799987792968800,149.6499938964843800,146.0099945068359400,148.2899932861328000,198634700,148.0586547851562500
2024-11-13,149.0700073242187500,149.3300018310547000,145.8999938964843800,146.2700042724609400,191903300,146.0418090820312500
2024-11-14,147.6399993896484400,149.0000000000000000,145.5500030517578000,146.7599945068359400,194463300,146.5310211181640600
2024-11-15,144.8699951171875000,145.2400054931640600,140.0800018310547000,141.9799957275390600,250132900,141.7584991455078000
2024-11-18,139.5000000000000000,141.5500030517578000,137.1499938964843800,140.1499938964843800,221205300,139.9313507080078000
2024-11-19,141.3200073242187500,147.1300048828125000,140.9900054931640600,147.0099945068359400,227834900,146.7806243896484400
2024-11-20,147.4100036621093800,147.5599975585937500,142.7299957275390600,145.8899993896484400,309871700,145.6623992919922000
2024-11-21,149.3500061035156200,152.8899993896484400,140.6999969482422000,146.6699981689453000,400946600,146.4411926269531200
2024-11-22,145.9299926757812500,147.1600036621093800,141.1000061035156200,141.9499969482422000,236406200,141.7285461425781200
2024-11-25,141.9900054931640600,142.0500030517578000,135.8200073242187500,136.0200042724609400,344941900,135.8078002929687500
2024-11-26,137.6999969482422000,139.3000030517578000,135.6699981689453000,136.9199981689453000,190287700,136.7064056396484400
2024-11-27,135.0099945068359400,137.2200012207031200,131.8000030517578000,135.3399963378906200,226370900,135.1288604736328000
2024-11-29,136.7799987792968800,139.3500061035156200,136.0500030517578000,138.2500000000000000,141863200,138.0343170166015600
2024-12-02,138.8300018310547000,140.4499969482422000,137.8200073242187500,138.6300048828125000,171682800,138.4137420654297000
2024-12-03,138.2599945068359400,140.5399932861328000,137.9499969482422000,140.2599945068359400,164414000,140.0411682128906200
2024-12-04,142.0000000000000000,145.7899932861328000,140.2899932861328000,145.1399993896484400,231224300,144.9135437011718800
2024-12-05,145.1100006103515600,146.5399932861328000,143.9499969482422000,145.0599975585937500,172621200,144.8436737060547000
2024-12-06,144.6000061035156200,145.6999969482422000,141.3099975585937500,142.4400024414062500,188505600,142.2275848388672000
2024-12-09,138.9700012207031200,139.9499969482422000,137.1300048828125000,138.8099975585937500,189308600,138.6029815673828000
2024-12-10,139.0099945068359400,141.8200073242187500,133.7899932861328000,135.0700073242187500,210020900,134.8685760498047000
2024-12-11,137.3600006103515600,140.1699981689453000,135.2100067138672000,139.3099975585937500,184905200,139.1022491455078000
2024-12-12,137.0800018310547000,138.4400024414062500,135.8000030517578000,137.3399963378906200,159211400,137.1351776123047000
2024-12-13,138.9400024414062500,139.6000061035156200,132.5399932861328000,134.2500000000000000,231514900,134.0497894287109400
2024-12-16,134.1799926757812500,134.3999938964843800,130.4199981689453000,132.0000000000000000,237951100,131.8031311035156200
2024-12-17,129.0899963378906200,131.5899963378906200,126.8600006103515600,130.3899993896484400,259410300,130.1955413818359400
2024-12-18,133.8600006103515600,136.6999969482422000,128.2799987792968800,128.9100036621093800,277444500,128.7177429199218800
2024-12-19,131.7599945068359400,134.0299987792968800,129.5500030517578000,130.6799926757812500,209719200,130.4851074218750000
2024-12-20,129.8099975585937500,135.2799987792968800,128.2200012207031200,134.6999969482422000,306528600,134.4991149902343800
2024-12-23,136.2799987792968800,139.7899932861328000,135.1199951171875000,139.6699981689453000,176053500,139.4616851806640600
2024-12-24,140.0000000000000000,141.8999938964843800,138.6499938964843800,140.2200012207031200,105157000,140.0108795166015600
2024-12-26,139.6999969482422000,140.8500061035156200,137.7299957275390600,139.9299926757812500,116205600,139.7213134765625000
2024-12-27,138.5500030517578000,139.0200042724609400,134.7100067138672000,137.0099945068359400,170582600,136.8056640625000000
2024-12-30,134.8300018310547000,140.2700042724609400,134.0200042724609400,137.4900054931640600,167734700,137.2849578857422000
2024-12-31,138.0299987792968800,138.0700073242187500,133.8300018310547000,134.2899932861328000,155659200,134.0897369384765600
2025-01-02,136.0000000000000000,138.8800048828125000,134.6300048828125000,138.3099975585937500,198247200,138.1037139892578000
2025-01-03,140.0099945068359400,144.8999938964843800,139.7299957275390600,144.4700012207031200,229322500,144.2545471191406200
2025-01-06,148.5899963378906200,152.1600036621093800,147.8200073242187500,149.4299926757812500,265377400,149.2071533203125000
2025-01-07,153.0299987792968800,153.1300048828125000,140.0099945068359400,140.1399993896484400,351782200,139.9309997558593800
2025-01-08,142.5800018310547000,143.9499969482422000,137.5599975585937500,140.1100006103515600,227349900,139.9010620117187500
2025-01-10,137.4499969482422000,139.9199981689453000,134.2200012207031200,135.9100036621093800,207602500,135.7073211669922000
2025-01-13,129.9900054931640600,133.4900054931640600,129.5099945068359400,133.2299957275390600,204808900,133.0313110351562500
2025-01-14,136.0500030517578000,136.3800048828125000,130.0500030517578000,131.7599945068359400,195590500,131.5635070800781200
2025-01-15,133.6499938964843800,136.4499969482422000,131.2899932861328000,136.2400054931640600,185217300,136.0368347167968800
2025-01-16,138.6399993896484400,138.7500000000000000,133.4900054931640600,133.5700073242187500,209235600,133.3708190917968800
2025-01-17,136.6900024414062500,138.5000000000000000,135.4600067138672000,137.7100067138672000,201188800,137.5046386718750000
2025-01-21,139.1600036621093800,141.8300018310547000,137.0899963378906200,140.8300018310547000,197749000,140.6199798583984400
2025-01-22,144.6600036621093800,147.7899932861328000,143.6699981689453000,147.0700073242187500,237651400,146.8506927490234400
2025-01-23,145.0500030517578000,147.2299957275390600,143.7200012207031200,147.2200012207031200,155915500,147.0004577636718800
2025-01-24,148.3699951171875000,148.9700012207031200,141.8800048828125000,142.6199951171875000,234657600,142.4073181152343800
2025-01-27,124.8000030517578100,128.3999938964843800,116.6999969482421900,118.4199981689453100,818830900,118.2434005737304700
2025-01-28,121.8099975585937500,129.0000000000000000,116.2500000000000000,128.9900054931640600,579666400,128.7976531982422000
2025-01-29,126.5000000000000000,126.8899993896484400,120.0500030517578100,123.6999969482421900,467120600,123.5155258178711000
2025-01-30,123.0999984741211000,125.0000000000000000,118.0999984741211000,124.6500015258789000,392925500,124.4641113281250000
2025-01-31,123.7799987792968800,127.8499984741211000,119.1900024414062500,120.0699996948242200,388161100,119.8909454345703100
2025-02-03,114.7500000000000000,118.5699996948242200,113.0100021362304700,116.6600036621093800,371235700,116.4860305786132800
2025-02-04,116.9599990844726600,121.1999969482421900,116.6999969482421900,118.6500015258789000,256550000,118.4730606079101600
2025-02-05,121.7600021362304700,125.0000000000000000,120.7600021362304700,124.8300018310546900,262230800,124.6438446044921900
2025-02-06,127.4199981689453100,128.7700042724609400,125.2099990844726600,128.6799926757812500,251483600,128.4880828857422000
2025-02-07,129.2200012207031200,130.3699951171875000,125.0000000000000000,129.8399963378906200,228186300,129.6463623046875000
2025-02-10,130.0899963378906200,135.0000000000000000,129.9600067138672000,133.5700073242187500,216989100,133.3708190917968800
2025-02-11,132.5800018310547000,134.4799957275390600,131.0200042724609400,132.8000030517578000,178902400,132.6019744873047000
2025-02-12,130.0200042724609400,132.2400054931640600,129.0800018310547000,131.1399993896484400,160278600,130.9444274902343800
2025-02-13,131.5599975585937500,136.5000000000000000,131.1699981689453000,135.2899932861328000,197430000,135.0882415771484400
2025-02-14,136.4799957275390600,139.2500000000000000,135.5000000000000000,138.8500061035156200,195479600,138.6429443359375000
2025-02-18,141.2700042724609400,143.4400024414062500,137.9299926757812500,139.3999938964843800,219176600,139.1921081542968800
2025-02-19,139.5099945068359400,141.3600006103515600,137.2200012207031200,139.2299957275390600,167536000,139.0223693847656200
2025-02-20,140.0299987792968800,140.6600036621093800,136.7899932861328000,140.1100006103515600,143903600,139.9010620117187500
2025-02-21,140.0399932861328000,141.4600067138672000,134.0299987792968800,134.4299926757812500,228217600,134.2295227050781200
2025-02-24,136.5599975585937500,138.5899963378906200,130.0800018310547000,130.2799987792968800,251381100,130.0857238769531200
2025-02-25,129.9799957275390600,130.1999969482422000,124.4400024414062500,126.6299972534179700,271428700,126.4411544799804700
2025-02-26,129.9900054931640600,133.7299957275390600,128.4900054931640600,131.2799987792968800,322553800,131.0842132568359400
2025-02-27,135.0000000000000000,135.0099945068359400,120.0100021362304700,120.1500015258789000,443175800,119.9708251953125000
2025-02-28,118.0199966430664000,125.0899963378906200,116.4000015258789000,124.9199981689453100,389091100,124.7337112426757800
2025-03-03,123.5100021362304700,123.6999969482421900,112.2799987792968800,114.0599975585937500,411381400,113.8899002075195300
2025-03-04,110.6500015258789000,119.3099975585937500,110.1100006103515600,115.9899978637695300,398163300,115.8170318603515600
2025-03-05,117.5800018310546900,118.2799987792968800,114.5100021362304700,117.3000030517578100,284337900,117.1250762939453100
2025-03-06,113.5299987792968800,115.3499984741211000,110.2200012207031200,110.5699996948242200,321181900,110.4051132202148400
2025-03-07,111.2500000000000000,113.4800033569336000,107.5599975585937500,112.6900024414062500,341755500,112.5219497680664000
2025-03-10,109.9000015258789000,111.8499984741211000,105.4599990844726600,106.9800033569336000,366487400,106.8204574584961000
2025-03-11,106.9899978637695300,112.2399978637695300,104.7699966430664000,108.7600021362304700,354865700,108.5978088378906200
2025-03-12,114.1200027465820300,116.7600021362304700,112.8799972534179700,115.7399978637695300,323857500,115.5780258178711000
2025-03-13,117.0299987792968800,117.7600021362304700,113.7900009155273400,115.5800018310546900,299033100,115.4182510375976600
2025-03-14,118.6100006103515600,121.8799972534179700,118.1500015258789000,121.6699981689453100,277593500,121.4997253417968800
2025-03-17,122.7399978637695300,122.8899993896484400,118.0299987792968800,119.5299987792968800,255501500,119.3627243041992200
2025-03-18,118.0000000000000000,119.0199966430664000,114.5400009155273400,115.4300003051757800,299686900,115.2684631347656200
2025-03-19,117.2699966430664000,120.4499969482421900,115.6800003051757800,117.5199966430664000,273426200,117.3555297851562500
2025-03-20,116.5500030517578100,120.1999969482421900,116.4700012207031200,118.5299987792968800,248829700,118.3641204833984400
2025-03-21,116.9400024414062500,117.9899978637695300,115.4199981689453100,117.6999969482421900,266498500,117.5352783203125000
2025-03-24,119.8799972534179700,122.2200012207031200,119.3399963378906200,121.4100036621093800,228452500,121.2400970458984400
2025-03-25,120.5500030517578100,121.2900009155273400,118.9199981689453100,120.6900024414062500,167447200,120.5210952758789000
2025-03-26,118.7300033569336000,118.8399963378906200,112.7099990844726600,113.7600021362304700,293463300,113.6007995605468800
2025-03-27,111.3499984741211000,114.4499969482421900,110.6600036621093800,111.4300003051757800,236902100,111.2740554809570300
2025-03-28,111.4899978637695300,112.8700027465820300,109.0699996948242200,109.6699981689453100,229872500,109.5165176391601600
2025-03-31,105.1299972534179700,110.9599990844726600,103.6500015258789000,108.3799972534179700,299212700,108.2283248901367200
2025-04-01,108.5199966430664000,110.1999969482421900,106.4700012207031200,110.1500015258789000,222614000,109.9958572387695300
2025-04-02,107.2900009155273400,111.9800033569336000,106.7900009155273400,110.4199981689453100,220601200,110.2654647827148400
2025-04-03,103.5100021362304700,105.6299972534179700,101.5999984741211000,101.8000030517578100,338769400,101.6575469970703100
2025-04-04,98.9100036621093800,100.1299972534179700,92.1100006103515600,94.3099975585937500,532273800,94.1780242919921900
2025-04-07,87.4599990844726600,101.7500000000000000,86.6200027465820300,97.6399993896484400,611041300,97.5033569335937500
2025-04-08,103.8099975585937500,105.8499984741211000,94.4599990844726600,96.3000030517578100,476243400,96.1652374267578100
2025-04-09,98.8899993896484400,115.0999984741211000,97.5299987792968800,114.3300018310546900,612918300,114.1700057983398400
2025-04-10,109.3700027465820300,110.8600006103515600,99.1500015258789000,107.5699996948242200,437812400,107.4194564819336000
2025-04-11,108.5000000000000000,111.5500030517578100,107.4800033569336000,110.9300003051757800,313417300,110.7747650146484400
2025-04-14,114.1100006103515600,114.2900009155273400,109.0699996948242200,110.7099990844726600,264705000,110.5550689697265600
2025-04-15,110.9700012207031200,113.6200027465820300,110.5000000000000000,112.1999969482421900,228966900,112.0429763793945300
2025-04-16,104.5500030517578100,106.7900009155273400,100.4499969482421900,104.4899978637695300,397016900,104.3437652587890600
2025-04-17,104.4499969482421900,104.4700012207031200,100.0500030517578100,101.4899978637695300,292517500,101.3479690551757800
2025-04-21,98.7699966430664000,99.4400024414062500,95.0400009155273400,96.9100036621093800,288501100,96.7743835449218800
2025-04-22,98.7799987792968800,99.8099975585937500,97.2799987792968800,98.8899993896484400,241004800,98.7516021728515600
2025-04-23,104.5199966430664000,104.8000030517578100,102.0199966430664000,102.7099990844726600,247526000,102.5662536621093800
2025-04-24,103.4800033569336000,106.5400009155273400,103.1100006103515600,106.4300003051757800,220815000,106.2810516357421900
2025-04-25,106.8499984741211000,111.9199981689453100,105.7300033569336000,111.0100021362304700,251064700,110.8546524047851600
2025-04-28,109.6900024414062500,110.3700027465820300,106.0199966430664000,108.7300033569336000,207708500,108.5778427124023400
2025-04-29,107.6699981689453100,110.1999969482421900,107.4400024414062500,109.0199966430664000,170444300,108.8674240112304700
2025-04-30,104.4700012207031200,108.9199981689453100,104.0800018310546900,108.9199981689453100,235044600,108.7675628662109400
2025-05-01,113.0800018310546900,114.9400024414062500,111.3000030517578100,111.6100006103515600,236121500,111.4538116455078100
2025-05-02,114.1800003051757800,115.4000015258789000,113.3700027465820300,114.5000000000000000,190194800,114.3397674560546900
2025-05-05,112.9100036621093800,114.6699981689453100,112.6600036621093800,113.8199996948242200,133163200,113.6607131958007800
2025-05-06,111.4800033569336000,114.7399978637695300,110.8199996948242200,113.5400009155273400,158525600,113.3811111450195300
2025-05-07,113.0500030517578100,117.6800003051757800,112.2799987792968800,117.0599975585937500,206758800,116.8961791992187500
2025-05-08,118.2500000000000000,118.6800003051757800,115.8499984741211000,117.3700027465820300,198428100,117.2057495117187500
2025-05-09,117.3499984741211000,118.2300033569336000,115.2099990844726600,116.6500015258789000,132972200,116.4867630004882800
2025-05-12,121.9700012207031200,123.0000000000000000,120.2799987792968800,123.0000000000000000,225023300,122.8278732299804700
2025-05-13,124.9800033569336000,131.2200012207031200,124.4700012207031200,129.9299926757812500,330430100,129.7481689453125000
2025-05-14,133.1999969482422000,135.4400024414062500,131.6799926757812500,135.3399963378906200,281180800,135.1506042480468800
2025-05-15,134.2899932861328000,136.3000030517578000,132.6600036621093800,134.8300018310547000,226632600,134.6412963867187500
2025-05-16,136.2200012207031200,136.3500061035156200,133.4600067138672000,135.3999938964843800,226542500,135.2105102539062500
2025-05-19,132.3899993896484400,135.8699951171875000,132.3899993896484400,135.5700073242187500,193154600,135.3802947998047000
2025-05-20,134.2899932861328000,134.5800018310547000,132.6199951171875000,134.3800048828125000,161514200,134.1919403076172000
2025-05-21,133.0599975585937500,137.3999938964843800,130.5899963378906200,131.8000030517578000,270608700,131.6155700683593800
2025-05-22,132.2299957275390600,134.2500000000000000,131.5500030517578000,132.8300018310547000,187344000,132.6441040039062500
2025-05-23,130.0000000000000000,132.6799926757812500,129.1600036621093800,131.2899932861328000,198821300,131.1062469482422000
2025-05-27,134.1499938964843800,135.6600036621093800,133.3099975585937500,135.5000000000000000,192953600,135.3103637695312500
2025-05-28,136.0299987792968800,137.2500000000000000,134.7899932861328000,134.8099975585937500,304021100,134.6213226318359400
2025-05-29,142.2500000000000000,143.4900054931640600,137.9100036621093800,139.1900024414062500,369241900,138.9952087402343800
2025-05-30,138.7200012207031200,139.6199951171875000,132.9199981689453000,135.1300048828125000,333170900,134.9409027099609400
2025-06-02,135.4900054931640600,138.1199951171875000,135.3999938964843800,137.3800048828125000,197663100,137.1877441406250000
2025-06-03,138.7799987792968800,142.0000000000000000,137.9499969482422000,141.2200012207031200,225578800,141.0223693847656200
2025-06-04,142.1900024414062500,142.3899993896484400,139.5399932861328000,141.9199981689453000,167120800,141.7213897705078000
2025-06-05,142.1699981689453000,144.0000000000000000,138.8300018310547000,139.9900054931640600,231397900,139.7940979003906200
2025-06-06,142.5099945068359400,143.2700042724609400,141.5099945068359400,141.7200012207031200,153986200,141.5216827392578000
2025-06-09,143.1900024414062500,145.0000000000000000,141.9400024414062500,142.6300048828125000,185114500,142.4304046630859400
2025-06-10,142.6900024414062500,144.2899932861328000,141.5299987792968800,143.9600067138672000,155881900,143.7585449218750000
2025-06-11,144.6100006103515600,144.9900054931640600,141.8699951171875000,142.8300018310547000,167694000,142.6400299072265600
2025-06-12,141.9700012207031200,145.0000000000000000,141.8500061035156200,145.0000000000000000,162365000,144.8071441650390600
2025-06-13,142.4799957275390600,143.5800018310547000,140.8500061035156200,141.9700012207031200,180820600,141.7811737060547000
2025-06-16,143.3500061035156200,146.1799926757812500,143.1999969482422000,144.6900024414062500,183133700,144.4975433349609400
2025-06-17,144.4900054931640600,145.2200012207031200,143.7799987792968800,144.1199951171875000,139108000,143.9282989501953000
2025-06-18,144.0099945068359400,145.6499938964843800,143.1199951171875000,145.4799957275390600,161494100,145.2864990234375000
2025-06-20,145.4499969482422000,146.1999969482422000,142.6499938964843800,143.8500061035156200,242956200,143.6586608886718800
2025-06-23,142.5000000000000000,144.7799987792968800,142.0299987792968800,144.1699981689453000,154308900,143.9782409667968800
2025-06-24,145.5599975585937500,147.9600067138672000,145.5000000000000000,147.8999938964843800,187566100,147.7032623291015600
2025-06-25,149.2700042724609400,154.4499969482422000,149.2599945068359400,154.3099975585937500,269146500,154.1047363281250000
2025-06-26,155.9799957275390600,156.7200012207031200,154.0000000000000000,155.0200042724609400,198145700,154.8138122558593800
2025-06-27,156.0399932861328000,158.7100067138672000,155.2599945068359400,157.7500000000000000,263234500,157.5401763916015600
2025-06-30,158.3999938964843800,158.6600036621093800,155.9600067138672000,157.9900054931640600,194580300,157.7798461914062500
2025-07-01,156.2899932861328000,157.1999969482422000,151.4900054931640600,153.3000030517578000,213143600,153.0960845947265600
2025-07-02,152.9799957275390600,157.6000061035156200,152.9700012207031200,157.2500000000000000,171224100,157.0408477783203000
2025-07-03,158.3699951171875000,160.9799957275390600,157.7700042724609400,159.3399963378906200,143716100,159.1280517578125000
2025-07-07,158.1999969482422000,159.3099975585937500,157.3399963378906200,158.2400054931640600,140139000,158.0295104980468800
2025-07-08,159.3300018310547000,160.2200012207031200,158.3899993896484400,160.0000000000000000,138133000,159.7871704101562500
2025-07-09,161.2200012207031200,164.4199981689453000,161.1600036621093800,162.8800048828125000,183656400,162.6633453369140600
2025-07-10,164.3200073242187500,164.5000000000000000,161.6100006103515600,164.1000061035156200,167704100,163.8817291259765600
2025-07-11,163.7200012207031200,167.8899993896484400,163.4700012207031200,164.9199981689453000,193633300,164.7006378173828000
2025-07-14,165.3699951171875000,165.4900054931640600,162.0200042724609400,164.0700073242187500,136975800,163.8517761230468800
2025-07-15,171.1900024414062500,172.3999938964843800,169.1999969482422000,170.6999969482422000,230627400,170.4729461669922000
2025-07-16,171.0599975585937500,171.7500000000000000,168.8999938964843800,171.3699951171875000,158831500,171.1420593261718800
2025-07-17,172.0200042724609400,174.1600036621093800,170.8300018310547000,173.0000000000000000,160841100,172.7698822021484400
2025-07-18,173.6399993896484400,174.2500000000000000,171.2599945068359400,172.4100036621093800,146456400,172.1806793212890600
2025-07-21,172.7500000000000000,173.3800048828125000,171.0000000000000000,171.3800048828125000,123126100,171.1520385742187500
2025-07-22,171.3399963378906200,171.3899993896484400,164.5800018310547000,167.0299987792968800,193114300,166.8078155517578000
2025-07-23,169.5299987792968800,171.2599945068359400,167.9700012207031200,170.7799987792968800,154082200,170.5528564453125000
2025-07-24,172.4400024414062500,173.8300018310547000,171.3000030517578000,173.7400054931640600,128984600,173.5089263916015600
2025-07-25,173.6100006103515600,174.7200012207031200,172.9600067138672000,173.5000000000000000,122316800,173.2692260742187500
2025-07-28,174.0200042724609400,177.0000000000000000,173.9700012207031200,176.7500000000000000,140023500,176.5149078369140600
2025-07-29,177.9600067138672000,179.3800048828125000,175.0200042724609400,175.5099945068359400,154077500,175.2765350341797000
2025-07-30,176.5099945068359400,179.8899993896484400,176.0399932861328000,179.2700042724609400,174312200,179.0315551757812500
2025-07-31,182.8999938964843800,183.3000030517578000,175.9299926757812500,177.8699951171875000,221685400,177.6334075927734400
2025-08-01,174.0899963378906200,176.5399932861328000,170.8899993896484400,173.7200012207031200,204529000,173.4889373779297000
2025-08-04,175.1600036621093800,180.1999969482422000,174.5200042724609400,180.0000000000000000,148174600,179.7605743408203000
2025-08-05,179.6199951171875000,180.2599945068359400,175.8999938964843800,178.2599945068359400,156407600,178.0228881835937500
2025-08-06,176.3300018310547000,179.8999938964843800,176.2500000000000000,179.4199981689453000,137192300,179.1813507080078000
2025-08-07,181.5700073242187500,183.8800048828125000,178.8000030517578000,180.7700042724609400,151878400,180.5295715332031200
2025-08-08,181.5500030517578000,183.3000030517578000,180.3999938964843800,182.6999969482422000,123396700,182.4569854736328000
2025-08-11,182.0500030517578000,183.8399963378906200,180.2500000000000000,182.0599975585937500,138323200,181.8178405761718800
2025-08-12,182.9600067138672000,184.4799957275390600,179.4600067138672000,183.1600036621093800,145485700,182.9163818359375000
2025-08-13,182.6199951171875000,183.9700012207031200,179.3500061035156200,181.5899963378906200,179871700,181.3484649658203000
2025-08-14,179.7500000000000000,183.0200042724609400,179.4600067138672000,182.0200042724609400,129554000,181.7778930664062500
2025-08-15,181.8800048828125000,181.8999938964843800,178.0399932861328000,180.4499969482422000,156602200,180.2099761962890600
2025-08-18,180.6000061035156200,182.9400024414062500,180.5899963378906200,182.0099945068359400,132008000,181.7678985595703000
2025-08-19,182.4299926757812500,182.5000000000000000,175.4900054931640600,175.6399993896484400,185229200,175.4063873291015600
2025-08-20,175.1699981689453000,176.0000000000000000,168.8000030517578000,175.3999938964843800,215142700,175.1667022705078000
2025-08-21,174.8500061035156200,176.8999938964843800,173.8099975585937500,174.9799957275390600,140040900,174.7472381591797000
2025-08-22,172.6100006103515600,178.5899963378906200,171.1999969482422000,177.9900054931640600,172789400,177.7532501220703000
2025-08-25,178.3500061035156200,181.9100036621093800,176.5700073242187500,179.8099975585937500,163012800,179.5708312988281200
2025-08-26,180.0599975585937500,182.3899993896484400,178.8099975585937500,181.7700042724609400,168688200,181.5282287597656200
2025-08-27,181.9799957275390600,182.4900054931640600,179.1000061035156200,181.6000061035156200,235518900,181.3584594726562500
2025-08-28,180.8200073242187500,184.4700012207031200,176.4100036621093800,180.1699981689453000,281787800,179.9303436279297000
2025-08-29,178.1100006103515600,178.1499938964843800,173.1499938964843800,174.1799926757812500,243257900,173.9483032226562500
2025-09-02,170.0000000000000000,172.3800048828125000,167.2200012207031200,170.7799987792968800,231164900,170.5528564453125000
2025-09-03,171.0599975585937500,172.4100036621093800,168.8800048828125000,170.6199951171875000,164424900,170.3930511474609400
2025-09-04,170.5700073242187500,171.8600006103515600,169.4100036621093800,171.6600036621093800,141670100,171.4316711425781200
2025-09-05,168.0299987792968800,169.0299987792968800,164.0700073242187500,167.0200042724609400,224441400,166.7978515625000000
2025-09-08,167.5500030517578000,170.9600067138672000,167.3500061035156200,168.3099975585937500,163769100,168.0861358642578000
2025-09-09,169.0899963378906200,170.9799957275390600,166.7400054931640600,170.7599945068359400,157548400,170.5328674316406200
2025-09-10,176.6399993896484400,179.2899932861328000,175.4700012207031200,177.3300018310547000,226852000,177.0941314697265600
2025-09-11,179.6799926757812500,180.2799987792968800,176.4799957275390600,177.1699981689453000,151159300,176.9443054199218800
2025-09-12,177.7700042724609400,178.6000061035156200,176.4499969482422000,177.8200073242187500,124911000,177.5935058593750000
2025-09-15,175.6699981689453000,178.8500061035156200,174.5099945068359400,177.7500000000000000,147061600,177.5235748291015600
2025-09-16,177.0000000000000000,177.5000000000000000,174.3800048828125000,174.8800048828125000,140737800,174.6572418212890600
2025-09-17,172.6399993896484400,173.1999969482422000,168.4100036621093800,170.2899932861328000,211843800,170.0730743408203000
2025-09-18,173.9799957275390600,177.1000061035156200,172.9600067138672000,176.2400054931640600,191763300,176.0155181884765600
2025-09-19,175.7700042724609400,178.0800018310547000,175.1799926757812500,176.6699981689453000,237182100,176.4449462890625000
2025-09-22,175.3000030517578000,184.5500030517578000,174.7100067138672000,183.6100006103515600,269637000,183.3761291503906200
2025-09-23,181.9700012207031200,182.4199981689453000,176.2100067138672000,178.4299926757812500,192559600,178.2027130126953000
2025-09-24,179.7700042724609400,179.7799987792968800,175.3999938964843800,176.9700012207031200,143564100,176.7445678710937500
2025-09-25,174.4799957275390600,180.2599945068359400,173.1300048828125000,177.6900024414062500,191586700,177.4636688232422000
2025-09-26,178.1699981689453000,179.7700042724609400,174.9299926757812500,178.1900024414062500,148573700,177.9630279541015600
2025-09-29,180.4299926757812500,184.0000000000000000,180.3200073242187500,181.8500061035156200,193063500,181.6183624267578000
2025-09-30,182.0800018310547000,187.3500061035156200,181.4799957275390600,186.5800018310547000,236981000,186.3423309326172000
2025-10-01,185.2400054931640600,188.1399993896484400,183.8999938964843800,187.2400054931640600,173844900,187.0015106201172000
2025-10-02,189.6000061035156200,191.0500030517578000,188.0599975585937500,188.8899993896484400,136805800,188.6493988037109400
2025-10-03,189.1900024414062500,190.3600006103515600,185.3800048828125000,187.6199951171875000,137596900,187.3809967041015600
2025-10-06,185.5000000000000000,187.2299957275390600,183.3300018310547000,185.5399932861328000,157678100,185.3036651611328000
2025-10-07,186.2299957275390600,189.0599975585937500,184.0000000000000000,185.0399932861328000,140088000,184.8042907714843800
2025-10-08,186.5700073242187500,189.6000061035156200,186.5399932861328000,189.1100006103515600,130168900,188.8691101074218800
2025-10-09,192.2299957275390600,195.3000030517578000,191.0599975585937500,192.5700073242187500,182997200,192.3247070312500000
2025-10-10,193.5099945068359400,195.6199951171875000,182.0500030517578000,183.1600036621093800,268774400,182.9266967773437500
2025-10-13,187.9700012207031200,190.1100006103515600,185.9600067138672000,188.3200073242187500,153482800,188.0801391601562500
2025-10-14,184.7700042724609400,184.8000030517578000,179.6999969482422000,180.0299987792968800,205641400,179.8006744384765600
2025-10-15,184.8000030517578000,184.8699951171875000,177.2899932861328000,179.8300018310547000,214450500,179.6009368896484400
2025-10-16,182.2299957275390600,183.2799987792968800,179.7700042724609400,181.8099975585937500,179723300,181.5783996582031200
2025-10-17,180.1799926757812500,184.1000061035156200,179.7500000000000000,183.2200012207031200,173135200,182.9866180419922000
2025-10-20,183.1300048828125000,185.1999969482422000,181.7299957275390600,182.6399993896484400,128544700,182.4073486328125000
2025-10-21,182.7899932861328000,182.7899932861328000,179.8000030517578000,181.1600036621093800,124240200,180.9292449951172000
2025-10-22,181.1399993896484400,183.4400024414062500,176.7599945068359400,180.2799987792968800,162249600,180.0503540039062500
2025-10-23,180.4199981689453000,183.0299987792968800,179.7899932861328000,182.1600036621093800,111363700,181.9279632568359400
2025-10-24,183.8399963378906200,187.4700012207031200,183.5000000000000000,186.2599945068359400,131296700,186.0227355957031200
2025-10-27,189.9900054931640600,192.0000000000000000,188.4299926757812500,191.4900054931640600,153452700,191.2460937500000000
2025-10-28,193.0500030517578000,203.1499938964843800,191.9100036621093800,201.0299987792968800,297986200,200.7739257812500000
2025-10-29,207.9799957275390600,212.1900024414062500,204.7799987792968800,207.0399932861328000,308829600,206.7762756347656200
2025-10-30,205.1499938964843800,206.1600036621093800,201.4100036621093800,202.8899993896484400,178864400,202.6315612792968800
2025-10-31,206.4499969482422000,207.9700012207031200,202.0700073242187500,202.4900054931640600,179802200,202.2320709228515600
2025-11-03,208.0800018310547000,211.3399963378906200,205.5599975585937500,206.8800048828125000,180267300,206.6164855957031200
2025-11-04,203.0000000000000000,203.9700012207031200,197.9299926757812500,198.6900024414062500,188919300,198.4369049072265600
2025-11-05,198.7700042724609400,202.9199981689453000,194.6499938964843800,195.2100067138672000,171350300,194.9613494873047000
2025-11-06,196.4199981689453000,197.6199951171875000,186.3800048828125000,188.0800018310547000,223029800,187.8404388427734400
2025-11-07,184.8999938964843800,188.3200073242187500,178.9100036621093800,188.1499938964843800,264942300,187.9103088378906200
2025-11-10,195.1100006103515600,199.9400024414062500,193.7899932861328000,199.0500030517578000,198897100,198.7964630126953000
2025-11-11,195.1600036621093800,195.4199981689453000,191.3000030517578000,193.1600036621093800,176483300,192.9139556884765600
2025-11-12,195.7200012207031200,195.8899993896484400,191.1300048828125000,193.8000030517578000,154935300,193.5531311035156200
2025-11-13,191.0500030517578000,191.4400024414062500,183.8500061035156200,186.8600006103515600,207423100,186.6219787597656200
2025-11-14,182.8600006103515600,191.0099945068359400,180.5800018310547000,190.1699981689453000,186591900,189.9277496337890600
2025-11-17,185.9700012207031200,189.0000000000000000,184.3200073242187500,186.6000061035156200,173628900,186.3623199462890600
2025-11-18,183.3800048828125000,184.8000030517578000,179.6499938964843800,181.3600006103515600,213598900,181.1289978027343800
2025-11-19,184.7899932861328000,187.8600006103515600,182.8300018310547000,186.5200042724609400,247246400,186.2824096679687500
2025-11-20,195.9499969482422000,196.0000000000000000,179.8500061035156200,180.6399993896484400,343504800,180.4098968505859400
2025-11-21,181.2400054931640600,184.5599975585937500,172.9299926757812500,178.8800048828125000,346926200,178.6521453857422000
2025-11-24,179.4900054931640600,183.5000000000000000,176.4799957275390600,182.5500030517578000,256618300,182.3174743652343800
2025-11-25,174.9100036621093800,178.1600036621093800,169.5500030517578000,177.8200073242187500,320600300,177.5935058593750000
2025-11-26,181.6300048828125000,182.9100036621093800,178.2400054931640600,180.2599945068359400,183852000,180.0303649902343800
2025-11-28,179.0099945068359400,179.2899932861328000,176.5000000000000000,177.0000000000000000,121332800,176.7745361328125000
2025-12-01,174.7599945068359400,180.3000030517578000,173.6799926757812500,179.9199981689453000,188131000,179.6908111572265600
2025-12-02,181.7599945068359400,185.6600036621093800,180.0000000000000000,181.4600067138672000,182632200,181.2288665771484400
2025-12-03,181.0800018310547000,182.4499969482422000,179.1100006103515600,179.5899963378906200,165138000,179.3612518310547000
2025-12-04,181.6199951171875000,184.5200042724609400,179.9600067138672000,183.3800048828125000,167364900,183.1566009521484400
2025-12-05,183.8899993896484400,184.6600036621093800,180.9100036621093800,182.4100036621093800,143971100,182.1877899169922000
2025-12-08,182.6399993896484400,188.0000000000000000,182.3999938964843800,185.5500030517578000,204378100,185.3239746093750000
2025-12-09,185.5599975585937500,185.7200012207031200,183.3200073242187500,184.9700012207031200,144719700,184.7446746826172000
2025-12-10,184.9700012207031200,185.4799957275390600,182.0399932861328000,183.7799987792968800,162785400,183.5561218261718800
2025-12-11,180.2799987792968800,181.3200073242187500,176.6199951171875000,180.9299926757812500,182136600,180.7095794677734400
2025-12-12,181.1100006103515600,182.8200073242187500,174.6199951171875000,175.0200042724609400,204274900,174.8067932128906200
2025-12-15,177.9400024414062500,178.4199981689453000,175.0299987792968800,176.2899932861328000,164775600,176.0752258300781200
2025-12-16,176.2599945068359400,178.4900054931640600,174.8999938964843800,177.7200012207031200,148588100,177.5034942626953000
2025-12-17,176.1000061035156200,176.1300048828125000,170.3099975585937500,170.9400024414062500,222775500,170.7317504882812500
2025-12-18,174.5299987792968800,176.1499938964843800,171.8200073242187500,174.1399993896484400,176096000,173.9278564453125000
2025-12-19,176.6699981689453000,181.4499969482422000,176.3399963378906200,180.9900054931640600,324925900,180.7695312500000000
2025-12-22,183.9199981689453000,184.1600036621093800,182.3500061035156200,183.6900024414062500,129064400,183.4662322998047000
2025-12-23,182.9700012207031200,189.3300018310547000,182.8999938964843800,189.2100067138672000,174873600,188.9795227050781200
2025-12-24,187.9400024414062500,188.9100036621093800,186.5899963378906200,188.6100006103515600,65528500,188.3802337646484400
2025-12-26,189.9199981689453000,192.6900024414062500,188.0000000000000000,190.5299987792968800,139740300,190.2978973388672000
2025-12-29,187.7100067138672000,188.7599945068359400,185.9100036621093800,188.2200012207031200,120006100,187.9907073974609400
2025-12-30,188.2400054931640600,188.9900054931640600,186.9299926757812500,187.5399932861328000,97687300,187.3115386962890600
2025-12-31,189.5700073242187500,190.5599975585937500,186.4900054931640600,186.5000000000000000,120100500,186.2727966308593800
2026-01-02,189.8399963378906200,192.9299926757812500,188.2599945068359400,188.8500061035156200,148240500,188.6199493408203000
2026-01-05,191.7599945068359400,193.6300048828125000,186.1499938964843800,188.1199951171875000,183529700,187.8908386230468800
2026-01-06,190.5200042724609400,192.1699981689453000,186.8200073242187500,187.2400054931640600,176862600,187.0119171142578000
2026-01-07,188.5700073242187500,191.3699951171875000,186.5599975585937500,189.1100006103515600,153543200,188.8796234130859400
2026-01-08,189.1100006103515600,189.5500030517578000,183.7100067138672000,185.0399932861328000,172457000,184.8145751953125000
2026-01-09,185.0800018310547000,186.3399963378906200,183.6699981689453000,184.8600006103515600,131327500,184.6347961425781200
2026-01-12,183.2200012207031200,187.1199951171875000,183.0200042724609400,184.9400024414062500,137968500,184.7147064208984400
2026-01-13,185.0000000000000000,188.1100006103515600,183.3999938964843800,185.8099975585937500,160128900,185.5836486816406200
2026-01-14,184.3200073242187500,184.4600067138672000,180.8000030517578000,183.1399993896484400,159586100,182.9169006347656200
2026-01-15,186.5000000000000000,189.6999969482422000,186.3300018310547000,187.0500030517578000,206188600,186.8221282958984400
2026-01-16,189.0800018310547000,190.4400024414062500,186.0800018310547000,186.2299957275390600,187967200,186.0031280517578000
2026-01-20,181.8999938964843800,182.3800048828125000,177.6100006103515600,178.0700073242187500,223345300,177.8530883789062500
2026-01-21,179.0500030517578000,185.3800048828125000,178.3999938964843800,183.3200073242187500,200381000,183.0966949462890600
2026-01-22,184.7500000000000000,186.1699981689453000,183.9299926757812500,184.8399963378906200,139636600,184.6148223876953000
2026-01-23,187.5000000000000000,189.6000061035156200,186.8200073242187500,187.6699981689453000,142748100,187.4413757324218800
2026-01-26,187.1600036621093800,189.1199951171875000,185.9900054931640600,186.4700012207031200,124799600,186.2428436279297000
2026-01-27,187.2400054931640600,190.0000000000000000,185.6999969482422000,188.5200042724609400,143711600,188.2903442382812500
2026-01-28,191.2700042724609400,192.3500061035156200,189.8399963378906200,191.5200042724609400,148552700,191.2866821289062500
2026-01-29,191.3399963378906200,193.4799957275390600,186.0599975585937500,192.5099945068359400,171764400,192.2754821777343800
2026-01-30,191.2100067138672000,194.4900054931640600,189.4700012207031200,191.1300048828125000,179489500,190.8971710205078000
2026-02-02,187.1999969482422000,190.3000030517578000,184.8800048828125000,185.6100006103515600,165794100,185.3838806152343800
2026-02-03,186.2400054931640600,186.2700042724609400,176.2299957275390600,180.3399963378906200,204019600,180.1203002929687500
2026-02-04,179.4600067138672000,179.5800018310547000,171.9100036621093800,174.1900024414062500,207014100,173.9778137207031200
2026-02-05,174.9299926757812500,176.8200073242187500,171.0299987792968800,171.8800048828125000,206312900,171.6706237792968800
2026-02-06,176.6900024414062500,187.0000000000000000,174.6000061035156200,185.4100036621093800,231346200,185.1841430664062500
2026-02-09,184.2599945068359400,193.6600036621093800,183.9499969482422000,190.0399932861328000,196387400,189.8084869384765600
2026-02-10,191.3800048828125000,192.4799957275390600,188.1199951171875000,188.5399932861328000,136764800,188.3103179931640600
2026-02-11,192.4499969482422000,193.2599945068359400,188.7700042724609400,190.0500030517578000,144192700,189.8184967041015600
2026-02-12,193.0299987792968800,193.6100006103515600,186.5099945068359400,186.9400024414062500,189932500,186.7122802734375000
2026-02-13,187.4799957275390600,187.5000000000000000,181.5899963378906200,182.8099975585937500,161888000,182.5872955322265600
2026-02-17,181.7500000000000000,187.1499938964843800,179.1799926757812500,184.9700012207031200,162276900,184.7446746826172000
2026-02-18,188.7500000000000000,190.3699951171875000,186.7599945068359400,187.9799957275390600,164749100,187.7509918212890600
2026-02-19,187.0599975585937500,188.4299926757812500,185.6600036621093800,187.8999938964843800,126554500,187.6710968017578000
2026-02-20,186.5700073242187500,190.3300018310547000,185.9400024414062500,189.8200073242187500,178422300,189.5887756347656200
2026-02-23,191.3999938964843800,193.9499969482422000,189.5800018310547000,191.5500030517578000,171584800,191.3166503906250000
2026-02-24,191.4900054931640600,193.7700042724609400,187.3999938964843800,192.8500061035156200,175123600,192.6150817871093800
2026-02-25,194.4499969482422000,197.6300048828125000,193.7899932861328000,195.5599975585937500,250637100,195.3217620849609400
2026-02-26,194.2700042724609400,194.2899932861328000,184.3200073242187500,184.8899993896484400,360807900,184.6647644042968800
2026-02-27,181.2500000000000000,182.5899963378906200,176.3800048828125000,177.1900024414062500,311636500,176.9741516113281200
2026-03-02,175.0099945068359400,183.4600067138672000,174.6399993896484400,182.4799957275390600,209095300,182.2577056884765600
2026-03-03,178.4900054931640600,180.8999938964843800,176.9199981689453000,180.0500030517578000,178099400,179.8306579589843800
2026-03-04,180.4400024414062500,184.6999969482422000,180.0599975585937500,183.0399932861328000,177731200,182.8170166015625000
2026-03-05,181.1699981689453000,184.0599975585937500,177.8800048828125000,183.3399963378906200,198779700,183.1166381835937500
2026-03-06,179.8399963378906200,182.7599945068359400,176.8200073242187500,177.8200073242187500,189021900,177.6033935546875000
2026-03-09,176.8300018310547000,182.9100036621093800,175.5599975585937500,182.6499938964843800,177213600,182.4274902343750000
2026-03-10,182.3999938964843800,186.4400024414062500,182.0099945068359400,184.7700042724609400,179118500,184.5449066162109400
2026-03-11,185.9100036621093800,187.6199951171875000,184.4499969482422000,186.0299987792968800,145280400,185.8134307861328000
2026-03-12,184.0500030517578000,184.9400024414062500,181.7500000000000000,183.1399993896484400,155762700,182.9268035888672000
2026-03-13,184.9199981689453000,186.0899963378906200,179.9400024414062500,180.2500000000000000,160988400,180.0401611328125000
2026-03-16,182.9700012207031200,188.8800048828125000,181.4100036621093800,183.2200012207031200,217307400,183.0067138671875000
2026-03-17,185.0599975585937500,185.3999938964843800,181.6799926757812500,181.9299926757812500,182497800,181.7182006835937500
2026-03-18,182.4799957275390600,183.3800048828125000,180.3300018310547000,180.3999938964843800,156683100,180.1899871826172000
2026-03-19,178.0099945068359400,179.9799957275390600,175.7899932861328000,178.5599975585937500,170968500,178.3521270751953000
2026-03-20,178.0000000000000000,178.2599945068359400,171.7200012207031200,172.6999969482422000,241323500,172.4989471435547000
2026-03-23,177.2599945068359400,178.3699951171875000,174.7599945068359400,175.6399993896484400,182836300,175.4355316162109400
2026-03-24,174.8300018310547000,176.2200012207031200,173.9799957275390600,175.1999969482422000,147667800,174.9960327148437500
2026-03-25,177.1000061035156200,181.2200012207031200,176.8500061035156200,178.6799926757812500,162602100,178.4719848632812500
2026-03-26,176.0700073242187500,176.5099945068359400,171.1399993896484400,171.2400054931640600,186152200,171.0406646728515600
2026-03-27,170.0000000000000000,170.9700012207031200,167.0099945068359400,167.5200042724609400,196212700,167.3249816894531200
2026-03-30,168.7799987792968800,169.4499969482422000,164.2700042724609400,165.1699981689453000,185627000,164.9777221679687500
2026-03-31,166.9700012207031200,174.6199951171875000,166.9600067138672000,174.3999938964843800,226181300,174.1969757080078000
2026-04-01,176.0000000000000000,177.3699951171875000,174.7500000000000000,175.7500000000000000,168132000,175.5454101562500000
2026-04-02,172.1799926757812500,177.4900054931640600,171.3699951171875000,177.3899993896484400,143143200,177.1834869384765600
2026-04-06,177.1600036621093800,177.7899932861328000,175.7599945068359400,177.6399993896484400,107564300,177.4331970214843800
2026-04-07,175.7299957275390600,178.2299957275390600,173.6600036621093800,178.1000061035156200,132534900,177.8926696777343800
2026-04-08,184.5000000000000000,185.2599945068359400,180.3000030517578000,182.0800018310547000,147732700,181.8680419921875000
2026-04-09,181.8399963378906200,184.0800018310547000,180.6199951171875000,183.9100036621093800,116428500,183.6959075927734400
2026-04-10,184.3099975585937500,190.0000000000000000,184.3000030517578000,188.6300048828125000,160459500,188.4104156494140600
2026-04-13,186.0299987792968800,189.6600036621093800,185.7400054931640600,189.3099975585937500,133648200,189.0896148681640600
2026-04-14,190.8399963378906200,196.5099945068359400,190.7700042724609400,196.5099945068359400,161307000,196.2812347412109400
2026-04-15,196.5399932861328000,200.3999938964843800,195.7400054931640600,198.8699951171875000,185338400,198.6384887695312500
2026-04-16,197.4299926757812500,199.8500061035156200,195.8099975585937500,198.3500061035156200,134012900,198.1190948486328000
2026-04-17,199.8999938964843800,201.6999969482422000,199.2700042724609400,201.6799926757812500,160324400,201.4452056884765600
2026-04-20,199.9799957275390600,202.1699981689453000,197.8399963378906200,202.0599975585937500,119381400,201.8247680664062500
2026-04-21,202.1300048828125000,202.7500000000000000,199.0000000000000000,199.8800048828125000,107945300,199.6473236083984400
2026-04-22,200.9900054931640600,202.5000000000000000,199.0000000000000000,202.5000000000000000,107501000,202.2642669677734400
2026-04-23,202.4600067138672000,203.8300018310547000,197.2200012207031200,199.6399993896484400,113561800,199.4075927734375000
2026-04-24,199.9600067138672000,210.9499969482422000,199.8099975585937500,208.2700042724609400,214134400,208.0275421142578000
2026-04-27,209.6499938964843800,216.8300018310547000,207.3800048828125000,216.6100006103515600,187172400,216.3578338623047000
2026-04-28,209.4900054931640600,214.7299957275390600,208.1999969482422000,213.1699981689453000,180275400,212.9218444824218800
2026-04-29,212.6999969482422000,212.7200012207031200,207.5800018310547000,209.2500000000000000,123711800,209.0064086914062500
2026-04-30,209.9299926757812500,210.3000030517578000,198.6999969482422000,199.5700073242187500,225239200,199.3376770019531200
2026-05-01,201.2799987792968800,203.0000000000000000,197.1199951171875000,198.4499969482422000,128647000,198.2189788818359400
2026-05-04,199.5000000000000000,201.7299957275390600,194.7400054931640600,198.4799957275390600,125368100,198.2489318847656200
2026-05-05,199.3000030517578000,200.2400054931640600,196.0299987792968800,196.5000000000000000,113406600,196.2712402343750000
2026-05-06,199.8899993896484400,208.2700042724609400,198.6100006103515600,207.8300018310547000,188362800,207.5880584716797000
2026-05-07,208.3399963378906200,214.1999969482422000,206.5000000000000000,211.5000000000000000,168307900,211.2537841796875000
2026-05-08,213.0299987792968800,217.8000030517578000,212.8899993896484400,215.1999969482422000,136421400,214.9494781494140600
2026-05-11,214.0399932861328000,222.3000030517578000,213.8899993896484400,219.4400024414062500,160685800,219.1845397949218800
2026-05-12,218.5500030517578000,223.7500000000000000,214.9199981689453000,220.7799987792968800,159176600,220.5229797363281200
2026-05-13,224.9299926757812500,227.8399963378906200,221.5700073242187500,225.8300018310547000,150405400,225.5671081542968800
2026-05-14,229.8500061035156200,236.5399932861328000,229.3000030517578000,235.7400054931640600,180782900,235.4655761718750000
2026-05-15,229.7599945068359400,231.5000000000000000,224.2400054931640600,225.3200073242187500,180977600,225.0577087402343800
2026-05-18,229.8699951171875000,230.0000000000000000,218.3699951171875000,222.3200073242187500,146280900,222.0612030029297000
2026-05-19,219.6199951171875000,224.4799957275390600,217.9100036621093800,220.6100006103515600,140948200,220.3531799316406200
2026-05-20,223.1799926757812500,226.1300048828125000,220.5000000000000000,223.4700012207031200,184201600,223.2098541259765600
2026-05-21,222.2899932861328000,227.3999938964843800,217.9299926757812500,219.5099945068359400,203381800,219.2544555664062500
2026-05-22,220.8999938964843800,221.0099945068359400,214.8000030517578000,215.3300018310547000,169275700,215.0793304443359400
2026-05-26,216.5399932861328000,218.1799926757812500,212.0000000000000000,214.8600006103515600,187202600,214.6098785400390600
2026-05-27,214.1199951171875000,214.1499938964843800,208.7799987792968800,212.6000061035156200,167601200,212.3525085449218800
2026-05-28,211.2799987792968800,215.5200042724609400,211.2200012207031200,214.2500000000000000,143996000,214.0005798339843800
2026-05-29,214.5800018310547000,217.8600006103515600,211.1300048828125000,211.1399993896484400,289410600,210.8942108154297000
2026-06-01,215.7299957275390600,224.8699951171875000,215.6999969482422000,224.3600006103515600,212850700,224.0988159179687500
2026-06-02,227.1799926757812500,232.2799987792968800,221.3500061035156200,222.8200073242187500,193362900,222.5606079101562500
2026-06-03,221.7200012207031200,222.8200073242187500,214.5099945068359400,214.7500000000000000,160907000,214.5000000000000000
2026-06-04,213.9100036621093800,221.6000061035156200,210.9700012207031200,218.6600036621093800,169022200,218.6600036621093800
2026-06-05,214.5299987792968800,214.8699951171875000,204.3300018310547000,205.1000061035156200,219655500,205.1000061035156200
2026-06-08,210.1799926757812500,210.4700012207031200,206.0000000000000000,208.6399993896484400,138372800,208.6399993896484400
2026-06-09,210.6199951171875000,211.3999938964843800,199.3399963378906200,208.1900024414062500,180962500,208.1900024414062500
2026-06-10,204.4299926757812500,207.2200012207031200,199.9199981689453000,200.4199981689453000,161746600,200.4199981689453000
2026-06-11,201.4900054931640600,205.6600036621093800,199.5399932861328000,204.8699951171875000,158643200,204.8699951171875000
2026-06-12,204.8600006103515600,207.0700073242187500,203.4400024414062500,205.1900024414062500,112001800,205.1900024414062500
2026-06-15,208.9199981689453000,212.7100067138672000,208.3399963378906200,212.4499969482422000,149936700,212.4499969482422000
2026-06-16,211.1799926757812500,211.4900054931640600,207.2899932861328000,207.4100036621093800,125694100,207.4100036621093800
2026-06-17,208.5299987792968800,209.2100067138672000,203.0800018310547000,204.6499938964843800,128363500,204.6499938964843800
2026-06-18,207.3300018310547000,211.3899993896484400,206.5000000000000000,210.6900024414062500,241272000,210.6900024414062500
2026-06-22,211.4400024414062500,213.9900054931640600,207.7200012207031200,208.6499938964843800,122041400,208.6499938964843800
2026-06-23,202.1699981689453000,203.7700042724609400,200.0000000000000000,200.0399932861328000,153496200,200.0399932861328000
2026-06-24,200.1199951171875000,201.6699981689453000,196.5800018310547000,199.0000000000000000,151810700,199.0000000000000000
2026-06-25,200.0800018310547000,200.8000030517578000,192.1300048828125000,195.7400054931640600,149550000,195.7400054931640600
2026-06-26,193.1199951171875000,195.5500030517578000,191.2200012207031200,192.5299987792968800,179304100,192.5299987792968800
2026-06-29,193.8500061035156200,196.1799926757812500,189.8000030517578000,194.9700012207031200,148835700,194.9700012207031200
2026-06-30,197.2400054931640600,200.6300048828125000,195.1100006103515600,200.0899963378906200,166476700,200.0899963378906200
2026-07-01,196.1999969482422000,199.8500061035156200,193.4499969482422000,197.5800018310547000,146147600,197.5800018310547000
2026-07-02,197.1399993896484400,200.0599975585937500,192.3500061035156200,194.8300018310547000,142068700,194.8300018310547000
2026-07-06,194.4199981689453000,197.5500030517578000,193.9900054931640600,195.5500030517578000,108999000,195.5500030517578000
2026-07-07,192.3699951171875000,198.4100036621093800,191.1399993896484400,196.9299926757812500,124154600,196.9299926757812500
2026-07-08,195.1799926757812500,205.1600036621093800,195.0599975585937500,204.1199951171875000,147419100,204.1199951171875000
2026-07-09,204.4600067138672000,204.5899963378906200,198.9600067138672000,202.7799987792968800,132037400,202.7799987792968800
2026-07-10,202.0000000000000000,211.0000000000000000,201.9199981689453000,210.9600067138672000,148421000,210.9600067138672000
2026-07-13,208.5399932861328000,210.5700073242187500,203.0000000000000000,203.5299987792968800,121411000,203.5299987792968800
2026-07-14,208.1999969482422000,212.5500030517578000,203.8000030517578000,211.8000030517578000,124379600,211.8000030517578000
2026-07-15,211.9600067138672000,213.8099975585937500,206.0399932861328000,212.5000000000000000,124797200,212.5000000000000000
2026-07-16,210.1699981689453000,211.0800018310547000,205.8500061035156200,207.3999938964843800,122986100,207.3999938964843800
2026-07-17,202.6399993896484400,206.6499938964843800,197.9700012207031200,202.8099975585937500,144281900,202.8099975585937500
2026-07-20,205.8699951171875000,207.7400054931640600,202.2799987792968800,203.2799987792968800,88701500,203.2799987792968800
2026-07-21,207.5399932861328000,208.6499938964843800,204.0099945068359400,207.2899932861328000,108685600,207.2899932861328000
2026-07-22,205.8099975585937500,214.3899993896484400,204.9499969482422000,212.0599975585937500,137645600,212.0599975585937500
2026-07-23,209.4600067138672000,210.8699951171875000,205.9600067138672000,208.7599945068359400,110505300,208.7599945068359400
2026-07-24,207.4499969482422000,211.9100036621093800,204.8099975585937500,206.8399963378906200,114836800,206.8399963378906200
2026-07-27,208.1999969482422000,208.7500000000000000,195.4400024414062500,196.5099945068359400,154353700,196.5099945068359400
2026-07-28,195.0000000000000000,198.6999969482422000,192.7400054931640600,197.0099945068359400,134111500,197.0099945068359400
2026-07-29,195.8500061035156200,197.0700073242187500,190.0099945068359400,190.0099945068359400,147680800,190.0099945068359400
2026-07-30,193.4499969482422000,197.2500000000000000,191.5200042724609400,195.0399932861328000,129010200,195.0399932861328000
2026-07-31,198.4400024414062500,202.0000000000000000,194.9499969482422000,200.7500000000000000,139961200,200.7500000000000000
2026-08-03,197.6900024414062500,208.7400054931640600,196.8500061035156200,206.6399993896484400,128406900,206.6399993896484400
2026-08-04,211.3000030517578000,213.0599975585937500,209.0500030517578000,211.9400024414062500,134922000,211.9400024414062500
2026-08-05,216.8600006103515600,222.2200012207031200,216.3999938964843800,219.2200012207031200,158187400,219.2200012207031200
2026-08-06,221.5299987792968800,223.6300048828125000,217.0000000000000000,218.9900054931640600,113940600,218.9900054931640600
2026-08-07,221.5399932861328000,224.7599945068359400,220.6600036621093800,223.9600067138672000,105669400,223.9600067138672000
2026-08-10,223.3999938964843800,224.1399993896484400,216.7700042724609400,217.5500030517578000,115846600,217.5500030517578000
2026-08-11,222.1699981689453000,222.1999969482422000,216.1999969482422000,217.5000000000000000,101273100,217.5000000000000000
2026-08-12,221.0399932861328000,225.1000061035156200,220.1999969482422000,224.0899963378906200,108783600,224.0899963378906200
2026-08-13,225.0599975585937500,227.2299957275390600,223.7100067138672000,225.3000030517578000,98867200,225.3000030517578000
2026-08-14,226.7700042724609400,227.4900054931640600,224.5000000000000000,225.1600036621093800,75680900,225.1600036621093800
2026-08-17,225.9799957275390600,227.9199981689453000,224.8600006103515600,225.0099945068359400,93678700,225.0099945068359400
2026-08-18,220.4499969482422000,221.6399993896484400,218.6900024414062500,219.7400054931640600,103128200,219.7400054931640600
2026-08-19,221.6699981689453000,222.8699951171875000,216.7599945068359400,217.5599975585937500,96797300,217.5599975585937500
2026-08-20,218.3600006103515600,219.8600006103515600,215.6600036621093800,216.8500061035156200,92457000,216.8500061035156200
2026-08-21,218.4199981689453000,218.7400054931640600,214.5000000000000000,214.7200012207031200,98869300,214.7200012207031200
2026-08-24,215.5299987792968800,215.5899963378906200,207.2500000000000000,208.4799957275390600,135187300,208.4799957275390600
