"m_date","m_open_split_adjusted","m_high_split_adjusted","m_low_split_adjusted","m_close_split_adjusted","m_volume_split_adjusted","m_close_dividend_and_split_adjusted"
2016-01-04,109.44999694824219,109.59999847412110,108.12000274658203,109.50000000000000,50807600,101.60562896728516
2016-01-05,110.04000091552734,110.18000030517578,108.80000305175781,109.30999755859375,38795200,101.42932128906250
2016-01-06,107.41000366210938,108.88999938964844,107.41000366210938,108.26000213623047,41891100,100.45503997802734
2016-01-07,105.94999694824219,107.29000091552734,104.80999755859375,104.87000274658203,61386300,97.30944061279297
2016-01-08,105.62999725341797,106.29000091552734,103.90000152587890,104.01000213623047,69344000,96.51142883300781
2016-01-11,104.75000000000000,105.05999755859375,102.73000335693360,104.33000183105469,50024100,96.80838775634766
2016-01-12,105.33000183105469,106.08000183105469,104.08000183105469,105.54000091552734,46734200,97.93111419677734
2016-01-13,105.97000122070312,106.23000335693360,101.73999786376953,101.90000152587890,69870700,94.55355072021484
2016-01-14,102.30000305175781,104.98000335693360,100.66999816894531,104.06999969482422,78445700,96.56707763671875
2016-01-15,100.62000274658203,101.94000244140625,99.51000213623047,100.83999633789062,91443900,93.56995391845703
2016-01-19,102.20999908447266,102.37000274658203,99.87999725341797,101.05999755859375,56563800,93.77411651611328
2016-01-20,99.47000122070312,101.83000183105469,97.25000000000000,100.75000000000000,86675000,93.48643493652344
2016-01-21,101.18000030517578,102.34999847412110,99.81999969482422,100.84999847412110,61660100,93.57926940917969
2016-01-22,102.87999725341797,103.80999755859375,102.52999877929688,103.76999664306640,42229800,96.28872680664062
2016-01-25,103.40000152587890,103.98999786376953,102.13999938964844,102.23000335693360,38881500,94.85975646972656
2016-01-26,102.66000366210938,103.58999633789062,101.76000213623047,103.15000152587890,36143900,95.71343994140625
2016-01-27,102.55000305175781,102.98999786376953,100.15000152587890,100.58000183105469,54524700,93.32870483398438
2016-01-28,102.25000000000000,102.29000091552734,100.26000213623047,102.00000000000000,47641500,94.64636230468750
2016-01-29,101.97000122070312,104.16999816894531,101.94000244140625,104.12999725341797,54245100,96.62275695800781
2016-02-01,103.62999725341797,104.80000305175781,103.23000335693360,104.41000366210938,32750300,96.88260650634766
2016-02-02,103.93000030517578,103.97000122070312,101.83999633789062,102.15000152587890,44928100,94.78551483154297
2016-02-03,102.83000183105469,102.83000183105469,99.87999725341797,101.66000366210938,61572900,94.33087158203125
2016-02-04,101.38999938964844,102.45999908447266,100.44000244140625,101.65000152587890,49321600,94.32155609130860
2016-02-05,101.29000091552734,101.33000183105469,97.72000122070312,98.12000274658203,70749900,91.04605102539062
2016-02-08,96.29000091552734,97.05000305175781,94.83999633789062,96.62000274658203,91673100,89.65421295166016
2016-02-09,95.33000183105469,97.77999877929688,95.18000030517578,96.31999969482422,73778400,89.37583160400390
2016-02-10,97.43000030517578,98.69000244140625,96.62000274658203,96.69000244140625,59421700,89.71916198730469
2016-02-11,95.45999908447266,97.31999969482422,95.19000244140625,96.55000305175781,76839200,89.58927917480469
2016-02-12,97.63999938964844,98.12000274658203,96.73000335693360,98.01999664306640,49186500,90.95327758789062
2016-02-16,99.47000122070312,100.23000335693360,98.84999847412110,100.23000335693360,40565900,93.00394439697266
2016-02-17,100.95999908447266,102.63999938964844,100.69999694824219,102.50000000000000,41766500,95.11029815673828
2016-02-18,102.81999969482422,102.83999633789062,101.19999694824219,101.33000183105469,38991500,94.02462768554688
2016-02-19,100.83999633789062,101.94000244140625,100.62000274658203,101.62999725341797,28257900,94.30301666259766
2016-02-22,102.58000183105469,103.37999725341797,102.48000335693360,103.27999877929688,23979100,95.83406066894531
2016-02-23,102.68000030517578,102.95999908447266,101.51000213623047,101.58000183105469,29869700,94.25660705566406
2016-02-24,100.38999938964844,102.68000030517578,99.76999664306640,102.55000305175781,40739100,95.15670013427734
2016-02-25,102.76000213623047,103.55999755859375,101.83999633789062,103.55999755859375,29389300,96.09387207031250
2016-02-26,104.34999847412110,104.37000274658203,103.18000030517578,103.43000030517578,30925000,95.97324371337890
2016-02-29,103.33000183105469,104.09999847412110,102.50000000000000,102.50000000000000,27553900,95.11029815673828
2016-03-01,103.48000335693360,105.79000091552734,103.16000366210938,105.79000091552734,37699800,98.16310119628906
2016-03-02,105.66000366210938,105.84999847412110,105.01000213623047,105.83000183105469,29209800,98.20021820068360
2016-03-03,105.72000122070312,105.75000000000000,104.87000274658203,105.62999725341797,25474600,98.01464080810547
2016-03-04,105.75000000000000,106.34999847412110,104.97000122070312,105.66999816894531,31655400,98.05174255371094
2016-03-07,105.12999725341797,105.73999786376953,104.26999664306640,105.01999664306640,25861200,97.44861602783203
2016-03-08,104.30000305175781,105.20999908447266,103.97000122070312,104.15000152587890,28898500,96.64134216308594
2016-03-09,104.54000091552734,104.83999633789062,103.95999908447266,104.81999969482422,31047400,97.26300048828125
2016-03-10,105.26000213623047,105.86000061035156,103.30999755859375,104.66000366210938,44236100,97.11457824707031
2016-03-11,105.79000091552734,106.48999786376953,105.45999908447266,106.48999786376953,31454000,98.81264495849610
2016-03-14,106.08999633789062,106.91999816894531,106.05999755859375,106.66999816894531,25374900,98.97964477539062
2016-03-15,106.29000091552734,106.75000000000000,105.94999694824219,106.62999725341797,26524600,98.94254302978516
2016-03-16,106.37000274658203,107.86000061035156,106.33999633789062,107.58000183105469,31693100,99.82405853271484
2016-03-17,107.26999664306640,107.76999664306640,106.87000274658203,107.51999664306640,29623700,99.76837158203125
2016-03-18,107.45999908447266,107.63999938964844,106.80000305175781,107.37000274658203,37682300,99.92470550537110
2016-03-21,107.18000030517578,107.88999938964844,107.12000274658203,107.79000091552734,17288600,100.31559753417969
2016-03-22,107.18000030517578,108.37000274658203,107.16000366210938,108.12000274658203,18840300,100.62272644042969
2016-03-23,107.91000366210938,107.98999786376953,106.98999786376953,107.23000335693360,20912900,99.79444122314453
2016-03-24,106.70999908447266,107.29000091552734,106.52999877929688,107.26000213623047,19017300,99.82236480712890
2016-03-28,107.55999755859375,107.58000183105469,106.91999816894531,107.11000061035156,13892300,99.68276977539062
2016-03-29,106.91000366210938,108.90000152587890,106.73000335693360,108.83000183105469,29963900,101.28348541259766
2016-03-30,109.48000335693360,110.04000091552734,109.12999725341797,109.36000061035156,23807200,101.77674865722656
2016-03-31,109.27999877929688,109.69000244140625,109.02999877929688,109.19999694824219,21447200,101.62781524658203
2016-04-01,108.54000091552734,110.40000152587890,108.38999938964844,110.36000061035156,26389000,102.70738220214844
2016-04-04,110.36000061035156,110.44000244140625,109.68000030517578,109.94000244140625,17163000,102.31653594970703
2016-04-05,109.08999633789062,109.50000000000000,108.73999786376953,108.87999725341797,20107900,101.32998657226562
2016-04-06,108.98999786376953,110.70999908447266,108.98999786376953,110.66999816894531,25056000,102.99590301513672
2016-04-07,110.02999877929688,110.23000335693360,108.61000061035156,109.08000183105469,28567200,101.51615142822266
2016-04-08,109.76000213623047,110.01999664306640,108.62000274658203,109.00000000000000,22898000,101.44170379638672
2016-04-11,109.47000122070312,110.01999664306640,108.58999633789062,108.59999847412110,25772100,101.06944274902344
2016-04-12,108.68000030517578,109.72000122070312,108.01999664306640,109.51000213623047,28564100,101.91634368896484
2016-04-13,110.34999847412110,111.08000183105469,110.20999908447266,110.91000366210938,25356700,103.21926116943360
2016-04-14,110.93000030517578,111.33000183105469,110.00000000000000,110.91999816894531,17199700,103.22856903076172
2016-04-15,110.83000183105469,111.05999755859375,110.36000061035156,110.63999938964844,21353300,102.96799468994140
2016-04-18,110.31999969482422,111.26999664306640,110.25000000000000,111.23000335693360,17126100,103.51708984375000
2016-04-19,111.44000244140625,111.44000244140625,109.87999725341797,110.55000305175781,42481400,102.88423156738281
2016-04-20,110.55000305175781,111.15000152587890,110.16999816894531,110.63999938964844,18078300,102.96799468994140
2016-04-21,110.58000183105469,111.05000305175781,110.15000152587890,110.65000152587890,20216000,102.97727203369140
2016-04-22,109.20999908447266,109.72000122070312,108.12000274658203,108.98000335693360,39074000,101.42311096191406
2016-04-25,108.65000152587890,108.98999786376953,108.44999694824219,108.98000335693360,14351900,101.42311096191406
2016-04-26,109.20999908447266,109.38999938964844,108.12000274658203,108.44999694824219,19118300,100.92984008789062
2016-04-27,107.33999633789062,107.83000183105469,106.69000244140625,107.58000183105469,33059800,100.12016296386719
2016-04-28,107.69999694824219,108.33000183105469,106.06999969482422,106.27999877929688,29818200,98.91030120849610
2016-04-29,106.27999877929688,106.50000000000000,104.87999725341797,105.72000122070312,67502800,98.38915252685547
2016-05-02,105.98999786376953,106.87000274658203,105.55000305175781,106.72000122070312,24813800,99.31980895996094
2016-05-03,105.95999908447266,106.44000244140625,105.44999694824219,105.73000335693360,38569400,98.39845275878906
2016-05-04,105.08999633789062,105.48000335693360,104.79000091552734,105.05000305175781,27474500,97.76559448242188
2016-05-05,105.43000030517578,105.66000366210938,104.80999755859375,105.01999664306640,20788100,97.73770904541016
2016-05-06,104.50000000000000,105.59999847412110,104.40000152587890,105.58000183105469,30758500,98.25885009765625
2016-05-09,105.58999633789062,106.37000274658203,105.54000091552734,105.87999725341797,19289600,98.53804779052734
2016-05-10,106.26000213623047,107.37999725341797,106.06999969482422,107.33000183105469,21178900,99.88750457763672
2016-05-11,107.16999816894531,107.48999786376953,106.33000183105469,106.36000061035156,20966300,98.98476409912110
2016-05-12,106.61000061035156,106.73999786376953,105.13999938964844,105.88999938964844,29196300,98.54736328125000
2016-05-13,105.80000305175781,106.44999694824219,105.29000091552734,105.50000000000000,21059300,98.18442535400390
2016-05-16,105.66000366210938,107.20999908447266,105.55999755859375,106.81999969482422,18311900,99.41286468505860
2016-05-17,106.73000335693360,107.04000091552734,105.19999694824219,105.48000335693360,29932700,98.16580200195312
2016-05-18,105.23999786376953,106.43000030517578,105.04000091552734,105.86000061035156,27524400,98.51941680908203
2016-05-19,105.44999694824219,105.70999908447266,104.54000091552734,105.30999755859375,27334600,98.00757598876953
2016-05-20,105.73000335693360,106.90000152587890,105.66999816894531,106.47000122070312,29549600,99.08714294433594
2016-05-23,106.58999633789062,106.97000122070312,106.23000335693360,106.33000183105469,15729800,98.95683288574219
2016-05-24,106.91999816894531,108.58999633789062,106.88999938964844,108.45999908447266,29931300,100.93912506103516
2016-05-25,108.87000274658203,109.56999969482422,108.68000030517578,109.23999786376953,37951700,101.66503906250000
2016-05-26,109.34999847412110,109.69999694824219,109.08999633789062,109.55999755859375,21885900,101.96286773681640
2016-05-27,109.62999725341797,110.13999938964844,109.61000061035156,110.12999725341797,19870000,102.49333953857422
2016-05-31,110.27999877929688,110.51000213623047,109.77999877929688,110.33999633789062,24366100,102.68878936767578
2016-06-01,110.00000000000000,110.59999847412110,109.91000366210938,110.34999847412110,19571500,102.69805908203125
2016-06-02,110.12999725341797,110.58999633789062,109.52999877929688,110.58000183105469,15696600,102.91213989257812
2016-06-03,110.37000274658203,110.41999816894531,109.33999633789062,110.05999755859375,20269900,102.42819976806640
2016-06-06,110.26000213623047,110.75000000000000,110.06999969482422,110.45999908447266,12502400,102.80045318603516
2016-06-07,110.51999664306640,110.62999725341797,110.12999725341797,110.18000030517578,12184300,102.53986358642578
2016-06-08,110.37000274658203,110.59999847412110,109.95999908447266,110.37000274658203,14568700,102.71669769287110
2016-06-09,109.91999816894531,110.30999755859375,109.70999908447266,110.19000244140625,17571600,102.54919433593750
2016-06-10,109.19000244140625,109.40000152587890,108.55999755859375,108.94000244140625,32965000,101.38590240478516
2016-06-13,108.31999969482422,108.93000030517578,107.88999938964844,108.02999877929688,25154700,100.53898620605469
2016-06-14,107.73999786376953,108.41999816894531,107.23999786376953,108.02999877929688,24588500,100.53898620605469
2016-06-15,108.29000091552734,108.44000244140625,107.54000091552734,107.72000122070312,24605700,100.25045013427734
2016-06-16,107.19000244140625,108.13999938964844,106.50000000000000,108.04000091552734,32079900,100.54829406738281
2016-06-17,107.52999877929688,107.68000030517578,106.23999786376953,106.48999786376953,29208800,99.36973571777344
2016-06-20,107.73000335693360,108.23999786376953,107.08000183105469,107.16000366210938,20562800,99.99493408203125
2016-06-21,107.30000305175781,107.72000122070312,107.09999847412110,107.50000000000000,22804100,100.31219482421875
2016-06-22,107.55999755859375,108.19000244140625,107.15000152587890,107.23999786376953,22724200,100.06958007812500
2016-06-23,108.06999969482422,108.79000091552734,107.62000274658203,108.76999664306640,18714200,101.49726867675781
2016-06-24,104.90000152587890,106.50000000000000,104.05999755859375,104.29000091552734,68012700,97.31681823730469
2016-06-27,103.59999847412110,103.59999847412110,101.75000000000000,102.22000122070312,48222600,95.38523101806640
2016-06-28,103.34999847412110,104.51000213623047,103.30000305175781,104.45999908447266,28260600,97.47543334960938
2016-06-29,105.27999877929688,106.52999877929688,105.23000335693360,106.30999755859375,31356700,99.20174407958984
2016-06-30,106.48999786376953,107.61000061035156,106.12999725341797,107.54000091552734,36300800,100.34951019287110
2016-07-01,107.48999786376953,108.48000335693360,107.44999694824219,108.08000183105469,19902800,100.85339355468750
2016-07-05,107.51000213623047,107.66000366210938,106.83999633789062,107.41999816894531,21167900,100.23755645751953
2016-07-06,106.91000366210938,108.34999847412110,106.56999969482422,108.30000305175781,24579300,101.05869293212890
2016-07-07,108.40000152587890,108.86000061035156,108.11000061035156,108.62000274658203,19161700,101.35728454589844
2016-07-08,109.19999694824219,110.36000061035156,109.01999664306640,110.30000305175781,29457900,102.92496490478516
2016-07-11,110.66999816894531,111.33999633789062,110.66000366210938,110.93000030517578,20218500,103.51284790039062
2016-07-12,111.61000061035156,111.79000091552734,111.33999633789062,111.48999786376953,21906100,104.03537750244140
2016-07-13,111.75000000000000,111.81999969482422,111.20999908447266,111.22000122070312,21107800,103.78345489501953
2016-07-14,111.95999908447266,112.19000244140625,111.69999694824219,111.98000335693360,20871000,104.49263763427734
2016-07-15,112.23999786376953,112.30000305175781,111.55000305175781,111.80000305175781,17999300,104.32467651367188
2016-07-18,111.87000274658203,112.73999786376953,111.84999847412110,112.54000091552734,20713900,105.01518249511719
2016-07-19,112.15000152587890,112.48000335693360,111.93000030517578,112.12999725341797,18936700,104.63261413574219
2016-07-20,112.73999786376953,113.65000152587890,112.59999847412110,113.44000244140625,24997900,105.85501861572266
2016-07-21,113.51999664306640,113.73999786376953,112.87000274658203,113.18000030517578,18885400,105.61240386962890
2016-07-22,113.26000213623047,113.77999877929688,112.91000366210938,113.65000152587890,20003400,106.05097961425781
2016-07-25,113.55999755859375,113.69000244140625,113.27999877929688,113.66000366210938,12968100,106.06031036376953
2016-07-26,113.62000274658203,114.19999694824219,113.22000122070312,113.79000091552734,21223800,106.18161010742188
2016-07-27,114.75000000000000,114.87999725341797,114.09999847412110,114.58000183105469,27646100,106.91879272460938
2016-07-28,114.76000213623047,115.11000061035156,114.40000152587890,114.98000335693360,16939700,107.29204559326172
2016-07-29,115.23999786376953,115.54000091552734,114.87000274658203,115.23000335693360,22385300,107.52533721923828
2016-08-01,115.30999755859375,116.12999725341797,115.16999816894531,115.83999633789062,13990100,108.09453582763672
2016-08-02,115.66999816894531,115.76999664306640,114.22000122070312,114.95999908447266,21278400,107.27337646484375
2016-08-03,114.87000274658203,115.34999847412110,114.80000305175781,115.33999633789062,15011300,107.62798309326172
2016-08-04,115.30000305175781,115.77999877929688,115.02999877929688,115.66999816894531,12835300,107.93591308593750
2016-08-05,116.26000213623047,117.04000091552734,116.12999725341797,116.77999877929688,23196600,108.97169494628906
2016-08-08,116.83999633789062,116.87000274658203,116.27999877929688,116.65000152587890,12358200,108.85037994384766
2016-08-09,116.73999786376953,117.29000091552734,116.66999816894531,116.91999816894531,13276500,109.10234069824219
2016-08-10,116.98999786376953,117.01999664306640,116.30999755859375,116.62000274658203,14688400,108.82238769531250
2016-08-11,117.01999664306640,117.37000274658203,116.77999877929688,117.12000274658203,12969800,109.28895568847656
2016-08-12,116.91999816894531,117.20999908447266,116.79000091552734,117.19999694824219,19379000,109.36361694335938
2016-08-15,117.34999847412110,117.97000122070312,117.30999755859375,117.69999694824219,11777800,109.83019256591797
2016-08-16,117.48000335693360,117.48999786376953,117.02999877929688,117.05000305175781,14161400,109.22361755371094
2016-08-17,117.08000183105469,117.30000305175781,116.43000030517578,117.26000213623047,15980300,109.41958618164062
2016-08-18,117.15000152587890,117.45999908447266,116.94999694824219,117.29000091552734,10036300,109.44760131835938
2016-08-19,117.08000183105469,117.51999664306640,116.76000213623047,117.26000213623047,18743000,109.41958618164062
2016-08-22,117.08999633789062,117.55000305175781,116.87000274658203,117.34999847412110,14500600,109.50357818603516
2016-08-23,117.80999755859375,118.01000213623047,117.51000213623047,117.55999755859375,11997900,109.69953155517578
2016-08-24,117.48000335693360,117.63999938964844,116.41000366210938,116.80000305175781,17728700,108.99035644531250
2016-08-25,116.50000000000000,116.97000122070312,116.36000061035156,116.61000061035156,24266300,108.81305694580078
2016-08-26,116.65000152587890,117.54000091552734,116.08000183105469,116.77999877929688,23896000,108.97169494628906
2016-08-29,116.80999755859375,117.25000000000000,116.79000091552734,116.94000244140625,11184900,109.12097930908203
2016-08-30,116.75000000000000,117.08999633789062,116.16000366210938,116.55999755859375,19843300,108.76638031005860
2016-08-31,116.37999725341797,116.55999755859375,115.94999694824219,116.44000244140625,16169800,108.65443420410156
2016-09-01,116.48000335693360,116.87999725341797,115.91000366210938,116.73999786376953,20944700,108.93434906005860
2016-09-02,117.31999969482422,117.55999755859375,116.68000030517578,117.12000274658203,18088200,109.28895568847656
2016-09-06,117.31999969482422,117.84999847412110,117.05999755859375,117.84999847412110,18525200,109.97015380859375
2016-09-07,117.95999908447266,118.12000274658203,117.47000122070312,117.91999816894531,17546900,110.03546905517578
2016-09-08,117.56999969482422,117.59999847412110,116.91999816894531,117.23000335693360,20125300,109.39160156250000
2016-09-09,116.25000000000000,116.51000213623047,114.26000213623047,114.27999877929688,50813300,106.63883209228516
2016-09-12,113.63999938964844,116.48999786376953,113.62999725341797,116.33000183105469,39646000,108.55177307128906
2016-09-13,115.75000000000000,116.08999633789062,114.73000335693360,115.29000091552734,45863900,107.58132934570312
2016-09-14,115.41000366210938,116.47000122070312,115.37999725341797,115.83999633789062,28221800,108.09453582763672
2016-09-15,115.87000274658203,117.81999969482422,115.86000061035156,117.63999938964844,38521400,109.77420043945312
2016-09-16,117.22000122070312,117.41000366210938,116.70999908447266,117.29000091552734,27596500,109.72180938720703
2016-09-19,117.58999633789062,117.94999694824219,116.55000305175781,116.77999877929688,16222900,109.24471282958984
2016-09-20,117.19999694824219,117.48000335693360,116.80000305175781,117.00000000000000,18078600,109.45051574707031
2016-09-21,117.50000000000000,118.31999969482422,116.80999755859375,118.15000152587890,31546800,110.52632904052734
2016-09-22,118.83999633789062,119.22000122070312,118.72000122070312,119.08999633789062,22614400,111.40564727783203
2016-09-23,119.00000000000000,119.00000000000000,118.16000366210938,118.33000183105469,22213400,110.69470214843750
2016-09-26,117.66000366210938,117.80000305175781,117.16999816894531,117.33999633789062,16403900,109.76856994628906
2016-09-27,117.26000213623047,118.55999755859375,117.15000152587890,118.50000000000000,20238400,110.85371398925781
2016-09-28,118.65000152587890,118.76999664306640,118.08999633789062,118.69999694824219,14794300,111.04080963134766
2016-09-29,118.50000000000000,118.72000122070312,117.33000183105469,117.83999633789062,27207500,110.23632049560547
2016-09-30,118.15000152587890,119.06999969482422,118.02999877929688,118.72000122070312,25543200,111.05952453613281
2016-10-03,118.56999969482422,118.69999694824219,118.08999633789062,118.55000305175781,19216400,110.90051269531250
2016-10-04,118.90000152587890,119.16000366210938,117.91999816894531,118.37000274658203,21239700,110.73211669921875
2016-10-05,118.72000122070312,119.16999816894531,118.66999816894531,118.79000091552734,14481300,111.12501525878906
2016-10-06,118.63999938964844,118.98000335693360,118.15000152587890,118.73000335693360,11987100,111.06888580322266
2016-10-07,118.83999633789062,119.01000213623047,117.88999938964844,118.47000122070312,19984200,110.82568359375000
2016-10-10,119.08000183105469,119.48000335693360,119.02999877929688,119.22000122070312,19687300,111.52726745605469
2016-10-11,119.12000274658203,119.13999938964844,117.00000000000000,117.51999664306640,27774400,109.93695831298828
2016-10-12,117.62999725341797,117.81999969482422,117.05999755859375,117.41999816894531,14267800,109.84340667724610
2016-10-13,116.62000274658203,117.31999969482422,115.94000244140625,117.00000000000000,22821000,109.45051574707031
2016-10-14,117.58000183105469,118.05000305175781,117.06999969482422,117.13999938964844,21313300,109.58148956298828
2016-10-17,117.04000091552734,117.30000305175781,116.66999816894531,116.81999969482422,14182700,109.28213500976562
2016-10-18,118.20999908447266,118.41000366210938,117.80000305175781,117.86000061035156,19276700,110.25502014160156
2016-10-19,117.76999664306640,118.01999664306640,117.63999938964844,117.84999847412110,13702900,110.24567413330078
2016-10-20,117.73000335693360,117.97000122070312,117.02999877929688,117.70999908447266,18132200,110.11470031738281
2016-10-21,117.80000305175781,118.22000122070312,117.41000366210938,118.15000152587890,15707800,110.52632904052734
2016-10-24,118.91000366210938,119.65000152587890,118.88999938964844,119.56999969482422,19143000,111.85466766357422
2016-10-25,119.63999938964844,119.66000366210938,119.01000213623047,119.19000244140625,20341800,111.49919128417969
2016-10-26,118.41999816894531,119.02999877929688,118.02999877929688,118.37999725341797,20463700,110.74147796630860
2016-10-27,118.88999938964844,118.98999786376953,117.66999816894531,117.83999633789062,19099800,110.23632049560547
2016-10-28,117.50000000000000,118.11000061035156,116.73999786376953,117.09999847412110,35369300,109.54405975341797
2016-10-31,117.52999877929688,117.52999877929688,116.93000030517578,116.98999786376953,18749400,109.44117736816406
2016-11-01,117.19000244140625,117.20999908447266,115.09999847412110,116.11000061035156,23498700,108.61796569824219
2016-11-02,116.02999877929688,116.30000305175781,114.88999938964844,115.18000030517578,26960100,107.74797058105469
2016-11-03,114.98999786376953,115.37000274658203,113.91999816894531,114.05000305175781,36205200,106.69088745117188
2016-11-04,113.76999664306640,114.54000091552734,113.44999694824219,113.65000152587890,26997500,106.31668090820312
2016-11-07,115.48999786376953,116.47000122070312,115.30000305175781,116.34999847412110,26591200,108.84243774414062
2016-11-08,116.23000335693360,117.63999938964844,115.95999908447266,117.11000061035156,20777900,109.55342102050781
2016-11-09,115.73999786376953,117.83999633789062,115.59999847412110,117.65000152587890,70234400,110.05857849121094
2016-11-10,118.22000122070312,118.37999725341797,114.19999694824219,115.75000000000000,72825400,108.28118896484375
2016-11-11,115.25000000000000,116.05000305175781,114.83999633789062,115.80000305175781,41115200,108.32796478271484
2016-11-14,115.83000183105469,115.94000244140625,114.02999877929688,114.62999725341797,35906000,107.23344421386719
2016-11-15,115.50000000000000,116.62000274658203,115.33000183105469,116.22000122070312,31796600,108.72083282470703
2016-11-16,115.66999816894531,116.98999786376953,115.66999816894531,116.91000366210938,16538100,109.36633300781250
2016-11-17,116.84999847412110,117.77999877929688,116.61000061035156,117.76000213623047,20598600,110.16149139404297
2016-11-18,117.90000152587890,118.09999847412110,117.20999908447266,117.31999969482422,16428700,109.74985504150390
2016-11-21,117.61000061035156,118.65000152587890,117.56999969482422,118.54000091552734,20268500,110.89115905761719
2016-11-22,119.01000213623047,119.19000244140625,118.61000061035156,118.90000152587890,18850600,111.22792816162110
2016-11-23,118.51000213623047,118.63999938964844,117.90000152587890,118.41999816894531,22926000,110.77887725830078
2016-11-25,118.55999755859375,118.84999847412110,118.41999816894531,118.80000305175781,7162800,111.13439178466797
2016-11-28,118.65000152587890,119.08000183105469,118.41000366210938,118.52999877929688,13479000,110.88178253173828
2016-11-29,118.63999938964844,119.51000213623047,118.30000305175781,118.94000244140625,18553000,111.26532745361328
2016-11-30,119.08999633789062,119.12999725341797,117.45999908447266,117.50000000000000,30405300,109.91823577880860
2016-12-01,117.45999908447266,117.47000122070312,115.29000091552734,115.47000122070312,39796600,108.01922607421875
2016-12-02,115.54000091552734,116.16000366210938,115.22000122070312,115.69999694824219,32876800,108.23439025878906
2016-12-05,116.30000305175781,117.05999755859375,115.76999664306640,116.59999847412110,21419700,109.07632446289062
2016-12-06,116.93000030517578,117.08000183105469,116.38999938964844,116.87999725341797,27293300,109.33825683593750
2016-12-07,116.63999938964844,118.51000213623047,116.29000091552734,118.36000061035156,26622400,110.72277069091797
2016-12-08,118.41000366210938,118.87000274658203,118.18000030517578,118.56999969482422,18578400,110.91918945312500
2016-12-09,119.01000213623047,119.54000091552734,119.00000000000000,119.50000000000000,21863100,111.78919982910156
2016-12-12,118.97000122070312,119.20999908447266,118.47000122070312,118.95999908447266,23259300,111.28405761718750
2016-12-13,119.31999969482422,121.11000061035156,119.31999969482422,120.45999908447266,54477900,112.68725585937500
2016-12-14,120.61000061035156,121.00000000000000,119.86000061035156,120.20999908447266,28746000,112.45336914062500
2016-12-15,120.37000274658203,121.11000061035156,120.08000183105469,120.40000152587890,22762300,112.63111877441406
2016-12-16,120.33999633789062,120.58000183105469,119.36000061035156,119.59999847412110,26283900,112.21362304687500
2016-12-19,119.72000122070312,120.83000183105469,119.55000305175781,120.08999633789062,21138700,112.67334747314453
2016-12-20,120.47000122070312,120.76999664306640,120.33000183105469,120.55000305175781,11461800,113.10494232177734
2016-12-21,120.59999847412110,120.68000030517578,120.19000244140625,120.45999908447266,7079300,113.02048492431640
2016-12-22,120.47000122070312,120.50000000000000,119.65000152587890,120.12000274658203,16645000,112.70149230957031
2016-12-23,119.91999816894531,120.25000000000000,119.80999755859375,120.19999694824219,9007500,112.77655792236328
2016-12-27,120.45999908447266,121.51999664306640,120.41000366210938,120.81999969482422,16110600,113.35825347900390
2016-12-28,121.08000183105469,121.19000244140625,119.80000305175781,119.87999725341797,17975200,112.47630310058594
2016-12-29,119.84999847412110,120.12999725341797,119.33000183105469,119.70999908447266,13267500,112.31682586669922
2016-12-30,119.94000244140625,119.94999694824219,118.13999938964844,118.48000335693360,41749000,111.16277313232422
2017-01-03,119.26999664306640,119.98999786376953,118.88999938964844,119.54000091552734,22307600,112.15732574462890
2017-01-04,119.66999816894531,120.41000366210938,119.66000366210938,120.19000244140625,19749100,112.76716613769531
2017-01-05,120.09999847412110,120.94999694824219,120.09999847412110,120.87000274658203,20644300,113.40515899658203
2017-01-06,121.00000000000000,122.25000000000000,120.69000244140625,121.93000030517578,24074300,114.39973449707031
2017-01-09,122.02999877929688,122.55000305175781,121.94999694824219,122.33000183105469,18909200,114.77501678466797
2017-01-10,122.37999725341797,122.97000122070312,122.09999847412110,122.59999847412110,16176600,115.02834320068360
2017-01-11,122.65000152587890,122.93000030517578,122.01999664306640,122.93000030517578,20686000,115.33794403076172
2017-01-12,122.48999786376953,122.81999969482422,121.59999847412110,122.73999786376953,19622500,115.15968322753906
2017-01-13,122.80000305175781,123.37000274658203,122.80000305175781,123.16000366210938,16930800,115.55373382568360
2017-01-17,122.83999633789062,123.02999877929688,122.43000030517578,122.79000091552734,14538500,115.20661163330078
2017-01-18,122.97000122070312,123.16000366210938,122.66000366210938,123.04000091552734,12499700,115.44116973876953
2017-01-19,123.22000122070312,123.65000152587890,122.72000122070312,122.98000335693360,12710700,115.38487243652344
2017-01-20,123.51999664306640,123.83000183105469,122.91999816894531,123.25000000000000,22091000,115.63821411132812
2017-01-23,123.16999816894531,123.52999877929688,122.56999969482422,123.34999847412110,17434200,115.73201751708984
2017-01-24,123.58999633789062,124.37000274658203,123.37999725341797,124.18000030517578,17640900,116.51075744628906
2017-01-25,124.95999908447266,125.45999908447266,124.84999847412110,125.43000030517578,15036200,117.68358612060547
2017-01-26,125.59999847412110,125.81999969482422,125.33999633789062,125.55999755859375,16052200,117.80554199218750
2017-01-27,125.83000183105469,125.91999816894531,125.38999938964844,125.80000305175781,15053000,118.03070068359375
2017-01-30,125.37999725341797,125.37999725341797,124.12999725341797,124.81999969482422,25006700,117.11122894287110
2017-01-31,124.37999725341797,124.59999847412110,123.84999847412110,124.56999969482422,19091100,116.87668609619140
2017-02-01,125.44999694824219,125.68000030517578,124.86000061035156,125.43000030517578,22861900,117.68358612060547
2017-02-02,125.20999908447266,125.69999694824219,124.86000061035156,125.31999969482422,15101400,117.58033752441406
2017-02-03,125.44999694824219,125.80999755859375,125.33000183105469,125.68000030517578,16957200,117.91812133789062
2017-02-06,125.47000122070312,125.84999847412110,125.34999847412110,125.83000183105469,11630100,118.05883789062500
2017-02-07,126.08999633789062,126.55000305175781,125.97000122070312,126.29000091552734,17541100,118.49044799804688
2017-02-08,126.12000274658203,126.68000030517578,125.87999725341797,126.50000000000000,12569100,118.68747711181640
2017-02-09,126.62999725341797,127.23999786376953,126.55999755859375,126.95999908447266,17542700,119.11906433105469
2017-02-10,127.23999786376953,127.55999755859375,127.01999664306640,127.37999725341797,13915700,119.51312255859375
2017-02-13,127.76999664306640,128.25999450683594,127.72000122070312,128.10000610351562,19120200,120.18867492675781
2017-02-14,128.14999389648438,128.53999328613280,127.73999786376953,128.52999877929688,16333500,120.59210205078125
2017-02-15,128.44000244140625,129.35000610351562,128.36999511718750,129.28999328613280,17891400,121.30515289306640
2017-02-16,129.36999511718750,129.63000488281250,128.91999816894530,129.25000000000000,15098300,121.26763153076172
2017-02-17,129.05999755859375,129.82000732421875,129.03999328613280,129.80999755859375,15563700,121.79302978515625
2017-02-21,130.05999755859375,130.52999877929688,129.99000549316406,130.44999694824220,18479600,122.39355468750000
2017-02-22,130.33000183105470,130.58999633789062,130.11000061035156,130.50000000000000,12110900,122.44040679931640
2017-02-23,130.69999694824220,130.69999694824220,129.49000549316406,130.00999450683594,17489000,121.98070526123047
2017-02-24,129.41999816894530,130.25999450683594,129.38000488281250,130.25999450683594,18624500,122.21524810791016
2017-02-27,130.02000427246094,130.42999267578125,129.80000305175780,130.41999816894530,12008700,122.36539459228516
2017-02-28,130.38999938964844,130.44999694824220,129.66000366210938,130.02000427246094,16598600,121.99010467529297
2017-03-01,130.85000610351562,131.67999267578125,130.60000610351562,131.44000244140625,25813800,123.32241058349610
2017-03-02,131.41000366210938,131.42999267578125,130.61999511718750,130.77999877929688,19951400,122.70313262939453
2017-03-03,130.69000244140625,131.05999755859375,130.33999633789062,131.02000427246094,13722700,122.92830657958984
2017-03-06,130.58999633789062,130.94999694824220,130.21000671386720,130.72999572753906,12026200,122.65621948242188
2017-03-07,130.47000122070312,131.08000183105470,130.27999877929688,130.50999450683594,15500900,122.44979095458984
2017-03-08,130.58999633789062,131.14999389648438,130.46000671386720,130.74000549316406,15776000,122.66562652587890
2017-03-09,130.71000671386720,131.02000427246094,130.13999938964844,130.83999633789062,20855300,122.75944519042969
2017-03-10,131.44000244140625,131.60000610351562,130.82000732421875,131.38999938964844,21922600,123.27547454833984
2017-03-13,131.33999633789062,131.63999938964844,131.27000427246094,131.61000061035156,10731600,123.48187255859375
2017-03-14,131.30999755859375,131.36000061035156,130.75999450683594,131.28999328613280,14019700,123.18164825439453
2017-03-15,131.55999755859375,132.41000366210938,131.13999938964844,132.10000610351562,22709100,123.94164276123047
2017-03-16,132.35000610351562,132.35000610351562,131.71000671386720,132.00999450683594,18457300,123.85715484619140
2017-03-17,131.89999389648438,132.03999328613280,131.61999511718750,131.69000244140625,21234500,123.81393432617188
2017-03-20,131.64999389648438,132.11000061035156,131.46000671386720,131.80999755859375,10105200,123.92675781250000
2017-03-21,132.30999755859375,132.42999267578125,129.72999572753906,129.80999755859375,35841900,122.04637145996094
2017-03-22,129.85000610351562,130.82000732421875,129.67999267578125,130.69000244140625,29177900,122.87377166748047
2017-03-23,130.52000427246094,130.88000488281250,130.13999938964844,130.36000061035156,20311700,122.56348419189453
2017-03-24,130.77999877929688,131.28999328613280,130.13000488281250,130.63000488281250,22967600,122.81732940673828
2017-03-27,129.69999694824220,131.07000732421875,129.39999389648438,130.83999633789062,18472400,123.01476287841797
2017-03-28,130.83999633789062,132.02999877929688,130.55000305175780,131.63999938964844,23721900,123.76691436767578
2017-03-29,131.72999572753906,132.30000305175780,131.58999633789062,132.25000000000000,13710000,124.34047698974610
2017-03-30,132.19999694824220,132.61000061035156,132.08000183105470,132.47000122070312,16092400,124.54730987548828
2017-03-31,132.27999877929688,132.74000549316406,132.13000488281250,132.38000488281250,19841400,124.46262359619140
2017-04-03,132.49000549316406,132.80999755859375,131.55999755859375,132.30000305175780,23700300,124.38743591308594
2017-04-04,131.91999816894530,132.52999877929688,131.86999511718750,132.50999450683594,13400000,124.58489990234375
2017-04-05,132.69999694824220,133.47999572753906,131.72000122070312,131.97000122070312,32011200,124.07719421386719
2017-04-06,132.10000610351562,132.38999938964844,131.69999694824220,132.03999328613280,18832200,124.14301300048828
2017-04-07,132.00000000000000,132.36999511718750,131.50000000000000,131.97000122070312,16743100,124.07719421386719
2017-04-10,132.10000610351562,132.57000732421875,131.66000366210938,132.02000427246094,15619300,124.12420654296875
2017-04-11,131.89999389648438,132.10000610351562,130.50000000000000,131.44999694824220,33778400,123.58830261230469
2017-04-12,131.42999267578125,131.53999328613280,130.77999877929688,130.91999816894530,15955200,123.08998870849610
2017-04-13,130.74000549316406,131.50999450683594,130.38000488281250,130.39999389648438,23683000,122.60105133056640
2017-04-17,130.77000427246094,131.50000000000000,130.72000122070312,131.47999572753906,13325500,123.61646270751953
2017-04-18,131.03999328613280,131.66000366210938,130.94999694824220,131.27999877929688,12841100,123.42848205566406
2017-04-19,131.85000610351562,132.28999328613280,131.30999755859375,131.49000549316406,17764800,123.62590789794922
2017-04-20,132.02000427246094,132.88000488281250,131.82000732421875,132.58999633789062,21977900,124.66014862060547
2017-04-21,132.71000671386720,132.75999450683594,132.22000122070312,132.55999755859375,22454900,124.63189697265625
2017-04-24,134.02999877929688,134.28999328613280,133.80000305175780,134.16000366210938,22469900,126.13623809814453
2017-04-25,134.60000610351562,135.36999511718750,134.47999572753906,135.13000488281250,19384400,127.04824066162110
2017-04-26,135.17999267578125,135.50999450683594,134.86000061035156,134.94000244140625,25398500,126.86956024169922
2017-04-27,135.27000427246094,135.75000000000000,135.19000244140625,135.75000000000000,16136500,127.63111877441406
2017-04-28,136.28999328613280,136.33999633789062,135.77000427246094,135.99000549316406,22771900,127.85674285888672
2017-05-01,136.44000244140625,137.38000488281250,136.38000488281250,137.19999694824220,24815500,128.99443054199220
2017-05-02,137.36999511718750,137.49000549316406,137.02000427246094,137.42999267578125,18345100,129.21066284179688
2017-05-03,137.11999511718750,137.16999816894530,136.61999511718750,136.99000549316406,23827600,128.79696655273438
2017-05-04,136.97000122070312,137.42999267578125,136.55999755859375,137.03999328613280,14630100,128.84396362304688
2017-05-05,137.38999938964844,137.53999328613280,136.88000488281250,137.53999328613280,19330700,129.31401062011720
2017-05-08,137.61000061035156,137.83999633789062,137.33000183105470,137.83999633789062,13279900,129.59613037109375
2017-05-09,138.05000305175780,138.63000488281250,137.92999267578125,138.32000732421875,28426100,130.04737854003906
2017-05-10,138.39999389648438,138.44999694824220,137.91000366210938,138.39999389648438,20499400,130.12263488769530
2017-05-11,138.02000427246094,138.33000183105470,137.38000488281250,138.28999328613280,27232100,130.01916503906250
2017-05-12,138.35000610351562,138.63000488281250,138.22999572753906,138.60000610351562,19738600,130.31068420410156
2017-05-15,138.66000366210938,139.11999511718750,138.52999877929688,139.03999328613280,20481300,130.72434997558594
2017-05-16,139.39999389648438,139.63999938964844,138.99000549316406,139.61999511718750,21786000,131.26965332031250
2017-05-17,138.50999450683594,138.77000427246094,136.05000305175780,136.07000732421875,55642200,127.93199157714844
2017-05-18,136.02000427246094,137.72000122070312,135.86999511718750,137.25999450683594,41319900,129.05081176757812
2017-05-19,137.75000000000000,138.41999816894530,137.66000366210938,137.83999633789062,36730100,129.59613037109375
2017-05-22,138.14999389648438,139.07000732421875,138.10000610351562,139.00000000000000,19509700,130.68672180175780
2017-05-23,139.41000366210938,139.41999816894530,138.77999877929688,139.13999938964844,19687500,130.81835937500000
2017-05-24,139.55999755859375,139.85000610351562,139.16999816894530,139.77999877929688,15891900,131.42004394531250
2017-05-25,140.30999755859375,141.33000183105470,140.00999450683594,140.97000122070312,23928600,132.53892517089844
2017-05-26,141.00000000000000,141.27999877929688,140.80999755859375,141.22000122070312,13851600,132.77398681640625
2017-05-30,141.14999389648438,141.50999450683594,141.05999755859375,141.33999633789062,20306400,132.88682556152344
2017-05-31,141.83999633789062,141.83999633789062,140.57000732421875,141.28999328613280,33229400,132.83975219726562
2017-06-01,141.58000183105470,141.89999389648438,140.97999572753906,141.83999633789062,20120700,133.35691833496094
2017-06-02,142.33999633789062,143.49000549316406,142.11000061035156,143.46000671386720,37222900,134.88000488281250
2017-06-05,143.44999694824220,143.67999267578125,143.22999572753906,143.42999267578125,15727500,134.85180664062500
2017-06-06,143.25999450683594,143.72999572753906,142.64999389648438,142.86000061035156,22393000,134.31590270996094
2017-06-07,143.25999450683594,143.53999328613280,142.60000610351562,143.41999816894530,18842400,134.84242248535156
2017-06-08,143.74000549316406,143.80000305175780,142.78999328613280,143.57000732421875,25417400,134.98345947265625
2017-06-09,143.74000549316406,143.89999389648438,138.11000061035156,139.97999572753906,109783700,131.60813903808594
2017-06-12,138.80000305175780,139.47999572753906,137.47000122070312,139.22999572753906,104454000,130.90295410156250
2017-06-13,140.00999450683594,140.55999755859375,139.27999877929688,140.36000061035156,51193000,131.96536254882812
2017-06-14,140.92999267578125,140.92999267578125,138.61999511718750,139.75000000000000,60093800,131.39187622070312
2017-06-15,138.33999633789062,139.27999877929688,137.49000549316406,139.13000488281250,55145200,130.80899047851562
2017-06-16,138.67999267578125,138.77999877929688,137.63999938964844,138.14999389648438,48087400,130.24142456054688
2017-06-19,139.49000549316406,140.58999633789062,139.27999877929688,140.46000671386720,39626500,132.41920471191406
2017-06-20,140.32000732421875,140.50000000000000,139.30999755859375,139.36000061035156,40935100,131.38220214843750
2017-06-21,139.67999267578125,140.80999755859375,139.58999633789062,140.74000549316406,35743400,132.68316650390625
2017-06-22,140.96000671386720,141.22000122070312,140.33999633789062,140.69999694824220,24099100,132.64543151855470
2017-06-23,140.53999328613280,141.41999816894530,140.14999389648438,141.24000549316406,21654300,133.15458679199220
2017-06-26,142.05000305175780,142.28999328613280,140.27000427246094,140.58000183105470,34411100,132.53230285644530
2017-06-27,140.05000305175780,140.22000122070312,138.02000427246094,138.02999877929688,65957800,130.12829589843750
2017-06-28,138.53999328613280,140.13999938964844,137.74000549316406,140.02000427246094,57427200,132.00439453125000
2017-06-29,139.44000244140625,139.44000244140625,136.25000000000000,137.58999633789062,88769400,129.71348571777344
2017-06-30,137.97999572753906,138.66999816894530,137.19000244140625,137.63999938964844,68898300,129.76054382324220
2017-07-03,138.27000427246094,138.42999267578125,136.10000610351562,136.19000244140625,32797000,128.39369201660156
2017-07-05,136.61999511718750,137.89999389648438,136.16000366210938,137.52999877929688,42116600,129.65689086914062
2017-07-06,136.47999572753906,137.05999755859375,135.80000305175780,136.28999328613280,48430500,128.48794555664062
2017-07-07,136.75000000000000,138.13000488281250,136.74000549316406,137.75999450683594,36970400,129.87371826171875
2017-07-10,137.85000610351562,138.99000549316406,137.50000000000000,138.66000366210938,24853500,130.72225952148438
2017-07-11,138.46000671386720,139.22000122070312,137.94000244140625,139.05000305175780,31517700,131.08992004394530
2017-07-12,140.24000549316406,140.86000061035156,139.96000671386720,140.69999694824220,36045800,132.64543151855470
2017-07-13,140.86999511718750,141.35000610351562,140.60000610351562,141.00999450683594,31073600,132.93768310546875
2017-07-14,141.63999938964844,142.30000305175780,141.19000244140625,142.11999511718750,34544800,133.98413085937500
2017-07-17,142.27000427246094,142.69000244140625,141.91999816894530,142.19000244140625,25343200,134.05014038085938
2017-07-18,142.08999633789062,143.16999816894530,141.63999938964844,143.13999938964844,25748500,134.94572448730470
2017-07-19,143.55999755859375,144.19000244140625,143.50000000000000,143.97999572753906,33752300,135.73765563964844
2017-07-20,144.35000610351562,144.44000244140625,143.52000427246094,144.16999816894530,36139400,135.91680908203125
2017-07-21,143.63999938964844,144.11000061035156,143.35000610351562,144.11000061035156,39697100,135.86021423339844
2017-07-24,144.08999633789062,144.86999511718750,143.91999816894530,144.77000427246094,26712700,136.48252868652344
2017-07-25,144.28999328613280,144.74000549316406,144.00999450683594,144.39999389648438,28120900,136.13365173339844
2017-07-26,144.75999450683594,144.94999694824220,144.52999877929688,144.86999511718750,18610600,136.57672119140625
2017-07-27,145.82000732421875,145.96000671386720,142.30000305175780,143.96000671386720,80665900,135.71885681152344
2017-07-28,143.10000610351562,144.08000183105470,142.86999511718750,143.83999633789062,38013200,135.60569763183594
2017-07-31,144.25000000000000,144.42999267578125,142.91999816894530,143.22999572753906,33848600,135.03060913085938
2017-08-01,143.72000122070312,143.75999450683594,143.11999511718750,143.55999755859375,20149400,135.34176635742188
2017-08-02,144.49000549316406,144.52000427246094,142.61000061035156,143.94999694824220,41769700,135.70942687988280
2017-08-03,144.08999633789062,144.16999816894530,143.13000488281250,143.38999938964844,27112800,135.18144226074220
2017-08-04,143.71000671386720,143.97000122070312,143.05999755859375,143.64999389648438,29472900,135.42655944824220
2017-08-07,143.91000366210938,144.55999755859375,143.71000671386720,144.55999755859375,17933900,136.28451538085938
2017-08-08,144.27999877929688,145.47000122070312,143.89999389648438,144.30999755859375,30810400,136.04881286621094
2017-08-09,143.11999511718750,144.19000244140625,142.78999328613280,144.11999511718750,36169500,135.86970520019530
2017-08-10,143.30000305175780,143.39999389648438,140.88999938964844,141.02999877929688,63331700,132.95655822753906
2017-08-11,141.22000122070312,142.41000366210938,140.89999389648438,142.10000610351562,45862500,133.96533203125000
2017-08-14,143.22999572753906,144.14999389648438,143.19000244140625,143.92999267578125,34161000,135.69058227539062
2017-08-15,144.28999328613280,144.30000305175780,143.63999938964844,144.02999877929688,25509200,135.78482055664062
2017-08-16,144.38999938964844,144.96000671386720,143.80000305175780,144.27999877929688,31913000,136.02047729492188
2017-08-17,143.72000122070312,143.94000244140625,141.33000183105470,141.33000183105470,70191000,133.23941040039062
2017-08-18,141.41000366210938,142.19999694824220,140.64999389648438,141.22999572753906,60751900,133.14508056640625
2017-08-21,141.22000122070312,141.52999877929688,140.17999267578125,141.05000305175780,37111500,132.97538757324220
2017-08-22,141.80999755859375,143.35000610351562,141.75999450683594,143.19999694824220,36294200,135.00230407714844
2017-08-23,142.47999572753906,143.00999450683594,142.38000488281250,142.69000244140625,25702300,134.52153015136720
2017-08-24,143.00999450683594,143.16999816894530,141.47000122070312,142.27000427246094,38160800,134.12559509277344
2017-08-25,142.82000732421875,143.17999267578125,141.77999877929688,141.97000122070312,26380400,133.84275817871094
2017-08-28,142.39999389648438,142.74000549316406,141.94999694824220,142.41000366210938,15362100,134.25759887695312
2017-08-29,141.19000244140625,143.21000671386720,141.05999755859375,142.97000122070312,24498300,134.78550720214844
2017-08-30,143.08999633789062,144.88999938964844,143.00000000000000,144.64999389648438,33642700,136.36927795410156
2017-08-31,145.05999755859375,146.21000671386720,144.97999572753906,146.19999694824220,38480700,137.83055114746094
2017-09-01,146.38999938964844,146.58999633789062,145.61000061035156,146.00000000000000,22293600,137.64205932617188
2017-09-05,145.57000732421875,145.88000488281250,143.60000610351562,144.69000244140625,44794300,136.40704345703125
2017-09-06,145.05999755859375,145.46000671386720,144.08000183105470,145.13000488281250,30722700,136.82182312011720
2017-09-07,145.39999389648438,145.83999633789062,144.94000244140625,145.47000122070312,22721100,137.14244079589844
2017-09-08,145.27999877929688,145.35000610351562,144.05999755859375,144.21000671386720,27890100,135.95454406738280
2017-09-11,145.33999633789062,146.11999511718750,145.30000305175780,145.86999511718750,27126300,137.51947021484375
2017-09-12,146.27999877929688,146.41000366210938,145.52999877929688,146.22000122070312,30256700,137.84942626953125
2017-09-13,145.97000122070312,146.44000244140625,145.72999572753906,146.41999816894530,28450900,138.03796386718750
2017-09-14,145.85000610351562,146.28999328613280,145.47000122070312,145.55999755859375,35296400,137.22721862792970
2017-09-15,145.52999877929688,146.58999633789062,145.28999328613280,146.05999755859375,46422400,137.69859313964844
2017-09-18,145.91000366210938,146.36999511718750,145.11000061035156,145.55000305175780,24858200,137.51812744140625
2017-09-19,145.80999755859375,146.00999450683594,145.30999755859375,145.80000305175780,20871200,137.75431823730470
2017-09-20,145.75000000000000,145.91000366210938,144.22999572753906,145.35000610351562,34236200,137.32919311523438
2017-09-21,145.25000000000000,145.25999450683594,143.94999694824220,144.46000671386720,28841800,136.48835754394530
2017-09-22,144.00000000000000,144.52999877929688,143.85000610351562,144.32000732421875,21702400,136.35600280761720
2017-09-25,143.75000000000000,143.83000183105470,142.10000610351562,142.80000305175780,54947700,134.91990661621094
2017-09-26,143.52999877929688,143.80000305175780,142.66999816894530,143.16999816894530,29628800,135.26948547363280
2017-09-27,143.92999267578125,145.00000000000000,143.57000732421875,144.46000671386720,33249400,136.48835754394530
2017-09-28,144.11000061035156,144.55999755859375,143.77999877929688,144.41000366210938,24149400,136.44102478027344
2017-09-29,144.69999694824220,145.55999755859375,144.32000732421875,145.44999694824220,43102400,137.42364501953125
2017-10-02,145.66999816894530,146.16999816894530,144.92999267578125,145.58000183105470,27351300,137.54652404785156
2017-10-03,145.77000427246094,146.05999755859375,145.44999694824220,145.88999938964844,19715200,137.83941650390625
2017-10-04,145.61000061035156,146.33999633789062,145.47000122070312,146.02999877929688,26381100,137.97167968750000
2017-10-05,146.55999755859375,147.53999328613280,146.41000366210938,147.46000671386720,31562400,139.32278442382812
2017-10-06,146.96000671386720,147.66000366210938,146.96000671386720,147.66000366210938,23561100,139.51171875000000
2017-10-09,147.85000610351562,148.00999450683594,147.30000305175780,147.49000549316406,13704800,139.35108947753906
2017-10-10,147.99000549316406,148.13999938964844,146.94999694824220,147.60000610351562,19223100,139.45509338378906
2017-10-11,147.52999877929688,148.07000732421875,147.33999633789062,148.03999328613280,12439100,139.87071228027344
2017-10-12,147.82000732421875,148.35000610351562,147.61999511718750,147.77000427246094,14513500,139.61567687988280
2017-10-13,148.36999511718750,148.50999450683594,147.77999877929688,148.33999633789062,18409900,140.15415954589844
2017-10-16,148.71000671386720,148.88999938964844,148.38999938964844,148.85000610351562,21809400,140.63609313964844
2017-10-17,148.80000305175780,149.05999755859375,148.57000732421875,149.03999328613280,13138200,140.81558227539062
2017-10-18,149.19000244140625,149.21000671386720,148.63999938964844,148.86000061035156,17218200,140.64550781250000
2017-10-19,147.99000549316406,148.33000183105470,147.27000427246094,148.30999755859375,27680300,140.12582397460938
2017-10-20,148.91000366210938,149.03999328613280,148.52999877929688,148.71000671386720,30173300,140.50379943847656
2017-10-23,149.02000427246094,149.02999877929688,147.52999877929688,147.74000549316406,29297100,139.58731079101562
2017-10-24,148.02999877929688,148.30000305175780,147.44000244140625,147.99000549316406,20289500,139.82351684570312
2017-10-25,147.69999694824220,148.17999267578125,146.33000183105470,147.42999267578125,36179100,139.29438781738280
2017-10-26,147.33999633789062,147.71000671386720,146.91999816894530,146.96000671386720,28230200,138.85029602050780
2017-10-27,149.42999267578125,151.52000427246094,149.19999694824220,151.24000549316406,60165100,142.89416503906250
2017-10-30,151.13000488281250,152.19000244140625,150.99000549316406,151.58000183105470,31733400,143.21542358398438
2017-10-31,152.07000732421875,152.36999511718750,151.63000488281250,152.14999389648438,26319300,143.75392150878906
2017-11-01,152.75999450683594,152.83000183105470,151.50000000000000,152.10000610351562,29481600,143.70671081542970
2017-11-02,151.92999267578125,151.99000549316406,150.77000427246094,151.80999755859375,31017400,143.43273925781250
2017-11-03,152.36000061035156,153.28999328613280,151.83999633789062,153.27000427246094,26199200,144.81219482421875
2017-11-06,153.14999389648438,153.85000610351562,153.10000610351562,153.78999328613280,28693900,145.30343627929688
2017-11-07,153.66999816894530,154.08000183105470,153.33999633789062,153.88000488281250,21333100,145.38847351074220
2017-11-08,153.80000305175780,154.53999328613280,153.61999511718750,154.50000000000000,17373500,145.97421264648438
2017-11-09,153.22999572753906,153.77000427246094,152.11000061035156,153.69000244140625,40594500,145.20896911621094
2017-11-10,153.33000183105470,153.80000305175780,153.05999755859375,153.67999267578125,20150800,145.19952392578125
2017-11-13,153.10000610351562,154.07000732421875,153.10000610351562,153.86999511718750,12522400,145.37904357910156
2017-11-14,153.33000183105470,153.50000000000000,152.57000732421875,153.30999755859375,25173800,144.84991455078125
2017-11-15,152.64999389648438,153.00000000000000,151.77999877929688,152.58999633789062,24808000,144.16967773437500
2017-11-16,153.36000061035156,154.88999938964844,153.33000183105470,154.53999328613280,34790600,146.01206970214844
2017-11-17,154.58000183105470,154.69000244140625,153.80000305175780,153.94999694824220,28725800,145.45458984375000
2017-11-20,154.05999755859375,154.19999694824220,153.61000061035156,153.83000183105470,21143900,145.34123229980470
2017-11-21,154.55999755859375,155.57000732421875,154.49000549316406,155.50000000000000,20147800,146.91909790039062
2017-11-22,155.63999938964844,155.83999633789062,155.33999633789062,155.69000244140625,17299000,147.09857177734375
2017-11-24,155.85000610351562,156.30999755859375,155.75999450683594,156.25999450683594,8280600,147.63717651367188
2017-11-27,156.21000671386720,156.55999755859375,155.83000183105470,156.19000244140625,22653400,147.57098388671875
2017-11-28,156.53999328613280,156.69000244140625,155.69999694824220,156.58999633789062,25227300,147.94889831542970
2017-11-29,156.41000366210938,156.44999694824220,153.11999511718750,153.86000061035156,71986300,145.36956787109375
2017-11-30,154.50999450683594,155.44999694824220,154.14999389648438,155.14999389648438,56595500,146.58839416503906
2017-12-01,154.19999694824220,155.24000549316406,152.25999450683594,154.49000549316406,59015800,145.96484375000000
2017-12-04,155.46000671386720,155.63000488281250,152.55999755859375,152.71000671386720,51319100,144.28302001953125
2017-12-05,152.67999267578125,154.55000305175780,152.10000610351562,152.80999755859375,40604200,144.37754821777344
2017-12-06,152.24000549316406,153.74000549316406,152.05999755859375,153.50000000000000,28647800,145.02944946289062
2017-12-07,153.49000549316406,154.46000671386720,153.33000183105470,154.02000427246094,32666200,145.52076721191406
2017-12-08,155.14999389648438,155.52999877929688,154.46000671386720,154.69999694824220,28081700,146.16325378417970
2017-12-11,154.77000427246094,155.94999694824220,154.75999450683594,155.89999389648438,20821500,147.29702758789062
2017-12-12,155.83000183105470,156.14999389648438,155.36000061035156,155.69000244140625,20310300,147.09857177734375
2017-12-13,156.32000732421875,156.49000549316406,155.75999450683594,155.99000549316406,24418500,147.38204956054688
2017-12-14,156.25999450683594,156.66000366210938,155.71000671386720,155.88000488281250,24594700,147.27810668945312
2017-12-15,156.49000549316406,157.82000732421875,156.22999572753906,157.64999389648438,49816200,148.95042419433594
2017-12-18,158.36000061035156,158.77000427246094,158.07000732421875,158.63999938964844,26844500,150.19926452636720
2017-12-19,158.33999633789062,158.50000000000000,157.25999450683594,157.69999694824220,31415000,149.30929565429688
2017-12-20,158.25000000000000,158.27999877929688,156.91000366210938,157.52999877929688,38972600,149.14830017089844
2017-12-21,157.75000000000000,158.25000000000000,157.36999511718750,157.55000305175780,18638700,149.16723632812500
2017-12-22,157.30999755859375,157.42999267578125,156.94999694824220,157.36999511718750,23330400,148.99682617187500
2017-12-26,156.49000549316406,156.72000122070312,155.94999694824220,156.52000427246094,21918700,148.19206237792970
2017-12-27,156.52999877929688,156.96000671386720,156.38999938964844,156.53999328613280,22388200,148.21099853515625
2017-12-28,157.03999328613280,157.07000732421875,156.53999328613280,156.72999572753906,25393800,148.39086914062500
2017-12-29,156.86999511718750,156.89999389648438,155.69999694824220,155.75999450683594,33186000,147.47250366210938
2018-01-02,156.55999755859375,158.52999877929688,156.16999816894530,158.49000549316406,32573300,150.05723571777344
2018-01-03,158.63999938964844,160.16999816894530,158.61000061035156,160.02999877929688,29383600,151.51530456542970
2018-01-04,160.58000183105470,160.78999328613280,160.08000183105470,160.30999755859375,24776100,151.78042602539062
2018-01-05,161.07000732421875,162.02999877929688,160.77000427246094,161.91999816894530,26992300,153.30476379394530
2018-01-08,161.91999816894530,162.63000488281250,161.86000061035156,162.55000305175780,23159100,153.90121459960938
2018-01-09,162.86999511718750,163.03999328613280,162.07000732421875,162.55999755859375,24782400,153.91069030761720
2018-01-10,161.83999633789062,162.21000671386720,161.11999511718750,162.17999267578125,34004000,153.55087280273438
2018-01-11,162.46000671386720,163.30000305175780,162.21000671386720,163.28999328613280,20473500,154.60180664062500
2018-01-12,163.14999389648438,164.66000366210938,162.94000244140625,164.49000549316406,37762700,155.73797607421875
2018-01-16,165.58000183105470,166.41999816894530,163.52999877929688,164.02000427246094,41231800,155.29299926757812
2018-01-17,164.80000305175780,166.03999328613280,164.00000000000000,165.78999328613280,33849900,156.96882629394530
2018-01-18,165.52999877929688,166.19999694824220,165.13999938964844,165.82000732421875,26432200,156.99723815917970
2018-01-19,166.30999755859375,166.61000061035156,165.53999328613280,166.33999633789062,38937600,157.48957824707030
2018-01-22,166.27999877929688,168.11999511718750,166.08999633789062,168.11999511718750,26081400,159.17486572265625
2018-01-23,168.63999938964844,169.66000366210938,168.55999755859375,169.50999450683594,37989700,160.49092102050780
2018-01-24,169.86999511718750,170.24000549316406,167.44000244140625,168.41000366210938,54287400,159.44943237304688
2018-01-25,169.57000732421875,169.63000488281250,167.80999755859375,168.35000610351562,28925000,159.39259338378906
2018-01-26,169.28999328613280,170.94999694824220,168.96000671386720,170.92999267578125,32038200,161.83531188964844
2018-01-29,170.57000732421875,170.91000366210938,169.74000549316406,170.10000610351562,37277800,161.04948425292970
2018-01-30,168.55000305175780,169.41999816894530,167.82000732421875,168.69999694824220,44987700,159.72402954101562
2018-01-31,169.64999389648438,169.99000549316406,168.33999633789062,169.39999389648438,42449200,160.38671875000000
2018-02-01,168.10000610351562,169.72999572753906,167.41999816894530,167.96000671386720,38037900,159.02337646484375
2018-02-02,167.30000305175780,167.69999694824220,164.47000122070312,164.61000061035156,68478100,155.85159301757812
2018-02-05,163.07000732421875,165.75000000000000,158.00000000000000,158.11999511718750,105372200,149.70690917968750
2018-02-06,155.80999755859375,162.50999450683594,155.10000610351562,162.30999755859375,118537900,153.67395019531250
2018-02-07,161.78999328613280,163.55000305175780,160.19999694824220,160.21000671386720,91028300,151.68574523925780
2018-02-08,160.61999511718750,160.80000305175780,153.44999694824220,153.44999694824220,94184800,145.28541564941406
2018-02-09,155.61999511718750,157.24000549316406,150.13000488281250,156.10000610351562,113836600,147.79441833496094
2018-02-12,157.69999694824220,159.94999694824220,156.46000671386720,158.86999511718750,63050600,150.41705322265625
2018-02-13,157.96000671386720,160.00999450683594,157.72000122070312,159.69000244140625,31785600,151.19340515136720
2018-02-14,158.75000000000000,162.92999267578125,158.00000000000000,162.67999267578125,52107400,154.02429199218750
2018-02-15,164.13999938964844,165.69999694824220,162.44000244140625,165.69999694824220,51633900,156.88365173339844
2018-02-16,165.16000366210938,166.75999450683594,164.67999267578125,164.96000671386720,62256300,156.18296813964844
2018-02-20,164.38000488281250,166.67999267578125,164.30999755859375,165.28999328613280,36785600,156.49545288085938
2018-02-21,166.10000610351562,167.72000122070312,164.72000122070312,164.82000732421875,41161800,156.05046081542970
2018-02-22,165.53999328613280,166.41999816894530,164.38000488281250,164.80000305175780,37074400,156.03150939941406
2018-02-23,166.13000488281250,168.16999816894530,165.44999694824220,168.16999816894530,50096900,159.22219848632812
2018-02-26,168.96000671386720,170.39999389648438,168.82000732421875,170.39999389648438,39266700,161.33352661132812
2018-02-27,170.44999694824220,170.72999572753906,168.21000671386720,168.28999328613280,42209900,159.33583068847656
2018-02-28,169.25000000000000,169.80000305175780,167.10000610351562,167.21000671386720,42936300,158.31326293945312
2018-03-01,167.30000305175780,168.07000732421875,163.00000000000000,164.47999572753906,76809900,155.72854614257812
2018-03-02,162.50000000000000,166.27999877929688,161.96000671386720,165.99000549316406,57445100,157.15817260742188
2018-03-05,165.21000671386720,168.25999450683594,164.58999633789062,167.83000183105470,38540200,158.90031433105470
2018-03-06,168.64999389648438,169.11000061035156,167.47999572753906,168.53999328613280,29480900,159.57250976562500
2018-03-07,167.25000000000000,169.07000732421875,166.96000671386720,168.92999267578125,34609400,159.94174194335938
2018-03-08,169.63000488281250,169.97999572753906,168.94999694824220,169.86000061035156,25828400,160.82229614257812
2018-03-09,171.07000732421875,173.16000366210938,170.82000732421875,173.16000366210938,38310500,163.94665527343750
2018-03-12,173.66999816894530,174.47999572753906,173.27999877929688,174.08000183105470,37635000,164.81774902343750
2018-03-13,174.47999572753906,175.21000671386720,171.27000427246094,171.71000671386720,55638900,162.57385253906250
2018-03-14,172.61000061035156,172.74000549316406,170.92999267578125,171.67999267578125,40536400,162.54541015625000
2018-03-15,171.80000305175780,172.52999877929688,170.89999389648438,171.52999877929688,28810400,162.40341186523438
2018-03-16,171.82000732421875,172.19999694824220,170.94000244140625,171.02000427246094,31176700,161.92053222656250
2018-03-19,169.10000610351562,169.22000122070312,165.63999938964844,167.10000610351562,71395100,158.46582031250000
2018-03-20,167.16999816894530,168.03999328613280,166.61000061035156,167.64999389648438,34075700,158.98733520507812
2018-03-21,167.21000671386720,168.75999450683594,166.19000244140625,166.91999816894530,43863500,158.29508972167970
2018-03-22,164.61000061035156,165.77000427246094,162.58999633789062,162.80000305175780,66607300,154.38801574707030
2018-03-23,162.61000061035156,163.30000305175780,158.42999267578125,158.50999450683594,80110400,150.31964111328125
2018-03-26,161.72000122070312,164.60000610351562,159.16000366210938,164.39999389648438,57481500,155.90527343750000
2018-03-27,165.61999511718750,165.61999511718750,157.67999267578125,159.08000183105470,78889100,150.86018371582030
2018-03-28,158.16999816894530,159.77999877929688,156.03999328613280,157.25000000000000,89369700,149.12472534179688
2018-03-29,158.10000610351562,161.71000671386720,156.63000488281250,160.13000488281250,68692600,151.85594177246094
2018-04-02,158.99000549316406,159.74000549316406,153.88000488281250,155.50999450683594,85549400,147.47470092773438
2018-04-03,156.86999511718750,157.91999816894530,154.44000244140625,157.25999450683594,64090000,149.13421630859375
2018-04-04,154.22000122070312,160.22999572753906,154.03999328613280,159.74000549316406,65768700,151.48608398437500
2018-04-05,161.33000183105470,161.58000183105470,159.47999572753906,160.64999389648438,43054900,152.34912109375000
2018-04-06,158.88000488281250,160.46000671386720,155.88000488281250,156.63000488281250,59870900,148.53677368164062
2018-04-09,157.97999572753906,160.88000488281250,157.46000671386720,157.72999572753906,41810400,149.57995605468750
2018-04-10,160.21000671386720,161.72999572753906,159.07000732421875,161.21000671386720,48296800,152.88018798828125
2018-04-11,160.19999694824220,162.00000000000000,160.10000610351562,160.27999877929688,41622100,151.99816894531250
2018-04-12,161.25000000000000,162.77000427246094,161.16000366210938,162.21000671386720,30467900,153.82844543457030
2018-04-13,163.02000427246094,163.25999450683594,160.66999816894530,161.36999511718750,44604900,153.03187561035156
2018-04-16,162.50000000000000,163.19000244140625,161.47999572753906,162.60000610351562,28180800,154.19830322265625
2018-04-17,164.24000549316406,166.46000671386720,163.91000366210938,166.10000610351562,35536100,157.51745605468750
2018-04-18,166.10000610351562,167.00000000000000,165.30999755859375,166.44000244140625,29573900,157.83987426757812
2018-04-19,165.60000610351562,165.99000549316406,164.33999633789062,164.91000366210938,34705700,156.38894653320312
2018-04-20,164.49000549316406,164.61000061035156,161.72999572753906,162.30000305175780,49197100,153.91384887695312
2018-04-23,163.08999633789062,163.72999572753906,161.02000427246094,161.88999938964844,33040600,153.52497863769530
2018-04-24,162.66000366210938,162.91000366210938,157.38999938964844,158.46000671386720,70256800,150.27223205566406
2018-04-25,158.74000549316406,159.30999755859375,156.47000122070312,158.64999389648438,52089300,150.45240783691406
2018-04-26,160.69999694824220,162.52999877929688,160.17999267578125,161.99000549316406,43005500,153.61985778808594
2018-04-27,164.36999511718750,164.41000366210938,161.16999816894530,162.08999633789062,51043400,153.71470642089844
2018-04-30,162.47000122070312,163.47999572753906,160.53999328613280,160.94000244140625,35615300,152.62408447265625
2018-05-01,160.52000427246094,162.80000305175780,160.13999938964844,162.77999877929688,36513500,154.36900329589844
2018-05-02,163.05999755859375,163.57000732421875,161.63000488281250,161.82000732421875,38646800,153.45861816406250
2018-05-03,161.00000000000000,162.39999389648438,159.22000122070312,161.80000305175780,60337100,153.43965148925780
2018-05-04,161.10000610351562,165.25000000000000,160.97999572753906,164.86999511718750,41543200,156.35096740722656
2018-05-07,165.63999938964844,166.77999877929688,165.50999450683594,166.24000549316406,32500200,157.65023803710938
2018-05-08,165.88999938964844,166.42999267578125,164.86000061035156,166.07000732421875,26040200,157.48904418945312
2018-05-09,166.36999511718750,168.00000000000000,165.77999877929688,167.88000488281250,29122700,159.20550537109375
2018-05-10,168.41999816894530,169.74000549316406,168.28999328613280,169.61999511718750,27067600,160.85559082031250
2018-05-11,169.41999816894530,169.86000061035156,168.72000122070312,169.46000671386720,24688800,160.70391845703125
2018-05-14,169.85000610351562,170.82000732421875,169.47000122070312,169.75000000000000,21821700,160.97888183593750
2018-05-15,168.41000366210938,168.50000000000000,166.97999572753906,167.86999511718750,49361600,159.19599914550780
2018-05-16,168.08999633789062,169.36999511718750,168.00999450683594,168.97999572753906,22941200,160.24867248535156
2018-05-17,168.38999938964844,169.61000061035156,167.50999450683594,168.33000183105470,27480200,159.63221740722656
2018-05-18,167.67999267578125,168.25999450683594,167.21000671386720,167.46000671386720,26217900,158.80718994140625
2018-05-21,168.75999450683594,169.50000000000000,167.67999267578125,168.39999389648438,22954600,159.69863891601562
2018-05-22,169.16999816894530,169.44999694824220,167.88000488281250,168.17999267578125,19477700,159.48999023437500
2018-05-23,166.89999389648438,169.61999511718750,166.88000488281250,169.60000610351562,26557800,160.83663940429688
2018-05-24,169.55000305175780,169.85000610351562,167.83999633789062,169.55000305175780,27696500,160.78923034667970
2018-05-25,169.52999877929688,170.33000183105470,169.21000671386720,169.72000122070312,27460500,160.95045471191406
2018-05-29,168.94999694824220,169.91999816894530,167.96000671386720,168.97000122070312,41220500,160.23915100097656
2018-05-30,169.58000183105470,170.47999572753906,169.22000122070312,170.17999267578125,22665800,161.38668823242188
2018-05-31,170.17999267578125,171.19999694824220,169.63000488281250,170.07000732421875,35670900,161.28234863281250
2018-06-01,170.91999816894530,172.83999633789062,170.86999511718750,172.74000549316406,45543300,163.81434631347656
2018-06-04,173.17999267578125,174.33999633789062,173.07000732421875,174.30000305175780,20459600,165.29373168945312
2018-06-05,174.71000671386720,175.13000488281250,174.07000732421875,174.83999633789062,24779300,165.80586242675780
2018-06-06,175.02000427246094,175.88999938964844,174.13999938964844,175.86000061035156,25036600,166.77317810058594
2018-06-07,175.88999938964844,175.92999267578125,173.55000305175780,174.42999267578125,39600300,165.41705322265625
2018-06-08,173.61000061035156,174.88000488281250,173.17999267578125,174.44000244140625,31780300,165.42648315429688
2018-06-11,174.30999755859375,175.33999633789062,174.27999877929688,174.91000366210938,22319700,165.87226867675780
2018-06-12,175.14999389648438,176.00000000000000,174.96000671386720,175.83000183105470,22511800,166.74468994140625
2018-06-13,176.10000610351562,177.13999938964844,175.42999267578125,175.82000732421875,37858600,166.73526000976562
2018-06-14,176.63000488281250,177.88999938964844,176.50000000000000,177.60000610351562,35916000,168.42324829101562
2018-06-15,176.92999267578125,177.33000183105470,176.11000061035156,176.97999572753906,49615700,167.83529663085938
2018-06-18,175.49000549316406,176.64999389648438,174.94000244140625,176.50000000000000,31633200,167.73834228515625
2018-06-19,174.27000427246094,176.03999328613280,173.71000671386720,176.00000000000000,38236000,167.26316833496094
2018-06-20,176.80999755859375,177.97999572753906,176.64999389648438,177.25000000000000,33038000,168.45109558105470
2018-06-21,177.69999694824220,177.88000488281250,175.36999511718750,175.71000671386720,43469400,166.98756408691406
2018-06-22,176.30000305175780,176.36999511718750,174.69000244140625,175.32000732421875,30073200,166.61697387695312
2018-06-25,173.72999572753906,173.99000549316406,169.80999755859375,171.36999511718750,77799700,162.86302185058594
2018-06-26,172.00000000000000,173.05999755859375,171.36999511718750,172.07000732421875,39008100,163.52828979492188
2018-06-27,172.80000305175780,173.58000183105470,169.61000061035156,169.72999572753906,52843500,161.30444335937500
2018-06-28,169.52000427246094,171.77000427246094,169.16999816894530,171.19000244140625,46407700,162.69197082519530
2018-06-29,172.00999450683594,172.91999816894530,171.39999389648438,171.64999389648438,36408500,163.12907409667970
2018-07-02,170.03999328613280,172.85000610351562,169.66999816894530,172.80000305175780,31770000,164.22203063964844
2018-07-03,173.44999694824220,173.44999694824220,170.63000488281250,170.80000305175780,25512700,162.32130432128906
2018-07-05,171.91000366210938,173.05999755859375,171.02999877929688,172.91999816894530,31626200,164.33609008789062
2018-07-06,173.32000732421875,175.74000549316406,173.00000000000000,175.61000061035156,37005600,166.89254760742188
2018-07-09,176.52000427246094,177.22999572753906,175.82000732421875,177.19000244140625,27362100,168.39411926269530
2018-07-10,177.52000427246094,177.72000122070312,176.71000671386720,177.32000732421875,23902500,168.51760864257812
2018-07-11,175.92999267578125,177.07000732421875,175.80000305175780,176.41999816894530,30280600,167.66235351562500
2018-07-12,177.19999694824220,179.46000671386720,177.08000183105470,179.46000671386720,27930100,170.55140686035156
2018-07-13,179.44999694824220,179.89999389648438,178.94999694824220,179.61000061035156,28049800,170.69395446777344
2018-07-16,179.64999389648438,179.94999694824220,178.88000488281250,179.17999267578125,21405300,170.28527832031250
2018-07-17,177.27999877929688,180.64999389648438,177.27999877929688,180.27000427246094,31034100,171.32122802734375
2018-07-18,180.28999328613280,180.44000244140625,179.38000488281250,179.92999267578125,23220800,170.99804687500000
2018-07-19,179.27999877929688,179.88000488281250,178.82000732421875,179.02999877929688,31094100,170.14277648925780
2018-07-20,179.57000732421875,180.16999816894530,178.78999328613280,178.99000549316406,35897300,170.10478210449220
2018-07-23,178.46000671386720,179.63999938964844,177.74000549316406,179.55999755859375,22184700,170.64645385742188
2018-07-24,181.41000366210938,182.05000305175780,179.55999755859375,180.30000305175780,36900300,171.34968566894530
2018-07-25,180.38000488281250,182.92999267578125,180.28999328613280,182.82000732421875,35026600,173.74458312988280
2018-07-26,180.33999633789062,180.91999816894530,179.80999755859375,180.05000305175780,40873500,171.11209106445312
2018-07-27,181.19000244140625,181.30999755859375,176.60000610351562,177.61999511718750,59456100,168.80274963378906
2018-07-30,177.63000488281250,177.72999572753906,174.27000427246094,175.11000061035156,60193000,166.41735839843750
2018-07-31,175.80000305175780,177.13000488281250,174.82000732421875,176.44999694824220,47285100,167.69081115722656
2018-08-01,176.86000061035156,177.64999389648438,176.10000610351562,177.11999511718750,37101900,168.32762145996094
2018-08-02,175.86999511718750,179.74000549316406,175.78999328613280,179.52999877929688,47178200,170.61790466308594
2018-08-03,179.86999511718750,180.08999633789062,179.08000183105470,180.08000183105470,28934400,171.14064025878906
2018-08-06,179.96000671386720,181.19000244140625,179.74000549316406,181.13999938964844,24808800,172.14801025390625
2018-08-07,181.64999389648438,182.13999938964844,181.25999450683594,181.80000305175780,29895700,172.77523803710938
2018-08-08,181.55000305175780,182.35000610351562,181.05999755859375,182.02000427246094,22680700,172.98440551757812
2018-08-09,181.91000366210938,182.63000488281250,181.63999938964844,181.91000366210938,18852900,172.87985229492188
2018-08-10,180.67999267578125,181.22000122070312,179.83999633789062,180.52000427246094,33818500,171.55880737304688
2018-08-13,180.85000610351562,182.00999450683594,180.24000549316406,180.32000732421875,26089200,171.36869812011720
2018-08-14,181.00999450683594,181.66000366210938,180.03999328613280,181.44999694824220,20913000,172.44264221191406
2018-08-15,180.00999450683594,180.58000183105470,178.11999511718750,179.22999572753906,58528000,170.33283996582030
2018-08-16,180.61000061035156,180.99000549316406,179.47000122070312,179.82000732421875,27711800,170.89353942871094
2018-08-17,179.35000610351562,180.30999755859375,178.27000427246094,179.86000061035156,36092600,170.93157958984375
2018-08-20,180.25999450683594,180.33000183105470,179.00000000000000,179.69999694824220,24939000,170.77952575683594
2018-08-21,180.24000549316406,181.44000244140625,180.13000488281250,180.36000061035156,26258700,171.40672302246094
2018-08-22,179.97999572753906,181.27000427246094,179.75000000000000,181.05999755859375,18042400,172.07199096679688
2018-08-23,180.74000549316406,182.05000305175780,180.50000000000000,180.80000305175780,25776200,171.82489013671875
2018-08-24,181.39999389648438,182.63000488281250,181.36000061035156,182.47999572753906,23136100,173.42147827148438
2018-08-27,183.39999389648438,184.33999633789062,183.11000061035156,184.33999633789062,29343600,175.18914794921875
2018-08-28,184.83000183105470,185.02000427246094,184.22000122070312,184.61000061035156,20277000,175.44575500488280
2018-08-29,184.92999267578125,186.83999633789062,184.86000061035156,186.74000549316406,29175600,177.47001647949220
2018-08-30,186.38000488281250,187.52000427246094,185.78999328613280,186.41000366210938,29315500,177.15641784667970
2018-08-31,186.17999267578125,187.17999267578125,185.97999572753906,186.64999389648438,28653200,177.38453674316406
2018-09-04,186.08000183105470,186.39999389648438,184.85000610351562,185.85000610351562,29063500,176.62420654296875
2018-09-05,185.52000427246094,185.55000305175780,182.82000732421875,183.44999694824220,42623300,174.34333801269530
2018-09-06,183.52999877929688,183.75000000000000,180.58000183105470,181.80999755859375,46091400,172.78475952148438
2018-09-07,180.50000000000000,182.66999816894530,180.44000244140625,181.11000061035156,46629500,172.11950683593750
2018-09-10,182.14999389648438,182.25000000000000,180.72999572753906,181.72000122070312,26132000,172.69920349121094
2018-09-11,180.99000549316406,183.41999816894530,180.52000427246094,183.11999511718750,30116500,174.02972412109375
2018-09-12,182.85000610351562,182.97999572753906,181.00999450683594,182.58000183105470,36204000,173.51651000976562
2018-09-13,183.72000122070312,184.88000488281250,183.63999938964844,184.52999877929688,31133200,175.36973571777344
2018-09-14,184.66000366210938,184.94999694824220,183.25999450683594,183.99000549316406,31224100,174.85649108886720
2018-09-17,183.67999267578125,183.80999755859375,181.16999816894530,181.33999633789062,33071200,172.33805847167970
2018-09-18,181.49000549316406,183.72999572753906,181.39999389648438,182.83999633789062,31877300,173.76361083984375
2018-09-19,182.86999511718750,183.30000305175780,181.50999450683594,182.69999694824220,31843400,173.63056945800780
2018-09-20,183.96000671386720,184.97000122070312,183.52000427246094,184.72000122070312,33295800,175.55026245117188
2018-09-21,185.22000122070312,185.47999572753906,183.47999572753906,183.71000671386720,38605400,174.59043884277344
2018-09-24,182.05000305175780,183.96000671386720,181.30000305175780,183.88999938964844,34945600,175.07597351074220
2018-09-25,183.80999755859375,184.27999877929688,183.17999267578125,184.13999938964844,25277500,175.31399536132812
2018-09-26,184.30000305175780,185.99000549316406,183.91000366210938,184.27000427246094,36210600,175.43778991699220
2018-09-27,185.02000427246094,186.49000549316406,184.91999816894530,185.83000183105470,33113300,176.92297363281250
2018-09-28,185.30999755859375,186.27999877929688,184.97000122070312,185.78999328613280,28076800,176.88491821289062
2018-10-01,186.86999511718750,187.52999877929688,185.69999694824220,186.16999816894530,27371300,177.24670410156250
2018-10-02,186.00999450683594,187.17999267578125,185.32000732421875,185.75000000000000,25618600,176.84686279296875
2018-10-03,186.52999877929688,186.97000122070312,185.66000366210938,185.94999694824220,29128700,177.03723144531250
2018-10-04,185.19999694824220,185.32000732421875,181.05999755859375,182.38000488281250,80557300,173.63839721679688
2018-10-05,182.36000061035156,182.97000122070312,178.42999267578125,180.14999389648438,83325600,171.51525878906250
2018-10-08,179.52000427246094,180.63999938964844,176.92999267578125,179.05000305175780,66864500,170.46797180175780
2018-10-09,179.17999267578125,181.02000427246094,178.75000000000000,179.63000488281250,49097900,171.02020263671875
2018-10-10,178.50999450683594,178.61999511718750,171.50000000000000,171.72999572753906,114471100,163.49880981445312
2018-10-11,171.02000427246094,173.39999389648438,167.80999755859375,169.60000610351562,143084500,161.47096252441406
2018-10-12,174.16999816894530,174.86000061035156,170.92999267578125,174.32000732421875,102078400,165.96469116210938
2018-10-15,173.71000671386720,174.03999328613280,171.55999755859375,172.21000671386720,64885300,163.95585632324220
2018-10-16,174.02000427246094,177.64999389648438,173.69999694824220,177.22000122070312,71979700,168.72569274902344
2018-10-17,178.08000183105470,178.25999450683594,175.47000122070312,177.28999328613280,66987600,168.79232788085938
2018-10-18,176.61999511718750,176.67999267578125,172.44000244140625,173.17999267578125,82486200,164.87934875488280
2018-10-19,174.58000183105470,176.07000732421875,172.38999938964844,173.02000427246094,82923700,164.72698974609375
2018-10-22,174.05999755859375,175.25000000000000,172.58999633789062,173.91000366210938,52909300,165.57437133789062
2018-10-23,170.63999938964844,174.13000488281250,168.82000732421875,173.27000427246094,77567000,164.96501159667970
2018-10-24,173.07000732421875,173.36000061035156,165.03999328613280,165.33999633789062,102997400,157.41510009765625
2018-10-25,167.91000366210938,172.08000183105470,167.16000366210938,171.05999755859375,83481100,162.86094665527344
2018-10-26,165.19999694824220,169.96000671386720,164.22999572753906,166.66000366210938,130970900,158.67184448242188
2018-10-29,169.21000671386720,169.86000061035156,160.08999633789062,163.22999572753906,111871900,155.40625000000000
2018-10-30,162.75000000000000,166.03999328613280,162.00999450683594,165.91999816894530,92584000,157.96731567382812
2018-10-31,168.61999511718750,171.25000000000000,168.53999328613280,169.82000732421875,73828600,161.68037414550780
2018-11-01,170.07000732421875,172.24000549316406,168.77999877929688,172.05999755859375,52706800,163.81303405761720
2018-11-02,171.52999877929688,172.55000305175780,168.22000122070312,169.38000488281250,75966800,161.26144409179688
2018-11-05,169.60000610351562,169.66000366210938,167.08000183105470,168.96000671386720,39573500,160.86164855957030
2018-11-06,168.97000122070312,171.19000244140625,168.72000122070312,170.24000549316406,34410400,162.08027648925780
2018-11-07,172.27999877929688,175.58000183105470,171.86999511718750,175.58000183105470,51169600,167.16427612304688
2018-11-08,174.75999450683594,175.30000305175780,173.63000488281250,174.46000671386720,40296500,166.09796142578125
2018-11-09,172.83000183105470,173.25000000000000,170.16000366210938,171.52000427246094,50602700,163.29887390136720
2018-11-12,170.32000732421875,170.63999938964844,166.17999267578125,166.33000183105470,62578400,158.35768127441406
2018-11-13,167.11000061035156,169.47999572753906,166.00000000000000,166.47000122070312,64128100,158.49096679687500
2018-11-14,168.11999511718750,168.69999694824220,164.25000000000000,165.19999694824220,75270700,157.28184509277344
2018-11-15,164.89999389648438,168.53999328613280,163.46000671386720,168.08999633789062,73254300,160.03327941894530
2018-11-16,166.44999694824220,168.30999755859375,165.77999877929688,167.50000000000000,65390700,159.47158813476562
2018-11-19,166.69999694824220,166.89999389648438,161.53999328613280,162.05999755859375,67280500,154.29231262207030
2018-11-20,158.36999511718750,161.38000488281250,157.13000488281250,159.16000366210938,102652800,151.53128051757812
2018-11-21,161.35000610351562,161.97000122070312,159.22999572753906,160.36999511718750,42965800,152.68331909179688
2018-11-23,159.08999633789062,160.83999633789062,159.08999633789062,159.21000671386720,23503700,151.57888793945312
2018-11-26,161.44000244140625,162.97000122070312,160.75999450683594,162.88999938964844,42012600,155.08255004882812
2018-11-27,162.00000000000000,163.85000610351562,161.17999267578125,163.44000244140625,36608100,155.60617065429688
2018-11-28,164.61999511718750,168.69999694824220,163.47000122070312,168.69999694824220,70141000,160.61407470703125
2018-11-29,167.99000549316406,169.25999450683594,166.82000732421875,168.14999389648438,44885700,160.09042358398438
2018-11-30,168.38000488281250,169.47000122070312,167.53999328613280,169.36999511718750,36722800,161.25193786621094
2018-12-03,173.11000061035156,173.30999755859375,169.50999450683594,172.33000183105470,50771700,164.07011413574220
2018-12-04,171.42999267578125,171.91000366210938,165.52000427246094,165.72000122070312,70594700,157.77690124511720
2018-12-06,162.38000488281250,166.91000366210938,161.77000427246094,166.88999938964844,71715500,158.89079284667970
2018-12-07,166.16000366210938,167.11999511718750,160.86000061035156,161.38000488281250,80432200,153.64491271972656
2018-12-10,161.08000183105470,163.77999877929688,159.41000366210938,163.07000732421875,73960800,155.25390625000000
2018-12-11,165.72999572753906,165.77000427246094,162.22999572753906,163.61000061035156,59058300,155.76805114746094
2018-12-12,166.00000000000000,167.60000610351562,164.96000671386720,165.05000305175780,53780000,157.13899230957030
2018-12-13,166.13000488281250,166.82000732421875,164.02999877929688,165.10000610351562,46378500,157.18664550781250
2018-12-14,163.21000671386720,163.80999755859375,160.69999694824220,161.08000183105470,56547400,153.35928344726562
2018-12-17,160.38999938964844,161.66999816894530,156.16999816894530,157.42999267578125,74834100,149.88420104980470
2018-12-18,158.64999389648438,159.94999694824220,157.03999328613280,158.41999816894530,63642100,150.82681274414062
2018-12-19,158.17999267578125,160.72000122070312,153.33999633789062,154.52999877929688,81856500,147.12324523925780
2018-12-20,154.14999389648438,155.86999511718750,150.38999938964844,152.28999328613280,99002100,144.99057006835938
2018-12-21,153.05000305175780,154.08999633789062,146.72000122070312,147.57000732421875,141129400,140.49688720703125
2018-12-24,146.08000183105470,147.97999572753906,143.46000671386720,143.50000000000000,56163300,137.01277160644530
2018-12-26,145.08000183105470,152.53999328613280,144.08999633789062,152.46000671386720,98982100,145.56774902343750
2018-12-27,150.36999511718750,153.17999267578125,147.08000183105470,153.05000305175780,85824300,146.13107299804688
2018-12-28,154.14999389648438,155.58999633789062,151.72000122070312,152.97000122070312,77856600,146.05468750000000
2018-12-31,154.47000122070312,154.97999572753906,152.71000671386720,154.25999450683594,53015300,147.28634643554688
2019-01-02,150.99000549316406,155.75000000000000,150.88000488281250,154.88000488281250,58576700,147.87837219238280
2019-01-03,152.60000610351562,153.25999450683594,149.49000549316406,149.82000732421875,74820200,143.04710388183594
2019-01-04,152.33999633789062,157.00000000000000,151.74000549316406,156.22999572753906,74709300,149.16728210449220
2019-01-07,156.61999511718750,158.86000061035156,156.11000061035156,158.08999633789062,52059300,150.94319152832030
2019-01-08,159.53999328613280,160.11000061035156,157.19999694824220,159.52000427246094,49388700,152.30854797363280
2019-01-09,160.13999938964844,161.52000427246094,159.47000122070312,160.82000732421875,46491700,153.54978942871094
2019-01-10,159.60000610351562,161.36999511718750,158.69999694824220,161.27999877929688,38943400,153.98901367187500
2019-01-11,160.33000183105470,160.86000061035156,159.78999328613280,160.69000244140625,30176600,153.42572021484375
2019-01-14,159.33000183105470,159.96000671386720,158.58999633789062,159.27000427246094,30710200,152.06990051269530
2019-01-15,160.00000000000000,162.60000610351562,159.91000366210938,162.38000488281250,40874200,155.03927612304688
2019-01-16,162.64999389648438,163.77999877929688,162.28999328613280,162.35000610351562,33812200,155.01068115234375
2019-01-17,161.83000183105470,164.36000061035156,161.57000732421875,163.63000488281250,39329000,156.23277282714844
2019-01-18,164.77999877929688,166.02000427246094,163.82000732421875,165.25000000000000,57183200,157.77952575683594
2019-01-22,164.05999755859375,164.13999938964844,160.75999450683594,161.94000244140625,56711700,154.61915588378906
2019-01-23,162.77000427246094,163.50999450683594,160.32000732421875,162.14999389648438,38106100,154.81964111328125
2019-01-24,162.67999267578125,163.44000244140625,162.05999755859375,163.19999694824220,32417800,155.82221984863280
2019-01-25,164.50999450683594,165.64999389648438,163.94999694824220,165.14999389648438,36515900,157.68406677246094
2019-01-28,163.02000427246094,163.11999511718750,161.75000000000000,163.11000061035156,33491200,155.73629760742188
2019-01-29,163.19999694824220,163.24000549316406,160.99000549316406,161.57000732421875,30784200,154.26594543457030
2019-01-30,163.39999389648438,166.27999877929688,162.88999938964844,165.67999267578125,41346500,158.19012451171875
2019-01-31,166.69999694824220,168.99000549316406,166.47000122070312,168.16000366210938,37258400,160.55799865722656
2019-02-01,167.33000183105470,168.60000610351562,166.99000549316406,167.44999694824220,32143700,159.88006591796875
2019-02-04,167.47999572753906,169.52999877929688,167.33000183105470,169.52999877929688,26718800,161.86605834960938
2019-02-05,169.75999450683594,171.22999572753906,169.69000244140625,171.02999877929688,28156400,163.29821777343750
2019-02-06,171.07000732421875,171.36999511718750,169.75000000000000,170.52000427246094,27970000,162.81135559082030
2019-02-07,169.02999877929688,169.44999694824220,166.94999694824220,168.22999572753906,42036200,160.62484741210938
2019-02-08,166.75999450683594,168.58999633789062,166.57000732421875,168.55999755859375,29020700,160.93991088867188
2019-02-11,169.16999816894530,169.58000183105470,167.97999572753906,168.39999389648438,21434100,160.78715515136720
2019-02-12,169.63000488281250,171.13999938964844,169.33000183105470,170.88999938964844,29722100,163.16458129882812
2019-02-13,171.64999389648438,172.16000366210938,170.82000732421875,171.00999450683594,26094100,163.27915954589844
2019-02-14,170.39999389648438,171.83000183105470,169.83000183105470,171.22000122070312,30326800,163.47966003417970
2019-02-15,172.52000427246094,172.55999755859375,171.13999938964844,171.94000244140625,32521700,164.16708374023438
2019-02-19,171.41000366210938,172.80000305175780,171.38000488281250,172.27999877929688,19487700,164.49172973632812
2019-02-20,172.39999389648438,173.08000183105470,171.32000732421875,172.25000000000000,32593000,164.46305847167970
2019-02-21,171.78999328613280,172.25999450683594,170.71000671386720,171.61999511718750,25207400,163.86152648925780
2019-02-22,171.99000549316406,173.00999450683594,171.89999389648438,172.88999938964844,27735400,165.07417297363280
2019-02-25,174.21000671386720,174.66000366210938,173.39999389648438,173.52000427246094,32608800,165.67564392089844
2019-02-26,173.10000610351562,174.25000000000000,172.80999755859375,173.69999694824220,21939700,165.84753417968750
2019-02-27,172.89999389648438,173.80000305175780,171.75999450683594,173.58999633789062,25162000,165.74249267578125
2019-02-28,173.05000305175780,173.80999755859375,172.69999694824220,173.19000244140625,25085500,165.36061096191406
2019-03-01,174.44000244140625,174.64999389648438,173.17999267578125,174.38999938964844,31431200,166.50640869140625
2019-03-04,175.53999328613280,175.78999328613280,172.47000122070312,174.41999816894530,38063500,166.53498840332030
2019-03-05,174.55000305175780,175.08999633789062,173.69000244140625,174.55000305175780,22319900,166.65914916992188
2019-03-06,174.72000122070312,174.75000000000000,173.27999877929688,173.55999755859375,27194600,165.71385192871094
2019-03-07,173.11999511718750,173.17999267578125,170.78999328613280,171.42999267578125,39407400,163.68014526367188
2019-03-08,169.50999450683594,171.25999450683594,169.33999633789062,171.16999816894530,39303200,163.43188476562500
2019-03-11,171.88000488281250,174.85000610351562,171.85000610351562,174.72999572753906,30518400,166.83103942871094
2019-03-12,175.19000244140625,176.13999938964844,174.77000427246094,175.69000244140625,33953500,167.74754333496094
2019-03-13,176.60000610351562,177.92999267578125,176.35000610351562,177.00999450683594,42426100,169.00788879394530
2019-03-14,177.13000488281250,177.33999633789062,176.66000366210938,176.71000671386720,23751500,168.72148132324220
2019-03-15,177.39999389648438,178.88000488281250,177.27999877929688,178.35000610351562,38192000,170.28732299804688
2019-03-18,177.94999694824220,178.99000549316406,177.58999633789062,178.44999694824220,32935100,170.69285583496094
2019-03-19,179.17999267578125,180.00000000000000,178.28999328613280,179.05000305175780,36893300,171.26679992675780
2019-03-20,179.05999755859375,180.86000061035156,178.24000549316406,179.75999450683594,50105000,171.94595336914062
2019-03-21,179.22000122070312,182.83000183105470,179.19999694824220,182.57000732421875,42428500,174.63381958007812
2019-03-22,181.77999877929688,182.27000427246094,178.36999511718750,178.55999755859375,70794500,170.79812622070312
2019-03-25,177.91000366210938,178.83999633789062,176.92999267578125,178.22000122070312,46336500,170.47286987304688
2019-03-26,179.60000610351562,180.69000244140625,178.13999938964844,179.05000305175780,33248100,171.26679992675780
2019-03-27,179.32000732421875,179.72000122070312,176.60000610351562,177.89999389648438,37096700,170.16677856445312
2019-03-28,178.36000061035156,178.97999572753906,177.24000549316406,178.30999755859375,30368200,170.55899047851562
2019-03-29,179.69000244140625,179.83000183105470,178.58999633789062,179.66000366210938,35205500,171.85028076171875
2019-04-01,181.50999450683594,182.25999450683594,180.77000427246094,182.03999328613280,30969500,174.12683105468750
2019-04-02,182.24000549316406,182.91000366210938,181.77999877929688,182.72999572753906,22645200,174.78683471679688
2019-04-03,183.75999450683594,184.91999816894530,183.21000671386720,183.77999877929688,31633500,175.79118347167970
2019-04-04,183.83000183105470,184.50000000000000,182.64999389648438,183.71000671386720,28530800,175.72421264648438
2019-04-05,184.24000549316406,184.77000427246094,184.02000427246094,184.66000366210938,25674700,176.63299560546875
2019-04-08,184.36000061035156,185.27999877929688,183.63000488281250,185.13000488281250,22697500,177.08250427246094
2019-04-09,184.50000000000000,185.11000061035156,184.08999633789062,184.47999572753906,25631900,176.46080017089844
2019-04-10,184.72000122070312,185.52999877929688,184.52000427246094,185.47000122070312,24563000,177.40771484375000
2019-04-11,185.77999877929688,185.77999877929688,184.69000244140625,185.02999877929688,20654100,176.98684692382812
2019-04-12,185.85000610351562,185.94999694824220,185.05999755859375,185.83000183105470,24989100,177.75212097167970
2019-04-15,185.83999633789062,186.07000732421875,184.61999511718750,185.86000061035156,21073000,177.78083801269530
2019-04-16,186.53999328613280,186.91000366210938,185.92999267578125,186.50000000000000,27195700,178.39295959472656
2019-04-17,187.75000000000000,187.92999267578125,186.60000610351562,187.14999389648438,29651600,179.01467895507812
2019-04-18,187.46000671386720,187.78999328613280,186.28999328613280,187.38999938964844,28580900,179.24426269531250
2019-04-22,186.57000732421875,187.99000549316406,186.42999267578125,187.91999816894530,17936000,179.75120544433594
2019-04-23,188.39999389648438,190.53999328613280,188.13000488281250,190.30999755859375,33665600,182.03735351562500
2019-04-24,190.47000122070312,190.71000671386720,189.64999389648438,189.71000671386720,24977100,181.46345520019530
2019-04-25,191.13000488281250,191.22000122070312,189.44999694824220,190.47999572753906,29517500,182.19993591308594
2019-04-26,190.17999267578125,190.69000244140625,188.58999633789062,190.64999389648438,26359500,182.36262512207030
2019-04-29,190.64999389648438,191.32000732421875,190.33999633789062,191.02000427246094,21716200,182.71649169921875
2019-04-30,189.47999572753906,189.85000610351562,188.21000671386720,189.53999328613280,31495300,181.30079650878906
2019-05-01,190.77999877929688,191.32000732421875,188.80000305175780,188.92999267578125,34797100,180.71731567382812
2019-05-02,188.86999511718750,189.85000610351562,186.86999511718750,188.11000061035156,44110100,179.93298339843750
2019-05-03,189.66999816894530,191.25000000000000,189.33000183105470,191.11000061035156,30386200,182.80256652832030
2019-05-06,187.05000305175780,190.19999694824220,186.75999450683594,189.94000244140625,38371800,181.68347167968750
2019-05-07,187.86999511718750,188.66999816894530,184.50999450683594,186.24000549316406,58818100,178.14428710937500
2019-05-08,185.63000488281250,187.16999816894530,184.96000671386720,185.77000427246094,37165300,177.69471740722656
2019-05-09,183.69999694824220,185.41000366210938,182.08999633789062,184.77000427246094,55351700,176.73820495605470
2019-05-10,184.11000061035156,185.88999938964844,181.02999877929688,185.00000000000000,58526400,176.95816040039062
2019-05-13,180.28999328613280,181.25999450683594,178.05999755859375,178.58000183105470,67185800,170.81726074218750
2019-05-14,179.52000427246094,181.63000488281250,178.86000061035156,180.53999328613280,43360600,172.69203186035156
2019-05-15,179.35000610351562,183.55000305175780,179.30999755859375,183.08999633789062,40944500,175.13117980957030
2019-05-16,183.16999816894530,186.07000732421875,182.94999694824220,184.92999267578125,39281200,176.89118957519530
2019-05-17,183.10000610351562,185.58000183105470,182.88000488281250,183.03999328613280,44702300,175.08337402343750
2019-05-20,180.49000549316406,181.17999267578125,179.33999633789062,179.94999694824220,38608300,172.12768554687500
2019-05-21,181.50000000000000,182.33000183105470,180.91999816894530,181.83000183105470,31613800,173.92596435546875
2019-05-22,180.82000732421875,182.07000732421875,180.75000000000000,181.02000427246094,24332600,173.15119934082030
2019-05-23,178.94000244140625,179.02000427246094,177.13999938964844,178.25000000000000,45351300,170.50160217285156
2019-05-24,179.21000671386720,179.85000610351562,177.94000244140625,178.16000366210938,25903300,170.41549682617188
2019-05-28,178.66000366210938,179.66000366210938,177.47000122070312,177.49000549316406,24763800,169.77465820312500
2019-05-29,176.38999938964844,177.00000000000000,175.08999633789062,176.02999877929688,42178800,168.37812805175780
2019-05-30,176.50000000000000,177.27000427246094,175.77000427246094,176.77000427246094,30354800,169.08593750000000
2019-05-31,174.69000244140625,175.28999328613280,173.86999511718750,173.94999694824220,45446200,166.38847351074220
2019-06-03,173.47999572753906,173.94999694824220,169.27000427246094,170.11999511718750,75842300,162.72500610351562
2019-06-04,172.02999877929688,174.97000122070312,171.36999511718750,174.91000366210938,47797800,167.30680847167970
2019-06-05,176.58000183105470,176.61000061035156,174.38000488281250,176.21000671386720,34412700,168.55026245117188
2019-06-06,176.50999450683594,178.03999328613280,175.72999572753906,177.61000061035156,29913200,169.88940429687500
2019-06-07,178.55999755859375,181.77000427246094,178.33000183105470,181.03999328613280,45888300,173.17030334472656
2019-06-10,182.25000000000000,184.85000610351562,182.21000671386720,183.14999389648438,41385300,175.18858337402344
2019-06-11,185.05999755859375,185.39999389648438,182.77999877929688,183.39999389648438,41260300,175.42771911621094
2019-06-12,182.89999389648438,183.27999877929688,182.00000000000000,182.33999633789062,27758100,174.41381835937500
2019-06-13,183.10000610351562,183.86999511718750,182.74000549316406,183.41999816894530,23715800,175.44682312011720
2019-06-14,182.47999572753906,183.11000061035156,181.94000244140625,182.63999938964844,22844100,174.70077514648438
2019-06-17,183.03999328613280,184.25000000000000,182.83999633789062,183.74000549316406,20379500,175.75291442871094
2019-06-18,185.91000366210938,187.72000122070312,185.42999267578125,186.41000366210938,48177300,178.30685424804688
2019-06-19,186.66000366210938,187.52999877929688,185.57000732421875,187.11000061035156,31672900,178.97644042968750
2019-06-20,189.72000122070312,189.75999450683594,187.16000366210938,188.85000610351562,40922000,180.64082336425780
2019-06-21,188.63000488281250,189.77000427246094,188.16999816894530,188.57000732421875,39980400,180.37300109863280
2019-06-24,188.52999877929688,188.72000122070312,188.05999755859375,188.16000366210938,19375200,180.37875366210938
2019-06-25,188.02999877929688,188.13999938964844,184.64999389648438,184.92999267578125,33921100,177.28230285644530
2019-06-26,186.16000366210938,187.33000183105470,185.49000549316406,185.78999328613280,22595700,178.10679626464844
2019-06-27,186.46000671386720,186.94000244140625,185.99000549316406,186.50000000000000,19709200,178.78739929199220
2019-06-28,186.94999694824220,187.14999389648438,186.07000732421875,186.74000549316406,21179200,179.01750183105470
2019-07-01,190.32000732421875,190.57000732421875,188.38000488281250,189.25999450683594,31025600,181.43321228027344
2019-07-02,189.19999694824220,190.02999877929688,188.66000366210938,190.00999450683594,18035800,182.15222167968750
2019-07-03,190.49000549316406,191.44000244140625,190.28999328613280,191.44000244140625,15792100,183.52310180664062
2019-07-05,190.13000488281250,191.39999389648438,189.38999938964844,191.05000305175780,21415600,183.14924621582030
2019-07-08,189.80999755859375,189.86999511718750,188.92999267578125,189.71000671386720,17598800,181.86468505859375
2019-07-09,188.80999755859375,190.89999389648438,188.64999389648438,190.66000366210938,19193500,182.77534484863280
2019-07-10,191.82000732421875,193.08999633789062,191.47000122070312,192.55999755859375,28374500,184.59677124023438
2019-07-11,192.85000610351562,193.33999633789062,191.80999755859375,192.41999816894530,23736100,184.46252441406250
2019-07-12,192.63000488281250,193.53999328613280,192.44999694824220,193.52999877929688,20211900,185.52664184570312
2019-07-15,193.97999572753906,194.19000244140625,193.44000244140625,194.14999389648438,15606100,186.12101745605470
2019-07-16,193.91000366210938,194.08999633789062,192.55999755859375,193.14999389648438,20190900,185.16236877441406
2019-07-17,193.14999389648438,193.49000549316406,192.17999267578125,192.19999694824220,16765100,184.25167846679688
2019-07-18,191.28999328613280,192.78999328613280,190.69000244140625,192.41999816894530,28877000,184.46252441406250
2019-07-19,193.74000549316406,193.83000183105470,190.80999755859375,191.00999450683594,29387900,183.11087036132812
2019-07-22,191.44000244140625,192.94000244140625,191.44000244140625,192.52999877929688,18954900,184.56802368164062
2019-07-23,193.58000183105470,193.80999755859375,192.28999328613280,193.78999328613280,23786700,185.77592468261720
2019-07-24,193.05000305175780,195.16000366210938,193.02999877929688,195.14999389648438,20422900,187.07966613769530
2019-07-25,194.49000549316406,194.52000427246094,192.92999267578125,193.30000305175780,23434700,185.30618286132812
2019-07-26,194.52999877929688,195.55000305175780,194.42999267578125,195.28999328613280,20431200,187.21389770507812
2019-07-29,195.11000061035156,195.17999267578125,193.38999938964844,194.61999511718750,20451700,186.57156372070312
2019-07-30,193.13000488281250,194.53999328613280,192.99000549316406,193.77999877929688,18705000,185.76631164550780
2019-07-31,194.30000305175780,194.42999267578125,189.32000732421875,191.10000610351562,41627500,183.19720458984375
2019-08-01,191.42999267578125,194.97999572753906,189.22999572753906,190.14999389648438,63251600,182.28646850585938
2019-08-02,188.72000122070312,188.99000549316406,186.21000671386720,187.35000610351562,55214000,179.60227966308594
2019-08-05,183.42999267578125,183.50999450683594,179.19999694824220,180.72999572753906,75040000,173.25604248046875
2019-08-06,182.39999389648438,183.80000305175780,181.07000732421875,183.25999450683594,41897200,175.68141174316406
2019-08-07,181.27000427246094,184.50999450683594,179.88999938964844,184.25000000000000,49990600,176.63044738769530
2019-08-08,185.08000183105470,188.32000732421875,184.57000732421875,188.25999450683594,38418100,180.47459411621094
2019-08-09,187.36000061035156,188.00000000000000,185.02999877929688,186.49000549316406,33608900,178.77778625488280
2019-08-12,185.33999633789062,185.89999389648438,183.50000000000000,184.35000610351562,24642900,176.72631835937500
2019-08-13,184.19000244140625,189.67999267578125,184.02000427246094,188.38999938964844,40241900,180.59921264648438
2019-08-14,185.36000061035156,185.94999694824220,182.41999816894530,182.75999450683594,51000500,175.20205688476562
2019-08-15,183.00000000000000,183.58999633789062,181.16000366210938,182.55000305175780,36685000,175.00074768066406
2019-08-16,184.21000671386720,185.94999694824220,184.10000610351562,185.47999572753906,32781400,177.80958557128906
2019-08-19,188.16000366210938,188.83000183105470,187.50000000000000,188.42999267578125,22494100,180.63757324218750
2019-08-20,187.96000671386720,188.63999938964844,186.91999816894530,186.97000122070312,19902900,179.23796081542970
2019-08-21,188.61000061035156,189.22999572753906,187.96000671386720,188.63000488281250,20418500,180.82936096191406
2019-08-22,188.97999572753906,189.46000671386720,186.53999328613280,188.02000427246094,24243700,180.24456787109375
2019-08-23,186.74000549316406,188.44999694824220,181.55999755859375,182.07000732421875,55372400,174.54063415527344
2019-08-26,184.13999938964844,184.86999511718750,183.08000183105470,184.82000732421875,27598900,177.17684936523438
2019-08-27,186.11000061035156,186.41999816894530,183.71000671386720,184.42999267578125,28012800,176.80297851562500
2019-08-28,183.83000183105470,185.39999389648438,182.91000366210938,185.08999633789062,21792400,177.43571472167970
2019-08-29,187.38999938964844,188.46000671386720,186.67999267578125,187.91999816894530,25358900,180.14872741699220
2019-08-30,188.92999267578125,188.97000122070312,186.41000366210938,187.47000122070312,26319800,179.71726989746094
2019-09-03,186.22000122070312,187.17999267578125,185.02999877929688,185.64999389648438,27964200,177.97248840332030
2019-09-04,187.44000244140625,188.49000549316406,186.89999389648438,188.33000183105470,21592100,180.54171752929688
2019-09-05,190.41000366210938,192.33000183105470,190.33999633789062,191.77999877929688,33932600,183.84902954101562
2019-09-06,192.10000610351562,192.16999816894530,191.16999816894530,191.58999633789062,19487800,183.66690063476562
2019-09-09,192.19000244140625,192.27000427246094,190.22000122070312,191.19000244140625,24407600,183.28346252441406
2019-09-10,190.16000366210938,190.74000549316406,188.91000366210938,190.63999938964844,23744700,182.75616455078125
2019-09-11,191.00000000000000,192.52999877929688,190.55999755859375,192.42999267578125,25063600,184.47212219238280
2019-09-12,193.61000061035156,194.71000671386720,192.97000122070312,193.22999572753906,28689900,185.23907470703125
2019-09-13,192.94999694824220,193.39999389648438,192.28999328613280,192.53999328613280,27669800,184.57760620117188
2019-09-16,191.30000305175780,192.08000183105470,191.11000061035156,191.67999267578125,20319000,183.75312805175780
2019-09-17,191.69999694824220,192.60000610351562,191.28999328613280,192.60000610351562,20953400,184.63511657714844
2019-09-18,192.19999694824220,192.60000610351562,190.11000061035156,192.52000427246094,29781300,184.55844116210938
2019-09-19,192.86000061035156,194.03999328613280,192.47000122070312,192.83999633789062,26039400,184.86518859863280
2019-09-20,193.11000061035156,193.30999755859375,190.16000366210938,190.80000305175780,29086100,182.90954589843750
2019-09-23,190.36000061035156,191.07000732421875,189.72000122070312,190.50000000000000,22485900,182.99023437500000
2019-09-24,191.36999511718750,191.78999328613280,187.14999389648438,187.97000122070312,40820700,180.55999755859375
2019-09-25,187.77999877929688,190.58000183105470,186.21000671386720,190.08000183105470,34704900,182.58683776855470
2019-09-26,189.83000183105470,190.00000000000000,187.97999572753906,189.38000488281250,26826000,181.91438293457030
2019-09-27,189.72999572753906,189.83000183105470,185.75000000000000,187.02999877929688,40773500,179.65702819824220
2019-09-30,187.78999328613280,189.11000061035156,187.39999389648438,188.80999755859375,26307700,181.36686706542970
2019-10-01,189.50000000000000,190.58999633789062,186.96000671386720,187.27000427246094,32367600,179.88760375976562
2019-10-02,186.00000000000000,186.02999877929688,183.02000427246094,184.05000305175780,48544300,176.79452514648438
2019-10-03,184.02999877929688,186.21000671386720,181.82000732421875,186.07000732421875,39392500,178.73493957519530
2019-10-04,187.08000183105470,189.08000183105470,186.88000488281250,188.80999755859375,31887600,181.36686706542970
2019-10-07,188.27000427246094,189.74000549316406,187.91000366210938,188.24000549316406,21216000,180.81935119628906
2019-10-08,187.05999755859375,187.86000061035156,185.27000427246094,185.41999816894530,32379300,178.11054992675780
2019-10-09,186.99000549316406,188.08000183105470,186.42999267578125,187.22999572753906,20147400,179.84913635253906
2019-10-10,187.27999877929688,189.42999267578125,187.11999511718750,188.67999267578125,25177700,181.24195861816406
2019-10-11,190.83000183105470,192.63000488281250,190.72000122070312,191.11000061035156,40976700,183.57617187500000
2019-10-14,190.83999633789062,191.69999694824220,190.64999389648438,191.08999633789062,14975000,183.55700683593750
2019-10-15,191.67999267578125,193.97000122070312,191.55999755859375,193.52000427246094,23234200,185.89118957519530
2019-10-16,192.86000061035156,193.52999877929688,192.42999267578125,193.03999328613280,20457100,185.43011474609375
2019-10-17,194.19999694824220,194.50000000000000,192.80999755859375,193.55000305175780,19045200,185.92001342773438
2019-10-18,193.19999694824220,193.66999816894530,190.71000671386720,191.69000244140625,27700800,184.13333129882812
2019-10-21,192.71000671386720,193.52000427246094,192.13999938964844,193.38999938964844,15801200,185.76629638671875
2019-10-22,194.14999389648438,194.41999816894530,191.78999328613280,191.85000610351562,22392300,184.28706359863280
2019-10-23,191.46000671386720,192.25999450683594,191.14999389648438,192.22000122070312,14828400,184.64242553710938
2019-10-24,193.58999633789062,194.21000671386720,192.74000549316406,194.08999633789062,18998500,186.43870544433594
2019-10-25,193.08999633789062,195.74000549316406,193.05000305175780,195.63999938964844,21507100,187.92762756347656
2019-10-28,196.55000305175780,197.83000183105470,196.55000305175780,197.57000732421875,18818700,189.78153991699220
2019-10-29,197.24000549316406,197.53999328613280,196.00999450683594,196.03999328613280,18569700,188.31184387207030
2019-10-30,196.41999816894530,197.32000732421875,195.28999328613280,196.99000549316406,21764300,189.22438049316406
2019-10-31,197.55999755859375,197.64999389648438,195.94000244140625,197.08000183105470,26801800,189.31085205078125
2019-11-01,197.92999267578125,198.88000488281250,197.63000488281250,198.86999511718750,22131900,191.03028869628906
2019-11-04,200.19000244140625,200.52999877929688,198.86999511718750,200.10000610351562,19015900,192.21180725097656
2019-11-05,200.35000610351562,200.55000305175780,199.55000305175780,200.21000671386720,15048900,192.31748962402344
2019-11-06,199.97999572753906,200.00000000000000,198.78999328613280,199.75999450683594,19725500,191.88520812988280
2019-11-07,200.75999450683594,201.72000122070312,199.85000610351562,200.42999267578125,17832400,192.52879333496094
2019-11-08,200.07000732421875,201.25000000000000,199.53999328613280,201.22999572753906,15258800,193.29722595214844
2019-11-11,200.21000671386720,201.03999328613280,199.94000244140625,200.96000671386720,10147600,193.03793334960938
2019-11-12,201.13000488281250,202.21000671386720,200.82000732421875,201.53999328613280,14778300,193.59501647949220
2019-11-13,200.83999633789062,201.77999877929688,200.71000671386720,201.58999633789062,15774600,193.64306640625000
2019-11-14,200.83000183105470,201.55999755859375,200.22000122070312,201.42999267578125,16945400,193.48936462402344
2019-11-15,202.64999389648438,202.91000366210938,202.00000000000000,202.91000366210938,18427900,194.91104125976562
2019-11-18,202.58999633789062,203.38999938964844,201.77000427246094,203.07000732421875,18365900,195.06472778320312
2019-11-19,203.83999633789062,203.83999633789062,202.58999633789062,203.36999511718750,16923300,195.35292053222656
2019-11-20,202.83999633789062,203.44999694824220,200.61999511718750,202.14999389648438,36629000,194.18101501464844
2019-11-21,201.92999267578125,202.07000732421875,201.07000732421875,201.69999694824220,17883600,193.74874877929688
2019-11-22,202.19999694824220,202.32000732421875,200.74000549316406,201.83000183105470,17189600,193.87355041503906
2019-11-25,202.69999694824220,204.25999450683594,202.66999816894530,204.22000122070312,17752800,196.16941833496094
2019-11-26,204.35000610351562,204.86999511718750,204.05000305175780,204.61000061035156,14780600,196.54399108886720
2019-11-27,205.13999938964844,206.05000305175780,204.88999938964844,206.03999328613280,16963100,197.91763305664062
2019-11-29,205.52000427246094,205.83000183105470,205.00000000000000,205.10000610351562,9854600,197.01469421386720
2019-12-02,205.11000061035156,205.17999267578125,201.77999877929688,203.00000000000000,28007000,194.99746704101562
2019-12-03,200.21000671386720,201.49000549316406,199.22999572753906,201.41000366210938,31104100,193.47019958496094
2019-12-04,202.44000244140625,202.91000366210938,202.13999938964844,202.42999267578125,15300100,194.44992065429688
2019-12-05,203.14999389648438,203.14999389648438,201.83999633789062,202.83000183105470,14962300,194.83418273925780
2019-12-06,204.30999755859375,205.14999389648438,204.14999389648438,205.00000000000000,16555300,196.91864013671875
2019-12-09,204.63000488281250,205.58999633789062,203.97999572753906,204.07000732421875,13984100,196.02528381347656
2019-12-10,204.16999816894530,204.88000488281250,203.44000244140625,203.89999389648438,21799800,195.86203002929688
2019-12-11,204.36000061035156,205.19000244140625,204.03999328613280,204.97999572753906,18780800,196.89942932128906
2019-12-12,204.77000427246094,207.32000732421875,204.49000549316406,206.50999450683594,32612000,198.36915588378906
2019-12-13,206.39999389648438,207.91000366210938,205.96000671386720,207.19000244140625,32519400,199.02233886718750
2019-12-16,208.55000305175780,209.52999877929688,208.47999572753906,209.27000427246094,21296600,201.02030944824220
2019-12-17,209.53999328613280,209.71000671386720,209.03999328613280,209.38999938964844,15996100,201.13560485839844
2019-12-18,209.57000732421875,210.13000488281250,209.33000183105470,209.55000305175780,15443300,201.28929138183594
2019-12-19,209.63999938964844,210.92999267578125,209.61999511718750,210.86000061035156,17865900,202.54762268066406
2019-12-20,211.86000061035156,212.52000427246094,211.27000427246094,211.71000671386720,27672600,203.36412048339844
2019-12-23,212.00000000000000,212.14999389648438,211.63000488281250,211.80999755859375,23774700,203.90127563476562
2019-12-24,212.00000000000000,212.08999633789062,211.44000244140625,211.91999816894530,7089000,204.00717163085938
2019-12-26,212.25999450683594,213.80999755859375,212.22999572753906,213.78999328613280,17067500,205.80735778808594
2019-12-27,214.53999328613280,214.55999755859375,213.03999328613280,213.61000061035156,18134100,205.63407897949220
2019-12-30,213.50000000000000,213.63000488281250,211.16000366210938,212.21000671386720,21815500,204.28634643554688
2019-12-31,211.52999877929688,212.75999450683594,211.19999694824220,212.61000061035156,18170900,204.67146301269530
2020-01-02,214.39999389648438,216.16000366210938,213.97999572753906,216.16000366210938,30969400,208.08888244628906
2020-01-03,213.30000305175780,215.47000122070312,213.27999877929688,214.17999267578125,27518900,206.18280029296875
2020-01-06,212.50000000000000,215.58999633789062,212.24000549316406,215.55999755859375,21655300,207.51127624511720
2020-01-07,215.63999938964844,216.13999938964844,214.85000610351562,215.52999877929688,22139300,207.48240661621094
2020-01-08,215.50000000000000,218.13999938964844,215.16000366210938,217.14999389648438,26397300,209.04190063476562
2020-01-09,218.94000244140625,219.41000366210938,217.71000671386720,218.99000549316406,23547000,210.81320190429688
2020-01-10,219.85000610351562,219.86999511718750,218.03999328613280,218.42999267578125,21898500,210.27413940429688
2020-01-13,219.33000183105470,220.97999572753906,218.97999572753906,220.94999694824220,22756900,212.70005798339844
2020-01-14,220.83999633789062,221.21000671386720,219.74000549316406,220.08000183105470,24418100,211.86250305175780
2020-01-15,220.19999694824220,221.19999694824220,219.44999694824220,220.16999816894530,25742100,211.94914245605470
2020-01-16,221.27000427246094,222.32000732421875,220.80000305175780,222.27999877929688,18805000,213.98034667968750
2020-01-17,223.27999877929688,223.55999755859375,222.11999511718750,223.38000488281250,24325200,215.03932189941406
2020-01-21,222.75999450683594,223.83999633789062,222.66000366210938,223.27999877929688,21146300,214.94300842285156
2020-01-22,224.41000366210938,225.14999389648438,223.58999633789062,223.86999511718750,20736400,215.51098632812500
2020-01-23,223.74000549316406,224.69000244140625,222.69999694824220,224.58999633789062,26496100,216.20411682128906
2020-01-24,225.63999938964844,225.88000488281250,221.66999816894530,222.69999694824220,37436500,214.38464355468750
2020-01-27,217.66999816894530,219.27999877929688,217.17999267578125,218.10000610351562,42264400,209.95643615722656
2020-01-28,219.63999938964844,221.96000671386720,219.05999755859375,221.44999694824220,26731900,213.18135070800780
2020-01-29,222.67999267578125,222.92999267578125,220.83000183105470,221.80999755859375,28924500,213.52793884277344
2020-01-30,220.38000488281250,222.69999694824220,219.69000244140625,222.60000610351562,39568100,214.28842163085938
2020-01-31,223.52999877929688,223.55999755859375,218.28999328613280,219.07000732421875,52015800,210.89021301269530
2020-02-03,220.13999938964844,222.88999938964844,219.99000549316406,222.38000488281250,25408600,214.07666015625000
2020-02-04,225.41999816894530,227.86000061035156,224.64999389648438,227.47000122070312,30691200,218.97660827636720
2020-02-05,230.21000671386720,230.25000000000000,226.85000610351562,228.22000122070312,38534800,219.69851684570312
2020-02-06,228.78999328613280,230.25000000000000,227.97999572753906,230.19000244140625,22467100,221.59500122070312
2020-02-07,229.16000366210938,230.44000244140625,228.53999328613280,229.19999694824220,25884900,220.64198303222656
2020-02-10,228.44000244140625,231.97999572753906,228.38000488281250,231.97000122070312,21478900,223.30853271484375
2020-02-11,233.25000000000000,234.02000427246094,231.39999389648438,232.00999450683594,30198000,223.34700012207030
2020-02-12,233.38000488281250,234.38000488281250,232.80000305175780,234.27000427246094,24471300,225.52267456054688
2020-02-13,232.63999938964844,234.92999267578125,232.36000061035156,233.97000122070312,22773200,225.23388671875000
2020-02-14,234.33999633789062,234.86000061035156,233.55000305175780,234.63999938964844,23438500,225.87889099121094
2020-02-18,233.50000000000000,235.16999816894530,233.25000000000000,234.72999572753906,24394500,225.96546936035156
2020-02-19,236.13000488281250,237.47000122070312,235.85000610351562,236.97999572753906,22230500,228.13145446777344
2020-02-20,236.46000671386720,236.94999694824220,231.88000488281250,234.77999877929688,42604000,226.01362609863280
2020-02-21,233.61000061035156,234.00999450683594,229.32000732421875,230.27000427246094,66017200,221.67202758789062
2020-02-24,221.67999267578125,224.25000000000000,220.25999450683594,221.38999938964844,84522600,213.12359619140625
2020-02-25,223.25000000000000,223.99000549316406,214.74000549316406,215.36999511718750,97743000,207.32836914062500
2020-02-26,216.71000671386720,220.27999877929688,214.89999389648438,216.47999572753906,79537700,208.39691162109375
2020-02-27,210.89999389648438,216.41999816894530,205.50000000000000,205.63999938964844,121822600,197.96163940429688
2020-02-28,198.63999938964844,207.16999816894530,198.16999816894530,205.80000305175780,148173700,198.11566162109375
2020-03-02,208.88000488281250,216.57000732421875,205.94000244140625,216.41999816894530,112933900,208.33917236328125
2020-03-03,217.11000061035156,219.61000061035156,207.61999511718750,209.47999572753906,131953500,201.65830993652344
2020-03-04,213.32000732421875,218.33000183105470,211.36999511718750,218.22000122070312,73086200,210.07191467285156
2020-03-05,212.69000244140625,216.36000061035156,210.10000610351562,211.58999633789062,78705500,203.68948364257812
2020-03-06,204.66999816894530,209.14999389648438,202.91000366210938,208.02000427246094,89828400,200.25279235839844
2020-03-09,193.47999572753906,201.16000366210938,192.11000061035156,193.57000732421875,116424000,186.34234619140625
2020-03-10,201.11000061035156,204.30000305175780,193.67999267578125,204.11000061035156,100599200,196.48878479003906
2020-03-11,199.35000610351562,200.75000000000000,192.72999572753906,195.22000122070312,89168800,187.93075561523438
2020-03-12,182.08999633789062,190.77999877929688,176.94000244140625,177.32000732421875,137820700,170.69911193847656
2020-03-13,187.07000732421875,194.47999572753906,178.13000488281250,192.33999633789062,134882000,185.15826416015625
2020-03-16,174.14999389648438,184.67999267578125,169.16000366210938,169.30000305175780,92054400,162.97853088378906
2020-03-17,175.47000122070312,184.38999938964844,169.77999877929688,182.13999938964844,121257100,175.33912658691406
2020-03-18,171.61000061035156,179.22000122070312,166.80000305175780,176.60000610351562,114156300,170.00595092773438
2020-03-19,175.69000244140625,183.49000549316406,171.63000488281250,177.66000366210938,120896500,171.02642822265625
2020-03-20,181.74000549316406,182.86999511718750,170.10000610351562,170.69999694824220,118983900,164.32630920410156
2020-03-23,170.91999816894530,174.21000671386720,164.92999267578125,170.46000671386720,124639800,164.44499206542970
2020-03-24,179.91000366210938,183.83000183105470,177.94999694824220,183.66000366210938,94881800,177.17910766601562
2020-03-25,184.41999816894530,189.50999450683594,179.97999572753906,182.30000305175780,88754900,175.86711120605470
2020-03-26,183.86999511718750,192.72000122070312,183.61000061035156,191.89999389648438,79887600,185.12835693359375
2020-03-27,186.92999267578125,190.50999450683594,184.66000366210938,185.30000305175780,58845000,178.76129150390625
2020-03-30,187.05999755859375,192.49000549316406,186.33999633789062,192.03999328613280,49356900,185.26341247558594
2020-03-31,191.72000122070312,195.25000000000000,189.19999694824220,190.39999389648438,62659300,183.68133544921875
2020-04-01,184.77000427246094,187.66000366210938,180.86000061035156,182.30999755859375,53715400,175.87681579589844
2020-04-02,181.24000549316406,190.10000610351562,180.97000122070312,186.00999450683594,56465300,179.44622802734375
2020-04-03,185.55000305175780,187.07000732421875,181.28999328613280,183.36999511718750,47487600,176.89935302734375
2020-04-06,190.47999572753906,197.64999389648438,189.19000244140625,196.47999572753906,64763500,189.54675292968750
2020-04-07,202.36999511718750,202.66000366210938,196.00000000000000,196.39999389648438,69904500,189.46960449218750
2020-04-08,198.14999389648438,201.16999816894530,196.16999816894530,200.57000732421875,45940400,193.49244689941406
2020-04-09,202.35000610351562,203.22000122070312,199.02999877929688,200.86000061035156,68252600,193.77223205566406
2020-04-13,200.00000000000000,203.41999816894530,198.75000000000000,203.02999877929688,42853900,195.86566162109375
2020-04-14,207.22999572753906,212.50000000000000,206.41999816894530,211.86000061035156,63959600,204.38407897949220
2020-04-15,208.47999572753906,211.83000183105470,207.11999511718750,209.42999267578125,47036000,202.03974914550780
2020-04-16,211.69000244140625,214.36999511718750,209.69000244140625,213.25000000000000,64657400,205.72499084472656
2020-04-17,216.16999816894530,216.50999450683594,212.08000183105470,215.28999328613280,62863200,207.69297790527344
2020-04-20,213.36000061035156,215.88000488281250,212.57000732421875,212.74000549316406,38249100,205.23301696777344
2020-04-21,210.60000610351562,211.16000366210938,203.63000488281250,204.88999938964844,72932800,197.66000366210938
2020-04-22,209.10000610351562,212.35000610351562,208.33000183105470,210.97000122070312,40089100,203.52543640136720
2020-04-23,211.78999328613280,214.44000244140625,210.10000610351562,210.52000427246094,43278500,203.09135437011720
2020-04-24,210.97000122070312,214.30000305175780,209.50000000000000,213.83999633789062,34231900,206.29415893554688
2020-04-27,216.19000244140625,216.63000488281250,214.50000000000000,215.55999755859375,36451700,207.95346069335938
2020-04-28,217.32000732421875,217.32000732421875,211.21000671386720,211.50000000000000,46862800,204.03672790527344
2020-04-29,216.19000244140625,219.97000122070312,215.13999938964844,219.00000000000000,48716400,211.27206420898438
2020-04-30,219.94999694824220,220.03999328613280,217.35000610351562,218.91000366210938,43359500,211.18527221679688
2020-05-01,214.50000000000000,216.66999816894530,211.67999267578125,212.74000549316406,48795000,205.23301696777344
2020-05-04,211.46000671386720,215.44999694824220,211.11999511718750,215.22000122070312,32841000,207.62547302246094
2020-05-05,217.44000244140625,220.13999938964844,216.85000610351562,217.66000366210938,37783100,209.97940063476562
2020-05-06,219.39999389648438,221.03999328613280,218.11000061035156,219.00000000000000,36455200,211.27206420898438
2020-05-07,221.82000732421875,222.72999572753906,220.41999816894530,221.82000732421875,38624800,213.99259948730470
2020-05-08,223.55000305175780,225.00000000000000,222.47999572753906,224.86000061035156,31852300,216.92533874511720
2020-05-11,223.49000549316406,227.92999267578125,223.25000000000000,226.86999511718750,35714100,218.86437988281250
2020-05-12,227.49000549316406,228.10000610351562,222.08999633789062,222.11999511718750,41054100,214.28198242187500
2020-05-13,222.66000366210938,224.61000061035156,216.71000671386720,219.33999633789062,65521200,211.60011291503906
2020-05-14,217.97000122070312,221.86999511718750,215.99000549316406,221.83000183105470,51549300,214.00221252441406
2020-05-15,218.77999877929688,223.33000183105470,218.33000183105470,223.27000427246094,55747200,215.39143371582030
2020-05-18,226.27999877929688,228.67999267578125,225.47000122070312,227.42999267578125,42398100,219.40463256835938
2020-05-19,227.69999694824220,229.85000610351562,226.71000671386720,226.86000061035156,36237300,218.85475158691406
2020-05-20,229.50000000000000,231.75999450683594,229.47999572753906,231.38999938964844,37417000,223.22486877441406
2020-05-21,231.44000244140625,232.13999938964844,228.33999633789062,228.86999511718750,43642900,220.79377746582030
2020-05-22,228.44999694824220,229.86999511718750,227.50000000000000,229.66000366210938,28762400,221.55593872070312
2020-05-26,233.36000061035156,233.57000732421875,228.78999328613280,229.03999328613280,33055300,220.95779418945312
2020-05-27,228.69000244140625,230.41000366210938,223.94000244140625,230.28999328613280,55665600,222.16371154785156
2020-05-28,229.11000061035156,233.47000122070312,229.05000305175780,229.99000549316406,42784300,221.87429809570312
2020-05-29,230.38000488281250,233.60000610351562,228.75999450683594,233.36000061035156,50691800,225.12539672851562
2020-06-01,232.46000671386720,234.44999694824220,232.00000000000000,234.05999755859375,25776000,225.80068969726562
2020-06-02,234.50000000000000,235.69000244140625,232.00999450683594,235.63000488281250,33383400,227.31526184082030
2020-06-03,236.25999450683594,237.47000122070312,235.35000610351562,236.69000244140625,37228700,228.33786010742188
2020-06-04,236.33000183105470,237.78999328613280,233.67999267578125,235.02999877929688,38716100,226.73641967773438
2020-06-05,236.22000122070312,240.30000305175780,235.63000488281250,239.69000244140625,47365600,231.23200988769530
2020-06-08,239.53999328613280,241.67999267578125,237.91000366210938,241.55000305175780,32937300,233.02638244628906
2020-06-09,240.66000366210938,244.17999267578125,240.47000122070312,243.30000305175780,35046300,234.71464538574220
2020-06-10,245.05000305175780,247.82000732421875,244.50999450683594,246.22000122070312,58084400,237.53157043457030
2020-06-11,242.16000366210938,243.58999633789062,233.96000671386720,234.02000427246094,72919400,225.76206970214844
2020-06-12,239.08999633789062,240.39999389648438,231.74000549316406,235.88000488281250,72034800,227.55647277832030
2020-06-15,232.44000244140625,239.44999694824220,231.47000122070312,238.75000000000000,45307400,230.32519531250000
2020-06-16,243.77999877929688,244.38999938964844,239.10000610351562,242.85000610351562,48890100,234.28050231933594
2020-06-17,244.39999389648438,245.50000000000000,242.72999572753906,243.61999511718750,34749300,235.02331542968750
2020-06-18,243.28999328613280,244.52999877929688,242.49000549316406,244.27999877929688,30578600,235.66004943847656
2020-06-19,246.72999572753906,247.00000000000000,242.44999694824220,244.24000549316406,49422100,235.62145996093750
2020-06-22,243.67999267578125,246.86999511718750,243.38000488281250,246.74000549316406,24068700,238.44715881347656
2020-06-23,248.38999938964844,251.14999389648438,247.82000732421875,248.83999633789062,32767400,240.47657775878906
2020-06-24,248.05999755859375,249.33000183105470,242.16000366210938,243.71000671386720,46032400,235.51904296875000
2020-06-25,243.80000305175780,246.33999633789062,241.13999938964844,246.02999877929688,36940800,237.76103210449220
2020-06-26,245.77999877929688,245.96000671386720,239.67999267578125,240.22000122070312,52824600,232.14634704589844
2020-06-29,239.97000122070312,242.85000610351562,237.35000610351562,242.83999633789062,34377800,234.67822265625000
2020-06-30,242.77000427246094,248.16000366210938,242.58000183105470,247.60000610351562,38909200,239.27825927734375
2020-07-01,247.63999938964844,251.52000427246094,247.08000183105470,250.49000549316406,34689200,242.07115173339844
2020-07-02,253.02000427246094,254.27000427246094,251.71000671386720,252.19000244140625,31956500,243.71401977539062
2020-07-06,255.44999694824220,258.92999267578125,255.42999267578125,258.39001464843750,34589000,249.70565795898438
2020-07-07,258.13000488281250,260.88000488281250,256.29998779296875,256.60998535156250,36578200,247.98542785644530
2020-07-08,257.98001098632810,260.01998901367190,256.50000000000000,259.98999023437500,30426300,251.25186157226562
2020-07-09,261.97000122070310,262.86999511718750,257.63000488281250,262.17999267578125,40312900,253.36819458007812
2020-07-10,262.02999877929690,264.23001098632810,259.26000976562500,263.97000122070310,32885300,255.09812927246094
2020-07-13,266.91000366210940,269.79000854492190,257.69000244140625,258.54000854492190,64108100,249.85052490234375
2020-07-14,255.92999267578125,260.79000854492190,252.75999450683594,260.36999511718750,72230500,251.61911010742188
2020-07-15,261.82998657226560,262.69000244140625,257.48999023437500,260.89999389648440,54523900,252.13125610351562
2020-07-16,258.01998901367190,259.77999877929690,255.61999511718750,259.11999511718750,47594100,250.41111755371094
2020-07-17,259.58999633789060,260.30999755859375,257.17001342773440,259.42001342773440,35137900,250.70097351074220
2020-07-20,260.07998657226560,267.42999267578125,258.79000854492190,266.77999877929690,40610100,257.81356811523440
2020-07-21,268.39999389648440,268.41000366210940,263.13000488281250,264.00000000000000,43243800,255.12705993652344
2020-07-22,264.51000976562500,265.89001464843750,262.54998779296875,264.92999267578125,29865500,256.02572631835940
2020-07-23,264.51000976562500,265.23999023437500,256.54998779296875,258.01000976562500,51363500,249.33840942382812
2020-07-24,254.03999328613280,256.92999267578125,251.32000732421875,255.55999755859375,54054500,246.97074890136720
2020-07-27,257.26000976562500,260.51998901367190,256.45001220703125,260.11999511718750,36445700,251.37747192382812
2020-07-28,259.30999755859375,259.85000610351560,256.51000976562500,256.80999755859375,31302400,248.17874145507812
2020-07-29,258.39999389648440,260.66000366210940,257.91000366210940,259.76998901367190,27556900,251.03921508789062
2020-07-30,257.73999023437500,261.70999145507810,256.54998779296875,261.13000488281250,41774500,252.35356140136720
2020-07-31,265.91000366210940,265.95001220703125,260.85000610351560,265.79000854492190,53686300,256.85696411132810
2020-08-03,268.00000000000000,270.14999389648440,267.86999511718750,269.38000488281250,32081600,260.32629394531250
2020-08-04,268.85998535156250,270.48001098632810,268.08999633789060,270.38000488281250,24911300,261.29263305664060
2020-08-05,270.88000488281250,271.51998901367190,269.95999145507810,271.04998779296875,21612100,261.94012451171875
2020-08-06,270.85000610351560,274.98001098632810,270.19000244140625,274.64001464843750,28048200,265.40948486328125
2020-08-07,274.07998657226560,274.88000488281250,269.25000000000000,271.47000122070310,44969400,262.34600830078125
2020-08-10,271.76998901367190,271.98001098632810,266.67001342773440,270.30999755859375,35088400,261.22500610351560
2020-08-11,269.10998535156250,270.44000244140625,264.63000488281250,265.19000244140625,43104300,256.27709960937500
2020-08-12,267.42001342773440,272.83999633789060,267.36999511718750,271.85998535156250,38773400,262.72296142578125
2020-08-13,272.66000366210940,274.82998657226560,271.51000976562500,272.48001098632810,31895700,263.32196044921875
2020-08-14,273.11999511718750,273.39999389648440,270.72000122070310,272.16000366210940,30799500,263.01275634765625
2020-08-17,273.92999267578125,275.83999633789060,272.20001220703125,275.32000732421875,24803000,266.06658935546875
2020-08-18,276.42001342773440,278.45999145507810,274.91000366210940,277.97000122070310,23529500,268.62753295898440
2020-08-19,277.92999267578125,279.01998901367190,275.57000732421875,276.10000610351560,31999400,266.82040405273440
2020-08-20,275.27999877929690,280.42999267578125,274.85998535156250,279.92999267578125,27723400,270.52172851562500
2020-08-21,280.13000488281250,282.33999633789060,279.45999145507810,281.86999511718750,34748900,272.39648437500000
2020-08-24,285.25000000000000,286.00000000000000,281.26998901367190,283.63000488281250,36418500,274.09738159179690
2020-08-25,282.82998657226560,286.05999755859375,282.36999511718750,285.85998535156250,34866600,276.25234985351560
2020-08-26,287.14999389648440,292.22000122070310,285.82998657226560,291.95999145507810,42216700,282.14730834960940
2020-08-27,292.97000122070310,293.85000610351560,288.70999145507810,291.04998779296875,49482700,281.26800537109375
2020-08-28,292.32998657226560,293.17999267578125,290.92999267578125,292.52999877929690,28021000,282.69812011718750
2020-08-31,293.07000732421875,296.75000000000000,292.61999511718750,294.88000488281250,36321000,284.96926879882810
2020-09-01,297.61999511718750,300.04000854492190,295.79000854492190,299.92001342773440,36216200,289.83984375000000
2020-09-02,303.27999877929690,303.50000000000000,296.89001464843750,302.76000976562500,50836800,292.58444213867190
2020-09-03,298.10000610351560,298.61999511718750,284.41000366210940,287.41000366210940,110083300,277.75030517578125
2020-09-04,285.55999755859375,288.92999267578125,271.79998779296875,283.57998657226560,123959000,274.04904174804690
2020-09-08,272.22000122070310,278.22000122070310,269.66000366210940,269.95001220703125,99568600,260.87704467773440
2020-09-09,275.64001464843750,280.04998779296875,273.00000000000000,277.88000488281250,64837900,268.54055786132810
2020-09-10,280.94000244140625,282.20001220703125,270.55999755859375,272.33999633789060,69667500,263.18667602539060
2020-09-11,274.14999389648440,275.22000122070310,266.89999389648440,270.45001220703125,71809000,261.36041259765625
2020-09-14,274.35998535156250,277.22000122070310,272.95999145507810,275.16000366210940,38525200,265.91201782226560
2020-09-15,279.02999877929690,280.45001220703125,275.13000488281250,279.05999755859375,41849900,269.68090820312500
2020-09-16,279.88000488281250,280.35998535156250,274.25000000000000,274.60998535156250,42321000,265.38043212890625
2020-09-17,267.54998779296875,274.39999389648440,266.67999267578125,270.32000732421875,81570800,261.23461914062500
2020-09-18,271.79000854492190,272.08999633789060,262.63000488281250,266.86999511718750,86251100,257.90063476562500
2020-09-21,262.47000122070310,267.64999389648440,260.10998535156250,267.51000976562500,57168600,258.51910400390625
2020-09-22,269.98999023437500,273.07998657226560,266.54000854492190,272.48001098632810,41128900,263.32196044921875
2020-09-23,272.14999389648440,272.33999633789060,263.25000000000000,264.16000366210940,48837300,255.28167724609375
2020-09-24,261.39001464843750,268.70001220703125,261.22000122070310,265.39001464843750,70631700,256.47033691406250
2020-09-25,265.91000366210940,272.39999389648440,264.29998779296875,271.55999755859375,55242400,262.43298339843750
2020-09-28,276.57998657226560,277.20001220703125,271.67001342773440,277.20001220703125,58438300,267.88342285156250
2020-09-29,276.61999511718750,277.70999145507810,275.36999511718750,275.95001220703125,27050000,266.67544555664060
2020-09-30,276.14999389648440,281.08999633789060,275.86999511718750,277.83999633789060,49380800,268.50186157226560
2020-10-01,281.79000854492190,282.88000488281250,279.83999633789060,282.25000000000000,50020200,272.76370239257810
2020-10-02,276.01998901367190,282.23999023437500,273.44000244140625,274.30999755859375,75497400,265.09051513671875
2020-10-05,276.33999633789060,280.48999023437500,276.23001098632810,280.16000366210940,28184600,270.74392700195310
2020-10-06,279.45001220703125,281.19000244140625,274.25000000000000,275.16000366210940,49704200,265.91201782226560
2020-10-07,277.89001464843750,280.73999023437500,277.27999877929690,279.92001342773440,27539700,270.51199340820310
2020-10-08,282.39999389648440,282.47000122070310,280.30999755859375,281.41000366210940,25443300,271.95193481445310
2020-10-09,283.10998535156250,285.79000854492190,282.70999145507810,285.70999145507810,30201100,276.10733032226560
2020-10-12,290.54998779296875,297.45999145507810,289.47000122070310,294.52999877929690,79370700,284.63098144531250
2020-10-13,296.39001464843750,297.04998779296875,293.10998535156250,294.51998901367190,64240000,284.62133789062500
2020-10-14,295.35000610351560,296.35000610351560,290.26000976562500,292.05999755859375,36949100,282.24395751953125
2020-10-15,287.20001220703125,290.70999145507810,286.54000854492190,290.10000610351560,42514200,280.34985351562500
2020-10-16,291.79998779296875,293.26998901367190,288.14999389648440,288.51000976562500,40570700,278.81332397460940
2020-10-19,290.48999023437500,291.48001098632810,282.79000854492190,283.79998779296875,36756800,274.26162719726560
2020-10-20,284.55999755859375,287.61999511718750,282.95001220703125,284.41000366210940,32195400,274.85113525390625
2020-10-21,284.67001342773440,287.32000732421875,283.69000244140625,284.19000244140625,29306100,274.63854980468750
2020-10-22,285.04998779296875,285.98001098632810,280.82000732421875,284.17999267578125,32196200,274.62881469726560
2020-10-23,284.76998901367190,284.91000366210940,281.77999877929690,284.73999023437500,24658500,275.16995239257810
2020-10-26,282.38000488281250,285.29998779296875,276.76000976562500,280.47000122070310,38421100,271.04351806640625
2020-10-27,281.50000000000000,283.51000976562500,280.20001220703125,282.66000366210940,30559100,273.15994262695310
2020-10-28,278.01000976562500,278.64001464843750,271.38000488281250,271.64001464843750,53413500,262.51034545898440
2020-10-29,273.00000000000000,279.48999023437500,272.51998901367190,276.39001464843750,43246300,267.10058593750000
2020-10-30,274.33999633789060,275.23999023437500,267.07000732421875,269.38000488281250,65838300,260.32629394531250
2020-11-02,271.85000610351560,273.51998901367190,266.97000122070310,269.98001098632810,39987400,260.90609741210940
2020-11-03,271.95999145507810,276.82000732421875,270.83999633789060,274.64999389648440,43604100,265.41915893554690
2020-11-04,283.58999633789060,288.76998901367190,281.86999511718750,286.91000366210940,75728200,277.26702880859375
2020-11-05,293.52999877929690,295.39001464843750,292.00000000000000,294.39001464843750,52054200,284.49569702148440
2020-11-06,293.70999145507810,295.35998535156250,289.82998657226560,294.60998535156250,40959800,284.70822143554690
2020-11-09,297.64999389648440,299.14001464843750,288.11999511718750,288.58999633789060,86537100,278.89062500000000
2020-11-10,285.17001342773440,286.66000366210940,280.61999511718750,283.42001342773440,69024900,273.89440917968750
2020-11-11,286.02999877929690,290.25000000000000,283.38000488281250,289.76000976562500,36102900,280.02130126953125
2020-11-12,290.76000976562500,292.07000732421875,287.25000000000000,288.39999389648440,34414600,278.70700073242190
2020-11-13,290.17001342773440,291.57000732421875,287.86999511718750,290.92999267578125,24806900,281.15197753906250
2020-11-16,290.61999511718750,293.51000976562500,289.98999023437500,293.20001220703125,30168400,283.34570312500000
2020-11-17,293.39999389648440,293.73999023437500,291.60998535156250,292.26998901367190,21843500,282.44689941406250
2020-11-18,291.70001220703125,293.36999511718750,290.01998901367190,290.10998535156250,28069600,280.35943603515625
2020-11-19,289.54000854492190,292.70001220703125,288.85000610351560,292.38000488281250,22718400,282.55328369140625
2020-11-20,292.29998779296875,293.07000732421875,290.29000854492190,290.38000488281250,25907300,280.62042236328125
2020-11-23,291.41000366210940,292.75000000000000,288.07000732421875,290.39001464843750,26875600,280.63018798828125
2020-11-24,291.48999023437500,294.98001098632810,289.63000488281250,294.47000122070310,24516800,284.57296752929690
2020-11-25,295.57000732421875,296.94000244140625,294.58999633789060,296.27999877929690,23326800,286.32226562500000
2020-11-27,298.30999755859375,300.17001342773440,297.89999389648440,299.01000976562500,17163100,288.96051025390625
2020-11-30,299.33999633789060,299.97000122070310,294.77999877929690,299.61999511718750,27836200,289.54986572265625
2020-12-01,301.97000122070310,305.14001464843750,300.82998657226560,303.45999145507810,27521300,293.26083374023440
2020-12-02,302.25000000000000,304.20001220703125,300.35000610351560,303.85000610351560,23620000,293.63778686523440
2020-12-03,304.17001342773440,305.88000488281250,303.52999877929690,304.27999877929690,22828700,294.05325317382810
2020-12-04,304.32998657226560,305.67001342773440,303.63000488281250,305.51998901367190,19332100,295.25149536132810
2020-12-07,305.70999145507810,307.63000488281250,305.51998901367190,307.25000000000000,20851000,296.92346191406250
2020-12-08,306.76000976562500,308.60000610351560,304.95001220703125,308.29000854492190,18341500,297.92858886718750
2020-12-09,308.07000732421875,308.35998535156250,300.20999145507810,301.30999755859375,48839300,291.18307495117190
2020-12-10,299.20999145507810,303.67999267578125,298.08999633789060,302.51998901367190,27519500,292.35235595703125
2020-12-11,300.80999755859375,301.98001098632810,298.47000122070310,301.85000610351560,26760400,291.70504760742190
2020-12-14,303.07998657226560,306.04998779296875,303.01000976562500,304.04000854492190,28804800,293.82138061523440
2020-12-15,306.36999511718750,307.29000854492190,304.10998535156250,307.29000854492190,25709000,296.96203613281250
2020-12-16,307.70001220703125,309.79000854492190,306.61999511718750,308.98001098632810,25461900,298.59536743164060
2020-12-17,310.63000488281250,311.23999023437500,309.39001464843750,311.00000000000000,23730500,300.54745483398440
2020-12-18,311.66000366210940,311.98001098632810,307.60998535156250,310.05999755859375,41173400,299.63900756835940
2020-12-21,306.45999145507810,309.47000122070310,303.60000610351560,308.92001342773440,37095500,299.07849121093750
2020-12-22,309.85000610351560,310.70999145507810,306.85000610351560,309.76000976562500,26176300,299.89163208007810
2020-12-23,309.80999755859375,310.17999267578125,308.04000854492190,308.20001220703125,21201300,298.38137817382810
2020-12-24,308.47000122070310,310.01998901367190,308.39001464843750,309.55999755859375,16785000,299.69805908203125
2020-12-28,312.25000000000000,313.17001342773440,310.35998535156250,312.67999267578125,22497700,302.71862792968750
2020-12-29,314.04998779296875,314.69000244140625,312.02999877929690,312.95999145507810,25871900,302.98974609375000
2020-12-30,314.16000366210940,314.48999023437500,312.32998657226560,312.97000122070310,18138100,302.99951171875000
2020-12-31,312.86999511718750,314.23999023437500,311.76000976562500,313.73999023437500,21611400,303.74490356445310
2021-01-04,315.10998535156250,315.29000854492190,305.17999267578125,309.30999755859375,45305900,299.45611572265625
2021-01-05,308.29000854492190,312.14001464843750,308.29000854492190,311.85998535156250,29323400,301.92483520507810
2021-01-06,307.00000000000000,311.88000488281250,305.98001098632810,307.54000854492190,52809600,297.74246215820310
2021-01-07,310.27999877929690,315.83999633789060,310.25000000000000,314.98001098632810,30394800,304.94543457031250
2021-01-08,317.33999633789060,319.39001464843750,315.07998657226560,319.02999877929690,33955800,308.86633300781250
2021-01-11,315.98001098632810,317.19000244140625,313.75000000000000,314.42001342773440,32746400,304.40328979492190
2021-01-12,314.45999145507810,315.57998657226560,311.20001220703125,313.92001342773440,29266800,303.91906738281250
2021-01-13,314.19000244140625,316.85998535156250,313.57000732421875,316.04000854492190,22898400,305.97161865234375
2021-01-14,316.50000000000000,317.52999877929690,313.85998535156250,314.35000610351560,23500100,304.33551025390625
2021-01-15,314.13000488281250,315.11999511718750,310.57998657226560,311.85998535156250,35118700,301.92483520507810
2021-01-19,314.25000000000000,316.92999267578125,313.11999511718750,316.41000366210940,24537000,306.32989501953125
2021-01-20,320.14001464843750,324.73999023437500,316.51000976562500,323.76998901367190,30728100,313.45532226562500
2021-01-21,325.14999389648440,327.13000488281250,323.73001098632810,326.35998535156250,25130600,315.96289062500000
2021-01-22,325.29000854492190,326.45999145507810,324.70999145507810,325.42001342773440,21609400,315.05279541015625
2021-01-25,328.91000366210940,330.32000732421875,321.41000366210940,328.10998535156250,39080600,317.65707397460940
2021-01-26,328.85000610351560,329.76000976562500,327.22000122070310,328.58999633789060,25498100,318.12173461914060
2021-01-27,326.26000976562500,326.26998901367190,317.35998535156250,319.42999267578125,55264000,309.25360107421875
2021-01-28,320.67001342773440,326.42001342773440,320.02999877929690,321.32000732421875,42836300,311.08343505859375
2021-01-29,319.57998657226560,320.72000122070310,312.76000976562500,314.55999755859375,55259000,304.53878784179690
2021-02-01,318.10998535156250,323.54000854492190,316.01998901367190,322.42001342773440,35646000,312.14834594726560
2021-02-02,325.48001098632810,328.86999511718750,325.30999755859375,327.67999267578125,33930800,317.24084472656250
2021-02-03,329.82000732421875,330.20001220703125,326.32000732421875,326.38000488281250,24824500,315.98229980468750
2021-02-04,327.82000732421875,330.32998657226560,326.45999145507810,330.23999023437500,22350900,319.71923828125000
2021-02-05,331.22000122070310,332.39999389648440,329.52999877929690,331.35998535156250,22732000,320.80352783203125
2021-02-08,333.10000610351560,333.73999023437500,331.41000366210940,333.57998657226560,20462800,322.95285034179690
2021-02-09,332.61999511718750,334.80999755859375,332.60998535156250,333.51000976562500,17597500,322.88507080078125
2021-02-10,334.98999023437500,335.45999145507810,329.50000000000000,332.75000000000000,28068700,322.14926147460940
2021-02-11,334.32998657226560,335.00000000000000,332.11999511718750,334.57998657226560,22046100,323.92092895507810
2021-02-12,333.70999145507810,336.61999511718750,332.63000488281250,336.45001220703125,20346800,325.73141479492190
2021-02-16,337.26998901367190,338.19000244140625,334.33999633789060,335.54000854492190,27080800,324.85046386718750
2021-02-17,332.47000122070310,335.66000366210940,330.17001342773440,333.92999267578125,31360300,323.29171752929690
2021-02-18,330.23001098632810,333.86999511718750,328.35998535156250,332.47000122070310,32236200,321.87829589843750
2021-02-19,333.85998535156250,333.98999023437500,329.97000122070310,331.01998901367190,39157700,320.47436523437500
2021-02-22,326.50000000000000,327.79998779296875,322.23001098632810,322.44000244140625,47256900,312.16766357421875
2021-02-23,317.00000000000000,323.20001220703125,311.00000000000000,321.48001098632810,97241900,311.23828125000000
2021-02-24,318.73999023437500,324.45001220703125,315.95999145507810,324.13000488281250,58206300,313.80392456054690
2021-02-25,321.39001464843750,324.02999877929690,311.23999023437500,312.82998657226560,110182600,302.86389160156250
2021-02-26,315.85000610351560,319.10998535156250,310.88000488281250,314.14001464843750,104739800,304.13223266601560
2021-03-01,319.26998901367190,323.94000244140625,317.94000244140625,323.58999633789060,49164500,313.28112792968750
2021-03-02,324.25000000000000,324.32998657226560,318.14001464843750,318.39999389648440,48370000,308.25634765625000
2021-03-03,317.26998901367190,318.23999023437500,309.10000610351560,309.16000366210940,86301100,299.31082153320310
2021-03-04,308.77999877929690,312.04000854492190,300.10998535156250,304.10000610351560,139131600,294.41198730468750
2021-03-05,306.79998779296875,309.60998535156250,297.45001220703125,308.67999267578125,121523700,298.84609985351560
2021-03-08,308.11999511718750,310.05999755859375,299.51000976562500,299.94000244140625,88409800,290.38458251953125
2021-03-09,307.47000122070310,313.73001098632810,306.92001342773440,311.76998901367190,80391100,301.83767700195310
2021-03-10,316.16000366210940,316.47000122070310,310.17001342773440,310.88000488281250,76798100,300.97601318359375
2021-03-11,315.76998901367190,319.85998535156250,314.85000610351560,318.04000854492190,53484800,307.90795898437500
2021-03-12,313.85998535156250,318.23001098632810,311.39001464843750,315.45999145507810,69315600,305.41015625000000
2021-03-15,315.79000854492190,319.00000000000000,314.10000610351560,318.82998657226560,42955700,308.67272949218750
2021-03-16,321.08999633789060,324.20001220703125,319.10000610351560,320.57998657226560,54925900,310.36697387695310
2021-03-17,317.45001220703125,323.85000610351560,315.67999267578125,321.89999389648440,78258700,311.64489746093750
2021-03-18,316.86999511718750,317.88000488281250,311.57000732421875,312.04000854492190,82718100,302.09899902343750
2021-03-19,311.86999511718750,314.73001098632810,309.66000366210940,313.14001464843750,78446200,303.16403198242190
2021-03-22,315.20999145507810,320.73999023437500,315.20999145507810,318.60998535156250,56194800,308.84939575195310
2021-03-23,319.73001098632810,321.08999633789060,316.38000488281250,317.22000122070310,53455400,307.50189208984375
2021-03-24,318.63000488281250,318.67001342773440,311.72000122070310,311.86999511718750,64803700,302.31576538085940
2021-03-25,309.97000122070310,312.89001464843750,307.39001464843750,311.32998657226560,78729000,301.79235839843750
2021-03-26,311.10998535156250,316.32998657226560,309.67001342773440,316.00000000000000,63519600,306.31921386718750
2021-03-29,315.45001220703125,316.98999023437500,312.47000122070310,315.91000366210940,54608000,306.23211669921875
2021-03-30,313.89001464843750,314.91000366210940,311.54000854492190,314.32000732421875,44635700,304.69079589843750
2021-03-31,316.16000366210940,320.73999023437500,315.80999755859375,319.13000488281250,55032500,309.35336303710940
2021-04-01,323.07000732421875,324.70999145507810,322.80999755859375,324.57000732421875,55685600,314.62673950195310
2021-04-05,327.13000488281250,331.83999633789060,326.88000488281250,331.04998779296875,42172500,320.90820312500000
2021-04-06,330.73001098632810,332.82998657226560,330.01998901367190,330.82000732421875,33537200,320.68527221679690
2021-04-07,330.32998657226560,332.48001098632810,329.36999511718750,331.61999511718750,32046400,321.46078491210940
2021-04-08,334.55999755859375,335.26998901367190,333.73999023437500,335.07998657226560,29940800,324.81472778320310
2021-04-09,333.67999267578125,337.32000732421875,332.92001342773440,337.10998535156250,36664900,326.78262329101560
2021-04-12,336.04000854492190,337.10000610351560,334.73001098632810,336.67001342773440,25833000,326.35607910156250
2021-04-13,338.23999023437500,341.07998657226560,338.01998901367190,340.60000610351560,30374000,330.16574096679690
2021-04-14,340.85000610351560,340.98001098632810,335.67001342773440,336.51000976562500,42564300,326.20101928710940
2021-04-15,339.47000122070310,342.01000976562500,336.22000122070310,341.60998535156250,36342800,331.14474487304690
2021-04-16,342.14999389648440,342.23001098632810,340.07998657226560,342.01000976562500,40860100,331.53247070312500
2021-04-19,340.39001464843750,341.57998657226560,336.89999389648440,338.88000488281250,34533100,328.49838256835940
2021-04-20,338.20001220703125,339.51998901367190,334.38000488281250,336.41000366210940,38081800,326.10406494140625
2021-04-21,335.08999633789060,339.48001098632810,333.97000122070310,339.29000854492190,36598100,328.89575195312500
2021-04-22,338.89001464843750,339.89999389648440,334.01000976562500,335.20001220703125,45936100,324.93115234375000
2021-04-23,335.85000610351560,340.76998901367190,335.85000610351560,339.42001342773440,36381900,329.02188110351560
2021-04-26,339.67001342773440,341.92001342773440,338.89999389648440,341.63000488281250,30812000,331.16418457031250
2021-04-27,341.92999267578125,342.14999389648440,339.17001342773440,340.14999389648440,33187200,329.72946166992190
2021-04-28,339.80999755859375,340.85000610351560,338.32998657226560,339.00000000000000,33615700,328.61468505859375
2021-04-29,342.36999511718750,342.79998779296875,336.89999389648440,340.22000122070310,37708900,329.79733276367190
2021-04-30,337.70001220703125,340.26000976562500,337.04998779296875,337.98999023437500,38263400,327.63558959960940
2021-05-03,339.23001098632810,340.00000000000000,335.73001098632810,336.19000244140625,29729700,325.89071655273440
2021-05-04,333.55999755859375,333.89001464843750,326.20999145507810,330.14001464843750,65147000,320.02615356445310
2021-05-05,332.25000000000000,333.14001464843750,328.23001098632810,329.02999877929690,46219300,318.95013427734375
2021-05-06,328.76000976562500,331.67001342773440,326.45001220703125,331.51000976562500,46814300,321.35412597656250
2021-05-07,334.36999511718750,336.64999389648440,331.69000244140625,334.20001220703125,53324500,323.96173095703125
2021-05-10,332.77999877929690,332.95999145507810,325.54998779296875,325.76000976562500,60700500,315.78027343750000
2021-05-11,319.70001220703125,326.13000488281250,319.01998901367190,325.30999755859375,71963600,315.34408569335940
2021-05-12,320.23001098632810,322.61999511718750,316.00000000000000,316.89001464843750,91164900,307.18203735351560
2021-05-13,319.92001342773440,322.39999389648440,316.89999389648440,319.33999633789060,69877800,309.55697631835940
2021-05-14,322.60000610351560,327.32998657226560,322.07998657226560,326.39001464843750,44370000,316.39096069335940
2021-05-17,324.63000488281250,326.36999511718750,321.45001220703125,324.41000366210940,39395000,314.47161865234375
2021-05-18,325.39001464843750,326.64999389648440,321.94000244140625,322.22000122070310,36528500,312.34869384765625
2021-05-19,316.66000366210940,322.89999389648440,316.29998779296875,322.58999633789060,66319100,312.70742797851560
2021-05-20,324.11999511718750,329.70999145507810,323.89001464843750,328.82998657226560,46466100,318.75619506835940
2021-05-21,330.42999267578125,330.85998535156250,326.64001464843750,327.01000976562500,50330400,316.99197387695310
2021-05-24,329.36999511718750,333.67001342773440,326.89999389648440,332.51000976562500,32475800,322.32351684570310
2021-05-25,334.07000732421875,334.80999755859375,331.76000976562500,332.97000122070310,31280300,322.76943969726560
2021-05-26,333.66000366210940,334.60998535156250,332.95001220703125,334.13000488281250,25444900,323.89395141601560
2021-05-27,333.67001342773440,334.54000854492190,332.67001342773440,332.88000488281250,27931700,322.68222045898440
2021-05-28,334.11999511718750,335.57000732421875,333.60000610351560,333.92999267578125,29927400,323.69998168945310
2021-06-01,335.29998779296875,335.79000854492190,331.42999267578125,332.82000732421875,31145400,322.62402343750000
2021-06-02,333.25000000000000,334.33999633789060,331.70001220703125,333.47000122070310,22047900,323.25408935546875
2021-06-03,330.54998779296875,331.85998535156250,328.27999877929690,330.00000000000000,37057800,319.89041137695310
2021-06-04,331.85000610351560,336.05999755859375,331.77999877929690,335.60000610351560,38736500,325.31884765625000
2021-06-07,335.04998779296875,336.66000366210940,334.33999633789060,336.60000610351560,32611900,326.28826904296875
2021-06-08,338.39999389648440,339.29000854492190,335.02999877929690,336.76000976562500,27282800,326.44335937500000
2021-06-09,338.17001342773440,338.97000122070310,336.64999389648440,336.83999633789060,21485300,326.52087402343750
2021-06-10,337.19000244140625,340.45999145507810,336.73001098632810,340.35000610351560,33702100,329.92333984375000
2021-06-11,340.35998535156250,341.25000000000000,339.69000244140625,341.23999023437500,21222800,330.78610229492190
2021-06-14,341.67999267578125,344.51998901367190,340.45999145507810,344.51000976562500,27827700,333.95584106445310
2021-06-15,344.14999389648440,344.47000122070310,341.51998901367190,342.26000976562500,35963800,331.77484130859375
2021-06-16,342.73999023437500,343.83999633789060,337.45001220703125,341.01000976562500,55399500,330.56314086914060
2021-06-17,339.97000122070310,346.38000488281250,339.92001342773440,345.33999633789060,59722700,334.76046752929690
2021-06-18,343.63000488281250,344.80999755859375,341.85998535156250,342.63000488281250,55414900,332.13351440429690
2021-06-21,342.42999267578125,344.69000244140625,340.14999389648440,344.35998535156250,32992600,334.19769287109375
2021-06-22,344.14999389648440,348.02999877929690,343.83999633789060,347.57000732421875,28941600,337.31298828125000
2021-06-23,347.51000976562500,348.92001342773440,346.88000488281250,347.73999023437500,27188500,337.47799682617190
2021-06-24,349.73001098632810,351.45999145507810,349.17001342773440,349.89001464843750,32581600,339.56454467773440
2021-06-25,350.47000122070310,350.72000122070310,348.83999633789060,349.45999145507810,28682800,339.14718627929690
2021-06-28,350.77999877929690,353.85000610351560,350.72000122070310,353.70999145507810,39130300,343.27175903320310
2021-06-29,353.52999877929690,355.01998901367190,352.67001342773440,354.98999023437500,29426000,344.51397705078125
2021-06-30,354.82998657226560,355.23001098632810,353.82998657226560,354.42999267578125,32724000,343.97048950195310
2021-07-01,354.07000732421875,355.08999633789060,352.67999267578125,354.57000732421875,29290000,344.10635375976560
2021-07-02,356.51998901367190,358.97000122070310,356.27999877929690,358.64001464843750,32727200,348.05627441406250
2021-07-06,359.26000976562500,360.48001098632810,356.48999023437500,360.19000244140625,38842400,349.56054687500000
2021-07-07,362.45001220703125,362.76000976562500,358.94000244140625,360.95001220703125,35265200,350.29806518554690
2021-07-08,355.73999023437500,359.64999389648440,354.42001342773440,358.76998901367190,50890000,348.18249511718750
2021-07-09,358.17001342773440,361.50000000000000,357.57000732421875,361.01000976562500,35184500,350.35638427734375
2021-07-12,362.45001220703125,362.89001464843750,360.82998657226560,362.42001342773440,25717700,351.72476196289060
2021-07-13,362.02999877929690,365.47000122070310,361.54000854492190,362.42001342773440,39723000,351.72476196289060
2021-07-14,364.82998657226560,365.48999023437500,362.22000122070310,363.07000732421875,35336400,352.35562133789060
2021-07-15,362.98001098632810,363.19000244140625,358.45999145507810,360.51998901367190,53391600,349.88076782226560
2021-07-16,361.39999389648440,362.41000366210940,357.23999023437500,357.60000610351560,47262000,347.04699707031250
2021-07-19,354.04998779296875,355.17999267578125,352.04000854492190,354.67001342773440,64404600,344.20349121093750
2021-07-20,355.63000488281250,360.27999877929690,353.79998779296875,358.79000854492190,42183700,348.20184326171875
2021-07-21,358.35000610351560,361.55999755859375,358.11999511718750,361.55999755859375,30259900,350.89010620117190
2021-07-22,361.76998901367190,363.95999145507810,361.76998901367190,363.95001220703125,30252200,353.20968627929690
2021-07-23,365.30999755859375,368.48999023437500,363.92001342773440,368.20001220703125,31960800,357.33419799804690
2021-07-26,367.48999023437500,368.89001464843750,366.60000610351560,368.48999023437500,28438100,357.61563110351560
2021-07-27,368.22000122070310,368.22000122070310,360.16000366210940,364.42999267578125,57933100,353.67544555664060
2021-07-28,365.60000610351560,367.45001220703125,363.23999023437500,365.82998657226560,42066200,355.03408813476560
2021-07-29,365.25000000000000,367.67999267578125,365.25000000000000,366.48001098632810,25672500,355.66491699218750
2021-07-30,362.44000244140625,365.17001342773440,362.41000366210940,364.57000732421875,36484600,353.81127929687500
2021-08-02,366.27999877929690,366.88000488281250,363.86999511718750,364.60000610351560,27334100,353.84036254882810
2021-08-03,365.27999877929690,366.92999267578125,362.00000000000000,366.80999755859375,35558500,355.98522949218750
2021-08-04,366.76998901367190,368.32000732421875,365.63000488281250,367.33999633789060,29602200,356.49948120117190
2021-08-05,368.17999267578125,369.91000366210940,367.45001220703125,369.67001342773440,21443900,358.76086425781250
2021-08-06,368.36999511718750,369.36999511718750,366.91000366210940,368.04998779296875,33332100,357.18856811523440
2021-08-09,368.51998901367190,369.26998901367190,367.39001464843750,368.73001098632810,25960200,357.84857177734375
2021-08-10,369.26000976562500,369.55999755859375,365.61999511718750,366.83999633789060,35130800,356.01428222656250
2021-08-11,368.14001464843750,368.64999389648440,364.83999633789060,366.20999145507810,34249800,355.40289306640625
2021-08-12,365.69000244140625,367.89999389648440,364.29998779296875,367.52999877929690,25969200,356.68392944335940
2021-08-13,367.89001464843750,369.16000366210940,367.38000488281250,368.82000732421875,19336200,357.93597412109375
2021-08-16,367.67001342773440,369.01998901367190,363.70001220703125,368.98001098632810,34856900,358.09115600585940
2021-08-17,366.14999389648440,367.14999389648440,363.23001098632810,365.73001098632810,44793900,354.93707275390625
2021-08-18,365.17999267578125,366.61999511718750,361.86999511718750,362.20999145507810,38541900,351.52096557617190
2021-08-19,360.22000122070310,365.67999267578125,359.95999145507810,363.95999145507810,48499400,353.21929931640625
2021-08-20,365.05999755859375,368.14001464843750,364.73999023437500,367.73001098632810,39486000,356.87799072265625
2021-08-23,368.79998779296875,373.94000244140625,368.79000854492190,373.23001098632810,34034700,362.21572875976560
2021-08-24,373.83999633789060,374.98999023437500,373.35998535156250,374.36999511718750,21732900,363.32205200195310
2021-08-25,374.63000488281250,375.39001464843750,373.85998535156250,374.79998779296875,20441900,363.73941040039060
2021-08-26,373.92001342773440,374.61999511718750,371.97000122070310,372.42001342773440,29133300,361.42962646484375
2021-08-27,373.07000732421875,376.55999755859375,372.57000732421875,376.04000854492190,27104700,364.94290161132810
2021-08-30,376.85000610351560,380.76000976562500,376.82998657226560,380.26000976562500,27295700,369.03817749023440
2021-08-31,380.51000976562500,380.57998657226560,378.35998535156250,379.95001220703125,29628200,368.73736572265625
2021-09-01,381.04000854492190,382.70999145507810,380.36999511718750,380.57998657226560,28138300,369.34881591796875
2021-09-02,381.97000122070310,382.30999755859375,379.14999389648440,380.39999389648440,25453400,369.17410278320310
2021-09-03,379.22000122070310,381.98001098632810,379.20001220703125,381.57000732421875,24605400,370.30960083007810
2021-09-07,381.67999267578125,382.77999877929690,380.48999023437500,382.10998535156250,23970200,370.83358764648440
2021-09-08,381.92999267578125,381.92999267578125,378.45001220703125,380.77999877929690,32949200,369.54287719726560
2021-09-09,381.01000976562500,382.14999389648440,379.22000122070310,379.47000122070310,29399000,368.27163696289060
2021-09-10,381.23001098632810,381.97000122070310,376.25000000000000,376.58999633789060,40249400,365.47656250000000
2021-09-13,378.98999023437500,379.42999267578125,374.22000122070310,376.32998657226560,48741800,365.22424316406250
2021-09-14,377.85998535156250,378.60998535156250,374.27999877929690,375.26000976562500,41826600,364.18588256835940
2021-09-15,375.73001098632810,378.41000366210940,373.36999511718750,378.04998779296875,34097900,366.89349365234375
2021-09-16,376.67999267578125,378.89999389648440,374.70001220703125,378.30999755859375,35193100,367.14581298828125
2021-09-17,377.82000732421875,377.86999511718750,372.76000976562500,373.82998657226560,60912300,362.79803466796875
2021-09-20,367.45999145507810,369.25000000000000,360.92999267578125,365.70001220703125,76203200,355.30142211914060
2021-09-21,367.57998657226560,368.80999755859375,364.98999023437500,366.14999389648440,41927500,355.73855590820310
2021-09-22,367.08999633789060,371.07000732421875,365.95999145507810,369.57000732421875,46972900,359.06137084960940
2021-09-23,370.76000976562500,374.04000854492190,370.10000610351560,372.98001098632810,44652000,362.37448120117190
2021-09-24,370.64999389648440,373.76000976562500,370.26998901367190,373.32998657226560,36056800,362.71453857421875
2021-09-27,370.20001220703125,371.25000000000000,367.73001098632810,370.35000610351560,43338100,359.81927490234375
2021-09-28,365.67001342773440,370.29998779296875,359.35000610351560,359.86999511718750,97701600,349.63720703125000
2021-09-29,361.17001342773440,363.36999511718750,358.64001464843750,359.27999877929690,58076600,349.06399536132810
2021-09-30,360.97000122070310,362.67999267578125,357.10000610351560,357.95999145507810,61384600,347.78143310546875
2021-10-01,358.60000610351560,361.25000000000000,354.38000488281250,360.17999267578125,56375500,349.93835449218750
2021-10-04,358.51998901367190,358.85998535156250,350.32000732421875,352.61999511718750,76766000,342.59329223632810
2021-10-05,353.70999145507810,359.69000244140625,353.48001098632810,357.38000488281250,47232900,347.21801757812500
2021-10-06,354.07998657226560,359.95001220703125,353.14999389648440,359.67001342773440,56806500,349.44287109375000
2021-10-07,362.79998779296875,365.69000244140625,362.25000000000000,362.97000122070310,39411200,352.64901733398440
2021-10-08,364.07998657226560,364.32000732421875,360.60998535156250,361.16000366210940,41822300,350.89050292968750
2021-10-11,359.57998657226560,363.20001220703125,358.29998779296875,358.39001464843750,34847200,348.19931030273440
2021-10-12,359.88000488281250,360.32998657226560,356.48001098632810,357.14001464843750,43905100,346.98486328125000
2021-10-13,359.51000976562500,360.69000244140625,357.42999267578125,360.00000000000000,40120800,349.76345825195310
2021-10-14,363.69000244140625,366.85000610351560,363.01000976562500,366.63000488281250,43433900,356.20501708984375
2021-10-15,367.88000488281250,369.05999755859375,366.82000732421875,368.94000244140625,40419900,358.44927978515625
2021-10-18,367.60998535156250,372.86999511718750,366.98999023437500,372.64999389648440,34513500,362.05383300781250
2021-10-19,373.75000000000000,375.51998901367190,372.70001220703125,375.47000122070310,29091000,364.79360961914060
2021-10-20,375.94000244140625,376.57000732421875,373.45999145507810,374.98001098632810,31390300,364.31750488281250
2021-10-21,374.16000366210940,377.47000122070310,373.85000610351560,377.26998901367190,25469300,366.54248046875000
2021-10-22,375.98001098632810,376.97000122070310,372.39001464843750,374.10000610351560,36275800,363.46255493164060
2021-10-25,375.55999755859375,378.86999511718750,373.55999755859375,377.92999267578125,32597800,367.18362426757810
2021-10-26,380.23001098632810,382.70999145507810,377.91000366210940,379.11999511718750,47191300,368.33984375000000
2021-10-27,379.57998657226560,383.14999389648440,379.30999755859375,380.00000000000000,45760500,369.19482421875000
2021-10-28,381.95001220703125,384.48001098632810,381.16000366210940,384.22000122070310,38007000,373.29483032226560
2021-10-29,381.05999755859375,386.27999877929690,380.70001220703125,386.10998535156250,37310100,375.13110351562500
2021-11-01,386.55999755859375,387.55999755859375,384.42001342773440,387.42999267578125,30765300,376.41354370117190
2021-11-02,386.79998779296875,389.54000854492190,386.75000000000000,389.04998779296875,25135300,377.98748779296875
2021-11-03,389.54998779296875,393.60998535156250,388.48001098632810,393.17999267578125,33748900,382.00000000000000
2021-11-04,394.48001098632810,399.20001220703125,393.92001342773440,398.22000122070310,40265300,386.89669799804690
2021-11-05,400.04000854492190,400.98999023437500,397.16000366210940,398.60000610351560,43383800,387.26596069335940
2021-11-08,398.57000732421875,399.61999511718750,397.39999389648440,398.05999755859375,29256300,386.74130249023440
2021-11-09,399.16000366210940,399.57000732421875,393.92001342773440,395.32000732421875,50490700,384.07919311523440
2021-11-10,392.47000122070310,395.35998535156250,387.52999877929690,389.51000976562500,54937400,378.43438720703125
2021-11-11,392.57000732421875,392.75000000000000,390.23999023437500,390.58999633789060,32243000,379.48370361328125
2021-11-12,391.76998901367190,395.25000000000000,390.13000488281250,394.70001220703125,34730600,383.47686767578125
2021-11-15,395.91000366210940,396.23999023437500,392.10000610351560,394.60998535156250,33716900,383.38937377929690
2021-11-16,393.85998535156250,397.92999267578125,393.66000366210940,397.42001342773440,27872900,386.11947631835940
2021-11-17,397.75000000000000,399.72000122070310,396.64001464843750,397.63000488281250,28703300,386.32348632812500
2021-11-18,399.73001098632810,402.26998901367190,397.45001220703125,401.75000000000000,45721500,390.32635498046875
2021-11-19,403.42999267578125,405.29998779296875,402.57998657226560,403.98999023437500,45191700,392.50268554687500
2021-11-22,405.57000732421875,408.70999145507810,399.19000244140625,399.29998779296875,61715400,387.94601440429690
2021-11-23,398.10998535156250,400.23001098632810,392.92001342773440,397.48001098632810,70098700,386.17773437500000
2021-11-24,394.92999267578125,399.04998779296875,392.54000854492190,398.76000976562500,46954400,387.42129516601560
2021-11-26,396.10998535156250,397.54000854492190,389.76998901367190,391.20001220703125,51533300,380.07641601562500
2021-11-29,395.89001464843750,400.73001098632810,395.14001464843750,399.69000244140625,54447100,388.32498168945310
2021-11-30,398.77999877929690,401.19000244140625,391.75000000000000,393.82000732421875,81332700,382.62185668945310
2021-12-01,398.27999877929690,400.48001098632810,386.64001464843750,387.11999511718750,77766500,376.11233520507810
2021-12-02,385.79998779296875,391.73999023437500,384.33999633789060,389.91000366210940,84416600,378.82299804687500
2021-12-03,391.30999755859375,392.33999633789060,378.89999389648440,383.13000488281250,105349100,372.23580932617190
2021-12-06,383.63000488281250,387.60000610351560,379.29998779296875,386.20001220703125,67588800,375.21853637695310
2021-12-07,393.02999877929690,398.45999145507810,392.98999023437500,397.82998657226560,56005300,386.51782226562500
2021-12-08,398.17001342773440,399.82000732421875,396.22000122070310,399.60998535156250,39204000,388.24713134765625
2021-12-09,398.35000610351560,400.20001220703125,393.52999877929690,393.73001098632810,49973700,382.53442382812500
2021-12-10,396.61999511718750,398.27999877929690,393.35998535156250,398.01000976562500,52545800,386.69268798828125
2021-12-13,398.00000000000000,398.32998657226560,391.88000488281250,392.26000976562500,50166400,381.10623168945310
2021-12-14,387.29998779296875,390.08999633789060,383.63000488281250,388.20001220703125,75199200,377.16165161132810
2021-12-15,387.94000244140625,397.42001342773440,383.88000488281250,397.04998779296875,73858000,385.76004028320310
2021-12-16,398.04000854492190,398.48001098632810,385.20999145507810,386.83999633789060,82591400,375.84030151367190
2021-12-17,383.32998657226560,389.19000244140625,381.76998901367190,384.91000366210940,80492500,373.96520996093750
2021-12-20,379.57000732421875,381.50000000000000,377.47000122070310,380.69000244140625,65336800,370.33761596679690
2021-12-21,384.04998779296875,389.52999877929690,380.20001220703125,389.20999145507810,48899500,378.62585449218750
2021-12-22,388.91000366210940,394.16000366210940,388.23001098632810,393.95001220703125,37042200,383.23699951171875
2021-12-23,394.30999755859375,398.42999267578125,394.14001464843750,396.92001342773440,29595500,386.12615966796875
2021-12-27,398.25000000000000,403.48001098632810,398.22000122070310,403.48001098632810,32820700,392.50784301757810
2021-12-28,404.39999389648440,404.57998657226560,400.70999145507810,401.60998535156250,33113700,390.68865966796875
2021-12-29,401.75000000000000,403.04998779296875,399.10998535156250,401.54998779296875,32248500,390.63031005859375
2021-12-30,401.32998657226560,403.57000732421875,399.75000000000000,400.35000610351560,23850100,389.46289062500000
2021-12-31,399.66000366210940,401.05999755859375,397.33999633789060,397.85000610351560,34752900,387.03094482421875
2022-01-03,399.04998779296875,401.94000244140625,396.88000488281250,401.67999267578125,40575900,390.75680541992190
2022-01-04,402.23999023437500,402.27999877929690,393.29000854492190,396.47000122070310,58027200,385.68847656250000
2022-01-05,394.73999023437500,395.89001464843750,384.02999877929690,384.29000854492190,75739800,373.83963012695310
2022-01-06,382.42001342773440,387.35000610351560,380.13000488281250,384.01998901367190,70814300,373.57702636718750
2022-01-07,384.02999877929690,385.76000976562500,378.04000854492190,379.85998535156250,72652300,369.53021240234375
2022-01-10,374.82000732421875,380.64001464843750,369.30999755859375,380.10998535156250,91770500,369.77340698242190
2022-01-11,379.35998535156250,385.98999023437500,377.22000122070310,385.82000732421875,68295700,375.32812500000000
2022-01-12,388.45999145507810,390.20001220703125,385.01000976562500,387.35000610351560,54576400,376.81646728515625
2022-01-13,388.76998901367190,389.47000122070310,376.70001220703125,377.66000366210940,77994000,367.39001464843750
2022-01-14,375.07000732421875,380.35000610351560,374.85998535156250,380.01000976562500,80121200,369.67611694335940
2022-01-18,374.04000854492190,376.22000122070310,369.76998901367190,370.54998779296875,75450900,360.47329711914060
2022-01-19,372.14999389648440,374.69000244140625,366.20999145507810,366.48001098632810,81791500,356.51406860351560
2022-01-20,369.79000854492190,373.86999511718750,361.17001342773440,361.72000122070310,88610700,351.88336181640625
2022-01-21,359.47000122070310,362.17999267578125,351.39999389648440,351.69000244140625,143388900,342.12622070312500
2022-01-24,345.91000366210940,353.98001098632810,334.14999389648440,353.29998779296875,198685800,343.69238281250000
2022-01-25,346.67001342773440,351.02999877929690,341.67999267578125,345.10998535156250,124398400,335.72506713867190
2022-01-26,352.91000366210940,356.88000488281250,340.77999877929690,344.57000732421875,146559500,335.19982910156250
2022-01-27,349.39999389648440,351.26998901367190,340.04998779296875,341.10000610351560,95255700,331.82424926757810
2022-01-28,343.02999877929690,352.01998901367190,337.95001220703125,351.79998779296875,108167900,342.23321533203125
2022-01-31,353.20001220703125,363.64999389648440,351.51998901367190,363.04998779296875,94326400,353.17727661132810
2022-02-01,364.42999267578125,366.19000244140625,359.14001464843750,365.51998901367190,74433000,355.58013916015625
2022-02-02,369.76000976562500,370.10000610351560,364.29000854492190,368.48999023437500,78777100,358.46936035156250
2022-02-03,358.52999877929690,361.92999267578125,352.45999145507810,353.54998779296875,95384800,343.93569946289060
2022-02-04,354.07998657226560,361.39999389648440,351.97000122070310,358.01000976562500,86318300,348.27435302734375
2022-02-07,358.61999511718750,361.04998779296875,353.83999633789060,355.13000488281250,58198100,345.47262573242190
2022-02-08,353.95999145507810,360.23999023437500,352.79998779296875,359.11999511718750,64720900,349.35406494140625
2022-02-09,363.76000976562500,366.80999755859375,362.11999511718750,366.73001098632810,55766400,356.75723266601560
2022-02-10,359.51998901367190,366.48999023437500,356.54000854492190,358.42999267578125,112468500,348.68295288085940
2022-02-11,358.42999267578125,360.07000732421875,345.79998779296875,347.05999755859375,101569100,337.62213134765625
2022-02-14,346.48999023437500,350.98001098632810,343.89001464843750,347.48999023437500,80254400,338.04043579101560
2022-02-15,352.91000366210940,356.36999511718750,351.82000732421875,356.13000488281250,55128800,346.44540405273440
2022-02-16,353.82000732421875,357.08999633789060,350.70999145507810,356.04000854492190,58947100,346.35794067382810
2022-02-17,352.73999023437500,353.45999145507810,345.01998901367190,345.45001220703125,61801400,336.05584716796875
2022-02-18,346.41000366210940,346.80999755859375,339.14001464843750,341.51000976562500,80001500,332.22305297851560
2022-02-22,338.48999023437500,344.04000854492190,334.35000610351560,338.07998657226560,85967100,328.88632202148440
2022-02-23,341.32000732421875,342.17999267578125,329.10000610351560,329.42001342773440,86215400,320.46185302734375
2022-02-24,318.83999633789060,341.04000854492190,318.26000976562500,340.48999023437500,130614100,331.23074340820310
2022-02-25,341.30999755859375,345.98001098632810,337.39001464843750,345.76998901367190,78842100,336.36712646484375
2022-02-28,342.51000976562500,348.54000854492190,341.32000732421875,346.79998779296875,77515500,337.36917114257810
2022-03-01,345.75000000000000,348.07998657226560,338.89999389648440,341.48999023437500,67407000,332.20352172851560
2022-03-02,343.07998657226560,348.58999633789060,340.23999023437500,347.22000122070310,70609000,337.77783203125000
2022-03-03,349.92999267578125,350.04000854492190,340.35000610351560,342.26000976562500,71089400,332.95263671875000
2022-03-04,339.83999633789060,341.30999755859375,334.92001342773440,337.29998779296875,76936300,328.12753295898440
2022-03-07,337.29000854492190,338.48001098632810,324.64999389648440,324.85998535156250,89933800,316.02584838867190
2022-03-08,324.04998779296875,333.20999145507810,319.94000244140625,323.35000610351560,116153900,314.55685424804690
2022-03-09,331.75000000000000,336.38000488281250,329.08999633789060,334.98999023437500,64723400,325.88027954101560
2022-03-10,330.82000732421875,332.51000976562500,326.70999145507810,331.26998901367190,69362700,322.26147460937500
2022-03-11,334.32000732421875,334.64001464843750,323.89999389648440,324.39999389648440,66228400,315.57824707031250
2022-03-14,323.13000488281250,326.58999633789060,317.45001220703125,318.17001342773440,79802600,309.51773071289060
2022-03-15,320.88000488281250,328.95001220703125,319.23001098632810,328.14999389648440,76471000,319.22634887695310
2022-03-16,332.17001342773440,340.44000244140625,328.39999389648440,340.32000732421875,105243000,331.06542968750000
2022-03-17,338.36999511718750,344.50000000000000,337.04000854492190,344.44000244140625,67810000,335.07348632812500
2022-03-18,342.73999023437500,351.79000854492190,341.54998779296875,351.48999023437500,85446300,341.93164062500000
2022-03-21,350.20001220703125,352.48001098632810,345.57998657226560,350.07998657226560,73799100,340.98098754882810
2022-03-22,350.58999633789060,357.85000610351560,350.20001220703125,356.95999145507810,63345900,347.68215942382810
2022-03-23,354.01000976562500,357.66000366210940,351.76998901367190,351.82998657226560,70615500,342.68554687500000
2022-03-24,353.79998779296875,359.70001220703125,351.58999633789060,359.64999389648440,53555300,350.30233764648440
2022-03-25,359.58999633789060,360.67001342773440,354.94000244140625,359.35000610351560,57584200,350.01007080078125
2022-03-28,359.33999633789060,365.01000976562500,358.07000732421875,364.91000366210940,56833900,355.42556762695310
2022-03-29,368.89999389648440,371.82998657226560,366.05999755859375,371.19000244140625,68073000,361.54229736328125
2022-03-30,369.27999877929690,370.98001098632810,365.57000732421875,367.08999633789060,68757700,357.54885864257810
2022-03-31,367.23999023437500,367.60000610351560,361.67999267578125,362.54000854492190,67011400,353.11721801757810
2022-04-01,362.80999755859375,363.60998535156250,358.58999633789060,361.85000610351560,54527800,352.44506835937500
2022-04-04,362.70999145507810,369.30999755859375,362.44000244140625,369.29998779296875,45950200,359.70150756835940
2022-04-05,367.80999755859375,368.54000854492190,359.92999267578125,361.10000610351560,62738700,351.71466064453125
2022-04-06,355.64999389648440,356.77999877929690,350.55999755859375,353.26000976562500,90077100,344.07843017578125
2022-04-07,352.23999023437500,356.35000610351560,348.69000244140625,354.10000610351560,63777400,344.89654541015625
2022-04-08,352.32000732421875,353.08999633789060,348.50000000000000,349.14999389648440,61956100,340.07525634765625
2022-04-11,344.80999755859375,345.75000000000000,340.54000854492190,340.89001464843750,66107400,332.02987670898440
2022-04-12,345.76000976562500,347.69000244140625,338.04000854492190,339.45001220703125,72790200,330.62728881835940
2022-04-13,339.79998779296875,347.42999267578125,339.05999755859375,346.35000610351560,61367800,337.34799194335940
2022-04-14,346.44000244140625,346.97000122070310,338.20999145507810,338.42999267578125,73519400,329.63375854492190
2022-04-18,337.35000610351560,341.04000854492190,335.79000854492190,338.69000244140625,58560600,329.88711547851560
2022-04-19,338.02999877929690,346.85000610351560,336.98001098632810,346.26000976562500,56515700,337.26031494140625
2022-04-20,347.08999633789060,347.55999755859375,339.95999145507810,341.20999145507810,65500000,332.34149169921875
2022-04-21,345.19000244140625,347.86999511718750,333.20001220703125,334.14999389648440,75801000,325.46508789062500
2022-04-22,334.30999755859375,335.55999755859375,324.95999145507810,325.39999389648440,82562100,316.94247436523440
2022-04-25,323.73001098632810,329.89999389648440,322.42999267578125,329.57998657226560,101755900,321.01379394531250
2022-04-26,327.47000122070310,327.66000366210940,316.85998535156250,317.14001464843750,105819600,308.89718627929690
2022-04-27,317.23999023437500,322.88000488281250,315.00000000000000,316.76000976562500,111204200,308.52703857421875
2022-04-28,321.85000610351560,329.89001464843750,317.51998901367190,328.01000976562500,99450000,319.48461914062500
2022-04-29,323.70001220703125,327.23001098632810,312.60000610351560,313.25000000000000,91977900,305.10827636718750
2022-05-02,312.82998657226560,318.72000122070310,309.64999389648440,318.48001098632810,115511800,310.20236206054690
2022-05-03,318.50000000000000,321.17001342773440,315.98001098632810,318.82000732421875,78185500,310.53353881835940
2022-05-04,319.30999755859375,330.29000854492190,313.89001464843750,329.60000610351560,116083400,321.03335571289060
2022-05-05,325.17001342773440,325.25000000000000,309.61999511718750,313.00000000000000,154607400,304.86474609375000
2022-05-06,310.95001220703125,315.08999633789060,305.10998535156250,309.25000000000000,139572800,301.21231079101560
2022-05-09,303.48001098632810,309.35000610351560,295.72000122070310,297.14999389648440,113387300,289.42675781250000
2022-05-10,304.51000976562500,305.76000976562500,296.57000732421875,300.76000976562500,124124600,292.94290161132810
2022-05-11,298.44000244140625,304.08999633789060,290.95001220703125,291.83999633789060,140326100,284.25476074218750
2022-05-12,287.45001220703125,295.75000000000000,284.94000244140625,291.14999389648440,120910900,283.58267211914060
2022-05-13,295.72000122070310,303.00000000000000,294.07998657226560,301.94000244140625,83684900,294.09225463867190
2022-05-16,300.14999389648440,302.26000976562500,297.13000488281250,298.44000244140625,59190400,290.68322753906250
2022-05-17,304.45001220703125,306.55999755859375,300.54998779296875,306.17001342773440,62715300,298.21231079101560
2022-05-18,301.54000854492190,302.25000000000000,289.85000610351560,291.14001464843750,79477100,283.57293701171875
2022-05-19,289.29000854492190,294.39001464843750,287.57998657226560,289.57998657226560,79920700,282.05346679687500
2022-05-20,293.13000488281250,293.79998779296875,280.20999145507810,288.67999267578125,91764200,281.17681884765625
2022-05-23,289.75000000000000,293.86999511718750,287.29000854492190,293.48001098632810,63648400,285.85214233398440
2022-05-24,288.13000488281250,288.85998535156250,282.25000000000000,287.23999023437500,73491100,279.77432250976560
2022-05-25,285.70999145507810,293.39001464843750,285.50000000000000,291.26000976562500,67144500,283.68981933593750
2022-05-26,290.44000244140625,300.92001342773440,290.14999389648440,299.32998657226560,59462200,291.55007934570310
2022-05-27,302.54000854492190,309.25000000000000,302.42001342773440,309.10000610351560,66985600,301.06607055664060
2022-05-31,309.07000732421875,311.32998657226560,304.32998657226560,308.27999877929690,60968300,300.26745605468750
2022-06-01,310.47000122070310,312.64999389648440,303.73001098632810,306.00000000000000,65341700,298.04669189453125
2022-06-02,304.85000610351560,314.55999755859375,303.39999389648440,314.38000488281250,59291300,306.20898437500000
2022-06-03,309.02999877929690,310.47000122070310,304.92001342773440,306.20001220703125,60914700,298.24148559570310
2022-06-06,310.75000000000000,312.35000610351560,305.61999511718750,307.22000122070310,51785000,299.23498535156250
2022-06-07,303.80999755859375,310.67001342773440,302.69000244140625,309.86999511718750,44900300,301.81616210937500
2022-06-08,309.04998779296875,311.72000122070310,306.76998901367190,307.64001464843750,38342100,299.64410400390625
2022-06-09,305.91000366210940,309.04998779296875,299.23001098632810,299.39999389648440,55900500,291.61825561523440
2022-06-10,293.64999389648440,294.86999511718750,288.38000488281250,288.83999633789060,85963500,281.33276367187500
2022-06-13,279.75000000000000,282.33999633789060,274.52999877929690,275.41000366210940,94442000,268.25170898437500
2022-06-14,277.66000366210940,278.66000366210940,273.33999633789060,275.91000366210940,64697500,268.73876953125000
2022-06-15,279.42001342773440,286.82998657226560,276.60998535156250,282.79998779296875,86051400,275.44967651367190
2022-06-16,275.58999633789060,276.05999755859375,269.27999877929690,271.39001464843750,81910300,264.33624267578125
2022-06-17,272.17999267578125,277.19000244140625,270.51000976562500,274.69000244140625,82703400,267.55047607421875
2022-06-21,278.75000000000000,283.45001220703125,278.64001464843750,281.07998657226560,51633700,274.30056762695310
2022-06-22,278.51998901367190,285.17999267578125,277.91000366210940,280.67001342773440,67472900,273.90060424804690
2022-06-23,283.20999145507810,285.72000122070310,280.30999755859375,284.85000610351560,57457800,277.97973632812500
2022-06-24,287.73999023437500,295.04000854492190,287.50000000000000,294.60998535156250,58422300,287.50436401367190
2022-06-27,296.00000000000000,296.57998657226560,291.29000854492190,292.45001220703125,54151500,285.39645385742190
2022-06-28,293.00000000000000,295.64999389648440,283.35000610351560,283.54000854492190,61609800,276.70129394531250
2022-06-29,283.39999389648440,285.33999633789060,280.83999633789060,283.79998779296875,57302700,276.95507812500000
2022-06-30,280.75000000000000,283.94000244140625,275.77999877929690,280.27999877929690,79313600,273.51995849609375
2022-07-01,278.95001220703125,282.52999877929690,277.02999877929690,282.13000488281250,56675100,275.32531738281250
2022-07-05,278.30999755859375,287.07998657226560,276.75000000000000,286.95999145507810,61829300,280.03884887695310
2022-07-06,287.35000610351560,290.95001220703125,285.58999633789060,288.79998779296875,63194700,281.83444213867190
2022-07-07,289.63000488281250,295.70001220703125,289.63000488281250,294.98001098632810,56620100,287.86538696289060
2022-07-08,292.07998657226560,296.75000000000000,291.11999511718750,295.35000610351560,59895500,288.22644042968750
2022-07-11,292.88000488281250,293.10998535156250,288.14001464843750,289.04000854492190,55273900,282.06866455078125
2022-07-12,290.32000732421875,292.27999877929690,284.60998535156250,286.23999023437500,55797100,279.33624267578125
2022-07-13,280.60000610351560,288.04998779296875,280.01998901367190,285.64999389648440,73939400,278.76043701171875
2022-07-14,282.98999023437500,287.55999755859375,279.79998779296875,286.67001342773440,63741800,279.75592041015625
2022-07-15,289.73001098632810,291.98001098632810,288.07998657226560,291.86999511718750,63818100,284.83047485351560
2022-07-18,294.72000122070310,296.16000366210940,288.20001220703125,289.39999389648440,59519600,282.42004394531250
2022-07-19,293.10998535156250,298.60000610351560,291.47000122070310,298.29998779296875,55172600,291.10531616210940
2022-07-20,298.73001098632810,304.23999023437500,297.92999267578125,303.02999877929690,67769400,295.72125244140625
2022-07-21,303.50000000000000,307.44000244140625,300.77999877929690,307.38000488281250,55049400,299.96636962890625
2022-07-22,306.42999267578125,308.54998779296875,300.11999511718750,301.98999023437500,57127700,294.70635986328125
2022-07-25,302.01998901367190,302.50000000000000,298.22000122070310,300.26998901367190,40582400,293.02777099609375
2022-07-26,298.52999877929690,298.79000854492190,293.54000854492190,294.36999511718750,50074100,287.27011108398440
2022-07-27,299.04000854492190,308.54000854492190,298.45999145507810,306.80999755859375,69304400,299.41009521484375
2022-07-28,306.58999633789060,310.39999389648440,302.75000000000000,309.80999755859375,55139900,302.33776855468750
2022-07-29,311.39001464843750,316.39001464843750,309.92999267578125,315.45999145507810,57501000,307.85150146484375
2022-08-01,313.64999389648440,318.80999755859375,312.52999877929690,315.26998901367190,46358800,307.66604614257810
2022-08-02,312.92001342773440,318.54998779296875,311.83999633789060,314.32998657226560,48676500,306.74865722656250
2022-08-03,316.04998779296875,323.73001098632810,315.98999023437500,322.89001464843750,53735700,315.10232543945310
2022-08-04,322.97000122070310,324.72000122070310,320.76998901367190,324.39999389648440,38973700,316.57583618164060
2022-08-05,319.19000244140625,323.82998657226560,318.39001464843750,321.75000000000000,53894000,313.98974609375000
2022-08-08,322.69000244140625,326.47000122070310,319.20999145507810,320.70999145507810,43878500,312.97476196289060
2022-08-09,318.76998901367190,319.02999877929690,315.42001342773440,317.07998657226560,39764200,309.43240356445310
2022-08-10,324.58999633789060,326.23001098632810,322.05999755859375,325.92999267578125,51459600,318.06893920898440
2022-08-11,328.30999755859375,330.35998535156250,323.35998535156250,324.07998657226560,45897700,316.26351928710940
2022-08-12,326.17999267578125,330.58999633789060,325.10000610351560,330.39001464843750,40928400,322.42138671875000
2022-08-15,329.42001342773440,333.57000732421875,329.39999389648440,333.05999755859375,38266600,325.02697753906250
2022-08-16,332.05999755859375,334.42001342773440,329.16000366210940,332.27999877929690,41186900,324.26583862304690
2022-08-17,329.07000732421875,331.42999267578125,326.35998535156250,328.48999023437500,47842200,320.56719970703125
2022-08-18,328.44000244140625,330.48999023437500,326.79000854492190,329.27999877929690,41937200,321.33819580078125
2022-08-19,326.17001342773440,326.83999633789060,322.07998657226560,322.85998535156250,51770600,315.07290649414060
2022-08-22,318.50000000000000,318.73999023437500,313.52999877929690,314.35998535156250,51098900,306.77804565429690
2022-08-23,314.11999511718750,317.00000000000000,313.32998657226560,314.10000610351560,39497100,306.52426147460940
2022-08-24,313.60998535156250,316.86999511718750,312.98999023437500,315.01000976562500,38057100,307.41235351562500
2022-08-25,316.82998657226560,320.60000610351560,315.76000976562500,320.57998657226560,38098300,312.84796142578125
2022-08-26,320.27999877929690,321.51000976562500,307.35000610351560,307.44000244140625,69047700,300.02490234375000
2022-08-29,304.61999511718750,307.22000122070310,303.27999877929690,304.41000366210940,48321900,297.06802368164060
2022-08-30,306.10000610351560,306.73001098632810,298.44000244140625,301.01998901367190,51184500,293.75976562500000
2022-08-31,303.98999023437500,304.91000366210940,299.16000366210940,299.26998901367190,50044000,292.05197143554690
2022-09-01,296.72000122070310,299.77999877929690,292.95001220703125,299.39999389648440,57990700,292.17880249023440
2022-09-02,302.33999633789060,303.75000000000000,293.51998901367190,295.17001342773440,64666800,288.05084228515625
2022-09-06,295.66000366210940,296.60000610351560,290.86999511718750,293.04998779296875,57005400,285.98196411132810
2022-09-07,293.54000854492190,299.98999023437500,293.26998901367190,298.97000122070310,49260400,291.75921630859375
2022-09-08,296.85000610351560,301.86999511718750,295.45001220703125,300.51998901367190,55649800,293.27185058593750
2022-09-09,302.82998657226560,307.60000610351560,300.51998901367190,307.08999633789060,56125200,299.68331909179690
2022-09-12,308.50000000000000,311.07998657226560,308.17999267578125,310.73999023437500,45905700,303.24523925781250
2022-09-13,301.79998779296875,303.01998901367190,292.79000854492190,293.70001220703125,79562200,286.61636352539060
2022-09-14,294.86999511718750,296.92999267578125,293.05999755859375,296.02999877929690,54907200,288.89013671875000
2022-09-15,294.07000732421875,296.52999877929690,289.45999145507810,291.10000610351560,65299400,284.07901000976560
2022-09-16,287.72000122070310,289.72000122070310,285.61999511718750,289.32000732421875,79920400,282.34194946289060
2022-09-19,286.10000610351560,291.20999145507810,286.04000854492190,291.04998779296875,52613800,284.54064941406250
2022-09-20,288.48999023437500,291.07000732421875,286.38000488281250,288.73001098632810,51271100,282.27252197265625
2022-09-21,289.58999633789060,293.95001220703125,283.42001342773440,283.55999755859375,82931000,277.21817016601560
2022-09-22,282.00000000000000,283.02999877929690,278.82000732421875,280.07000732421875,62757100,273.80621337890625
2022-09-23,277.54998779296875,277.85000610351560,272.01998901367190,275.51000976562500,74815200,269.34820556640625
2022-09-26,275.02999877929690,279.48999023437500,273.55999755859375,274.36999511718750,71176700,268.23373413085940
2022-09-27,277.80999755859375,280.20999145507810,272.10998535156250,274.48001098632810,69780100,268.34124755859375
2022-09-28,274.45999145507810,281.25000000000000,272.95001220703125,279.94000244140625,79652100,273.67910766601560
2022-09-29,275.85998535156250,276.25000000000000,268.83999633789060,271.86999511718750,81216000,265.78961181640625
2022-09-30,271.02999877929690,275.19000244140625,267.10000610351560,267.26000976562500,78482400,261.28271484375000
2022-10-03,269.07000732421875,275.16000366210940,267.52999877929690,273.52999877929690,61267400,267.41256713867190
2022-10-04,278.98999023437500,282.85000610351560,278.98999023437500,282.13000488281250,66696900,275.82009887695310
2022-10-05,278.27999877929690,283.80999755859375,275.42001342773440,281.98001098632810,55766300,275.67352294921875
2022-10-06,280.95999145507810,284.17999267578125,279.42999267578125,279.76000976562500,53489400,273.50317382812500
2022-10-07,275.01998901367190,275.14999389648440,267.73999023437500,269.10000610351560,71354700,263.08151245117190
2022-10-10,269.29998779296875,269.70001220703125,263.64001464843750,266.41000366210940,60393000,260.45169067382810
2022-10-11,264.70001220703125,267.63000488281250,261.02999877929690,262.75000000000000,66522500,256.87356567382810
2022-10-12,263.39999389648440,265.35998535156250,261.95001220703125,262.66000366210940,50580200,256.78564453125000
2022-10-13,255.16000366210938,270.17001342773440,254.25999450683594,268.82000732421875,112894100,262.80780029296875
2022-10-14,271.20001220703125,271.80999755859375,260.14001464843750,260.73999023437500,77244300,254.90852355957030
2022-10-17,266.83999633789060,270.23999023437500,266.73999023437500,269.35000610351560,64576500,263.32595825195310
2022-10-18,276.52999877929690,277.20999145507810,268.73999023437500,271.48001098632810,69781000,265.40838623046875
2022-10-19,269.92999267578125,273.67999267578125,268.07000732421875,270.48999023437500,53115400,264.44046020507810
2022-10-20,269.57998657226560,274.83999633789060,267.92001342773440,269.10998535156250,60605500,263.09133911132810
2022-10-21,267.98001098632810,275.97000122070310,266.82000732421875,275.42001342773440,77897700,269.26025390625000
2022-10-24,275.69000244140625,279.39999389648440,271.97000122070310,278.45001220703125,63963600,272.22250366210940
2022-10-25,279.41000366210940,284.60000610351560,277.89999389648440,284.20999145507810,59014500,277.85357666015625
2022-10-26,278.45999145507810,283.98001098632810,277.42999267578125,277.92999267578125,63492400,271.71411132812500
2022-10-27,276.79000854492190,278.27999877929690,272.33999633789060,272.86999511718750,57760300,266.76727294921875
2022-10-28,272.23001098632810,281.70001220703125,272.05999755859375,281.22000122070310,62651300,274.93041992187500
2022-10-31,278.92001342773440,279.76000976562500,275.98999023437500,277.95001220703125,47742000,271.73361206054690
2022-11-01,281.50000000000000,282.07000732421875,274.73999023437500,275.10998535156250,45895900,268.95709228515625
2022-11-02,275.07998657226560,278.20999145507810,265.60998535156250,265.67999267578125,79803100,259.73803710937500
2022-11-03,263.01000976562500,264.50000000000000,260.10000610351560,260.48999023437500,70038900,254.66412353515625
2022-11-04,265.52999877929690,266.60998535156250,259.07998657226560,264.67999267578125,78313200,258.76040649414060
2022-11-07,265.75000000000000,268.14001464843750,263.57000732421875,267.58999633789060,47333800,261.60534667968750
2022-11-08,269.14001464843750,272.85000610351560,265.51998901367190,269.54000854492190,63213800,263.51171875000000
2022-11-09,267.76000976562500,268.55999755859375,263.02999877929690,263.32000732421875,64862100,257.43087768554690
2022-11-10,276.01000976562500,283.04998779296875,273.85000610351560,282.75000000000000,99256700,276.42626953125000
2022-11-11,282.55999755859375,288.64001464843750,281.19000244140625,287.95999145507810,66961800,281.51971435546875
2022-11-14,285.85998535156250,289.20999145507810,284.44000244140625,285.44000244140625,55290700,279.05615234375000
2022-11-15,292.20999145507810,293.26000976562500,285.97000122070310,289.39001464843750,73985400,282.91778564453125
2022-11-16,287.39001464843750,289.48001098632810,284.60000610351560,285.44000244140625,48859800,279.05615234375000
2022-11-17,280.88000488281250,286.32000732421875,280.72000122070310,284.80999755859375,55462100,278.44012451171875
2022-11-18,287.89001464843750,287.98999023437500,282.32000732421875,284.82000732421875,53588600,278.44998168945310
2022-11-21,283.39999389648440,284.57998657226560,281.04000854492190,281.89001464843750,40083500,275.58560180664060
2022-11-22,282.64001464843750,286.10998535156250,280.45999145507810,285.95001220703125,41873400,279.55471801757810
2022-11-23,285.97000122070310,289.45999145507810,285.79000854492190,288.82000732421875,46390000,282.36053466796875
2022-11-25,287.19000244140625,287.91000366210940,286.42001342773440,286.92001342773440,15498800,280.50305175781250
2022-11-28,284.89999389648440,286.95999145507810,281.76000976562500,282.70999145507810,38714200,276.38720703125000
2022-11-29,282.94000244140625,283.35000610351560,279.17001342773440,280.57000732421875,35618900,274.29507446289060
2022-11-30,280.83999633789060,293.47000122070310,279.97000122070310,293.35998535156250,74718100,286.79891967773440
2022-12-01,293.69000244140625,295.75000000000000,290.88000488281250,293.72000122070310,51547300,287.15093994140625
2022-12-02,288.54000854492190,293.45001220703125,288.35998535156250,292.54998779296875,53583200,286.00711059570310
2022-12-05,290.38000488281250,291.67999267578125,286.14999389648440,287.64001464843750,41482100,281.20693969726560
2022-12-06,287.48001098632810,287.61999511718750,280.26000976562500,281.67999267578125,53937600,275.38015747070310
2022-12-07,280.47000122070310,282.57000732421875,278.77999877929690,280.52999877929690,45614300,274.25588989257810
2022-12-08,281.91000366210940,284.83999633789060,279.79000854492190,283.85000610351560,42594900,277.50164794921875
2022-12-09,282.80999755859375,285.64001464843750,281.58999633789060,282.04000854492190,47860500,275.73214721679690
2022-12-12,282.22000122070310,285.64001464843750,281.16000366210940,285.57998657226560,35732500,279.19299316406250
2022-12-13,296.64999389648440,296.88000488281250,285.91000366210940,288.64999389648440,80667700,282.19433593750000
2022-12-14,288.04998779296875,291.41000366210940,283.19000244140625,286.51000976562500,64984400,280.10217285156250
2022-12-15,282.32998657226560,283.01000976562500,275.67001342773440,276.89001464843750,60554100,270.69732666015625
2022-12-16,276.20001220703125,277.76998901367190,272.60998535156250,274.25000000000000,68300400,268.11636352539060
2022-12-19,273.86999511718750,273.95999145507810,268.48999023437500,269.75000000000000,44167900,264.34841918945310
2022-12-20,268.55999755859375,271.32000732421875,266.95001220703125,269.54000854492190,51064200,264.14257812500000
2022-12-21,270.60000610351560,274.77999877929690,269.73999023437500,273.45001220703125,46394700,267.97433471679690
2022-12-22,270.38000488281250,270.51000976562500,262.45999145507810,266.76000976562500,60278400,261.41830444335940
2022-12-23,265.47000122070310,268.04000854492190,263.52999877929690,267.35998535156250,39373600,262.00619506835940
2022-12-27,266.73999023437500,266.85000610351560,263.02999877929690,263.57998657226560,38009000,258.30191040039060
2022-12-28,263.17001342773440,265.47000122070310,259.73001098632810,260.10000610351560,47139000,254.89160156250000
2022-12-29,262.95999145507810,267.39999389648440,262.25000000000000,266.44000244140625,45893600,261.10470581054690
2022-12-30,263.61999511718750,266.41000366210940,262.29000854492190,266.27999877929690,37858300,260.94784545898440
2023-01-03,268.64999389648440,270.14999389648440,262.13000488281250,264.48001098632810,42335300,259.18392944335940
2023-01-04,266.64001464843750,267.45001220703125,262.52999877929690,265.73999023437500,47754900,260.41867065429690
2023-01-05,264.04000854492190,264.20999145507810,261.26000976562500,261.57998657226560,45396700,256.34197998046875
2023-01-06,263.35000610351560,269.94000244140625,260.33999633789060,268.79998779296875,54659700,263.41735839843750
2023-01-09,270.82998657226560,275.29000854492190,269.92001342773440,270.54000854492190,45568700,265.12258911132810
2023-01-10,269.48999023437500,272.94000244140625,268.97000122070310,272.82998657226560,35247800,267.36672973632810
2023-01-11,273.92001342773440,277.66000366210940,273.11999511718750,277.54998779296875,44077000,271.99215698242190
2023-01-12,278.11999511718750,280.10000610351560,273.73999023437500,279.04998779296875,60600000,273.46215820312500
2023-01-13,276.50000000000000,281.22000122070310,276.16000366210940,280.97000122070310,44802900,275.34368896484375
2023-01-17,280.76998901367190,282.85000610351560,279.57998657226560,281.54000854492190,36269700,275.90228271484375
2023-01-18,283.10998535156250,284.69000244140625,277.67001342773440,277.88000488281250,47754500,272.31561279296875
2023-01-19,276.22000122070310,277.38000488281250,273.89001464843750,275.14999389648440,44150400,269.64025878906250
2023-01-20,276.79000854492190,283.01998901367190,275.70999145507810,282.67999267578125,60613600,277.01947021484375
2023-01-23,283.54000854492190,290.20999145507810,282.73001098632810,288.95999145507810,52799900,283.17367553710940
2023-01-24,287.30999755859375,289.54998779296875,286.77999877929690,288.36999511718750,44875100,282.59548950195310
2023-01-25,283.76998901367190,288.35998535156250,281.17999267578125,287.73001098632810,50872000,281.96835327148440
2023-01-26,291.22000122070310,293.51998901367190,288.51998901367190,293.33999633789060,51596300,287.46597290039060
2023-01-27,292.00000000000000,298.26000976562500,291.88000488281250,296.26000976562500,56441900,290.32754516601560
2023-01-30,292.92999267578125,294.38000488281250,289.89001464843750,290.26998901367190,49405800,284.45751953125000
2023-01-31,290.30999755859375,294.72000122070310,290.20001220703125,294.61999511718750,46705100,288.72030639648440
2023-02-01,294.41000366210940,303.42999267578125,292.29998779296875,300.92001342773440,67562200,294.89416503906250
2023-02-02,307.57000732421875,313.67999267578125,306.73001098632810,311.72000122070310,83070600,305.47796630859375
2023-02-03,304.94000244140625,312.39001464843750,304.54000854492190,306.17999267578125,76170800,300.04882812500000
2023-02-06,303.51000976562500,305.91000366210940,302.22000122070310,303.58999633789060,40802300,297.51071166992190
2023-02-07,303.45999145507810,311.02999877929690,302.32000732421875,309.88000488281250,67584000,303.67477416992190
2023-02-08,308.54000854492190,309.50000000000000,303.67001342773440,304.36999511718750,56720900,298.27514648437500
2023-02-09,308.83999633789060,308.98999023437500,300.20001220703125,301.67999267578125,49137800,295.63897705078125
2023-02-10,299.48001098632810,301.57000732421875,297.25000000000000,299.70001220703125,50050100,293.69866943359375
2023-02-13,301.13000488281250,305.10000610351560,299.92999267578125,304.50000000000000,39636700,298.40246582031250
2023-02-14,302.89001464843750,307.72000122070310,300.91000366210940,306.75000000000000,64079100,300.60745239257810
2023-02-15,304.89999389648440,309.26998901367190,304.20001220703125,309.10000610351560,43100600,302.91043090820310
2023-02-16,304.38000488281250,308.42999267578125,303.14999389648440,303.29998779296875,59498600,297.22653198242190
2023-02-17,301.07000732421875,301.92999267578125,298.10000610351560,301.16000366210940,58230700,295.12939453125000
2023-02-21,297.26000976562500,298.73001098632810,293.89001464843750,294.02999877929690,46526700,288.14218139648440
2023-02-22,294.61999511718750,296.35998535156250,292.55999755859375,294.25000000000000,51389200,288.35781860351560
2023-02-23,297.97000122070310,298.13000488281250,292.54998779296875,296.82000732421875,69294400,290.87625122070310
2023-02-24,291.76000976562500,292.97000122070310,290.04998779296875,291.85000610351560,74332000,286.00582885742190
2023-02-27,295.07000732421875,296.48999023437500,293.33999633789060,293.94000244140625,48995000,288.05398559570310
2023-02-28,293.29998779296875,296.11999511718750,292.95999145507810,293.55999755859375,48243100,287.68161010742190
2023-03-01,293.26000976562500,293.92999267578125,290.20001220703125,291.20001220703125,58287000,285.36886596679690
2023-03-02,288.66000366210940,294.42999267578125,288.36999511718750,293.60998535156250,53565900,287.73052978515625
2023-03-03,295.39001464843750,299.92001342773440,294.86999511718750,299.67999267578125,60511500,293.67901611328125
2023-03-06,300.94000244140625,304.00000000000000,299.82000732421875,300.01998901367190,56736300,294.01223754882810
2023-03-07,300.07000732421875,301.01000976562500,295.72000122070310,296.33999633789060,65955800,290.40594482421875
2023-03-08,296.76998901367190,298.42999267578125,294.88000488281250,297.82000732421875,50876300,291.85620117187500
2023-03-09,298.32998657226560,300.98001098632810,291.82998657226560,292.66000366210940,71456700,286.79959106445310
2023-03-10,292.82998657226560,294.35000610351560,287.38000488281250,288.54998779296875,98593600,282.77191162109375
2023-03-13,286.73001098632810,294.47000122070310,285.19000244140625,290.69000244140625,97123600,284.86904907226560
2023-03-14,294.30999755859375,297.92999267578125,293.45001220703125,297.36999511718750,73602500,291.41531372070310
2023-03-15,294.70999145507810,299.26998901367190,293.23999023437500,298.92999267578125,83631500,292.94406127929690
2023-03-16,298.00000000000000,307.17999267578125,297.19000244140625,306.80999755859375,98198100,300.66625976562500
2023-03-17,306.72000122070310,309.14999389648440,303.36999511718750,305.35998535156250,89923700,299.24523925781250
2023-03-20,304.26000976562500,306.29998779296875,302.01000976562500,305.97000122070310,56359500,300.30728149414060
2023-03-21,307.94000244140625,310.79998779296875,306.39999389648440,310.33999633789060,49757000,304.59637451171875
2023-03-22,310.26998901367190,315.25000000000000,305.95001220703125,306.11999511718750,75791900,300.45446777343750
2023-03-23,309.92001342773440,314.14999389648440,307.01000976562500,309.75000000000000,74576000,304.01730346679690
2023-03-24,309.32000732421875,310.98999023437500,306.95001220703125,310.89001464843750,57195200,305.13623046875000
2023-03-27,311.60000610351560,312.70001220703125,307.89001464843750,308.76000976562500,50287400,303.04568481445310
2023-03-28,308.17001342773440,308.20001220703125,304.76998901367190,307.11999511718750,48585900,301.43597412109375
2023-03-29,310.88000488281250,313.35000610351560,310.04998779296875,312.72000122070310,53274300,306.93237304687500
2023-03-30,315.23999023437500,316.32000732421875,312.80999755859375,315.67999267578125,58354800,309.83752441406250
2023-03-31,315.91000366210940,321.17001342773440,315.60000610351560,320.92999267578125,62138100,314.99041748046875
2023-04-03,318.76998901367190,320.42001342773440,317.42001342773440,320.14999389648440,47126800,314.22485351562500
2023-04-04,320.60000610351560,321.63000488281250,317.82998657226560,319.07000732421875,45875400,313.16482543945310
2023-04-05,318.10000610351560,319.05999755859375,314.07000732421875,315.92001342773440,62795700,310.07312011718750
2023-04-06,314.23999023437500,318.54998779296875,312.82000732421875,318.04998779296875,46916500,312.16369628906250
2023-04-10,315.07000732421875,317.92001342773440,313.25000000000000,317.86999511718750,45134700,311.98699951171875
2023-04-11,317.82998657226560,317.89001464843750,315.30999755859375,315.82998657226560,40113600,309.98477172851560
2023-04-12,317.82000732421875,318.42001342773440,312.57000732421875,313.04000854492190,62813300,307.24639892578125
2023-04-13,314.82998657226560,319.64999389648440,313.63000488281250,319.17001342773440,54613800,313.26300048828125
2023-04-14,317.58999633789060,320.35998535156250,315.60998535156250,318.57000732421875,56278300,312.67404174804690
2023-04-17,318.14999389648440,319.20001220703125,316.04000854492190,318.83999633789060,43007000,312.93905639648440
2023-04-18,320.98999023437500,321.42001342773440,317.64001464843750,318.85998535156250,46746900,312.95874023437500
2023-04-19,316.41000366210940,319.79000854492190,316.27999877929690,318.70999145507810,38960100,312.81149291992190
2023-04-20,315.69000244140625,319.26998901367190,314.97000122070310,316.27999877929690,62462100,310.42648315429690
2023-04-21,315.91000366210940,317.39999389648440,314.10000610351560,316.60998535156250,59002300,310.75039672851560
2023-04-24,316.38000488281250,317.73999023437500,313.73999023437500,315.95001220703125,44043100,310.10256958007810
2023-04-25,314.29000854492190,314.97000122070310,309.89001464843750,309.98999023437500,57121600,304.25289916992190
2023-04-26,313.44000244140625,314.94000244140625,311.33999633789060,311.86999511718750,55400500,306.09805297851560
2023-04-27,315.70001220703125,320.85998535156250,315.04998779296875,320.35000610351560,65430400,314.42114257812500
2023-04-28,320.10998535156250,322.64999389648440,318.95999145507810,322.55999755859375,59712600,316.59027099609375
2023-05-01,322.08999633789060,323.63000488281250,321.08999633789060,322.19000244140625,41013400,316.22708129882810
2023-05-02,322.11999511718750,322.45001220703125,317.60998535156250,319.38000488281250,56519400,313.46908569335940
2023-05-03,319.75000000000000,322.47000122070310,317.17999267578125,317.29000854492190,59882100,311.41775512695310
2023-05-04,317.05999755859375,318.23001098632810,315.11999511718750,316.17001342773440,50224500,310.31854248046875
2023-05-05,318.47000122070310,323.76000976562500,316.20999145507810,322.89001464843750,51806100,316.91415405273440
2023-05-08,322.42001342773440,324.04000854492190,321.32000732421875,323.69000244140625,36465800,317.69927978515625
2023-05-09,322.00000000000000,322.88000488281250,321.32000732421875,321.64001464843750,31768800,315.68725585937500
2023-05-10,324.11999511718750,326.01000976562500,321.60000610351560,325.14001464843750,60446600,319.12249755859375
2023-05-11,325.70001220703125,326.75000000000000,324.11999511718750,326.20001220703125,44278500,320.16293334960940
2023-05-12,326.73999023437500,327.17001342773440,322.94000244140625,325.02999877929690,48432800,319.01458740234375
2023-05-15,325.51000976562500,327.02999877929690,323.95999145507810,326.79000854492190,33375600,320.74191284179690
2023-05-16,326.05999755859375,328.89999389648440,326.01998901367190,327.16000366210940,40019200,321.10501098632810
2023-05-17,328.23999023437500,331.70999145507810,327.04000854492190,331.11999511718750,47486100,324.99179077148440
2023-05-18,331.51998901367190,337.48999023437500,331.50000000000000,337.26998901367190,64213500,331.02798461914060
2023-05-19,337.48999023437500,338.20999145507810,335.42999267578125,336.51000976562500,61554900,330.28207397460940
2023-05-22,336.25000000000000,338.67001342773440,336.23999023437500,337.64001464843750,43015900,331.39120483398440
2023-05-23,335.89001464843750,337.05999755859375,333.00000000000000,333.35998535156250,48216700,327.19027709960940
2023-05-24,331.36999511718750,332.91000366210940,329.55999755859375,331.64999389648440,62891200,325.51202392578125
2023-05-25,339.14001464843750,341.01000976562500,336.67001342773440,339.72000122070310,66862800,333.43261718750000
2023-05-26,340.76000976562500,349.25000000000000,340.66000366210940,348.39999389648440,63007000,341.95196533203125
2023-05-30,352.70999145507810,353.92999267578125,348.52999877929690,349.98001098632810,72652200,343.50274658203125
2023-05-31,348.36999511718750,350.60000610351560,346.51000976562500,347.98999023437500,65105400,341.54959106445310
2023-06-01,347.73001098632810,353.35998535156250,346.66000366210940,352.01000976562500,50488600,345.49514770507810
2023-06-02,353.79998779296875,355.82998657226560,352.01000976562500,354.64999389648440,53372100,348.08636474609375
2023-06-05,354.42999267578125,357.50000000000000,353.85000610351560,354.89999389648440,47266200,348.33166503906250
2023-06-06,354.27999877929690,355.82000732421875,352.92999267578125,354.83999633789060,41390400,348.27279663085940
2023-06-07,355.13000488281250,357.11999511718750,348.17999267578125,348.82000732421875,69225900,342.36425781250000
2023-06-08,349.11999511718750,353.61999511718750,348.89001464843750,353.14999389648440,47153900,346.61413574218750
2023-06-09,354.63000488281250,357.66000366210940,353.02999877929690,354.50000000000000,53196900,347.93905639648440
2023-06-12,356.19000244140625,360.58999633789060,355.20001220703125,360.48999023437500,44606500,353.81820678710940
2023-06-13,363.29000854492190,364.10998535156250,360.02999877929690,363.26000976562500,57097800,356.53698730468750
2023-06-14,363.26998901367190,366.19000244140625,360.42001342773440,365.89999389648440,69525600,359.12817382812500
2023-06-15,364.60998535156250,371.76998901367190,363.98001098632810,370.26000976562500,71138800,363.40737915039060
2023-06-16,372.72000122070310,372.85000610351560,367.48001098632810,367.92999267578125,80932000,361.12054443359375
2023-06-20,365.95001220703125,368.32000732421875,363.89001464843750,366.89999389648440,49204700,360.60363769531250
2023-06-21,365.73999023437500,366.17999267578125,360.95999145507810,361.89999389648440,53378300,355.68933105468750
2023-06-22,360.63000488281250,366.32998657226560,360.22000122070310,366.17001342773440,47603000,359.88610839843750
2023-06-23,362.20999145507810,364.88000488281250,360.82000732421875,362.54000854492190,48922900,356.31845092773440
2023-06-26,362.00000000000000,364.83999633789060,357.58999633789060,357.67999267578125,52685500,351.54177856445310
2023-06-27,359.25000000000000,364.57000732421875,358.51000976562500,363.82998657226560,49428100,357.58627319335940
2023-06-28,361.98001098632810,366.51998901367190,361.89999389648440,364.54000854492190,46498000,358.28405761718750
2023-06-29,364.23999023437500,364.89001464843750,362.14001464843750,363.80999755859375,46151000,357.56661987304690
2023-06-30,367.54998779296875,370.48999023437500,367.23001098632810,369.42001342773440,58712500,363.08035278320310
2023-07-03,370.07000732421875,370.92999267578125,368.97000122070310,370.29000854492190,19432900,363.93545532226560
2023-07-05,368.70001220703125,372.01000976562500,368.66000366210940,370.27999877929690,34460900,363.92553710937500
2023-07-06,366.51000976562500,367.91000366210940,364.51998901367190,367.45999145507810,49374700,361.15399169921875
2023-07-07,367.23001098632810,370.48001098632810,366.01000976562500,366.23999023437500,47133700,359.95492553710940
2023-07-10,365.95999145507810,367.04998779296875,363.41000366210940,366.35998535156250,48498800,360.07281494140625
2023-07-11,366.79000854492190,368.63000488281250,364.61999511718750,368.17001342773440,38214100,361.85183715820310
2023-07-12,372.33999633789060,374.19000244140625,370.29998779296875,372.82000732421875,61975400,366.42193603515625
2023-07-13,376.04998779296875,379.98999023437500,375.45999145507810,379.14999389648440,46960000,372.64331054687500
2023-07-14,379.58999633789060,382.85998535156250,378.17999267578125,379.07000732421875,55148500,372.56469726562500
2023-07-17,379.79998779296875,383.50000000000000,379.30999755859375,382.60998535156250,40868900,376.04397583007810
2023-07-18,381.95999145507810,387.13000488281250,380.00000000000000,385.73999023437500,55262000,379.12030029296875
2023-07-19,386.82000732421875,387.98001098632810,384.29998779296875,385.64999389648440,54093000,379.03176879882810
2023-07-20,382.60998535156250,384.10000610351560,375.72000122070310,376.76000976562500,71941700,370.29443359375000
2023-07-21,379.17999267578125,379.92001342773440,375.19000244140625,375.63000488281250,60499600,369.18374633789060
2023-07-24,376.61999511718750,377.57998657226560,374.33999633789060,376.23001098632810,40380100,369.77352905273440
2023-07-25,376.95001220703125,380.47000122070310,376.92999267578125,378.77999877929690,38894400,372.27969360351560
2023-07-26,377.72000122070310,379.23999023437500,375.17999267578125,377.51998901367190,47075700,371.04125976562500
2023-07-27,383.07000732421875,384.70999145507810,375.30999755859375,376.61999511718750,63940200,370.15679931640625
2023-07-28,380.73999023437500,384.51998901367190,380.22000122070310,383.48001098632810,56902900,376.89907836914060
2023-07-31,383.79000854492190,384.88000488281250,382.33999633789060,383.67999267578125,44019900,377.09558105468750
2023-08-01,382.30999755859375,383.55999755859375,380.69000244140625,382.79000854492190,41060600,376.22094726562500
2023-08-02,379.26000976562500,379.26000976562500,373.13000488281250,374.39001464843750,72687100,367.96511840820310
2023-08-03,371.94000244140625,375.95001220703125,371.76998901367190,373.79000854492190,47666400,367.37536621093750
2023-08-04,375.75000000000000,378.10000610351560,371.52999877929690,372.04000854492190,61702800,365.65536499023440
2023-08-07,373.88000488281250,375.29000854492190,371.51000976562500,375.19000244140625,37230400,368.75131225585940
2023-08-08,372.64001464843750,372.66000366210940,368.82000732421875,372.00000000000000,44726500,365.61605834960940
2023-08-09,372.29000854492190,372.45001220703125,367.14001464843750,367.91000366210940,51150900,361.59628295898440
2023-08-10,370.97000122070310,374.35998535156250,367.04000854492190,368.58999633789060,72035300,362.26458740234375
2023-08-11,365.98999023437500,368.00000000000000,364.69000244140625,366.23999023437500,48707200,359.95492553710940
2023-08-14,365.42999267578125,370.47000122070310,364.70001220703125,370.35000610351560,42130800,363.99441528320310
2023-08-15,369.35998535156250,370.17001342773440,365.73999023437500,366.42001342773440,45539900,360.13186645507810
2023-08-16,365.86999511718750,367.42999267578125,362.44000244140625,362.54000854492190,53190500,356.31845092773440
2023-08-17,363.95999145507810,364.30999755859375,358.16000366210940,358.57998657226560,62604300,352.42636108398440
2023-08-18,355.26000976562500,359.41000366210940,354.70999145507810,358.13000488281250,61191400,351.98410034179690
2023-08-21,359.61999511718750,364.58999633789060,359.14999389648440,363.89999389648440,50696500,357.65505981445310
2023-08-22,366.54998779296875,366.55999755859375,362.67999267578125,363.38000488281250,44530200,357.14404296875000
2023-08-23,364.57998657226560,370.22000122070310,364.35998535156250,369.10998535156250,51770600,362.77560424804690
2023-08-24,372.64001464843750,372.73999023437500,361.01000976562500,361.22000122070310,66842500,355.02111816406250
2023-08-25,362.07000732421875,365.73999023437500,358.57998657226560,364.01998901367190,69960500,357.77301025390625
2023-08-28,366.98999023437500,367.70999145507810,364.25000000000000,366.76000976562500,40910000,360.46600341796875
2023-08-29,366.55999755859375,375.13000488281250,366.23001098632810,374.76998901367190,58492400,368.33850097656250
2023-08-30,374.88000488281250,377.45001220703125,373.85998535156250,376.85998535156250,41731500,370.39263916015625
2023-08-31,376.94000244140625,379.72000122070310,376.86999511718750,377.98999023437500,35730700,371.50326538085940
2023-09-01,380.39999389648440,380.82998657226560,376.07998657226560,377.58999633789060,39801200,371.11016845703125
2023-09-05,376.76998901367190,379.30999755859375,375.82998657226560,378.07000732421875,32344200,371.58190917968750
2023-09-06,377.27999877929690,377.63000488281250,372.70001220703125,374.73999023437500,42998700,368.30905151367190
2023-09-07,370.20999145507810,372.85000610351560,369.14999389648440,372.05999755859375,52060700,365.67501831054690
2023-09-08,372.01000976562500,374.85000610351560,371.60000610351560,372.57998657226560,35800100,366.18606567382810
2023-09-11,375.66000366210940,377.48999023437500,373.66000366210940,376.97000122070310,39936600,370.50076293945310
2023-09-12,375.26998901367190,376.95001220703125,372.50000000000000,372.79000854492190,41391000,366.39248657226560
2023-09-13,373.02999877929690,375.83999633789060,371.88000488281250,374.20999145507810,46300700,367.78808593750000
2023-09-14,375.98999023437500,378.26998901367190,373.89001464843750,377.26998901367190,48039400,370.79559326171875
2023-09-15,375.91000366210940,376.32000732421875,369.85998535156250,370.80999755859375,69811200,364.44650268554690
2023-09-18,369.32000732421875,371.79000854492190,369.02999877929690,370.66000366210940,36903500,364.82641601562500
2023-09-19,369.32000732421875,370.67999267578125,366.79998779296875,369.86999511718750,37621700,364.04885864257810
2023-09-20,370.95001220703125,371.30999755859375,364.45999145507810,364.54000854492190,45514200,358.80276489257810
2023-09-21,360.79998779296875,361.60000610351560,357.69000244140625,357.85998535156250,69734800,352.22781372070310
2023-09-22,359.63000488281250,361.79998779296875,357.58999633789060,357.91000366210940,51589700,352.27706909179690
2023-09-25,356.92999267578125,359.70001220703125,355.92999267578125,359.60998535156250,39168000,353.95028686523440
2023-09-26,356.98999023437500,357.54000854492190,353.20999145507810,354.20999145507810,53657700,348.63531494140625
2023-09-27,355.38000488281250,356.98001098632810,351.35998535156250,355.04000854492190,56066000,349.45227050781250
2023-09-28,354.10998535156250,360.17001342773440,353.23999023437500,358.01000976562500,56453300,352.37548828125000
2023-09-29,361.54000854492190,362.95001220703125,357.01998901367190,358.26998901367190,64829600,352.63143920898440
2023-10-02,358.54000854492190,362.67999267578125,357.92001342773440,361.26000976562500,51625100,355.57431030273440
2023-10-03,358.77999877929690,361.01000976562500,353.27999877929690,354.92001342773440,60478500,349.33413696289060
2023-10-04,355.76998901367190,360.60998535156250,355.29998779296875,359.75000000000000,54786700,354.08810424804690
2023-10-05,359.73999023437500,360.14999389648440,355.14001464843750,358.69000244140625,45897400,353.04479980468750
2023-10-06,355.64999389648440,365.91000366210940,354.85000610351560,364.70001220703125,75049100,358.96023559570310
2023-10-09,362.29998779296875,367.10998535156250,360.77999877929690,366.55999755859375,45304800,360.79092407226560
2023-10-10,366.89999389648440,371.27999877929690,366.39001464843750,368.58999633789060,46968800,362.78903198242190
2023-10-11,369.94000244140625,371.41000366210940,368.19000244140625,371.22000122070310,38215100,365.37759399414060
2023-10-12,371.73001098632810,373.73999023437500,367.50000000000000,369.92999267578125,49587900,364.10787963867190
2023-10-13,370.57000732421875,371.16000366210940,363.85998535156250,365.27999877929690,52469900,359.53106689453125
2023-10-16,366.61999511718750,370.48001098632810,366.47000122070310,369.41000366210940,44201100,363.59603881835940
2023-10-17,365.80999755859375,369.92001342773440,363.66000366210940,368.20001220703125,50999100,362.40509033203125
2023-10-18,365.67001342773440,367.91000366210940,362.01998901367190,363.36999511718750,54280500,357.65112304687500
2023-10-19,364.80999755859375,366.01998901367190,359.16000366210940,359.97000122070310,72274200,354.30462646484375
2023-10-20,359.45999145507810,360.04000854492190,354.36999511718750,354.60000610351560,72559700,349.01916503906250
2023-10-23,353.26000976562500,359.26000976562500,351.11999511718750,355.67001342773440,60665200,350.07235717773440
2023-10-24,357.51000976562500,359.91000366210940,355.79000854492190,359.13000488281250,47082100,353.47784423828125
2023-10-25,356.70001220703125,356.88000488281250,349.75000000000000,350.33999633789060,71190500,344.82620239257810
2023-10-26,349.11999511718750,350.07000732421875,342.35000610351560,343.66000366210940,78621400,338.25131225585940
2023-10-27,346.42999267578125,348.83999633789060,344.07998657226560,345.30999755859375,63476700,339.87536621093750
2023-10-30,347.82998657226560,350.54000854492190,346.45001220703125,349.20001220703125,55298500,343.70413208007810
2023-10-31,349.23001098632810,351.25000000000000,346.61999511718750,350.86999511718750,47671900,345.34786987304690
2023-11-01,351.72000122070310,357.52999877929690,351.61999511718750,356.95999145507810,58992700,351.34201049804690
2023-11-02,361.54000854492190,363.67999267578125,360.29998779296875,363.44000244140625,58162400,357.72006225585940
2023-11-03,364.75000000000000,369.01998901367190,364.51998901367190,367.70999145507810,53280500,361.92285156250000
2023-11-06,368.48999023437500,369.77999877929690,366.91000366210940,369.20999145507810,38848700,363.39923095703125
2023-11-07,370.26998901367190,373.57998657226560,369.04998779296875,372.70001220703125,50777400,366.83428955078125
2023-11-08,373.07998657226560,373.79000854492190,370.61999511718750,372.94000244140625,35663400,367.07052612304690
2023-11-09,373.64001464843750,374.79998779296875,369.57000732421875,370.07000732421875,53859400,364.24563598632810
2023-11-10,371.82000732421875,378.54000854492190,371.27999877929690,378.39001464843750,58309800,372.43472290039060
2023-11-13,376.79000854492190,378.27999877929690,375.23999023437500,377.20999145507810,40733500,371.27331542968750
2023-11-14,383.70999145507810,386.26000976562500,383.17999267578125,385.32998657226560,67792600,379.26550292968750
2023-11-15,387.25000000000000,387.75000000000000,384.23999023437500,385.61999511718750,54141400,379.55096435546875
2023-11-16,384.83999633789060,386.19000244140625,383.55999755859375,385.95001220703125,45343500,379.87573242187500
2023-11-17,385.20999145507810,387.07000732421875,384.29000854492190,386.04000854492190,46571900,379.96438598632810
2023-11-20,386.04998779296875,391.41000366210940,386.04998779296875,390.73999023437500,44429600,384.59036254882810
2023-11-21,389.01000976562500,389.23001098632810,386.70001220703125,388.47000122070310,43337000,382.35610961914060
2023-11-22,390.57000732421875,393.07000732421875,389.04000854492190,390.05999755859375,44121000,383.92105102539060
2023-11-24,389.64999389648440,390.25000000000000,388.50000000000000,389.51000976562500,15718800,383.37976074218750
2023-11-27,389.01000976562500,391.14999389648440,388.27999877929690,389.17001342773440,34139700,383.04507446289060
2023-11-28,388.41000366210940,390.77999877929690,388.04998779296875,390.19000244140625,35491100,384.04901123046875
2023-11-29,392.69000244140625,394.14001464843750,389.45999145507810,389.80999755859375,38811700,383.67501831054690
2023-11-30,390.07998657226560,390.54998779296875,385.82000732421875,388.82998657226560,52834400,382.71047973632810
2023-12-01,387.75000000000000,390.54000854492190,386.07000732421875,389.94000244140625,40490100,383.80294799804690
2023-12-04,386.08999633789060,386.60000610351560,382.66000366210940,386.32000732421875,51186900,380.23992919921875
2023-12-05,384.39001464843750,388.50000000000000,384.20999145507810,387.29000854492190,42933000,381.19464111328125
2023-12-06,390.26998901367190,390.36999511718750,384.70001220703125,385.04998779296875,41994100,378.98992919921875
2023-12-07,388.07000732421875,391.26998901367190,386.95999145507810,390.42999267578125,49593500,384.28524780273440
2023-12-08,388.67001342773440,392.61999511718750,388.48001098632810,392.17001342773440,46687500,385.99792480468750
2023-12-11,391.73999023437500,395.79000854492190,391.52999877929690,395.51998901367190,41198000,389.29516601562500
2023-12-12,395.55999755859375,398.79000854492190,394.41000366210940,398.67001342773440,39221200,392.39559936523440
2023-12-13,399.61999511718750,404.35998535156250,398.83999633789060,403.73999023437500,55408100,397.38580322265625
2023-12-14,404.98001098632810,406.29998779296875,400.33999633789060,403.39001464843750,55447800,397.04125976562500
2023-12-15,404.17999267578125,406.54000854492190,403.57000732421875,405.33999633789060,62896600,398.96054077148440
2023-12-18,404.92999267578125,407.98999023437500,404.60000610351560,407.07998657226560,46610000,401.47348022460940
2023-12-19,407.54000854492190,409.27999877929690,407.35000610351560,409.16000366210940,35711900,403.52484130859375
2023-12-20,408.35000610351560,410.47000122070310,402.89999389648440,403.07998657226560,54042400,397.52862548828125
2023-12-21,407.05999755859375,408.14001464843750,404.47000122070310,407.76998901367190,45568900,402.15402221679690
2023-12-22,409.00000000000000,409.97000122070310,406.48001098632810,408.38000488281250,34314000,402.75561523437500
2023-12-26,409.25000000000000,411.55999755859375,409.14999389648440,410.88000488281250,22722500,405.22119140625000
2023-12-27,410.95001220703125,411.79000854492190,410.07998657226560,411.50000000000000,31980500,406.04608154296875
2023-12-28,412.67001342773440,412.92001342773440,410.94000244140625,411.29998779296875,27029200,405.84872436523440
2023-12-29,411.27999877929690,411.64001464843750,407.57998657226560,409.51998901367190,42662100,404.09234619140625
2024-01-02,405.83999633789060,406.08999633789060,400.23999023437500,402.58999633789060,58026900,397.25418090820310
2024-01-03,399.92999267578125,401.00000000000000,397.89001464843750,398.32998657226560,47002800,393.05059814453125
2024-01-04,396.44000244140625,399.58999633789060,396.05999755859375,396.27999877929690,39432800,391.02783203125000
2024-01-05,396.45001220703125,399.55999755859375,395.33999633789060,396.75000000000000,44922800,391.49160766601560
2024-01-08,397.98999023437500,405.23999023437500,397.83999633789060,404.95001220703125,42473800,399.58294677734375
2024-01-09,401.91000366210940,406.69000244140625,401.70999145507810,405.75000000000000,39132900,400.37228393554690
2024-01-10,406.07000732421875,409.51998901367190,405.17001342773440,408.50000000000000,33962800,403.08587646484375
2024-01-11,409.79000854492190,411.20001220703125,404.23999023437500,409.35000610351560,54536200,403.92459106445310
2024-01-12,410.39999389648440,411.25000000000000,408.14999389648440,409.55999755859375,39595000,404.13177490234375
2024-01-16,408.30999755859375,411.11999511718750,406.82998657226560,409.51998901367190,43903000,404.09234619140625
2024-01-17,406.17001342773440,407.58999633789060,402.92001342773440,407.20999145507810,54386000,401.81298828125000
2024-01-18,410.51998901367190,413.57998657226560,409.16000366210940,412.98999023437500,59562500,407.51632690429690
2024-01-19,415.22000122070310,421.33999633789060,414.63000488281250,421.17999267578125,70325100,415.59780883789060
2024-01-22,423.41000366210940,424.73001098632810,421.11999511718750,421.73001098632810,44880600,416.14056396484375
2024-01-23,422.42999267578125,423.70001220703125,420.57000732421875,423.48001098632810,33003800,417.86737060546875
2024-01-24,427.44000244140625,429.85000610351560,425.32998657226560,425.82998657226560,46948000,420.18615722656250
2024-01-25,428.35998535156250,429.04000854492190,423.98001098632810,426.35000610351560,44367200,420.69927978515625
2024-01-26,424.44000244140625,426.20999145507810,423.14999389648440,423.80999755859375,37137000,418.19299316406250
2024-01-29,424.26998901367190,428.35000610351560,423.60998535156250,428.14999389648440,38694700,422.47537231445310
2024-01-30,427.10000610351560,427.67999267578125,424.38000488281250,425.29998779296875,36739000,419.66317749023440
2024-01-31,420.85000610351560,422.86999511718750,416.79000854492190,416.97000122070310,64010600,411.44357299804690
2024-02-01,418.79000854492190,422.38000488281250,417.80999755859375,421.88000488281250,51008600,416.28854370117190
2024-02-02,423.79998779296875,430.23999023437500,422.79000854492190,429.01000976562500,59602400,423.32400512695310
2024-02-05,429.07000732421875,429.60998535156250,425.00000000000000,428.45001220703125,39889200,422.77151489257810
2024-02-06,429.60998535156250,430.22000122070310,425.22000122070310,427.58999633789060,35846100,421.92285156250000
2024-02-07,430.41000366210940,432.82998657226560,429.08999633789060,431.98999023437500,37712700,426.26449584960940
2024-02-08,432.10998535156250,433.55999755859375,431.42001342773440,432.79000854492190,29889900,427.05392456054690
2024-02-09,433.94000244140625,437.85000610351560,433.14001464843750,437.04998779296875,36943900,431.25744628906250
2024-02-12,436.94000244140625,439.14001464843750,434.64999389648440,435.33999633789060,33203300,429.57009887695310
2024-02-13,427.27999877929690,431.26998901367190,425.32998657226560,428.54998779296875,64491700,422.87011718750000
2024-02-14,431.26000976562500,433.64999389648440,428.88000488281250,433.22000122070310,45092700,427.47824096679690
2024-02-15,433.92001342773440,434.98001098632810,431.32998657226560,434.51000976562500,38796100,428.75119018554690
2024-02-16,434.89001464843750,434.98999023437500,429.85000610351560,430.57000732421875,53716500,424.86337280273440
2024-02-20,428.54998779296875,430.07998657226560,423.50000000000000,427.32000732421875,53999500,421.65643310546875
2024-02-21,424.54998779296875,425.70001220703125,421.63000488281250,425.60998535156250,49779000,419.96908569335940
2024-02-22,434.48999023437500,439.11999511718750,433.70999145507810,438.07000732421875,53887800,432.26394653320310
2024-02-23,439.64999389648440,440.58999633789060,435.79000854492190,436.77999877929690,39853900,430.99102783203125
2024-02-26,437.60000610351560,438.60000610351560,436.35998535156250,436.54998779296875,33043200,430.76406860351560
2024-02-27,437.67001342773440,437.98999023437500,435.02999877929690,437.60000610351560,33713200,431.80020141601560
2024-02-28,435.42999267578125,436.67001342773440,434.29998779296875,435.26998901367190,32938800,429.50106811523440
2024-02-29,438.23001098632810,440.08999633789060,435.01998901367190,439.00000000000000,42495200,433.18161010742190
2024-03-01,439.89999389648440,446.57998657226560,439.83999633789060,445.60998535156250,43853000,439.70397949218750
2024-03-04,445.60998535156250,446.04000854492190,443.76998901367190,444.01998901367190,34325700,438.13507080078125
2024-03-05,440.94000244140625,440.95001220703125,433.64999389648440,436.04998779296875,57917100,430.27072143554690
2024-03-06,440.32000732421875,441.98999023437500,436.89001464843750,438.79000854492190,46234500,432.97442626953125
2024-03-07,442.42001342773440,446.72000122070310,440.85998535156250,445.45001220703125,44526700,439.54611206054690
2024-03-08,445.80999755859375,448.64001464843750,438.33999633789060,439.01998901367190,72096000,433.20135498046875
2024-03-11,437.51000976562500,438.66000366210940,435.44000244140625,437.39001464843750,45860000,431.59292602539060
2024-03-12,439.73001098632810,444.01998901367190,436.45999145507810,443.66000366210940,55300900,437.77984619140625
2024-03-13,442.64999389648440,442.67001342773440,439.11999511718750,440.25000000000000,37928700,434.41506958007810
2024-03-14,441.50000000000000,442.02999877929690,436.39001464843750,439.14001464843750,52195200,433.31973266601560
2024-03-15,436.07000732421875,438.86999511718750,432.73999023437500,433.92001342773440,73069800,428.16900634765625
2024-03-18,438.73001098632810,441.04000854492190,437.23999023437500,437.48001098632810,47323800,432.25259399414060
2024-03-19,435.45001220703125,438.98001098632810,433.32998657226560,438.57000732421875,43004100,433.32955932617190
2024-03-20,439.77999877929690,444.10998535156250,438.05999755859375,443.76998901367190,43653500,438.46740722656250
2024-03-21,448.88000488281250,449.33999633789060,445.67001342773440,445.86999511718750,39345700,440.54232788085940
2024-03-22,445.35000610351560,447.48999023437500,444.48999023437500,446.38000488281250,28253900,441.04620361328125
2024-03-25,443.54998779296875,446.26000976562500,442.54000854492190,444.76000976562500,27789200,439.44558715820310
2024-03-26,446.29998779296875,447.23001098632810,443.08999633789060,443.32000732421875,34142000,438.02279663085940
2024-03-27,446.44000244140625,446.54000854492190,441.92999267578125,444.82998657226560,41359200,439.51470947265625
2024-03-28,444.77999877929690,445.64001464843750,443.64999389648440,444.01000976562500,36839600,438.70455932617190
2024-04-01,444.97000122070310,447.52999877929690,443.01998901367190,444.95001220703125,38729000,439.63330078125000
2024-04-02,440.07998657226560,441.42999267578125,438.02999877929690,441.10998535156250,44259700,435.83914184570310
2024-04-03,438.95999145507810,444.00000000000000,438.95001220703125,442.10000610351560,39949800,436.81738281250000
2024-04-04,446.32998657226560,446.95001220703125,435.10998535156250,435.33999633789060,57267700,430.13812255859375
2024-04-05,436.77999877929690,443.17001342773440,435.95999145507810,440.47000122070310,54744600,435.20687866210940
2024-04-08,441.41000366210940,442.50000000000000,439.20001220703125,440.60000610351560,28144900,435.33532714843750
2024-04-09,442.95999145507810,443.23999023437500,437.44000244140625,442.23001098632810,39443600,436.94580078125000
2024-04-10,437.00000000000000,439.23999023437500,436.27999877929690,438.36999511718750,61502200,433.13192749023440
2024-04-11,440.26000976562500,446.32998657226560,437.95999145507810,445.36999511718750,45474600,440.04827880859375
2024-04-12,441.10000610351560,442.23999023437500,436.88000488281250,438.26998901367190,53665000,433.03317260742190
2024-04-15,442.05999755859375,442.14999389648440,430.20999145507810,431.05999755859375,63453600,425.90927124023440
2024-04-16,430.89999389648440,433.76000976562500,429.70001220703125,431.10000610351560,47619000,425.94879150390625
2024-04-17,433.10000610351560,433.11999511718750,424.89999389648440,425.83999633789060,56880500,420.75164794921875
2024-04-18,426.48999023437500,428.23999023437500,422.82998657226560,423.41000366210940,46549400,418.35067749023440
2024-04-19,422.22000122070310,422.75000000000000,413.07000732421875,414.64999389648440,75231000,409.69534301757810
2024-04-22,417.30999755859375,421.17999267578125,413.94000244140625,418.82000732421875,47807700,413.81555175781250
2024-04-23,420.76998901367190,426.27999877929690,418.86999511718750,425.07000732421875,44384700,419.99087524414060
2024-04-24,428.20001220703125,429.73001098632810,424.20001220703125,426.51000976562500,48440300,421.41366577148440
2024-04-25,419.23999023437500,425.32000732421875,418.14001464843750,424.45001220703125,57392200,419.37829589843750
2024-04-26,427.61999511718750,432.54998779296875,426.92001342773440,431.00000000000000,41874900,425.84994506835940
2024-04-29,433.13000488281250,433.76000976562500,429.98001098632810,432.75000000000000,30022200,427.57913208007810
2024-04-30,431.14999389648440,432.55999755859375,424.51000976562500,424.58999633789060,43665900,419.51657104492190
2024-05-01,423.14999389648440,430.14001464843750,420.66000366210940,421.51998901367190,52251700,416.48327636718750
2024-05-02,425.29998779296875,427.80999755859375,420.63000488281250,426.89999389648440,36559000,421.79898071289060
2024-05-03,434.44000244140625,436.48001098632810,432.61999511718750,435.48001098632810,48515300,430.27648925781250
2024-05-06,437.29998779296875,440.33999633789060,436.51998901367190,440.25000000000000,30227200,434.98950195312500
2024-05-07,440.70001220703125,441.97000122070310,439.57998657226560,440.32000732421875,30996100,435.05859375000000
2024-05-08,437.67001342773440,441.48001098632810,437.54998779296875,440.05999755859375,24896700,434.80172729492190
2024-05-09,440.32998657226560,441.60000610351560,438.45999145507810,441.01998901367190,24580100,435.75024414062500
2024-05-10,442.54000854492190,444.30999755859375,440.50000000000000,442.05999755859375,27116600,436.77786254882810
2024-05-13,443.98999023437500,444.08999633789060,441.64999389648440,443.07998657226560,22994200,437.78567504882810
2024-05-14,442.64999389648440,446.47000122070310,442.45999145507810,445.92999267578125,34478300,440.60156250000000
2024-05-15,448.42999267578125,453.14999389648440,446.89999389648440,452.89999389648440,41464700,447.48828125000000
2024-05-16,452.70999145507810,454.69000244140625,451.80999755859375,451.98001098632810,34780400,446.57934570312500
2024-05-17,452.10998535156250,452.72000122070310,449.54000854492190,451.76000976562500,35803700,446.36190795898440
2024-05-20,451.98001098632810,455.57998657226560,451.79000854492190,454.91000366210940,24474200,449.47436523437500
2024-05-21,453.04000854492190,455.98999023437500,452.83999633789060,455.79998779296875,23167700,450.35369873046875
2024-05-22,456.05999755859375,456.82000732421875,453.07998657226560,455.70999145507810,25120000,450.26473999023440
2024-05-23,460.54998779296875,460.57998657226560,451.85000610351560,453.66000366210940,40899200,448.23925781250000
2024-05-24,455.29000854492190,459.23001098632810,453.57000732421875,457.95001220703125,29669500,452.47796630859375
2024-05-28,459.17999267578125,459.73999023437500,456.69000244140625,459.67999267578125,26216800,454.18728637695310
2024-05-29,455.48001098632810,458.23999023437500,455.33999633789060,456.44000244140625,29739200,450.98602294921875
2024-05-30,455.50000000000000,455.64001464843750,450.20999145507810,451.54998779296875,30536800,446.15447998046875
2024-05-31,451.77999877929690,452.48001098632810,443.05999755859375,450.70999145507810,55941300,445.32452392578125
2024-06-03,454.57000732421875,455.57998657226560,447.89999389648440,453.13000488281250,32997500,447.71557617187500
2024-06-04,452.86999511718750,455.57998657226560,451.13000488281250,454.36999511718750,23767400,448.94079589843750
2024-06-05,457.98001098632810,463.60998535156250,454.41000366210940,463.52999877929690,33817400,457.99130249023440
2024-06-06,464.22000122070310,464.54000854492190,462.19000244140625,463.36999511718750,21966800,457.83319091796875
2024-06-07,463.00000000000000,465.73999023437500,461.83999633789060,462.95999145507810,25829700,457.42813110351560
2024-06-10,461.82000732421875,465.19000244140625,461.52999877929690,464.82998657226560,20660800,459.27575683593750
2024-06-11,463.54000854492190,468.14001464843750,462.02999877929690,468.01998901367190,22053300,462.42761230468750
2024-06-12,471.98999023437500,476.50000000000000,471.29000854492190,474.14999389648440,34532600,468.48437500000000
2024-06-13,477.72000122070310,478.39001464843750,474.42001342773440,476.72000122070310,25859000,471.02368164062500
2024-06-14,476.51998901367190,479.26000976562500,476.04998779296875,479.19000244140625,23372600,473.46417236328125
2024-06-17,479.45999145507810,486.85998535156250,478.14001464843750,485.05999755859375,37054500,479.26403808593750
2024-06-18,485.01000976562500,485.89999389648440,483.42999267578125,485.20999145507810,24438600,479.41226196289060
2024-06-20,486.42001342773440,486.83999633789060,479.61999511718750,481.47000122070310,33918700,475.71697998046875
2024-06-21,481.19000244140625,482.54000854492190,478.67001342773440,480.17999267578125,37456800,474.44238281250000
2024-06-24,478.17999267578125,479.92999267578125,473.82000732421875,473.95999145507810,37751000,469.04098510742190
2024-06-25,476.07000732421875,479.67999267578125,475.11999511718750,479.38000488281250,29014700,474.40475463867190
2024-06-26,478.54998779296875,480.92001342773440,478.13000488281250,480.36999511718750,22737100,475.38446044921875
2024-06-27,480.11999511718750,483.10000610351560,479.29998779296875,481.60998535156250,26222100,476.61163330078125
2024-06-28,482.41000366210940,487.20001220703125,478.45999145507810,479.10998535156250,34881600,474.13754272460940
2024-07-01,480.04000854492190,482.48999023437500,476.26000976562500,481.92001342773440,24898300,476.91845703125000
2024-07-02,480.41000366210940,487.04000854492190,480.27999877929690,486.98001098632810,26723600,481.92590332031250
2024-07-03,486.22000122070310,491.17001342773440,486.22000122070310,491.04000854492190,18064900,485.94378662109375
2024-07-05,491.89001464843750,496.60000610351560,491.58999633789060,496.16000366210940,28495900,491.01062011718750
2024-07-08,496.52999877929690,497.89999389648440,495.50000000000000,497.33999633789060,22109400,492.17831420898440
2024-07-09,498.86999511718750,500.00000000000000,496.23999023437500,497.76998901367190,25614500,492.60391235351560
2024-07-10,499.70999145507810,503.51998901367190,498.39001464843750,502.95999145507810,28046900,497.74002075195310
2024-07-11,503.07000732421875,503.27999877929690,490.73001098632810,491.92999267578125,49966600,486.82449340820310
2024-07-12,492.51000976562500,499.61999511718750,492.04000854492190,494.82000732421875,37109400,489.68447875976560
2024-07-15,496.60998535156250,501.01000976562500,494.08999633789060,496.14999389648440,31151400,491.00070190429690
2024-07-16,497.61999511718750,498.44000244140625,493.14999389648440,496.33999633789060,25950600,491.18875122070310
2024-07-17,488.27999877929690,488.79998779296875,481.70001220703125,481.76998901367190,56268800,476.76992797851560
2024-07-18,485.52999877929690,485.70999145507810,476.26998901367190,479.48999023437500,49347400,474.51364135742190
2024-07-19,479.14999389648440,481.69000244140625,473.94000244140625,475.23999023437500,42042900,470.30770874023440
2024-07-22,481.16000366210940,483.35000610351560,477.70999145507810,482.32000732421875,40300000,477.31420898437500
2024-07-23,481.41000366210940,484.42999267578125,480.14001464843750,480.61999511718750,23282500,475.63183593750000
2024-07-24,473.82000732421875,474.19000244140625,462.51000976562500,463.38000488281250,58818600,458.57080078125000
2024-07-25,463.72000122070310,467.94000244140625,455.63000488281250,458.26998901367190,59256800,453.51388549804690
2024-07-26,462.64999389648440,465.92999267578125,459.76998901367190,462.97000122070310,39992100,458.16503906250000
2024-07-29,465.70999145507810,467.91000366210940,461.61999511718750,463.89999389648440,28218500,459.08538818359375
2024-07-30,465.85000610351560,466.55999755859375,454.14999389648440,457.52999877929690,41317200,452.78155517578125
2024-07-31,467.86999511718750,472.79000854492190,466.41000366210940,471.07000732421875,44552100,466.18099975585940
2024-08-01,471.76000976562500,475.54998779296875,455.98001098632810,459.66000366210940,56653900,454.88943481445310
2024-08-02,450.89001464843750,453.57000732421875,444.47000122070310,448.75000000000000,66323200,444.09265136718750
2024-08-05,424.70999145507810,442.29000854492190,423.45001220703125,435.36999511718750,87483500,430.85153198242190
2024-08-06,437.23001098632810,447.07000732421875,434.55999755859375,439.52999877929690,63164400,434.96838378906250
2024-08-07,446.48999023437500,449.00000000000000,434.36999511718750,434.76998901367190,54929200,430.25772094726560
2024-08-08,441.05999755859375,448.98999023437500,437.14999389648440,448.07000732421875,47890100,443.41970825195310
2024-08-09,446.73999023437500,452.05999755859375,445.60998535156250,450.41000366210940,33574000,445.73541259765625
2024-08-12,451.39001464843750,454.36999511718750,448.54998779296875,451.38000488281250,27795000,446.69534301757810
2024-08-13,455.82000732421875,462.85000610351560,455.67999267578125,462.57998657226560,40084500,457.77908325195310
2024-08-14,463.51000976562500,465.10998535156250,458.39999389648440,462.73001098632810,34733700,457.92758178710940
2024-08-15,468.76000976562500,474.82000732421875,468.38000488281250,474.42001342773440,38280600,469.49627685546875
2024-08-16,472.61999511718750,476.41000366210940,471.64999389648440,475.02999877929690,38383600,470.09991455078125
2024-08-19,475.17001342773440,481.30999755859375,473.36999511718750,481.26998901367190,23737700,476.27514648437500
2024-08-20,480.35000610351560,482.94000244140625,478.54998779296875,480.26000976562500,29209300,475.27560424804690
2024-08-21,481.04998779296875,484.36999511718750,479.32000732421875,482.50000000000000,25658800,477.49234008789060
2024-08-22,484.83999633789060,485.54000854492190,473.80999755859375,474.85000610351560,37739600,469.92181396484375
2024-08-23,479.23999023437500,482.73999023437500,475.27999877929690,480.00000000000000,36061500,475.01831054687500
2024-08-26,479.45001220703125,480.38000488281250,473.23999023437500,475.33999633789060,27452600,470.40670776367190
2024-08-27,473.69000244140625,477.83999633789060,471.70999145507810,476.76000976562500,27510000,471.81192016601560
2024-08-28,476.29000854492190,477.01998901367190,467.89001464843750,471.35000610351560,37372400,466.45809936523440
2024-08-29,473.27999877929690,477.92999267578125,469.36999511718750,470.66000366210940,41081500,465.77523803710940
2024-08-30,475.04000854492190,476.89999389648440,470.51000976562500,476.26998901367190,33466500,471.32702636718750
2024-09-03,473.20001220703125,473.32998657226560,459.41000366210940,461.80999755859375,44985200,457.01708984375000
2024-09-04,458.67001342773440,464.45001220703125,457.73001098632810,460.60998535156250,32505100,455.82952880859375
2024-09-05,458.97000122070310,465.35998535156250,457.94000244140625,461.04000854492190,34452400,456.25503540039060
2024-09-06,460.32998657226560,461.22000122070310,448.19000244140625,448.69000244140625,50624400,444.03329467773440
2024-09-09,453.05999755859375,455.45999145507810,449.82000732421875,454.45999145507810,32981200,449.74337768554690
2024-09-10,456.23999023437500,459.17001342773440,452.23001098632810,458.66000366210940,29680300,453.89981079101560
2024-09-11,459.91000366210940,469.36999511718750,451.27999877929690,468.61999511718750,57843000,463.75640869140625
2024-09-12,468.64999389648440,474.04000854492190,466.85000610351560,473.22000122070310,40067800,468.30868530273440
2024-09-13,472.48001098632810,476.52999877929690,472.25000000000000,475.33999633789060,29111800,470.40670776367190
2024-09-16,473.19000244140625,473.85998535156250,469.89001464843750,473.23999023437500,22585600,468.32846069335940
2024-09-17,476.29000854492190,477.60000610351560,470.97000122070310,473.48999023437500,30084400,468.57586669921875
2024-09-18,474.70001220703125,478.82998657226560,470.82998657226560,471.44000244140625,39909200,466.54718017578125
2024-09-19,482.60998535156250,486.23001098632810,480.48999023437500,483.35998535156250,52782500,478.34341430664060
2024-09-20,482.48999023437500,483.69000244140625,478.29998779296875,482.44000244140625,34577700,477.43298339843750
2024-09-23,482.95001220703125,484.14001464843750,481.60000610351560,483.04000854492190,24843000,478.69854736328125
2024-09-24,484.45999145507810,486.32998657226560,480.17001342773440,485.36999511718750,25952600,481.00753784179690
2024-09-25,484.73999023437500,487.79000854492190,484.55999755859375,485.82000732421875,26549900,481.45349121093750
2024-09-26,493.36999511718750,493.70001220703125,485.79998779296875,489.47000122070310,32020200,485.07073974609375
2024-09-27,490.50000000000000,490.64001464843750,485.55999755859375,486.75000000000000,22851100,482.37518310546875
2024-09-30,485.77999877929690,488.41000366210940,482.92001342773440,488.07000732421875,30281100,483.68334960937500
2024-10-01,487.70001220703125,488.00000000000000,477.39999389648440,481.26998901367190,42735400,476.94442749023440
2024-10-02,480.35998535156250,483.88000488281250,477.72000122070310,481.95001220703125,23744000,477.61831665039060
2024-10-03,479.73999023437500,484.54998779296875,478.98999023437500,481.58999633789060,25337200,477.26153564453125
2024-10-04,487.45001220703125,487.88000488281250,482.39001464843750,487.32000732421875,30686600,482.94006347656250
2024-10-07,485.39001464843750,486.57000732421875,480.86999511718750,482.10000610351560,24975100,477.76696777343750
2024-10-08,484.66000366210940,489.98999023437500,483.85000610351560,489.29998779296875,28272000,484.90225219726560
2024-10-09,489.00000000000000,493.73001098632810,487.95001220703125,493.14999389648440,24995000,488.71765136718750
2024-10-10,490.85000610351560,494.47000122070310,489.52999877929690,492.58999633789060,25750400,488.16265869140625
2024-10-11,490.73999023437500,494.39001464843750,490.17001342773440,493.35998535156250,20644500,488.92575073242190
2024-10-14,495.76998901367190,498.82998657226560,495.26000976562500,497.50000000000000,26060100,493.02853393554690
2024-10-15,497.82998657226560,498.50000000000000,488.67999267578125,490.85000610351560,34784500,486.43835449218750
2024-10-16,491.17999267578125,491.69000244140625,487.57000732421875,490.91000366210940,22996800,486.49774169921875
2024-10-17,496.44000244140625,496.48999023437500,491.19000244140625,491.25000000000000,27210700,486.83471679687500
2024-10-18,494.05999755859375,495.57000732421875,493.29998779296875,494.47000122070310,25335000,490.02578735351560
2024-10-21,493.25000000000000,496.23001098632810,491.30999755859375,495.42001342773440,30336500,490.96728515625000
2024-10-22,492.73001098632810,497.45001220703125,491.97000122070310,495.95999145507810,26685800,491.50234985351560
2024-10-23,493.58999633789060,494.25000000000000,485.04998779296875,488.35998535156250,39346600,483.97067260742190
2024-10-24,492.10998535156250,493.00000000000000,489.44000244140625,492.32000732421875,22024900,487.89511108398440
2024-10-25,495.14001464843750,500.27999877929690,494.42999267578125,495.32000732421875,38762100,490.86816406250000
2024-10-28,498.45999145507810,498.51998901367190,495.10000610351560,495.39999389648440,20477800,490.94738769531250
2024-10-29,495.72000122070310,501.35000610351560,493.85000610351560,500.16000366210940,28014100,495.66464233398440
2024-10-30,499.39001464843750,500.35000610351560,495.89001464843750,496.38000488281250,29756000,491.91860961914060
2024-10-31,492.38000488281250,492.42999267578125,483.75000000000000,483.85000610351560,41245200,479.50128173828125
2024-11-01,485.50000000000000,490.75000000000000,485.20001220703125,487.42999267578125,33655800,483.04907226562500
2024-11-04,486.82000732421875,489.38000488281250,484.25000000000000,486.01000976562500,23291600,481.64178466796875
2024-11-05,487.60998535156250,492.88000488281250,487.51998901367190,492.20999145507810,24353600,487.78610229492190
2024-11-06,500.55999755859375,506.41000366210940,499.60000610351560,505.57998657226560,43082200,501.03588867187500
2024-11-07,508.39999389648440,514.33001708984380,508.33999633789060,513.53997802734380,32853100,508.92434692382810
2024-11-08,513.03997802734380,514.91998291015620,512.40997314453120,514.14001464843750,22924500,509.51904296875000
2024-11-11,515.36999511718750,515.58001708984380,510.92001342773440,513.84002685546880,24167500,509.22171020507810
2024-11-12,513.77001953125000,514.65997314453120,509.82998657226560,512.90997314453120,25835300,508.30001831054690
2024-11-13,512.40002441406250,514.97998046875000,509.95001220703125,512.25000000000000,24567400,507.64596557617190
2024-11-14,511.91000366210940,512.78997802734380,507.76998901367190,508.69000244140625,28679500,504.11798095703125
2024-11-15,502.94000244140625,503.32998657226560,494.48999023437500,496.57000732421875,51461100,492.10693359375000
2024-11-18,498.13000488281250,502.14001464843750,496.73001098632810,500.01998901367190,27080800,495.52587890625000
2024-11-19,497.42001342773440,503.95001220703125,497.07998657226560,503.45999145507810,24523000,498.93493652343750
2024-11-20,503.16000366210940,503.48001098632810,496.55999755859375,503.17001342773440,29565500,498.64761352539060
2024-11-21,506.23999023437500,506.95999145507810,497.55999755859375,504.98001098632810,34526700,500.44134521484375
2024-11-22,504.42001342773440,506.52999877929690,502.77999877929690,505.79000854492190,23826600,501.24407958984375
2024-11-25,509.89999389648440,511.45001220703125,504.26000976562500,506.58999633789060,26375200,502.03686523437500
2024-11-26,508.07998657226560,510.14001464843750,507.23001098632810,509.30999755859375,26557100,504.73239135742190
2024-11-27,508.17001342773440,508.23999023437500,501.92999267578125,505.29998779296875,24957400,500.75845336914060
2024-11-29,505.92999267578125,510.33999633789060,505.30999755859375,509.73999023437500,15334000,505.15856933593750
2024-12-02,511.01000976562500,516.26000976562500,510.61999511718750,515.28997802734380,25147200,510.65869140625000
2024-12-03,513.95001220703120,517.15002441406250,513.36999511718750,516.86999511718750,18597900,512.22442626953120
2024-12-04,520.32000732421880,523.52001953125000,519.59997558593750,523.26000976562500,26086200,518.55706787109380
2024-12-05,523.30999755859380,524.03997802734380,521.41998291015620,521.80999755859380,18169600,517.12011718750000
2024-12-06,522.47998046875000,526.71997070312500,522.34997558593750,526.47998046875000,23762600,521.74804687500000
2024-12-09,525.54998779296880,526.34997558593750,521.21997070312500,522.38000488281250,20674400,517.68493652343750
2024-12-10,523.61999511718750,525.38000488281250,519.15997314453120,520.59997558593750,24350000,515.92095947265620
2024-12-11,525.00000000000000,530.60998535156250,524.59002685546880,529.91998291015620,32168600,525.15722656250000
2024-12-12,527.67999267578120,528.96002197265620,526.02001953125000,526.50000000000000,23577500,521.76794433593750
2024-12-13,530.46002197265620,533.16998291015620,527.29998779296880,530.53002929687500,28780400,525.76177978515620
2024-12-16,533.08001708984380,539.15002441406250,533.00000000000000,538.16998291015620,31979900,533.33306884765620
2024-12-17,536.35998535156250,537.47998046875000,534.13000488281250,535.79998779296880,28579100,530.98425292968750
2024-12-18,535.15002441406250,536.88000488281250,515.01000976562500,516.46997070312500,54703200,511.82806396484375
2024-12-19,521.19000244140620,521.76000976562500,513.83001708984380,514.16998291015620,46441800,509.54870605468750
2024-12-20,510.44000244140625,524.82000732421880,509.29000854492190,518.65997314453120,60530000,513.99835205078120
2024-12-23,519.54998779296880,523.25000000000000,516.13000488281250,522.86999511718750,29672800,519.00610351562500
2024-12-24,524.83001708984380,530.04998779296880,524.19000244140620,529.96002197265620,17558200,526.04376220703120
2024-12-26,528.32000732421880,531.23999023437500,526.30999755859380,529.59997558593750,19090500,525.68634033203120
2024-12-27,526.01000976562500,526.45001220703120,517.85998535156250,522.55999755859380,33839600,518.69836425781250
2024-12-30,515.51000976562500,519.35998535156250,511.82998657226560,515.60998535156250,34584000,511.79971313476560
2024-12-31,516.90002441406250,517.65997314453120,510.26000976562500,511.23001098632810,29117000,507.45214843750000
2025-01-02,514.29998779296880,516.64001464843750,505.70999145507810,510.23001098632810,36389800,506.45950317382810
2025-01-03,513.34997558593750,519.65002441406250,512.53002929687500,518.58001708984380,29059500,514.74774169921880
2025-01-06,524.02001953125000,527.91998291015620,522.03002929687500,524.53997802734380,36109700,520.66375732421880
2025-01-07,525.59002685546880,525.98999023437500,513.28002929687500,515.17999267578120,36690300,511.37289428710940
2025-01-08,515.08001708984380,516.91998291015620,510.57000732421875,515.27001953125000,30777800,511.46228027343750
2025-01-10,511.48001098632810,511.57998657226560,503.92001342773440,507.19000244140625,40532500,503.44201660156250
2025-01-13,501.20001220703125,506.01998901367190,499.70001220703125,505.55999755859375,31694200,501.82400512695310
2025-01-14,508.73999023437500,510.16000366210940,501.58999633789060,505.07998657226560,33737200,501.34756469726560
2025-01-15,513.03002929687500,517.84997558593750,511.45999145507810,516.70001220703120,34957600,512.88171386718750
2025-01-16,518.97998046875000,519.05999755859380,512.95001220703120,513.08001708984380,28229000,509.28851318359375
2025-01-17,522.84997558593750,524.07000732421880,513.10998535156250,521.73999023437500,51837900,517.88439941406250
2025-01-21,524.47998046875000,525.96997070312500,520.05999755859380,524.79998779296880,23628000,520.92187500000000
2025-01-22,529.57000732421880,533.82000732421880,529.26000976562500,531.51000976562500,33593000,527.58221435546880
2025-01-23,529.03997802734380,532.76000976562500,528.45001220703120,532.64001464843750,23096600,528.70397949218750
2025-01-24,533.02001953125000,533.78997802734380,528.15002441406250,529.63000488281250,19878300,525.71624755859380
2025-01-27,511.00000000000000,517.98999023437500,510.14999389648440,514.21002197265620,60771700,510.41006469726560
2025-01-28,515.21997070312500,523.00000000000000,511.77999877929690,521.80999755859380,33194200,517.95391845703120
2025-01-29,522.46002197265620,522.59002685546880,516.90002441406250,520.83001708984380,26649000,516.98120117187500
2025-01-30,523.71002197265620,526.09997558593750,518.21002197265620,523.04998779296880,27431300,519.18475341796880
2025-01-31,526.91998291015620,531.52001953125000,521.19000244140620,522.28997802734380,38755200,518.43035888671880
2025-02-03,513.46997070312500,520.84997558593750,511.04998779296875,518.10998535156250,40580800,514.28125000000000
2025-02-04,518.63000488281250,525.10998535156250,518.22998046875000,524.46997070312500,26046800,520.59423828125000
2025-02-05,521.82000732421880,527.01000976562500,520.61999511718750,526.84997558593750,21134100,522.95666503906250
2025-02-06,527.35998535156250,529.80999755859380,525.73999023437500,529.59997558593750,19434500,525.68634033203120
2025-02-07,530.14001464843750,532.09997558593750,522.19000244140620,522.91998291015620,29605500,519.05572509765620
2025-02-10,527.21997070312500,530.35998535156250,526.75000000000000,529.25000000000000,20852800,525.33892822265620
2025-02-11,525.96002197265620,529.91998291015620,525.83001708984380,527.98999023437500,19325500,524.08819580078120
2025-02-12,522.29998779296880,529.19000244140620,521.95001220703120,528.29998779296880,25009400,524.39599609375000
2025-02-13,529.97998046875000,536.21997070312500,529.19000244140620,535.90002441406250,28714800,531.93975830078120
2025-02-14,536.01000976562500,538.84002685546880,535.66998291015620,538.15002441406250,17862600,534.17321777343750
2025-02-18,539.72998046875000,540.00000000000000,536.03997802734380,539.36999511718750,20565000,535.38415527343750
2025-02-19,538.57000732421880,540.80999755859380,536.46002197265620,539.52001953125000,19666900,535.53314208984380
2025-02-20,538.72998046875000,539.09997558593750,532.46002197265620,537.22998046875000,26550800,533.25994873046880
2025-02-21,538.38000488281250,538.40002441406250,525.71002197265620,526.08001708984380,47093800,522.19238281250000
2025-02-24,527.88000488281250,529.07000732421880,519.53002929687500,519.86999511718750,39268400,516.02832031250000
2025-02-25,519.23999023437500,519.32000732421880,509.44000244140625,513.32000732421880,48940000,509.52670288085940
2025-02-26,515.53002929687500,519.65997314453120,511.36999511718750,514.55999755859380,34457600,510.75753784179690
2025-02-27,518.13000488281250,519.07000732421880,500.04998779296875,500.26998901367190,52448000,496.57308959960940
2025-02-28,500.13000488281250,508.77999877929690,496.92999267578125,508.17001342773440,47654000,504.41470336914060
2025-03-03,511.51998901367190,513.03997802734380,493.57998657226560,497.04998779296875,44587200,493.37686157226560
2025-03-04,494.17999267578125,503.73999023437500,487.73999023437500,495.54998779296875,67875400,491.88796997070310
2025-03-05,496.20001220703125,503.63000488281250,491.26000976562500,502.01000976562500,46323700,498.30023193359375
2025-03-06,493.69000244140625,498.57998657226560,486.20001220703125,488.20001220703125,57574300,484.59228515625000
2025-03-07,487.16000366210940,493.27999877929690,480.52999877929690,491.79000854492190,54714700,488.15573120117190
2025-03-10,483.45001220703125,483.97000122070310,468.66000366210940,472.73001098632810,76668000,469.23666381835940
2025-03-11,472.35000610351560,478.80999755859375,467.01000976562500,471.60000610351560,68760800,468.11499023437500
2025-03-12,479.16000366210940,481.05999755859375,471.79000854492190,476.92001342773440,46971100,473.39569091796875
2025-03-13,476.25000000000000,476.27999877929690,466.42999267578125,468.33999633789060,46563300,464.87902832031250
2025-03-14,473.73001098632810,480.55999755859375,473.11999511718750,479.66000366210940,43563000,476.11538696289060
2025-03-17,479.60998535156250,485.83999633789060,477.79998779296875,482.76998901367190,41744400,479.20239257812500
2025-03-18,479.41000366210940,479.60998535156250,472.41000366210940,474.54000854492190,39072300,471.03323364257810
2025-03-19,476.80999755859375,485.32998657226560,474.86999511718750,480.89001464843750,40430300,477.33633422851560
2025-03-20,476.88000488281250,484.54998779296875,476.17999267578125,479.26000976562500,36780500,475.71832275390625
2025-03-21,474.07998657226560,481.60998535156250,472.91000366210940,480.83999633789060,42234900,477.28668212890625
2025-03-24,487.73999023437500,491.51000976562500,484.39999389648440,490.66000366210940,34567200,487.76043701171875
2025-03-25,491.39001464843750,493.61999511718750,490.42001342773440,493.45999145507810,26035200,490.54385375976560
2025-03-26,492.29998779296875,493.16000366210940,482.82000732421875,484.38000488281250,34627100,481.51754760742190
2025-03-27,482.41000366210940,486.57998657226560,480.25000000000000,481.61999511718750,33469800,478.77386474609375
2025-03-28,479.80999755859375,480.51998901367190,468.04998779296875,468.94000244140625,46363800,466.16876220703125
2025-03-31,461.92001342773440,469.85998535156250,457.32998657226560,468.92001342773440,53000300,466.14889526367190
2025-04-01,467.29998779296875,473.63000488281250,464.42001342773440,472.70001220703125,41156200,469.90655517578125
2025-04-02,466.11999511718750,479.55999755859375,465.85998535156250,476.14999389648440,49894500,473.33615112304690
2025-04-03,456.44000244140625,460.07000732421875,450.14001464843750,450.66000366210940,70456300,447.99679565429690
2025-04-04,438.14001464843750,440.36999511718750,422.67001342773440,422.67001342773440,117088400,420.17221069335940
2025-04-07,408.66000366210940,443.14001464843750,402.39001464843750,423.69000244140625,161557000,421.18615722656250
2025-04-08,438.16000366210940,443.14001464843750,409.79000854492190,416.05999755859375,101248100,413.60125732421875
2025-04-09,415.57000732421875,467.82998657226560,415.42999267578125,466.00000000000000,142876900,463.24612426757810
2025-04-10,453.55999755859375,455.58999633789060,432.63000488281250,446.17999267578125,108384100,443.54324340820310
2025-04-11,444.64999389648440,455.79000854492190,441.32998657226560,454.39999389648440,52483800,451.71469116210940
2025-04-14,464.45999145507810,465.04998779296875,452.63000488281250,457.48001098632810,43941200,454.77651977539060
2025-04-15,458.54000854492190,462.38000488281250,456.14999389648440,457.98999023437500,35404200,455.28350830078125
2025-04-16,449.02999877929690,452.61999511718750,437.76000976562500,444.17999267578125,48980600,441.55508422851560
2025-04-17,447.17001342773440,447.75000000000000,441.35998535156250,444.10000610351560,44837000,441.47558593750000
2025-04-21,438.23001098632810,439.07998657226560,427.92999267578125,433.10998535156250,44149300,430.55044555664060
2025-04-22,438.82000732421875,447.57998657226560,437.61999511718750,444.48001098632810,52304400,441.85330200195310
2025-04-23,458.17001342773440,463.38000488281250,452.88000488281250,454.55999755859375,55801100,451.87374877929690
2025-04-24,456.48001098632810,467.66000366210940,455.82998657226560,467.35000610351560,45956100,464.58819580078125
2025-04-25,466.97000122070310,473.08999633789060,465.39001464843750,472.55999755859375,38697100,469.76739501953125
2025-04-28,473.02999877929690,474.80999755859375,466.02999877929690,472.41000366210940,33550800,469.61825561523440
2025-04-29,470.17001342773440,476.42001342773440,469.58999633789060,475.52999877929690,30613100,472.71978759765625
2025-04-30,467.13000488281250,477.20001220703125,462.42999267578125,475.47000122070310,46810600,472.66021728515625
2025-05-01,483.41000366210940,487.17999267578125,480.73999023437500,481.67999267578125,43316500,478.83346557617190
2025-05-02,486.54000854492190,490.91000366210940,484.82998657226560,488.82998657226560,39218100,485.94122314453125
2025-05-05,484.60000610351560,489.02999877929690,484.10000610351560,485.92999267578125,28309500,483.05834960937500
2025-05-06,479.55999755859375,485.04998779296875,478.19000244140625,481.41000366210940,32786300,478.56503295898440
2025-05-07,482.07998657226560,485.79998779296875,476.77999877929690,483.29998779296875,38006300,480.44390869140625
2025-05-08,488.52999877929690,492.70001220703125,484.17001342773440,488.29000854492190,39577600,485.40444946289060
2025-05-09,490.20999145507810,491.54000854492190,486.20001220703125,487.97000122070310,27767400,485.08630371093750
2025-05-12,506.98999023437500,507.89001464843750,501.48001098632810,507.85000610351560,45090600,504.84884643554690
2025-05-13,509.16000366210940,517.39001464843750,508.42001342773440,515.59002685546880,53269600,512.54315185546880
2025-05-14,516.77001953125000,519.22998046875000,515.75000000000000,518.67999267578120,47014500,515.61480712890620
2025-05-15,516.52001953125000,521.92999267578120,515.16998291015620,519.25000000000000,50153300,516.18145751953120
2025-05-16,520.65997314453120,521.70001220703120,517.09997558593750,521.51000976562500,48394600,518.42810058593750
2025-05-19,514.23999023437500,522.53002929687500,514.23999023437500,522.01000976562500,52536200,518.92517089843750
2025-05-20,519.46997070312500,520.92999267578120,516.65997314453120,520.27001953125000,42517600,517.19543457031250
2025-05-21,516.27001953125000,523.00000000000000,511.23999023437500,513.03997802734380,71292800,510.00814819335940
2025-05-22,513.65997314453120,517.71002197265620,512.29998779296880,514.00000000000000,55607200,510.96246337890625
2025-05-23,506.17999267578125,511.83999633789060,505.57998657226560,509.23999023437500,58368100,506.23059082031250
2025-05-27,516.15002441406250,521.71002197265620,514.59002685546880,521.21997070312500,47226300,518.13983154296880
2025-05-28,522.17999267578120,523.67999267578120,518.39001464843750,518.90997314453120,46637200,515.84338378906250
2025-05-29,526.33001708984380,526.47998046875000,517.32000732421880,519.92999267578120,58513300,516.85748291015620
2025-05-30,519.44000244140620,520.67999267578120,511.92999267578125,519.10998535156250,67662800,516.04223632812500
2025-06-02,517.23999023437500,523.45001220703120,515.96997070312500,523.21002197265620,44762800,520.11816406250000
2025-06-03,523.55999755859380,528.73999023437500,522.69000244140620,527.29998779296880,44070300,524.18383789062500
2025-06-04,528.01000976562500,529.84002685546880,525.96997070312500,528.77001953125000,41359300,525.64520263671880
2025-06-05,530.17999267578120,533.04998779296880,522.65997314453120,524.78997802734380,61031200,521.68865966796880
2025-06-06,530.00000000000000,531.79998779296880,528.21002197265620,529.91998291015620,42467000,526.78833007812500
2025-06-09,530.14001464843750,532.34997558593750,529.01000976562500,530.70001220703120,33688700,527.56378173828120
2025-06-10,531.16998291015620,534.90002441406250,528.89001464843750,534.21002197265620,40664800,531.05303955078120
2025-06-11,535.61999511718750,536.78002929687500,530.10998535156250,532.40997314453120,53701000,529.26367187500000
2025-06-12,531.09002685546880,534.64001464843750,530.84002685546880,533.65997314453120,34104900,530.50622558593750
2025-06-13,527.67999267578120,531.86999511718750,525.72998046875000,526.96002197265620,55814400,523.84594726562500
2025-06-16,530.50000000000000,535.36999511718750,530.45001220703120,534.28997802734380,37622100,531.13256835937500
2025-06-17,531.71002197265620,533.33001708984380,527.90997314453120,529.08001708984380,42180900,525.95343017578120
2025-06-18,530.09997558593750,532.54998779296880,527.40002441406250,528.98999023437500,43983500,525.86389160156250
2025-06-20,532.26000976562500,533.55999755859380,524.88000488281250,526.83001708984380,61643500,523.71667480468750
2025-06-23,526.80999755859380,532.16998291015620,523.65002441406250,531.65002441406250,50666100,529.10174560546880
2025-06-24,536.89001464843750,540.70001220703120,536.27001953125000,539.78002929687500,45442000,537.19287109375000
2025-06-25,542.05999755859380,543.30999755859380,539.38000488281250,541.15997314453120,44804200,538.56616210937500
2025-06-26,543.34997558593750,546.66998291015620,541.52001953125000,546.21997070312500,43811400,543.60186767578120
2025-06-27,547.26000976562500,549.98999023437500,544.53997802734380,548.09002685546880,57577100,545.46295166015620
2025-06-30,551.26000976562500,552.79998779296880,549.01000976562500,551.64001464843750,45548700,548.99597167968750
2025-07-01,549.72998046875000,550.71002197265620,544.65997314453120,546.98999023437500,56166700,544.36816406250000
2025-07-02,546.15997314453120,551.00000000000000,546.11999511718750,550.79998779296880,36538300,548.15991210937500
2025-07-03,553.17999267578120,557.20001220703120,553.17999267578120,556.21997070312500,26443500,553.55401611328120
2025-07-07,553.52001953125000,554.34002685546880,549.58001708984380,552.03002929687500,45349300,549.38409423828120
2025-07-08,553.38000488281250,554.01000976562500,551.09997558593750,552.34002685546880,36153300,549.69256591796880
2025-07-09,554.47998046875000,557.63000488281250,553.09997558593750,556.25000000000000,43045500,553.58380126953120
2025-07-10,556.89001464843750,557.29998779296880,552.75000000000000,555.45001220703120,34710900,552.78771972656250
2025-07-11,553.29998779296880,555.78997802734380,552.04998779296880,554.20001220703120,39618600,551.54364013671880
2025-07-14,553.98999023437500,556.95001220703120,551.63000488281250,556.21002197265620,36453300,553.54406738281250
2025-07-15,560.25000000000000,560.79998779296880,556.65997314453120,556.71997070312500,43277700,554.05157470703120
2025-07-16,557.28002929687500,560.21002197265620,551.55999755859380,557.28997802734380,52314700,554.61883544921880
2025-07-17,558.02001953125000,562.30999755859380,557.21002197265620,561.79998779296880,40423800,559.10723876953120
2025-07-18,563.11999511718750,564.72998046875000,559.97998046875000,561.26000976562500,50484700,558.56982421875000
2025-07-21,562.09002685546880,566.05999755859380,562.05999755859380,564.16998291015620,39595200,561.46588134765620
2025-07-22,564.29998779296880,564.34997558593750,558.60998535156250,561.25000000000000,43270600,558.55987548828120
2025-07-23,562.34002685546880,563.84997558593750,559.58001708984380,563.80999755859380,40215300,561.10760498046880
2025-07-24,565.13000488281250,566.23999023437500,563.28997802734380,565.01000976562500,42275500,562.30181884765620
2025-07-25,564.92999267578120,567.70001220703120,564.27001953125000,566.36999511718750,30630800,563.65533447265620
2025-07-28,567.73999023437500,569.03997802734380,566.86999511718750,568.14001464843750,31498700,565.41693115234380
2025-07-29,570.76000976562500,572.10998535156250,566.53002929687500,567.26000976562500,45463300,564.54107666015620
2025-07-30,568.17999267578120,570.61999511718750,565.04998779296880,568.02001953125000,43433800,565.29742431640620
2025-07-31,574.53997802734380,574.63000488281250,563.86999511718750,565.01000976562500,64613600,562.30181884765620
2025-08-01,558.83001708984380,559.02001953125000,551.67999267578120,553.88000488281250,69400800,551.22521972656250
2025-08-04,559.04998779296880,564.32000732421880,558.95001220703120,564.09997558593750,47669800,561.39617919921880
2025-08-05,565.39001464843750,566.55999755859380,559.72998046875000,560.27001953125000,48666600,557.58453369140620
2025-08-06,561.10998535156250,567.76000976562500,560.63000488281250,567.32000732421880,41823700,564.60083007812500
2025-08-07,571.66998291015620,573.32000732421880,565.10998535156250,569.23999023437500,44463000,566.51153564453120
2025-08-08,570.45001220703120,574.77001953125000,570.15002441406250,574.54998779296880,35255500,571.79608154296880
2025-08-11,574.69000244140620,576.79998779296880,571.57000732421880,572.84997558593750,33112900,570.10418701171880
2025-08-12,575.15997314453120,580.34997558593750,572.48999023437500,580.04998779296880,42143300,577.26977539062500
2025-08-13,582.76000976562500,583.32000732421880,578.94000244140620,580.34002685546880,41209300,577.55841064453120
2025-08-14,578.28002929687500,581.88000488281250,577.90997314453120,579.89001464843750,45425000,577.11053466796880
2025-08-15,579.79998779296880,579.84002685546880,575.57000732421880,577.34002685546880,49480200,574.57281494140620
2025-08-18,576.44000244140620,577.77001953125000,575.23999023437500,577.10998535156250,29831000,574.34387207031250
2025-08-19,576.39001464843750,576.55999755859380,568.25000000000000,569.28002929687500,53752600,566.55139160156250
2025-08-20,568.33001708984380,568.45001220703120,558.84002685546880,565.90002441406250,76781100,563.18762207031250
2025-08-21,564.34997558593750,566.48999023437500,560.97998046875000,563.28002929687500,46436900,560.58020019531250
2025-08-22,564.66998291015620,573.98999023437500,563.27001953125000,571.96997070312500,51502100,569.22845458984380
2025-08-25,570.40002441406250,573.28997802734380,569.15997314453120,570.32000732421880,34044700,567.58642578125000
2025-08-26,569.83001708984380,572.91998291015620,568.79998779296880,572.60998535156250,34103000,569.86535644531250
2025-08-27,571.59002685546880,574.40997314453120,570.36999511718750,573.48999023437500,36927100,570.74121093750000
2025-08-28,574.10998535156250,578.00000000000000,572.46002197265620,577.08001708984380,46787900,574.31396484375000
2025-08-29,574.65997314453120,575.03002929687500,568.53997802734380,570.40002441406250,56030400,567.66601562500000
2025-09-02,561.30999755859380,565.96997070312500,559.53997802734380,565.61999511718750,65876800,562.90893554687500
2025-09-03,569.22998046875000,571.70001220703120,566.72998046875000,570.07000732421880,54230200,567.33758544921880
2025-09-04,570.73999023437500,575.59997558593750,569.03002929687500,575.22998046875000,47526300,572.47283935546880
2025-09-05,580.48999023437500,581.11999511718750,571.53002929687500,576.05999755859380,68342500,573.29888916015620
2025-09-08,578.36999511718750,580.84002685546880,577.77001953125000,578.86999511718750,46371400,576.09539794921880
2025-09-09,579.66998291015620,580.94000244140620,577.03997802734380,580.51000976562500,44007600,577.72753906250000
2025-09-10,583.73999023437500,583.77001953125000,578.54998779296880,580.70001220703120,49308000,577.91662597656250
2025-09-11,583.23999023437500,584.88000488281250,581.61999511718750,584.08001708984380,44745800,581.28045654296880
2025-09-12,585.03997802734380,587.85998535156250,584.09997558593750,586.65997314453120,50745900,583.84814453125000
2025-09-15,588.44000244140620,591.78997802734380,588.28997802734380,591.67999267578120,44360300,588.84405517578120
2025-09-16,592.60998535156250,592.85998535156250,590.48999023437500,591.17999267578120,36942100,588.34631347656250
2025-09-17,591.09997558593750,591.75000000000000,584.36999511718750,590.00000000000000,69384800,587.17205810546880
2025-09-18,594.90997314453120,598.14001464843750,592.96002197265620,595.32000732421880,61069300,592.46655273437500
2025-09-19,597.33001708984380,600.04998779296880,595.84997558593750,599.34997558593750,58196100,596.47723388671880
2025-09-22,597.73999023437500,602.86999511718750,597.71997070312500,602.20001220703120,57154800,600.00836181640620
2025-09-23,602.36999511718750,602.57000732421880,596.97998046875000,598.20001220703120,64635500,596.02294921875000
2025-09-24,599.58001708984380,599.90002441406250,593.35998535156250,596.09997558593750,49850300,593.93054199218750
2025-09-25,592.20001220703120,595.11999511718750,588.50000000000000,593.53002929687500,70920200,591.36993408203120
2025-09-26,594.34997558593750,596.29998779296880,591.05999755859380,595.96997070312500,54337400,593.80102539062500
2025-09-29,599.10998535156250,602.04998779296880,597.40997314453120,598.72998046875000,48332900,596.55096435546880
2025-09-30,598.42999267578120,600.71002197265620,596.09997558593750,600.36999511718750,46533800,598.18505859375000
2025-10-01,597.16998291015620,603.78997802734380,596.34002685546880,603.25000000000000,46899600,601.05450439453120
2025-10-02,607.05999755859380,607.15997314453120,602.92999267578120,605.72998046875000,43765400,603.52545166015620
2025-10-03,606.51000976562500,607.33001708984380,601.39001464843750,603.17999267578120,46482100,600.98480224609380
2025-10-06,608.45001220703120,609.35998535156250,605.96997070312500,607.71002197265620,41962100,605.49829101562500
2025-10-07,609.02001953125000,609.71002197265620,603.03002929687500,604.51000976562500,58209500,602.30993652343750
2025-10-08,605.40997314453120,611.75000000000000,605.26000976562500,611.44000244140620,50629800,609.21472167968750
2025-10-09,611.47998046875000,611.60998535156250,607.47998046875000,610.70001220703120,45551000,608.47741699218750
2025-10-10,611.40002441406250,613.17999267578120,589.04998779296880,589.50000000000000,97614800,587.35461425781250
2025-10-13,599.67999267578120,602.95001220703120,597.22998046875000,602.01000976562500,65872600,599.81903076171880
2025-10-14,595.30999755859380,602.69000244140620,590.13000488281250,598.00000000000000,69203200,595.82366943359380
2025-10-15,604.01000976562500,606.70001220703120,595.92999267578120,602.21997070312500,62805500,600.02825927734380
2025-10-16,605.10998535156250,608.30999755859380,595.50000000000000,599.98999023437500,70982000,597.80639648437500
2025-10-17,597.95001220703120,605.51000976562500,596.36999511718750,603.92999267578120,72024900,601.73205566406250
2025-10-20,607.14001464843750,612.79998779296880,607.07000732421880,611.53997802734380,45761700,609.31433105468750
2025-10-21,611.64001464843750,612.71997070312500,609.32000732421880,611.38000488281250,44538200,609.15496826171880
2025-10-22,610.82000732421880,611.40997314453120,599.73999023437500,605.48999023437500,61478800,603.28637695312500
2025-10-23,604.90997314453120,611.36999511718750,604.52001953125000,610.58001708984380,42844300,608.35784912109380
2025-10-24,615.98999023437500,618.41998291015620,615.13000488281250,617.09997558593750,47632500,614.85406494140620
2025-10-27,624.52001953125000,628.54998779296880,624.03002929687500,628.09002685546880,54098600,625.80413818359380
2025-10-28,630.35998535156250,634.67999267578120,629.25000000000000,632.91998291015620,61195700,630.61657714843750
2025-10-29,635.59002685546880,637.01000976562500,630.25000000000000,635.77001953125000,67422800,633.45623779296880
2025-10-30,632.16998291015620,633.50000000000000,625.94000244140620,626.04998779296880,61628600,623.77154541015620
2025-10-31,634.16998291015620,634.20001220703120,626.69000244140620,629.07000732421880,66305100,626.78063964843750
2025-11-03,635.10998535156250,635.82000732421880,629.84997558593750,632.08001708984380,37154300,629.77960205078120
2025-11-04,623.28002929687500,626.95001220703120,618.46002197265620,619.25000000000000,63830800,616.99627685546880
2025-11-05,618.48999023437500,626.59997558593750,617.21002197265620,623.28002929687500,48688500,621.01171875000000
2025-11-06,621.78997802734380,622.03997802734380,610.29998779296880,611.66998291015620,72115100,609.44390869140620
2025-11-07,608.30999755859380,609.95001220703120,598.66998291015620,609.73999023437500,81835400,607.52093505859380
2025-11-10,618.91998291015620,624.30999755859380,616.89001464843750,623.22998046875000,55919900,620.96185302734380
2025-11-11,620.57000732421880,622.71997070312500,617.52001953125000,621.57000732421880,44868800,619.30786132812500
2025-11-12,624.84002685546880,624.85998535156250,617.80999755859380,621.08001708984380,47444400,618.81964111328120
2025-11-13,617.53997802734380,618.11999511718750,606.08001708984380,608.40002441406250,71333600,606.18585205078120
2025-11-14,599.54998779296880,613.34997558593750,597.16998291015620,608.85998535156250,80087300,606.64410400390620
2025-11-17,606.29998779296880,612.47998046875000,599.86999511718750,603.65997314453120,63850400,601.46307373046880
2025-11-18,599.61999511718750,602.30999755859380,591.34002685546880,596.30999755859380,83327300,594.13970947265620
2025-11-19,597.07000732421880,606.15997314453120,594.59002685546880,599.86999511718750,73111500,597.68682861328120
2025-11-20,611.61999511718750,614.03002929687500,584.75000000000000,585.66998291015620,117743200,583.53845214843750
2025-11-21,587.46997070312500,596.97998046875000,580.73999023437500,590.07000732421880,103344200,587.92248535156250
2025-11-24,595.28002929687500,606.67999267578120,595.15997314453120,605.15997314453120,60168100,602.95758056640620
2025-11-25,603.51000976562500,610.26000976562500,597.32000732421880,608.89001464843750,57560900,606.67407226562500
2025-11-26,612.51000976562500,616.19000244140620,610.39001464843750,614.27001953125000,42393600,612.03442382812500
2025-11-28,616.10998535156250,619.32000732421880,615.41998291015620,619.25000000000000,23034400,616.99627685546880
2025-12-01,613.63000488281250,619.44000244140620,612.52001953125000,617.16998291015620,40957600,614.92382812500000
2025-12-02,619.46002197265620,623.75000000000000,617.59002685546880,622.00000000000000,54541800,619.73626708984380
2025-12-03,619.61999511718750,624.21997070312500,618.03002929687500,623.52001953125000,47841600,621.25073242187500
2025-12-04,624.92999267578120,624.94000244140620,619.53997802734380,622.94000244140620,47067800,620.67291259765620
2025-12-05,624.38000488281250,628.91998291015620,623.71002197265620,625.47998046875000,53614200,623.20361328125000
2025-12-08,627.21002197265620,628.84002685546880,621.69000244140620,624.28002929687500,43462400,622.00799560546880
2025-12-09,623.01000976562500,625.86999511718750,621.00000000000000,625.04998779296880,37156000,622.77514648437500
2025-12-10,623.84997558593750,629.21002197265620,620.98999023437500,627.60998535156250,55031400,625.32586669921880
2025-12-11,623.82000732421880,625.78002929687500,617.71997070312500,625.58001708984380,58272800,623.30328369140620
2025-12-12,622.08001708984380,623.53997802734380,611.35998535156250,613.61999511718750,75158700,611.38677978515620
2025-12-15,618.36999511718750,618.41998291015620,609.32000732421880,610.53997802734380,49538200,608.31799316406250
2025-12-16,608.26000976562500,613.51000976562500,606.90997314453120,611.75000000000000,55152800,609.52355957031250
2025-12-17,613.05999755859380,613.65002441406250,600.28002929687500,600.40997314453120,70654300,598.22485351562500
2025-12-18,609.79998779296880,612.92999267578120,606.91998291015620,609.10998535156250,78875800,606.89318847656250
2025-12-19,611.95001220703120,617.61999511718750,611.86999511718750,617.04998779296880,60369800,614.80432128906250
2025-12-22,621.34997558593750,621.65002441406250,617.77001953125000,619.21002197265620,43703100,617.75134277343750
2025-12-23,618.20001220703120,622.40997314453120,617.78002929687500,622.10998535156250,41120400,620.64447021484380
2025-12-24,621.98999023437500,624.28002929687500,621.71997070312500,623.92999267578120,18468700,622.46026611328120
2025-12-26,624.65997314453120,625.52001953125000,623.14001464843750,623.89001464843750,28959800,622.42028808593750
2025-12-29,620.09997558593750,622.78002929687500,618.72998046875000,620.86999511718750,32458300,619.40740966796880
2025-12-30,619.84002685546880,622.17999267578120,619.21997070312500,619.42999267578120,31226800,617.97076416015620
2025-12-31,619.65002441406250,619.96002197265620,614.04998779296880,614.30999755859380,40746500,612.86285400390620
2026-01-02,620.05999755859380,622.84997558593750,610.15002441406250,613.11999511718750,61859200,611.67572021484380
2026-01-05,619.32000732421880,620.80999755859380,616.71997070312500,617.98999023437500,46828400,616.53417968750000
2026-01-06,619.22998046875000,624.02001953125000,618.53997802734380,623.41998291015620,43137500,621.95141601562500
2026-01-07,623.03997802734380,627.94000244140620,622.55999755859380,624.02001953125000,44880300,622.55004882812500
2026-01-08,623.03002929687500,623.41998291015620,617.79998779296880,620.46997070312500,50435900,619.00836181640620
2026-01-09,621.40997314453120,627.89001464843750,619.05999755859380,626.65002441406250,49688700,625.17382812500000
2026-01-12,622.30999755859380,628.84997558593750,622.26000976562500,627.16998291015620,37388700,625.69256591796880
2026-01-13,627.27001953125000,629.46997070312500,623.70001220703120,626.23999023437500,44481400,624.76477050781250
2026-01-14,622.23999023437500,623.45001220703120,614.55999755859380,619.54998779296880,72598700,618.09051513671880
2026-01-15,626.59997558593750,630.00000000000000,620.75000000000000,621.78002929687500,53934900,620.31530761718750
2026-01-16,625.50000000000000,626.08001708984380,618.88000488281250,621.26000976562500,61058100,619.79650878906250
2026-01-20,610.53002929687500,615.05999755859380,607.04998779296880,608.05999755859380,81988900,606.62762451171880
2026-01-21,609.46997070312500,620.41998291015620,607.85998535156250,616.28002929687500,79837900,614.82824707031250
2026-01-22,622.34997558593750,622.46002197265620,617.78002929687500,620.76000976562500,42254800,619.29766845703120
2026-01-23,619.72998046875000,625.40002441406250,618.65002441406250,622.71997070312500,43645800,621.25305175781250
2026-01-26,623.21002197265620,627.60998535156250,622.11999511718750,625.46002197265620,35983000,623.98663330078120
2026-01-27,628.90997314453120,632.03997802734380,627.34002685546880,631.13000488281250,38997200,629.64324951171880
2026-01-28,635.46002197265620,636.59997558593750,631.80999755859380,633.21997070312500,50691700,631.72833251953120
2026-01-29,632.65002441406250,633.66998291015620,618.27001953125000,629.42999267578120,79944000,627.94726562500000
2026-01-30,625.71002197265620,628.26000976562500,619.29998779296880,621.86999511718750,65650700,620.40509033203120
2026-02-02,618.70001220703120,628.48999023437500,618.65997314453120,626.14001464843750,49020300,624.66503906250000
2026-02-03,628.29998779296880,629.97998046875000,610.96002197265620,616.52001953125000,81234000,615.06768798828120
2026-02-04,615.02001953125000,615.09997558593750,600.46997070312500,605.75000000000000,81850700,604.32305908203120
2026-02-05,600.21002197265620,604.80999755859380,594.76000976562500,597.03002929687500,89354500,595.62365722656250
2026-02-06,600.19000244140620,611.40997314453120,598.77001953125000,609.65002441406250,78019300,608.21386718750000
2026-02-09,607.53997802734380,616.46002197265620,605.07000732421880,614.32000732421880,56797600,612.87286376953120
2026-02-10,615.30999755859380,617.02001953125000,611.01000976562500,611.46997070312500,53938900,610.02954101562500
2026-02-11,616.38000488281250,617.52001953125000,607.69000244140620,613.10998535156250,58575100,611.66571044921880
2026-02-12,614.71002197265620,615.80999755859380,599.57000732421880,600.64001464843750,81378900,599.22509765625000
2026-02-13,600.42999267578120,606.47998046875000,596.41998291015620,601.91998291015620,69237500,600.50207519531250
2026-02-17,598.38000488281250,603.95001220703120,593.34002685546880,601.29998779296880,69013800,599.88348388671880
2026-02-18,602.10998535156250,609.77001953125000,600.71997070312500,605.78997802734380,64250700,604.36291503906250
2026-02-19,602.80999755859380,605.82000732421880,600.75000000000000,603.46997070312500,60960800,602.04840087890620
2026-02-20,600.11999511718750,610.34997558593750,599.22998046875000,608.80999755859380,74127300,607.37585449218750
2026-02-23,606.60998535156250,608.01000976562500,599.04998779296880,601.40997314453120,63859100,599.99322509765620
2026-02-24,602.40002441406250,608.98999023437500,599.72998046875000,607.86999511718750,55023700,606.43804931640620
2026-02-25,611.07000732421880,616.83001708984380,611.00000000000000,616.67999267578120,55710700,615.22729492187500
2026-02-26,615.59002685546880,615.59002685546880,603.97998046875000,609.23999023437500,96178900,607.80480957031250
2026-02-27,602.97998046875000,608.32000732421880,602.19000244140620,607.28997802734380,68125200,605.85937500000000
2026-03-02,598.85998535156250,609.91998291015620,597.98999023437500,608.09002685546880,75264600,606.65753173828120
2026-03-03,596.33001708984380,603.96002197265620,591.86999511718750,601.58001708984380,97015500,600.16290283203120
2026-03-04,604.15997314453120,612.88000488281250,603.42999267578120,610.75000000000000,70943900,609.31127929687500
2026-03-05,607.40002441406250,612.76000976562500,602.26000976562500,608.90997314453120,89602400,607.47552490234380
2026-03-06,600.30999755859380,606.00000000000000,598.33001708984380,599.75000000000000,86302300,598.33715820312500
2026-03-09,594.22998046875000,609.27001953125000,591.33001708984380,607.76000976562500,93068200,606.32830810546880
2026-03-10,607.78002929687500,613.28997802734380,605.41998291015620,607.77001953125000,64078900,606.33831787109380
2026-03-11,608.95001220703120,612.42999267578120,605.03002929687500,607.69000244140620,60114800,606.25848388671880
2026-03-12,602.76000976562500,604.14001464843750,597.04998779296880,597.26000976562500,71836600,595.85308837890620
2026-03-13,599.72998046875000,603.59997558593750,592.57000732421880,593.71997070312500,63145500,592.32135009765620
2026-03-16,600.03997802734380,603.85998535156250,599.10998535156250,600.38000488281250,49077200,598.96569824218750
2026-03-17,603.14001464843750,605.90002441406250,601.86999511718750,603.30999755859380,47106600,601.88879394531250
2026-03-18,601.48999023437500,603.15997314453120,594.55999755859380,594.90002441406250,56128000,593.49865722656250
2026-03-19,589.51000976562500,595.79998779296880,587.08001708984380,593.02001953125000,75597600,591.62304687500000
2026-03-20,591.05999755859380,591.16998291015620,578.53997802734380,582.05999755859380,91964700,580.68884277343750
2026-03-23,590.52001953125000,595.08001708984380,585.96002197265620,588.00000000000000,89936100,587.35455322265620
2026-03-24,584.80999755859380,587.92999267578120,581.92999267578120,583.97998046875000,57750900,583.33892822265620
2026-03-25,589.14001464843750,591.36999511718750,585.69000244140620,587.82000732421880,60475500,587.17474365234380
2026-03-26,582.59997558593750,584.63000488281250,573.42999267578120,573.78997802734380,81492100,573.16009521484380
2026-03-27,570.80999755859380,571.02001953125000,561.57000732421880,562.58001708984380,82702200,561.96246337890620
2026-03-30,567.38000488281250,568.04998779296880,555.59997558593750,558.28002929687500,70602600,557.66717529296880
2026-03-31,564.28997802734380,578.64001464843750,564.21002197265620,577.17999267578120,95878000,576.54638671875000
2026-04-01,581.47998046875000,587.73999023437500,580.41998291015620,584.30999755859380,79435100,583.66857910156250
2026-04-02,573.96997070312500,586.04998779296880,571.91998291015620,584.97998046875000,50941700,584.33782958984380
2026-04-06,586.22998046875000,590.60998535156250,584.69000244140620,588.50000000000000,35108500,587.85400390625000
2026-04-07,585.64001464843750,588.97998046875000,578.40002441406250,588.59002685546880,49948200,587.94390869140620
2026-04-08,608.71002197265620,609.90002441406250,602.11999511718750,606.09002685546880,63086000,605.42468261718750
2026-04-09,605.92999267578120,610.50000000000000,603.03002929687500,610.19000244140620,37837500,609.52020263671880
2026-04-10,611.84002685546880,613.66998291015620,609.58001708984380,611.07000732421880,34038500,610.39923095703120
2026-04-13,609.47998046875000,626.73999023437500,608.10998535156250,617.39001464843750,32972100,616.71228027343750
2026-04-14,620.21997070312500,628.59997558593750,620.09997558593750,628.59997558593750,49921100,627.90991210937500
2026-04-15,629.08001708984380,637.83001708984380,628.20001220703120,637.40002441406250,50102400,636.70031738281250
2026-04-16,639.21002197265620,642.17999267578120,635.26000976562500,640.46997070312500,42320600,639.76690673828120
2026-04-17,645.59002685546880,650.00000000000000,644.07000732421880,648.84997558593750,53488900,648.13769531250000
2026-04-20,648.03997802734380,648.76000976562500,642.52001953125000,646.78997802734380,37138500,646.07995605468750
2026-04-21,648.40997314453120,650.20001220703120,642.21002197265620,644.33001708984380,39580500,643.62268066406250
2026-04-22,650.15002441406250,655.33001708984380,648.52001953125000,655.10998535156250,37368400,654.39086914062500
2026-04-23,653.54998779296880,656.91998291015620,645.52001953125000,651.41998291015620,40099800,650.70489501953120
2026-04-24,658.51000976562500,664.51000976562500,656.53002929687500,663.88000488281250,45563100,663.15124511718750
2026-04-27,663.40002441406250,664.42999267578120,660.69000244140620,664.22998046875000,32717000,663.50085449218750
2026-04-28,657.40997314453120,659.64001464843750,653.80999755859380,657.54998779296880,34147900,656.82818603515620
2026-04-29,658.63000488281250,661.71997070312500,656.59002685546880,661.57000732421880,31724900,660.84375000000000
2026-04-30,665.34997558593750,668.90002441406250,657.55999755859380,667.73999023437500,40622200,667.00695800781250
2026-05-01,669.15997314453120,675.96997070312500,668.79998779296880,674.15002441406250,39172600,673.40997314453120
2026-05-04,674.65997314453120,676.72998046875000,668.90002441406250,672.88000488281250,34542000,672.14135742187500
2026-05-05,677.96002197265620,682.77001953125000,677.51000976562500,681.60998535156250,37101100,680.86175537109380
2026-05-06,687.78002929687500,695.92999267578120,686.47998046875000,695.77001953125000,38778500,695.00622558593750
2026-05-07,696.58001708984380,701.23999023437500,691.77001953125000,694.94000244140620,43779100,694.17712402343750
2026-05-08,699.91998291015620,711.22998046875000,699.50000000000000,711.22998046875000,44320400,710.44921875000000
2026-05-11,710.35998535156250,714.59002685546880,708.90997314453120,713.28997802734380,36019100,712.50695800781250
2026-05-12,708.21997070312500,710.17999267578120,696.64001464843750,707.23999023437500,45873000,706.46362304687500
2026-05-13,709.96002197265620,716.65002441406250,704.83001708984380,714.71002197265620,40012500,713.92547607421880
2026-05-14,714.61999511718750,722.03002929687500,714.21997070312500,719.78997802734380,33327500,718.99981689453120
2026-05-15,710.14001464843750,715.13000488281250,705.54998779296880,708.92999267578120,51792700,708.15179443359380
2026-05-18,711.53997802734380,712.07000732421880,698.84997558593750,705.88000488281250,49834500,705.10510253906250
2026-05-19,699.80999755859380,706.48999023437500,695.25000000000000,701.53002929687500,46827500,700.75994873046880
2026-05-20,705.28997802734380,713.15002441406250,703.78997802734380,713.15002441406250,36779200,712.36718750000000
2026-05-21,708.98999023437500,717.11999511718750,706.77001953125000,714.51000976562500,36415400,713.72564697265620
2026-05-22,718.07000732421880,722.11999511718750,715.95001220703120,717.53997802734380,33118600,716.75231933593750
2026-05-26,725.96002197265620,731.16998291015620,724.15997314453120,730.28002929687500,34254700,729.47839355468750
2026-05-27,732.96002197265620,733.32000732421880,725.44000244140620,729.45001220703120,35148700,728.64929199218750
2026-05-28,729.72998046875000,736.59997558593750,726.40997314453120,735.59997558593750,32840000,734.79248046875000
2026-05-29,737.84002685546880,741.63000488281250,735.25000000000000,738.30999755859380,37541700,737.49951171875000
2026-06-01,737.03997802734380,745.65002441406250,735.98999023437500,742.73999023437500,33890600,741.92468261718750
2026-06-02,742.40002441406250,746.44000244140620,739.22998046875000,746.15997314453120,30085200,745.34088134765620
2026-06-03,747.30999755859380,748.65002441406250,741.01000976562500,744.21002197265620,40270200,743.39306640625000
2026-06-04,735.47998046875000,743.50000000000000,732.61999511718750,740.60998535156250,40782600,739.79699707031250
2026-06-05,730.05999755859380,731.69000244140620,704.32000732421880,705.05999755859380,99606600,704.28601074218750
2026-06-08,717.80999755859380,723.03002929687500,713.07000732421880,716.07000732421880,47401500,715.28393554687500
2026-06-09,722.97998046875000,725.65997314453120,686.36999511718750,707.83001708984380,91932200,707.05297851562500
2026-06-10,701.65997314453120,711.28002929687500,692.92999267578120,693.69000244140620,65334300,692.92852783203120
2026-06-11,699.28997802734380,718.36999511718750,695.00000000000000,717.11999511718750,71798900,716.33276367187500
2026-06-12,717.60998535156250,724.01000976562500,711.28002929687500,721.34002685546880,51168400,720.54815673828120
2026-06-15,738.09997558593750,744.76000976562500,737.38000488281250,744.00000000000000,46710200,743.18328857421880
2026-06-16,742.25000000000000,744.21997070312500,729.64001464843750,729.85998535156250,45348700,729.05877685546880
2026-06-17,735.19000244140620,735.67999267578120,720.84997558593750,722.51000976562500,51669300,721.71685791015620
2026-06-18,737.20001220703120,741.82000732421880,732.51000976562500,740.61999511718750,50154600,739.80700683593750
2026-06-22,742.02001953125000,745.45001220703120,734.39001464843750,737.95001220703120,43518600,737.95001220703120
2026-06-23,715.73999023437500,723.60998535156250,712.10998535156250,713.65002441406250,53354200,713.65002441406250
2026-06-24,715.36999511718750,719.92999267578120,704.45001220703120,710.61999511718750,52480400,710.61999511718750
2026-06-25,725.90002441406250,726.83001708984380,705.29998779296880,716.38000488281250,49668000,716.38000488281250
2026-06-26,707.13000488281250,715.55999755859380,702.80999755859380,706.52001953125000,47081800,706.52001953125000
2026-06-29,713.98999023437500,724.58001708984380,705.16998291015620,724.08001708984380,44939100,724.08001708984380
2026-06-30,724.17999267578120,737.61999511718750,723.90997314453120,736.40002441406250,42121800,736.40002441406250
2026-07-01,729.19000244140620,731.91998291015620,724.59997558593750,725.16998291015620,40803800,725.16998291015620
2026-07-02,725.58001708984380,730.83001708984380,707.55999755859380,712.59997558593750,50959800,712.59997558593750
2026-07-06,719.92999267578120,726.08001708984380,718.45001220703120,722.82000732421880,30220400,722.82000732421880
2026-07-07,714.16998291015620,716.34997558593750,704.90002441406250,709.42999267578120,42483100,709.42999267578120
2026-07-08,704.95001220703120,712.26000976562500,700.90997314453120,711.44000244140620,35603200,711.44000244140620
2026-07-09,718.33001708984380,724.22998046875000,715.13000488281250,723.28002929687500,33654700,723.28002929687500
2026-07-10,720.70001220703120,726.39001464843750,717.00000000000000,725.51000976562500,26415900,725.51000976562500
2026-07-13,717.71997070312500,718.73999023437500,710.08001708984380,711.73999023437500,36552400,711.73999023437500
2026-07-14,720.21997070312500,722.28997802734380,714.34002685546880,719.69000244140620,29448100,719.69000244140620
2026-07-15,723.84997558593750,724.35998535156250,710.22998046875000,717.73999023437500,32627600,717.73999023437500
2026-07-16,712.01000976562500,713.59997558593750,702.60998535156250,705.94000244140620,39402000,705.94000244140620
2026-07-17,691.65002441406250,702.29998779296880,686.76000976562500,695.33001708984380,54109300,695.33001708984380
2026-07-20,702.15997314453120,705.79998779296880,695.51000976562500,696.05999755859380,29687600,696.05999755859380
2026-07-21,706.57000732421880,710.04998779296880,702.79998779296880,708.96997070312500,33728300,708.96997070312500
2026-07-22,703.61999511718750,709.65002441406250,703.61999511718750,705.34997558593750,23692200,705.34997558593750
2026-07-23,694.66998291015620,698.65997314453120,687.78997802734380,691.96002197265620,44028600,691.96002197265620
2026-07-24,690.40997314453120,692.63000488281250,682.47998046875000,684.22998046875000,42876700,684.22998046875000
2026-07-27,691.67999267578120,692.29998779296880,675.95001220703120,682.11999511718750,42681500,682.11999511718750
2026-07-28,676.22998046875000,679.40002441406250,667.88000488281250,675.48999023437500,51398700,675.48999023437500
2026-07-29,675.51000976562500,680.04998779296880,661.14001464843750,661.72998046875000,57233300,661.72998046875000
2026-07-30,674.76000976562500,685.11999511718750,673.29998779296880,683.54998779296880,66753700,683.54998779296880
2026-07-31,692.10998535156250,695.77001953125000,680.04998779296880,687.98999023437500,50540500,687.98999023437500
2026-08-03,688.29998779296880,701.59002685546880,685.82000732421880,700.07000732421880,44965100,700.07000732421880
2026-08-04,708.15997314453120,725.65997314453120,707.53002929687500,723.84997558593750,59778600,723.84997558593750
2026-08-05,726.25000000000000,728.53997802734380,716.91998291015620,717.29998779296880,33540200,717.29998779296880
2026-08-06,710.82000732421880,719.32000732421880,708.50000000000000,714.65002441406250,33035900,714.65002441406250
2026-08-07,720.15002441406250,723.63000488281250,716.51000976562500,723.03002929687500,31070400,723.03002929687500
2026-08-10,722.39001464843750,724.66998291015620,720.33001708984380,720.86999511718750,26243200,720.86999511718750
2026-08-11,723.28997802734380,723.34997558593750,715.50000000000000,718.45001220703120,29286100,718.45001220703120
2026-08-12,727.08001708984380,727.25000000000000,722.91998291015620,723.70001220703120,29066000,723.70001220703120
2026-08-13,725.15002441406250,733.96002197265620,724.03002929687500,732.07000732421880,31599700,732.07000732421880
2026-08-14,733.40997314453120,734.39001464843750,728.32000732421880,731.07000732421880,23790600,731.07000732421880
2026-08-17,732.95001220703120,734.58001708984380,729.27001953125000,729.86999511718750,26452600,729.86999511718750
2026-08-18,720.21002197265620,722.13000488281250,715.91998291015620,717.51000976562500,48997200,717.51000976562500
2026-08-19,720.39001464843750,721.50000000000000,712.60998535156250,716.08001708984380,35801700,716.08001708984380
2026-08-20,712.09002685546880,714.94000244140620,708.52001953125000,710.92999267578120,33396400,710.92999267578120
2026-08-21,715.22998046875000,715.66998291015620,709.20001220703120,713.44000244140620,33399400,713.44000244140620
2026-08-24,709.65997314453120,709.78997802734380,702.70001220703120,706.32000732421880,37443100,706.32000732421880
