"m_date","m_open_split_adjusted","m_high_split_adjusted","m_low_split_adjusted","m_close_split_adjusted","m_volume_split_adjusted","m_close_dividend_and_split_adjusted"
2016-01-04,200.49000549316406,201.02999877929688,198.58999633789062,201.02000427246094,222353500,169.47155761718750
2016-01-05,201.39999389648438,201.89999389648438,200.05000305175780,201.36000061035156,110845800,169.75823974609375
2016-01-06,198.33999633789062,200.05999755859375,197.60000610351562,198.82000732421875,152112600,167.61680603027344
2016-01-07,195.33000183105470,197.44000244140625,193.58999633789062,194.05000305175780,213436100,163.59544372558594
2016-01-08,195.19000244140625,195.85000610351562,191.58000183105470,191.91999816894530,209817200,161.79972839355470
2016-01-11,193.00999450683594,193.41000366210938,189.82000732421875,192.11000061035156,187941300,161.95993041992188
2016-01-12,193.82000732421875,194.55000305175780,191.13999938964844,193.66000366210938,172330500,163.26667785644530
2016-01-13,194.44999694824220,194.86000061035156,188.38000488281250,188.83000183105470,221168900,159.19468688964844
2016-01-14,189.55000305175780,193.25999450683594,187.66000366210938,191.92999267578125,240795600,161.80810546875000
2016-01-15,186.77000427246094,188.75999450683594,185.52000427246094,187.80999755859375,324846400,158.33474731445312
2016-01-19,189.96000671386720,190.11000061035156,186.19999694824220,188.05999755859375,195244400,158.54551696777344
2016-01-20,185.02999877929688,187.50000000000000,181.02000427246094,185.64999389648438,286547800,156.51374816894530
2016-01-21,186.21000671386720,188.86999511718750,184.63999938964844,186.69000244140625,195772900,157.39056396484375
2016-01-22,189.77999877929688,190.75999450683594,188.88000488281250,190.52000427246094,168319600,160.61944580078125
2016-01-25,189.91999816894530,190.14999389648438,187.41000366210938,187.63999938964844,130371700,158.19140625000000
2016-01-26,188.41999816894530,190.52999877929688,188.02000427246094,190.19999694824220,141036800,160.34965515136720
2016-01-27,189.58000183105470,191.55999755859375,187.05999755859375,188.13000488281250,185681700,158.60455322265625
2016-01-28,189.96000671386720,190.19999694824220,187.16000366210938,189.11000061035156,143798800,159.43070983886720
2016-01-29,190.02000427246094,193.88000488281250,189.88000488281250,193.72000122070312,210529300,163.31721496582030
2016-02-01,192.52999877929688,194.58000183105470,191.83999633789062,193.64999389648438,136061600,163.25827026367188
2016-02-02,191.96000671386720,191.97000122070312,189.53999328613280,190.16000366210938,182564900,160.31594848632812
2016-02-03,191.41000366210938,191.77999877929688,187.10000610351562,191.30000305175780,205054900,161.27702331542970
2016-02-04,190.71000671386720,192.75000000000000,189.96000671386720,191.60000610351562,139531800,161.52996826171875
2016-02-05,190.99000549316406,191.66999816894530,187.19999694824220,187.94999694824220,180788300,158.45274353027344
2016-02-08,185.77000427246094,186.11999511718750,182.80000305175780,185.41999816894530,191526700,156.31983947753906
2016-02-09,183.36000061035156,186.94000244140625,183.19999694824220,185.42999267578125,184513100,156.32830810546875
2016-02-10,186.41000366210938,188.33999633789062,185.11999511718750,185.27000427246094,148214100,156.19332885742188
2016-02-11,182.33999633789062,184.10000610351562,181.08999633789062,182.86000061035156,219058900,154.16159057617188
2016-02-12,184.96000671386720,186.64999389648438,183.96000671386720,186.63000488281250,127632400,157.33992004394530
2016-02-16,188.77000427246094,189.80999755859375,187.63000488281250,189.77999877929688,120250700,159.99559020996094
2016-02-17,191.16000366210938,193.32000732421875,191.00999450683594,192.88000488281250,136009500,162.60906982421875
2016-02-18,193.19999694824220,193.27000427246094,191.72000122070312,192.08999633789062,102343000,161.94302368164062
2016-02-19,191.16999816894530,192.17999267578125,190.44999694824220,192.00000000000000,114793000,161.86718750000000
2016-02-22,193.86999511718750,194.94999694824220,193.78999328613280,194.77999877929688,103640300,164.21086120605470
2016-02-23,194.00000000000000,194.32000732421875,192.17999267578125,192.32000732421875,111455300,162.13697814941406
2016-02-24,190.63000488281250,193.52999877929688,189.32000732421875,193.19999694824220,150812200,162.87887573242188
2016-02-25,193.72999572753906,195.55000305175780,192.83000183105470,195.53999328613280,110728300,164.85154724121094
2016-02-26,196.57000732421875,196.67999267578125,194.89999389648438,195.08999633789062,129833700,164.47218322753906
2016-02-29,195.11000061035156,196.22999572753906,193.33000183105470,193.55999755859375,125918100,163.18235778808594
2016-03-01,195.00999450683594,198.21000671386720,194.44999694824220,198.11000061035156,141799700,167.01831054687500
2016-03-02,197.74000549316406,199.05999755859375,197.25000000000000,199.00000000000000,102415000,167.76855468750000
2016-03-03,198.78999328613280,199.80000305175780,198.11000061035156,199.77999877929688,95172200,168.42614746093750
2016-03-04,200.00999450683594,201.35000610351562,199.02999877929688,200.42999267578125,129293600,168.97413635253906
2016-03-07,199.33999633789062,201.07000732421875,199.25000000000000,200.58999633789062,100219000,169.10905456542970
2016-03-08,199.32000732421875,199.91999816894530,198.21000671386720,198.39999389648438,123974900,167.26275634765625
2016-03-09,199.36000061035156,199.78999328613280,198.42999267578125,199.38000488281250,94801200,168.08898925781250
2016-03-10,199.96000671386720,201.07000732421875,197.38000488281250,199.53999328613280,156838700,168.22380065917970
2016-03-11,201.25999450683594,202.80999755859375,199.52000427246094,202.75999450683594,137964500,170.93850708007812
2016-03-14,202.16000366210938,203.03999328613280,201.77000427246094,202.50000000000000,73612000,170.71929931640625
2016-03-15,201.36000061035156,202.52999877929688,201.05000305175780,202.16999816894530,93169100,170.44105529785156
2016-03-16,201.60000610351562,203.82000732421875,201.55000305175780,203.33999633789062,129303200,171.42744445800780
2016-03-17,203.24000549316406,205.22999572753906,202.77000427246094,204.63000488281250,134278500,172.51502990722656
2016-03-18,204.16999816894530,204.77999877929688,203.80000305175780,204.38000488281250,138372400,173.19287109375000
2016-03-21,204.07000732421875,204.94000244140625,203.80000305175780,204.66999816894530,72926700,173.43864440917970
2016-03-22,203.75999450683594,205.22999572753906,203.57000732421875,204.55999755859375,97471900,173.34547424316406
2016-03-23,204.11000061035156,204.33000183105470,203.00999450683594,203.21000671386720,81052500,172.20146179199220
2016-03-24,202.00000000000000,203.16000366210938,201.74000549316406,203.11999511718750,84360900,172.12518310546875
2016-03-28,203.61000061035156,203.86000061035156,202.71000671386720,203.24000549316406,62408200,172.22685241699220
2016-03-29,202.75999450683594,205.25000000000000,202.39999389648438,205.11999511718750,92922900,173.81999206542970
2016-03-30,206.30000305175780,206.86999511718750,205.58999633789062,206.02000427246094,86365300,174.58265686035156
2016-03-31,205.91000366210938,206.41000366210938,205.33000183105470,205.52000427246094,94584100,174.15899658203125
2016-04-01,204.35000610351562,207.13999938964844,203.97999572753906,206.91999816894530,114423500,175.34538269042970
2016-04-04,206.83000183105470,207.07000732421875,205.88999938964844,206.25000000000000,63497000,174.77755737304688
2016-04-05,204.66999816894530,206.25999450683594,203.88999938964844,204.19000244140625,99662200,173.03193664550780
2016-04-06,204.19000244140625,206.49000549316406,203.97999572753906,206.41999816894530,91839800,174.92160034179688
2016-04-07,205.13999938964844,205.55999755859375,203.08999633789062,203.94999694824220,113859000,172.82852172851562
2016-04-08,205.33999633789062,205.85000610351562,203.86999511718750,204.50000000000000,95040600,173.29460144042970
2016-04-11,205.25000000000000,206.07000732421875,203.91000366210938,204.02000427246094,83757500,172.88784790039062
2016-04-12,204.22000122070312,206.25000000000000,203.69999694824220,205.91999816894530,115350600,174.49795532226562
2016-04-13,207.00000000000000,208.10000610351562,206.83999633789062,208.00000000000000,96336400,176.26054382324220
2016-04-14,208.07000732421875,208.60000610351562,207.60000610351562,208.00999450683594,65212900,176.26896667480470
2016-04-15,208.00999450683594,208.16999816894530,207.39999389648438,207.77999877929688,75761600,176.07409667968750
2016-04-18,207.77999877929688,209.27999877929688,207.00000000000000,209.24000549316406,82531000,177.31132507324220
2016-04-19,209.74000549316406,210.19999694824220,208.94000244140625,209.89999389648438,88316100,177.87059020996094
2016-04-20,209.94999694824220,210.91999816894530,209.38999938964844,210.10000610351562,81100300,178.04008483886720
2016-04-21,210.11999511718750,210.25000000000000,208.64999389648438,208.97000122070312,85695000,177.08253479003906
2016-04-22,208.55000305175780,209.28999328613280,207.91000366210938,208.97000122070312,99251700,177.08253479003906
2016-04-25,208.25999450683594,208.66000366210938,207.53999328613280,208.61000061035156,66166500,176.77743530273438
2016-04-26,209.03999328613280,209.52000427246094,208.36000061035156,208.91999816894530,75864200,177.04016113281250
2016-04-27,208.47000122070312,209.80999755859375,208.05000305175780,209.35000610351562,77329400,177.40455627441406
2016-04-28,208.46000671386720,209.75999450683594,206.96000671386720,207.44999694824220,97216200,175.79444885253906
2016-04-29,206.72000122070312,207.13000488281250,205.02999877929688,206.33000183105470,142424100,174.84538269042970
2016-05-02,206.91999816894530,208.17999267578125,206.41000366210938,207.97000122070312,62188000,176.23509216308594
2016-05-03,206.52000427246094,206.80000305175780,205.27999877929688,206.16000366210938,106422100,174.70132446289062
2016-05-04,204.99000549316406,205.85000610351562,204.41999816894530,205.00999450683594,92243800,173.72676086425780
2016-05-05,205.55999755859375,205.97999572753906,204.47000122070312,204.97000122070312,67619200,173.69290161132812
2016-05-06,204.05999755859375,205.77000427246094,203.88000488281250,205.72000122070312,89315000,174.32839965820312
2016-05-09,205.57000732421875,206.39999389648438,205.36000061035156,205.88999938964844,74374900,174.47254943847656
2016-05-10,206.72000122070312,208.47000122070312,206.63999938964844,208.44999694824220,77472200,176.64189147949220
2016-05-11,207.91000366210938,208.53999328613280,206.50000000000000,206.50000000000000,81727000,174.98936462402344
2016-05-12,207.28999328613280,207.49000549316406,205.36999511718750,206.55999755859375,89586300,175.04029846191406
2016-05-13,206.21000671386720,206.86000061035156,204.38000488281250,204.75999450683594,96474600,173.51493835449220
2016-05-16,204.96000671386720,207.33999633789062,204.88999938964844,206.77999877929688,77486800,175.22669982910156
2016-05-17,206.46000671386720,206.80000305175780,204.22999572753906,204.85000610351562,114924900,173.59117126464844
2016-05-18,204.44000244140625,206.30000305175780,203.63000488281250,204.91000366210938,120062100,173.64201354980470
2016-05-19,204.05999755859375,204.53999328613280,202.77999877929688,204.19999694824220,115430500,173.04039001464844
2016-05-20,204.91999816894530,206.10000610351562,204.86000061035156,205.49000549316406,104990400,174.13357543945312
2016-05-23,205.50999450683594,205.83999633789062,204.99000549316406,205.21000671386720,58682600,173.89628601074220
2016-05-24,206.16999816894530,208.24000549316406,206.13999938964844,207.86999511718750,93537800,176.15040588378906
2016-05-25,208.66999816894530,209.77000427246094,207.86999511718750,209.27999877929688,76621400,177.34519958496094
2016-05-26,209.44000244140625,209.71000671386720,208.97000122070312,209.33999633789062,55280700,177.39608764648438
2016-05-27,209.52999877929688,210.25000000000000,209.47000122070312,210.24000549316406,64211200,178.15876770019530
2016-05-31,210.55999755859375,210.69000244140625,209.17999267578125,209.83999633789062,109879400,177.81971740722656
2016-06-01,209.11999511718750,210.47999572753906,208.88999938964844,210.27000427246094,69936200,178.18409729003906
2016-06-02,209.80000305175780,210.92999267578125,209.24000549316406,210.91000366210938,63044700,178.72650146484375
2016-06-03,210.25000000000000,210.69000244140625,208.86000061035156,210.27999877929688,101757100,178.19264221191406
2016-06-06,210.69999694824220,211.77000427246094,210.50999450683594,211.35000610351562,64887000,179.09933471679688
2016-06-07,211.52999877929688,212.33999633789062,211.50000000000000,211.67999267578125,60974800,179.37898254394530
2016-06-08,211.83999633789062,212.52000427246094,211.69000244140625,212.36999511718750,66170900,179.96368408203125
2016-06-09,211.50999450683594,212.22000122070312,211.19000244140625,212.08000183105470,73786900,179.71794128417970
2016-06-10,210.46000671386720,210.86000061035156,209.42999267578125,210.07000732421875,113829200,178.01469421386720
2016-06-13,209.36000061035156,210.36999511718750,208.35000610351562,208.44999694824220,117751200,176.64189147949220
2016-06-14,208.00000000000000,208.74000549316406,206.91999816894530,208.03999328613280,125059300,176.29440307617188
2016-06-15,208.03999328613280,209.36000061035156,207.52999877929688,207.75000000000000,109124500,176.04870605468750
2016-06-16,207.75000000000000,208.57000732421875,205.58999633789062,208.36999511718750,149533100,176.57408142089844
2016-06-17,207.16999816894530,207.19999694824220,205.75000000000000,206.52000427246094,117055700,175.91648864746094
2016-06-20,208.82000732421875,209.61000061035156,207.75000000000000,207.85000610351562,82789600,177.04937744140625
2016-06-21,208.30000305175780,208.91999816894530,207.77999877929688,208.44000244140625,72461700,177.55192565917970
2016-06-22,208.64999389648438,209.50000000000000,207.92999267578125,208.10000610351562,95560500,177.26231384277344
2016-06-23,209.80999755859375,210.86999511718750,209.27000427246094,210.80999755859375,102731400,179.57075500488280
2016-06-24,203.63000488281250,210.85000610351562,202.72000122070312,203.24000549316406,333444400,173.12251281738280
2016-06-27,201.58999633789062,201.60000610351562,198.64999389648438,199.60000610351562,230775800,170.02194213867188
2016-06-28,201.47999572753906,203.22999572753906,201.11999511718750,203.19999694824220,159382400,173.08850097656250
2016-06-29,204.83999633789062,206.92999267578125,204.72000122070312,206.66000366210938,137328600,176.03570556640625
2016-06-30,207.21000671386720,209.53999328613280,206.55999755859375,209.47999572753906,165021900,178.43783569335938
2016-07-01,209.47999572753906,210.49000549316406,209.28999328613280,209.91999816894530,106055300,178.81265258789062
2016-07-05,208.94999694824220,209.08000183105470,207.71000671386720,208.41000366210938,109803700,177.52642822265625
2016-07-06,207.83000183105470,209.80000305175780,207.05999755859375,209.66000366210938,96021500,178.59120178222656
2016-07-07,209.86999511718750,210.64999389648438,208.63000488281250,209.52999877929688,85593800,178.48045349121094
2016-07-08,211.05000305175780,212.94000244140625,210.77999877929688,212.64999389648438,133971000,181.13806152343750
2016-07-11,213.19000244140625,214.07000732421875,212.94999694824220,213.39999389648438,73633900,181.77691650390625
2016-07-12,214.52999877929688,215.30000305175780,213.42999267578125,214.94999694824220,101275600,183.09724426269530
2016-07-13,215.44000244140625,215.44999694824220,214.35000610351562,214.91999816894530,87324100,183.07171630859375
2016-07-14,216.39999389648438,216.66999816894530,215.66000366210938,216.11999511718750,91230900,184.09387207031250
2016-07-15,216.77999877929688,217.00999450683594,215.30999755859375,215.83000183105470,107155400,183.84683227539062
2016-07-18,215.97000122070312,216.60000610351562,215.66999816894530,216.41000366210938,58725900,184.34088134765625
2016-07-19,215.91999816894530,216.22999572753906,215.63000488281250,216.19000244140625,54345700,184.15348815917970
2016-07-20,216.19000244140625,217.36999511718750,216.19000244140625,217.08999633789062,58159500,184.92012023925780
2016-07-21,216.96000671386720,217.22000122070312,215.75000000000000,216.27000427246094,67777300,184.22163391113280
2016-07-22,216.41000366210938,217.30000305175780,216.10000610351562,217.24000549316406,62787500,185.04791259765625
2016-07-25,217.00000000000000,217.05999755859375,215.97000122070312,216.64999389648438,55873100,184.54528808593750
2016-07-26,216.52999877929688,217.16999816894530,215.75999450683594,216.75000000000000,70080500,184.63053894042970
2016-07-27,217.19000244140625,217.27000427246094,215.61999511718750,216.52000427246094,84083900,184.43460083007812
2016-07-28,216.28999328613280,217.11000061035156,215.75000000000000,216.77000427246094,65035700,184.64752197265625
2016-07-29,216.46000671386720,217.53999328613280,216.13000488281250,217.11999511718750,79519400,184.94567871093750
2016-08-01,217.19000244140625,217.64999389648438,216.41000366210938,216.94000244140625,73311400,184.79235839843750
2016-08-02,216.64999389648438,216.83000183105470,214.57000732421875,215.55000305175780,92295500,183.60833740234375
2016-08-03,215.47999572753906,216.25000000000000,215.13000488281250,216.17999267578125,53993600,184.14498901367188
2016-08-04,216.30999755859375,216.77999877929688,214.25000000000000,216.41000366210938,46585500,184.34088134765625
2016-08-05,216.41000366210938,218.22999572753906,216.41000366210938,218.17999267578125,71892200,185.84857177734375
2016-08-08,218.39999389648438,218.52000427246094,217.74000549316406,218.05000305175780,39906500,185.73789978027344
2016-08-09,218.13000488281250,218.75999450683594,217.80000305175780,218.17999267578125,51251700,185.84857177734375
2016-08-10,218.30999755859375,218.39999389648438,217.22999572753906,217.63999938964844,57941100,185.38861083984375
2016-08-11,218.25999450683594,218.94000244140625,217.94999694824220,218.64999389648438,72504300,186.24900817871094
2016-08-12,218.28999328613280,218.71000671386720,217.99000549316406,218.46000671386720,61313500,186.08711242675780
2016-08-15,218.88999938964844,219.50000000000000,218.88000488281250,219.08999633789062,49813500,186.62373352050780
2016-08-16,218.60000610351562,218.67999267578125,217.96000671386720,217.96000671386720,53213600,185.66123962402344
2016-08-17,218.00000000000000,218.52999877929688,217.02000427246094,218.36999511718750,75134300,186.01048278808594
2016-08-18,218.33999633789062,218.89999389648438,218.21000671386720,218.86000061035156,52989300,186.42784118652344
2016-08-19,218.30999755859375,218.75000000000000,217.74000549316406,218.53999328613280,75443000,186.15522766113280
2016-08-22,218.25999450683594,218.80000305175780,217.83000183105470,218.52999877929688,61368800,186.14675903320312
2016-08-23,219.25000000000000,219.60000610351562,218.89999389648438,218.97000122070312,53399200,186.52154541015625
2016-08-24,218.80000305175780,218.91000366210938,217.36000061035156,217.85000610351562,71728900,185.56753540039062
2016-08-25,217.39999389648438,218.19000244140625,217.22000122070312,217.69999694824220,69224800,185.43972778320312
2016-08-26,217.91999816894530,219.11999511718750,216.25000000000000,217.28999328613280,122506300,185.09054565429688
2016-08-29,217.44000244140625,218.66999816894530,217.39999389648438,218.36000061035156,70502200,186.00190734863280
2016-08-30,218.25999450683594,218.58999633789062,217.35000610351562,218.00000000000000,58114500,185.69528198242188
2016-08-31,217.61000061035156,217.75000000000000,216.47000122070312,217.38000488281250,85269500,185.16719055175780
2016-09-01,217.36999511718750,217.72999572753906,216.02999877929688,217.38999938964844,97844200,185.17565917968750
2016-09-02,218.38999938964844,218.86999511718750,217.69999694824220,218.36999511718750,79293900,186.01048278808594
2016-09-06,218.69999694824220,219.11999511718750,217.86000061035156,219.02999877929688,56702100,186.57261657714844
2016-09-07,218.83999633789062,219.22000122070312,218.30000305175780,219.00999450683594,76554900,186.55558776855470
2016-09-08,218.61999511718750,218.94000244140625,218.14999389648438,218.50999450683594,74102900,186.12969970703125
2016-09-09,216.97000122070312,217.02999877929688,213.25000000000000,213.27999877929688,221589100,181.67472839355470
2016-09-12,212.38999938964844,216.80999755859375,212.30999755859375,216.33999633789062,168110900,184.28123474121094
2016-09-13,214.83999633789062,215.14999389648438,212.50000000000000,213.22999572753906,182828800,181.63214111328125
2016-09-14,213.28999328613280,214.69999694824220,212.50000000000000,213.14999389648438,134185500,181.56398010253906
2016-09-15,212.96000671386720,215.72999572753906,212.75000000000000,215.27999877929688,134427900,183.37835693359375
2016-09-16,213.47999572753906,213.69000244140625,212.57000732421875,213.36999511718750,155236400,182.66949462890625
2016-09-19,214.13000488281250,214.88000488281250,213.02999877929688,213.41000366210938,80250500,182.70373535156250
2016-09-20,214.41000366210938,214.58999633789062,213.38000488281250,213.41999816894530,69665300,182.71232604980470
2016-09-21,214.24000549316406,216.02999877929688,213.44000244140625,215.82000732421875,110284400,184.76698303222656
2016-09-22,217.00000000000000,217.52999877929688,216.71000671386720,217.17999267578125,76678700,185.93128967285156
2016-09-23,216.72000122070312,216.88000488281250,215.88000488281250,215.99000549316406,73630900,184.91253662109375
2016-09-26,215.02000427246094,215.22999572753906,214.00999450683594,214.24000549316406,89827300,183.41432189941406
2016-09-27,214.05000305175780,215.67999267578125,213.61999511718750,215.57000732421875,78494800,184.55294799804688
2016-09-28,215.83000183105470,216.82000732421875,214.71000671386720,216.63999938964844,87411000,185.46900939941406
2016-09-29,216.39999389648438,216.86999511718750,214.03999328613280,214.67999267578125,128070600,183.79095458984375
2016-09-30,215.64999389648438,217.11999511718750,215.36000061035156,216.30000305175780,117202900,185.17791748046875
2016-10-03,215.82000732421875,216.03999328613280,215.03999328613280,215.77999877929688,83512100,184.73274230957030
2016-10-04,215.91000366210938,216.16999816894530,213.99000549316406,214.67999267578125,119948100,183.79095458984375
2016-10-05,215.41000366210938,216.13000488281250,215.33000183105470,215.63000488281250,72816000,184.60432434082030
2016-10-06,215.36999511718750,216.03999328613280,214.74000549316406,215.77999877929688,62927400,184.73274230957030
2016-10-07,216.10000610351562,216.30000305175780,214.19000244140625,215.03999328613280,89788300,184.09915161132812
2016-10-10,216.16000366210938,216.69999694824220,215.99000549316406,216.16000366210938,51855000,185.05805969238280
2016-10-11,215.66000366210938,215.74000549316406,212.58000183105470,213.42999267578125,130367400,182.72085571289062
2016-10-12,213.58999633789062,214.32000732421875,213.00999450683594,213.71000671386720,73866100,182.96054077148438
2016-10-13,212.16000366210938,213.58999633789062,211.21000671386720,213.00999450683594,101357000,182.36128234863280
2016-10-14,214.14999389648438,214.69000244140625,213.02999877929688,213.11999511718750,93346200,182.45541381835938
2016-10-17,213.08999633789062,213.38999938964844,212.16999816894530,212.38000488281250,58275700,181.82194519042970
2016-10-18,214.24000549316406,214.30999755859375,213.27000427246094,213.71000671386720,76869700,182.96054077148438
2016-10-19,214.02000427246094,214.63999938964844,213.60000610351562,214.27999877929688,66519200,183.44854736328125
2016-10-20,213.86999511718750,214.52999877929688,213.11000061035156,213.88000488281250,73639800,183.10610961914062
2016-10-21,213.88000488281250,214.08000183105470,212.75999450683594,213.97999572753906,89089100,183.19172668457030
2016-10-24,215.00000000000000,215.32000732421875,214.47999572753906,214.88999938964844,60146600,183.97076416015625
2016-10-25,214.67999267578125,214.97999572753906,213.97999572753906,214.16999816894530,66542300,183.35437011718750
2016-10-26,213.21000671386720,214.41999816894530,212.92999267578125,213.74000549316406,75705500,182.98626708984375
2016-10-27,214.58000183105470,214.61999511718750,213.08000183105470,213.16999816894530,77220200,182.49822998046875
2016-10-28,213.13999938964844,213.92999267578125,211.71000671386720,212.53999328613280,140623200,181.95889282226562
2016-10-31,212.92999267578125,213.19000244140625,212.36000061035156,212.55000305175780,61272500,181.96748352050780
2016-11-01,212.92999267578125,212.99000549316406,209.60000610351562,211.00999450683594,122781800,180.64903259277344
2016-11-02,210.64999389648438,211.10000610351562,209.22999572753906,209.74000549316406,103330800,179.56178283691406
2016-11-03,209.99000549316406,210.24000549316406,208.46000671386720,208.77999877929688,88939300,178.73992919921875
2016-11-04,208.91000366210938,209.88999938964844,208.38000488281250,208.55000305175780,109122100,178.54302978515625
2016-11-07,208.55000305175780,213.19000244140625,208.55000305175780,213.14999389648438,109794900,182.48118591308594
2016-11-08,212.69000244140625,214.77000427246094,212.38000488281250,214.11000061035156,106772100,183.30296325683594
2016-11-09,212.36999511718750,217.10000610351562,212.33999633789062,216.38000488281250,258429000,185.24641418457030
2016-11-10,217.30000305175780,218.30999755859375,215.22000122070312,216.91999816894530,172113300,185.70866394042970
2016-11-11,216.08000183105470,216.69999694824220,215.32000732421875,216.41999816894530,100552700,185.28063964843750
2016-11-14,217.02999877929688,217.27000427246094,215.72000122070312,216.58999633789062,94580000,185.42614746093750
2016-11-15,217.03999328613280,218.27999877929688,216.80000305175780,218.27999877929688,91652600,186.87304687500000
2016-11-16,217.55999755859375,218.13999938964844,217.41999816894530,217.86999511718750,65617700,186.52197265625000
2016-11-17,218.05000305175780,219.05999755859375,217.91999816894530,218.99000549316406,69797200,187.48086547851562
2016-11-18,219.07000732421875,219.27000427246094,218.28999328613280,218.50000000000000,86265800,187.06134033203125
2016-11-21,219.16999816894530,220.17999267578125,219.00000000000000,220.14999389648438,72402600,188.47401428222656
2016-11-22,220.50999450683594,220.78999328613280,219.72999572753906,220.58000183105470,67429000,188.84204101562500
2016-11-23,219.97999572753906,220.75999450683594,219.75000000000000,220.69999694824220,56620200,188.94483947753906
2016-11-25,221.10000610351562,221.55999755859375,221.00999450683594,221.52000427246094,37872300,189.64682006835938
2016-11-28,221.16000366210938,221.47999572753906,220.36000061035156,220.47999572753906,76572500,188.75643920898438
2016-11-29,220.52000427246094,221.44000244140625,220.16999816894530,220.91000366210938,69886700,189.12463378906250
2016-11-30,221.63000488281250,221.82000732421875,220.30999755859375,220.38000488281250,113291800,188.67086791992188
2016-12-01,220.72999572753906,220.72999572753906,219.14999389648438,219.57000732421875,79040500,187.97741699218750
2016-12-02,219.66999816894530,220.25000000000000,219.25999450683594,219.67999267578125,74840300,188.07151794433594
2016-12-05,220.64999389648438,221.39999389648438,220.41999816894530,221.00000000000000,67837800,189.20167541503906
2016-12-06,221.22000122070312,221.74000549316406,220.66000366210938,221.69999694824220,59877400,189.80096435546875
2016-12-07,221.52000427246094,224.66999816894530,221.38000488281250,224.60000610351562,110738100,192.28369140625000
2016-12-08,224.57000732421875,225.69999694824220,224.25999450683594,225.14999389648438,99714400,192.75451660156250
2016-12-09,225.41000366210938,226.52999877929688,225.36999511718750,226.50999450683594,88005800,193.91880798339844
2016-12-12,226.39999389648438,226.96000671386720,225.75999450683594,226.25000000000000,102016100,193.69624328613280
2016-12-13,227.02000427246094,228.33999633789062,227.00000000000000,227.75999450683594,110477500,194.98901367187500
2016-12-14,227.41000366210938,228.22999572753906,225.36999511718750,225.88000488281250,142501800,193.37948608398438
2016-12-15,226.16000366210938,227.80999755859375,225.88999938964844,226.80999755859375,124972600,194.17565917968750
2016-12-16,226.00999450683594,226.08000183105470,224.66999816894530,225.03999328613280,156420200,193.79588317871094
2016-12-19,225.25000000000000,226.02000427246094,225.08000183105470,225.52999877929688,90341100,194.21792602539062
2016-12-20,226.14999389648438,226.57000732421875,225.88000488281250,226.39999389648438,89838800,194.96713256835938
2016-12-21,226.25000000000000,226.44999694824220,225.77000427246094,225.77000427246094,67909000,194.42451477050780
2016-12-22,225.60000610351562,225.74000549316406,224.91999816894530,225.38000488281250,56219100,194.08865356445312
2016-12-23,225.42999267578125,225.72000122070312,225.21000671386720,225.71000671386720,36697800,194.37292480468750
2016-12-27,226.02000427246094,226.72999572753906,226.00000000000000,226.27000427246094,42672500,194.85514831542970
2016-12-28,226.57000732421875,226.58999633789062,224.27000427246094,224.39999389648438,64095000,193.24473571777344
2016-12-29,224.47999572753906,224.88999938964844,223.83999633789062,224.35000610351562,48696100,193.20172119140625
2016-12-30,224.72999572753906,224.83000183105470,222.72999572753906,223.52999877929688,108998300,192.49554443359375
2017-01-03,225.03999328613280,225.83000183105470,223.88000488281250,225.24000549316406,91366500,193.96815490722656
2017-01-04,225.61999511718750,226.75000000000000,225.61000061035156,226.58000183105470,78744400,195.12216186523438
2017-01-05,226.27000427246094,226.58000183105470,225.47999572753906,226.39999389648438,78379000,194.96713256835938
2017-01-06,226.52999877929688,227.75000000000000,225.89999389648438,227.21000671386720,71559900,195.66467285156250
2017-01-09,226.91000366210938,227.07000732421875,226.41999816894530,226.46000671386720,46939700,195.01876831054688
2017-01-10,226.47999572753906,227.44999694824220,226.00999450683594,226.46000671386720,63771900,195.01876831054688
2017-01-11,226.36000061035156,227.10000610351562,225.58999633789062,227.10000610351562,74650000,195.56991577148438
2017-01-12,226.50000000000000,226.75000000000000,224.96000671386720,226.52999877929688,72113200,195.07904052734375
2017-01-13,226.72999572753906,227.39999389648438,226.69000244140625,227.05000305175780,62717900,195.52684020996094
2017-01-17,226.30999755859375,226.77999877929688,225.80000305175780,226.25000000000000,61240800,194.83790588378906
2017-01-18,226.53999328613280,226.80000305175780,225.89999389648438,226.75000000000000,54793300,195.26850891113280
2017-01-19,226.83999633789062,227.00000000000000,225.41000366210938,225.91000366210938,66608800,194.54515075683594
2017-01-20,226.69999694824220,227.30999755859375,225.97000122070312,226.74000549316406,129168600,195.25991821289062
2017-01-23,226.74000549316406,226.80999755859375,225.27000427246094,226.14999389648438,75061600,194.75181579589844
2017-01-24,226.39999389648438,228.08000183105470,226.27000427246094,227.60000610351562,95555300,196.00048828125000
2017-01-25,228.69999694824220,229.57000732421875,228.50999450683594,229.57000732421875,84437700,197.69699096679688
2017-01-26,229.39999389648438,229.71000671386720,229.00999450683594,229.33000183105470,59970700,197.49029541015625
2017-01-27,229.41999816894530,229.58999633789062,228.75999450683594,228.97000122070312,59711100,197.18025207519530
2017-01-30,228.16999816894530,228.19999694824220,226.41000366210938,227.55000305175780,79737300,195.95741271972656
2017-01-31,226.97999572753906,227.60000610351562,226.32000732421875,227.52999877929688,75880800,195.94020080566406
2017-02-01,227.52999877929688,228.58999633789062,226.94000244140625,227.61999511718750,79117700,196.01768493652344
2017-02-02,227.61999511718750,228.10000610351562,226.82000732421875,227.77000427246094,69657600,196.14689636230470
2017-02-03,228.82000732421875,229.55000305175780,228.46000671386720,229.33999633789062,80563200,197.49887084960938
2017-02-06,228.86999511718750,229.33000183105470,228.53999328613280,228.92999267578125,57790100,197.14578247070312
2017-02-07,229.38000488281250,229.66000366210938,228.72000122070312,228.94000244140625,57931200,197.15441894531250
2017-02-08,228.94000244140625,229.38999938964844,228.30999755859375,229.24000549316406,51566200,197.41282653808594
2017-02-09,229.24000549316406,230.94999694824220,229.24000549316406,230.60000610351562,65955200,198.58398437500000
2017-02-10,231.00000000000000,231.77000427246094,230.61999511718750,231.50999450683594,66015900,199.36759948730470
2017-02-13,232.08000183105470,233.07000732421875,232.05000305175780,232.77000427246094,55182100,200.45271301269530
2017-02-14,232.55999755859375,233.71000671386720,232.16000366210938,233.69999694824220,71109000,201.25357055664062
2017-02-15,233.44999694824220,235.13999938964844,233.38999938964844,234.91999816894530,86785800,202.30422973632812
2017-02-16,234.94999694824220,235.16000366210938,233.85000610351562,234.72000122070312,84722400,202.13197326660156
2017-02-17,233.94999694824220,235.08999633789062,233.92999267578125,235.08999633789062,77204100,202.45060729980470
2017-02-21,235.52000427246094,236.69000244140625,235.50999450683594,236.49000549316406,88946100,203.65617370605470
2017-02-22,236.02000427246094,236.53999328613280,235.83000183105470,236.27999877929688,62115200,203.47532653808594
2017-02-23,236.88000488281250,236.89999389648438,235.55999755859375,236.44000244140625,74615900,203.61315917968750
2017-02-24,235.46000671386720,236.78999328613280,235.41000366210938,236.74000549316406,82381600,203.87153625488280
2017-02-27,236.63999938964844,237.30999755859375,236.35000610351562,237.11000061035156,56515400,204.19012451171875
2017-02-28,236.66999816894530,236.94999694824220,236.02000427246094,236.47000122070312,96961900,203.63900756835938
2017-03-01,238.38999938964844,240.32000732421875,238.36999511718750,239.77999877929688,149158200,206.48937988281250
2017-03-02,239.55999755859375,239.57000732421875,238.21000671386720,238.27000427246094,70246000,205.18905639648438
2017-03-03,238.16999816894530,238.61000061035156,237.72999572753906,238.41999816894530,81974300,205.31825256347656
2017-03-06,237.50000000000000,238.11999511718750,237.00999450683594,237.71000671386720,55391500,204.70686340332030
2017-03-07,237.36000061035156,237.77000427246094,236.75999450683594,237.00000000000000,65103700,204.09544372558594
2017-03-08,237.33999633789062,237.63999938964844,236.39999389648438,236.55999755859375,78168800,203.71652221679688
2017-03-09,236.69999694824220,237.24000549316406,235.74000549316406,236.86000061035156,90683900,203.97485351562500
2017-03-10,237.97000122070312,238.02000427246094,236.58999633789062,237.69000244140625,81991700,204.68962097167970
2017-03-13,237.61999511718750,237.86000061035156,237.24000549316406,237.80999755859375,57256800,204.79301452636720
2017-03-14,237.17999267578125,237.24000549316406,236.19000244140625,236.89999389648438,59880800,204.00932312011720
2017-03-15,237.55999755859375,239.44000244140625,237.28999328613280,238.94999694824220,96081800,205.77468872070312
2017-03-16,239.11000061035156,239.19999694824220,238.10000610351562,238.47999572753906,78344000,205.36991882324220
2017-03-17,237.75000000000000,237.97000122070312,237.02999877929688,237.02999877929688,89002100,205.00927734375000
2017-03-20,237.02999877929688,237.36000061035156,236.32000732421875,236.77000427246094,52537000,204.78440856933594
2017-03-21,237.47000122070312,237.61000061035156,233.58000183105470,233.72999572753906,131809300,202.15507507324220
2017-03-22,233.77000427246094,234.61000061035156,233.05000305175780,234.27999877929688,97569200,202.63075256347656
2017-03-23,234.27999877929688,235.33999633789062,233.60000610351562,234.02999877929688,100410300,202.41452026367188
2017-03-24,234.38000488281250,235.03999328613280,232.96000671386720,233.86000061035156,112504900,202.26750183105470
2017-03-27,231.92999267578125,233.91999816894530,231.61000061035156,233.61999511718750,87454500,202.05990600585938
2017-03-28,233.27000427246094,235.80999755859375,233.13999938964844,235.32000732421875,93483900,203.53030395507812
2017-03-29,234.99000549316406,235.80999755859375,234.72999572753906,235.53999328613280,61950400,203.72055053710938
2017-03-30,235.47000122070312,236.52000427246094,235.27000427246094,236.28999328613280,56737900,204.36921691894530
2017-03-31,235.89999389648438,236.50999450683594,235.67999267578125,235.74000549316406,73733100,203.89350891113280
2017-04-03,235.80000305175780,236.02999877929688,233.91000366210938,235.33000183105470,85546500,203.53894042968750
2017-04-04,235.00000000000000,235.58000183105470,234.55999755859375,235.47999572753906,56466200,203.66862487792970
2017-04-05,236.25999450683594,237.38999938964844,234.53999328613280,234.77999877929688,108800600,203.06318664550780
2017-04-06,234.94000244140625,236.03999328613280,234.42999267578125,235.44000244140625,69135800,203.63404846191406
2017-04-07,235.14999389648438,236.00000000000000,234.63999938964844,235.19999694824220,74412300,203.42649841308594
2017-04-10,235.36000061035156,236.25999450683594,234.72999572753906,235.33999633789062,67615300,203.54754638671875
2017-04-11,234.89999389648438,235.17999267578125,233.33999633789062,235.05999755859375,88045300,203.30540466308594
2017-04-12,234.74000549316406,234.96000671386720,233.77000427246094,234.02999877929688,81864400,202.41452026367188
2017-04-13,233.63999938964844,234.49000549316406,232.50999450683594,232.50999450683594,92880400,201.09985351562500
2017-04-17,233.11000061035156,234.57000732421875,232.88000488281250,234.57000732421875,68405400,202.88160705566406
2017-04-18,233.72000122070312,234.49000549316406,233.08000183105470,233.86999511718750,83225800,202.27615356445312
2017-04-19,234.52000427246094,234.94999694824220,233.17999267578125,233.44000244140625,68699900,201.90426635742188
2017-04-20,234.14999389648438,235.85000610351562,233.77999877929688,235.33999633789062,92572200,203.54754638671875
2017-04-21,235.25000000000000,235.30999755859375,234.13000488281250,234.58999633789062,110389800,202.89891052246094
2017-04-24,237.17999267578125,237.41000366210938,234.55999755859375,237.16999816894530,119209900,205.13032531738280
2017-04-25,237.91000366210938,238.94999694824220,237.80999755859375,238.55000305175780,76698300,206.32392883300780
2017-04-26,238.50999450683594,239.52999877929688,238.35000610351562,238.39999389648438,84702500,206.19416809082030
2017-04-27,238.77000427246094,238.94999694824220,237.97999572753906,238.60000610351562,57410300,206.36718750000000
2017-04-28,238.89999389648438,238.92999267578125,237.92999267578125,238.08000183105470,63532800,205.91738891601562
2017-05-01,238.67999267578125,239.16999816894530,238.19999694824220,238.67999267578125,66882500,206.43635559082030
2017-05-02,238.83999633789062,238.97999572753906,238.30000305175780,238.77000427246094,57375700,206.51422119140625
2017-05-03,238.77000427246094,238.88000488281250,237.69999694824220,238.47999572753906,73137700,206.26336669921875
2017-05-04,238.83000183105470,238.91999816894530,237.77999877929688,238.75999450683594,61462700,206.50559997558594
2017-05-05,239.19000244140625,239.72000122070312,238.67999267578125,239.69999694824220,62001300,207.31860351562500
2017-05-08,239.75000000000000,239.91999816894530,239.16999816894530,239.66000366210938,48385700,207.28399658203125
2017-05-09,239.96000671386720,240.19000244140625,239.03999328613280,239.44000244140625,51363200,207.09370422363280
2017-05-10,239.38999938964844,239.86999511718750,239.14999389648438,239.86999511718750,54293800,207.46560668945312
2017-05-11,239.35000610351562,239.57000732421875,238.13000488281250,239.38000488281250,62358300,207.04180908203125
2017-05-12,239.08999633789062,239.42999267578125,238.66999816894530,238.97999572753906,53912700,206.69586181640625
2017-05-15,239.47000122070312,240.44000244140625,239.44999694824220,240.30000305175780,61918900,207.83747863769530
2017-05-16,240.63999938964844,240.66999816894530,239.63000488281250,240.08000183105470,51241800,207.64724731445312
2017-05-17,240.08000183105470,240.08000183105470,235.75000000000000,235.82000732421875,172174100,203.96273803710938
2017-05-18,235.72999572753906,237.75000000000000,235.42999267578125,236.77000427246094,107047700,204.78440856933594
2017-05-19,237.33000183105470,239.08000183105470,237.27000427246094,238.30999755859375,115011400,206.11636352539062
2017-05-22,238.89999389648438,239.71000671386720,238.82000732421875,239.52000427246094,61010600,207.16290283203125
2017-05-23,239.94999694824220,240.24000549316406,239.50999450683594,240.05000305175780,48341700,207.62126159667970
2017-05-24,240.32000732421875,240.72999572753906,239.92999267578125,240.61000061035156,46927700,208.10562133789062
2017-05-25,241.19999694824220,242.08000183105470,240.96000671386720,241.75999450683594,64071700,209.10026550292970
2017-05-26,241.53999328613280,241.89999389648438,241.44999694824220,241.71000671386720,46629900,209.05705261230470
2017-05-30,241.33999633789062,241.78999328613280,241.16000366210938,241.50000000000000,35201900,208.87542724609375
2017-05-31,241.83999633789062,241.88000488281250,240.63999938964844,241.44000244140625,91796000,208.82350158691406
2017-06-01,241.97000122070312,243.38000488281250,241.63999938964844,243.36000061035156,68962000,210.48413085937500
2017-06-02,243.41999816894530,244.35000610351562,243.08000183105470,244.16999816894530,88666100,211.18467712402344
2017-06-05,243.97000122070312,244.30000305175780,243.75999450683594,243.99000549316406,44698800,211.02899169921875
2017-06-06,243.33999633789062,243.97999572753906,243.11999511718750,243.21000671386720,50375400,210.35443115234375
2017-06-07,243.60000610351562,243.91999816894530,242.83000183105470,243.66000366210938,54144300,210.74363708496094
2017-06-08,243.77000427246094,244.33000183105470,243.16999816894530,243.77999877929688,65950700,210.84739685058594
2017-06-09,244.08999633789062,245.00999450683594,241.94999694824220,243.41000366210938,132256400,210.52737426757812
2017-06-12,243.13000488281250,243.41999816894530,242.38000488281250,243.36000061035156,86108100,210.48413085937500
2017-06-13,243.97999572753906,244.61000061035156,243.58000183105470,244.55000305175780,60067000,211.51339721679688
2017-06-14,244.86000061035156,244.86999511718750,243.28999328613280,244.24000549316406,78602300,211.24523925781250
2017-06-15,242.67999267578125,243.91000366210938,242.36000061035156,243.77000427246094,66464900,210.83874511718750
2017-06-16,242.77000427246094,242.83000183105470,241.63000488281250,242.63999938964844,84553100,210.88478088378906
2017-06-19,243.58999633789062,244.72999572753906,243.47999572753906,244.66000366210938,65123800,212.64041137695312
2017-06-20,244.25000000000000,244.25999450683594,242.99000549316406,243.00999450683594,56906400,211.20634460449220
2017-06-21,243.46000671386720,243.58999633789062,242.41000366210938,242.94999694824220,55977600,211.15422058105470
2017-06-22,242.96000671386720,243.52999877929688,242.63999938964844,242.83999633789062,44148100,211.05865478515625
2017-06-23,242.91000366210938,243.50999450683594,242.47000122070312,243.13000488281250,66986800,211.31065368652344
2017-06-26,243.89999389648438,244.38000488281250,243.05000305175780,243.28999328613280,56700500,211.44975280761720
2017-06-27,243.03999328613280,243.38000488281250,241.30999755859375,241.33000183105470,82247700,209.74623107910156
2017-06-28,242.50000000000000,243.72000122070312,242.22999572753906,243.49000549316406,70042600,211.62362670898438
2017-06-29,243.66000366210938,243.72000122070312,239.96000671386720,241.35000610351562,106949700,209.76365661621094
2017-06-30,242.27999877929688,242.71000671386720,241.58000183105470,241.80000305175780,86820700,210.15475463867188
2017-07-03,242.88000488281250,243.38000488281250,242.21000671386720,242.21000671386720,39153800,210.51112365722656
2017-07-05,242.63000488281250,243.00999450683594,241.69999694824220,242.77000427246094,54427600,210.99777221679688
2017-07-06,241.88999938964844,242.02999877929688,240.33999633789062,240.55000305175780,65400800,209.06834411621094
2017-07-07,241.21000671386720,242.27999877929688,240.55999755859375,242.11000061035156,57972300,210.42420959472656
2017-07-10,242.11000061035156,242.80000305175780,241.75999450683594,242.36999511718750,36663300,210.65016174316406
2017-07-11,242.36999511718750,242.55000305175780,240.85000610351562,242.19000244140625,50354600,210.49368286132812
2017-07-12,243.30000305175780,244.19999694824220,243.30000305175780,244.00999450683594,59610400,212.07553100585938
2017-07-13,244.02000427246094,244.55000305175780,243.75999450683594,244.41999816894530,39471600,212.43185424804688
2017-07-14,244.41999816894530,245.97000122070312,244.30999755859375,245.55999755859375,60262700,213.42263793945312
2017-07-17,245.47000122070312,245.91000366210938,245.33000183105470,245.52999877929688,33531900,213.39659118652344
2017-07-18,245.05999755859375,245.72000122070312,244.66999816894530,245.66000366210938,42742500,213.50959777832030
2017-07-19,246.02000427246094,247.00000000000000,246.00999450683594,246.99000549316406,51034300,214.66551208496094
2017-07-20,247.27999877929688,247.41999816894530,246.47000122070312,247.10000610351562,47135200,214.76107788085938
2017-07-21,246.44000244140625,246.91000366210938,246.17999267578125,246.88000488281250,82340800,214.56993103027344
2017-07-24,246.78999328613280,246.97999572753906,246.27999877929688,246.82000732421875,46622300,214.51771545410156
2017-07-25,247.67999267578125,247.80000305175780,247.16000366210938,247.41999816894530,54915600,215.03916931152344
2017-07-26,247.75000000000000,247.78999328613280,247.13000488281250,247.42999267578125,47575400,215.04791259765625
2017-07-27,247.96000671386720,248.00000000000000,245.67999267578125,247.19999694824220,70766600,214.84799194335938
2017-07-28,246.64999389648438,247.05999755859375,246.13000488281250,246.91000366210938,50088400,214.59600830078125
2017-07-31,247.36999511718750,247.47999572753906,246.52999877929688,246.77000427246094,65838700,214.47428894042970
2017-08-01,247.46000671386720,247.50000000000000,246.72000122070312,247.32000732421875,55050400,214.95236206054688
2017-08-02,247.47000122070312,247.60000610351562,246.36999511718750,247.44000244140625,47211200,215.05661010742188
2017-08-03,247.30999755859375,247.33999633789062,246.63999938964844,246.96000671386720,40856000,214.63946533203125
2017-08-04,247.52000427246094,247.78999328613280,246.97000122070312,247.41000366210938,60191800,215.03056335449220
2017-08-07,247.49000549316406,247.86999511718750,247.36999511718750,247.86999511718750,31995000,215.43035888671875
2017-08-08,247.50999450683594,248.91000366210938,246.83000183105470,247.25999450683594,61719400,214.90019226074220
2017-08-09,246.47000122070312,247.30999755859375,246.05999755859375,247.25000000000000,62632600,214.89149475097656
2017-08-10,246.28999328613280,246.44000244140625,243.69999694824220,243.75999450683594,120479500,211.85821533203125
2017-08-11,244.02000427246094,244.80000305175780,243.75000000000000,244.11999511718750,74869900,212.17111206054688
2017-08-14,245.58999633789062,246.78999328613280,245.55000305175780,246.53999328613280,73291900,214.27442932128906
2017-08-15,246.97999572753906,247.00000000000000,246.16000366210938,246.50999450683594,55242700,214.24827575683594
2017-08-16,247.11000061035156,247.57000732421875,246.44999694824220,246.94000244140625,56715500,214.62202453613280
2017-08-17,246.24000549316406,246.60000610351562,243.08999633789062,243.08999633789062,128490400,211.27589416503906
2017-08-18,242.89999389648438,244.19000244140625,242.19999694824220,242.71000671386720,136748000,210.94564819335938
2017-08-21,242.63999938964844,243.19999694824220,241.83000183105470,242.89999389648438,65469700,211.11077880859375
2017-08-22,243.57000732421875,245.61999511718750,243.55000305175780,245.44000244140625,63140100,213.31835937500000
2017-08-23,244.33000183105470,245.05000305175780,244.16000366210938,244.55999755859375,50203800,212.55351257324220
2017-08-24,245.00000000000000,245.17999267578125,243.75000000000000,243.99000549316406,50741700,212.05809020996094
2017-08-25,244.89999389648438,245.61000061035156,244.38999938964844,244.55999755859375,64445900,212.55351257324220
2017-08-28,245.16999816894530,245.19999694824220,244.08999633789062,244.57000732421875,40565600,212.56221008300780
2017-08-29,243.05999755859375,245.14999389648438,242.92999267578125,244.85000610351562,51135700,212.80558776855470
2017-08-30,244.83000183105470,246.32000732421875,244.61999511718750,246.00999450683594,62030800,213.81375122070312
2017-08-31,246.72000122070312,247.77000427246094,246.05000305175780,247.49000549316406,103803900,215.10009765625000
2017-09-01,247.91999816894530,248.33000183105470,247.66999816894530,247.83999633789062,62007000,215.40425109863280
2017-09-05,247.25999450683594,247.52000427246094,244.94999694824220,246.05999755859375,91398800,213.85722351074220
2017-09-06,246.83999633789062,247.27999877929688,246.22999572753906,246.89999389648438,57916900,214.58729553222656
2017-09-07,247.25000000000000,247.27000427246094,246.39999389648438,246.86999511718750,58034700,214.56118774414062
2017-09-08,246.53999328613280,247.11000061035156,246.30000305175780,246.58000183105470,63832800,214.30917358398438
2017-09-11,248.03999328613280,249.30000305175780,248.02000427246094,249.21000671386720,71364800,216.59503173828125
2017-09-12,249.63000488281250,250.08999633789062,249.41999816894530,250.05000305175780,56896000,217.32504272460938
2017-09-13,249.72000122070312,250.21000671386720,249.58999633789062,250.16999816894530,59228000,217.42933654785156
2017-09-14,249.80000305175780,250.32000732421875,249.60000610351562,250.08999633789062,95446300,217.35977172851562
2017-09-15,248.69000244140625,249.28999328613280,248.57000732421875,249.19000244140625,95432400,217.65240478515625
2017-09-18,249.61000061035156,250.11999511718750,249.27999877929688,249.72000122070312,46235200,218.11531066894530
2017-09-19,250.00000000000000,250.07000732421875,249.60000610351562,249.97000122070312,47108100,218.33370971679688
2017-09-20,250.07000732421875,250.19000244140625,248.91999816894530,250.05999755859375,59574100,218.41230773925780
2017-09-21,249.88000488281250,249.97999572753906,249.19000244140625,249.38999938964844,48211400,217.82708740234375
2017-09-22,249.05000305175780,249.63000488281250,249.02000427246094,249.44000244140625,51214000,217.87075805664062
2017-09-25,249.14999389648438,249.55000305175780,248.08000183105470,248.92999267578125,57064400,217.42533874511720
2017-09-26,249.41999816894530,249.69999694824220,248.80999755859375,249.08000183105470,54082000,217.55636596679688
2017-09-27,249.88000488281250,250.49000549316406,248.86999511718750,250.05000305175780,81001400,218.40354919433594
2017-09-28,249.72999572753906,250.44000244140625,249.63000488281250,250.35000610351562,44778800,218.66566467285156
2017-09-29,250.33999633789062,251.32000732421875,250.13000488281250,251.22999572753906,85578000,219.43420410156250
2017-10-02,251.49000549316406,252.32000732421875,251.28999328613280,252.32000732421875,59023000,220.38626098632812
2017-10-03,252.32000732421875,252.88999938964844,252.22999572753906,252.86000061035156,66810200,220.85791015625000
2017-10-04,252.69000244140625,253.44000244140625,252.55999755859375,253.16000366210938,55953600,221.11994934082030
2017-10-05,253.53999328613280,254.67999267578125,253.19999694824220,254.66000366210938,63522800,222.43013000488280
2017-10-06,254.14999389648438,254.69999694824220,253.85000610351562,254.36999511718750,80646000,222.17677307128906
2017-10-09,254.63000488281250,254.69999694824220,253.64999389648438,253.94999694824220,35803100,221.81004333496094
2017-10-10,254.60000610351562,255.05000305175780,253.97999572753906,254.61999511718750,43057400,222.39517211914062
2017-10-11,254.50999450683594,255.02000427246094,254.32000732421875,255.02000427246094,47674300,222.74452209472656
2017-10-12,254.66000366210938,255.05999755859375,254.36999511718750,254.63999938964844,47065100,222.41267395019530
2017-10-13,255.13999938964844,255.27000427246094,254.63999938964844,254.94999694824220,54800400,222.68341064453125
2017-10-16,255.21000671386720,255.50999450683594,254.82000732421875,255.28999328613280,38221700,222.98039245605470
2017-10-17,255.22999572753906,255.52000427246094,254.97999572753906,255.47000122070312,31561000,223.13760375976562
2017-10-18,255.89999389648438,255.94999694824220,255.50000000000000,255.72000122070312,40888300,223.35598754882812
2017-10-19,254.83000183105470,255.83000183105470,254.35000610351562,255.78999328613280,61903800,223.41712951660156
2017-10-20,256.70001220703125,257.14001464843750,255.77000427246094,257.10998535156250,89176400,224.57000732421875
2017-10-23,257.48001098632810,257.51000976562500,256.01998901367190,256.10998535156250,63915300,223.69657897949220
2017-10-24,256.60000610351560,256.82998657226560,256.14999389648440,256.55999755859375,66935900,224.08967590332030
2017-10-25,256.17999267578125,256.30999755859375,254.00000000000000,255.28999328613280,103715300,222.98039245605470
2017-10-26,255.99000549316406,256.29998779296875,255.47999572753906,255.61999511718750,69798000,223.26863098144530
2017-10-27,256.47000122070310,257.89001464843750,255.63000488281250,257.70999145507810,85562500,225.09413146972656
2017-10-30,256.47000122070310,257.60000610351560,256.41000366210940,256.75000000000000,54285700,224.25564575195312
2017-10-31,257.17999267578125,257.44000244140625,256.80999755859375,257.14999389648440,60304800,224.60501098632812
2017-11-01,258.04000854492190,258.42999267578125,257.07000732421875,257.48999023437500,54202700,224.90196228027344
2017-11-02,257.41000366210940,257.75000000000000,256.19000244140625,257.58999633789060,56449500,224.98933410644530
2017-11-03,257.76998901367190,258.50000000000000,257.29998779296875,258.45001220703125,59589700,225.74041748046875
2017-11-06,258.29998779296875,259.00000000000000,258.22000122070310,258.85000610351560,49652600,226.08982849121094
2017-11-07,258.97000122070310,259.35000610351560,258.08999633789060,258.67001342773440,57502200,225.93260192871094
2017-11-08,258.47000122070310,259.22000122070310,258.14999389648440,259.10998535156250,50469600,226.31694030761720
2017-11-09,257.73001098632810,258.39001464843750,256.35998535156250,258.17001342773440,95085500,225.49594116210938
2017-11-10,257.73001098632810,258.29000854492190,257.36999511718750,258.08999633789060,59984700,225.42605590820312
2017-11-13,257.30999755859375,258.58999633789060,257.26998901367190,258.32998657226560,50228600,225.63557434082030
2017-11-14,257.41000366210940,257.85000610351560,256.51998901367190,257.73001098632810,61315200,225.11158752441406
2017-11-15,256.61999511718750,257.22000122070310,255.63000488281250,256.44000244140625,80811500,223.98483276367188
2017-11-16,257.51998901367190,259.04000854492190,257.47000122070310,258.61999511718750,67777000,225.88890075683594
2017-11-17,258.22000122070310,258.58999633789060,257.76998901367190,257.85998535156250,75756800,225.22512817382812
2017-11-20,258.14001464843750,258.51998901367190,257.85998535156250,258.29998779296875,48075500,225.60948181152344
2017-11-21,259.17999267578125,260.20001220703125,258.26000976562500,259.98999023437500,69176800,227.08554077148438
2017-11-22,260.00000000000000,260.14999389648440,259.57000732421875,259.76000976562500,45033400,226.88468933105470
2017-11-24,260.32000732421875,260.48001098632810,260.16000366210940,260.35998535156250,27856500,227.40867614746094
2017-11-27,260.41000366210940,260.75000000000000,260.00000000000000,260.23001098632810,52274900,227.29519653320312
2017-11-28,260.76000976562500,262.89999389648440,260.64999389648440,262.86999511718750,98971700,229.60099792480470
2017-11-29,263.01998901367190,263.63000488281250,262.20001220703125,262.70999145507810,77512100,229.46133422851562
2017-11-30,263.76000976562500,266.04998779296875,263.67001342773440,265.01000976562500,127894400,231.47027587890625
2017-12-01,264.76000976562500,265.30999755859375,260.76000976562500,264.45999145507810,164390900,230.98979187011720
2017-12-04,266.30999755859375,266.79998779296875,264.07998657226560,264.14001464843750,94040600,230.71032714843750
2017-12-05,263.19000244140625,265.14999389648440,263.04000854492190,263.19000244140625,77994500,229.88053894042970
2017-12-06,263.29998779296875,263.73001098632810,262.70999145507810,263.23999023437500,75898600,229.92419433593750
2017-12-07,264.07000732421875,264.42999267578125,262.94000244140625,264.07000732421875,77218600,230.64921569824220
2017-12-08,265.16000366210940,265.51998901367190,264.02999877929690,265.51000976562500,76563900,231.90695190429688
2017-12-11,266.30999755859375,266.38000488281250,265.48001098632810,266.30999755859375,83077500,232.60571289062500
2017-12-12,267.20999145507810,267.32000732421875,266.35000610351560,266.77999877929690,85195800,233.01618957519530
2017-12-13,267.05999755859375,267.55999755859375,266.64999389648440,266.75000000000000,102905400,232.98997497558594
2017-12-14,267.08999633789060,267.22000122070310,265.60000610351560,265.66000366210940,100666700,232.03799438476562
2017-12-15,265.45001220703125,267.04000854492190,265.39001464843750,266.51000976562500,144610300,233.97023010253906
2017-12-18,268.10000610351560,268.60000610351560,267.98001098632810,268.20001220703125,83653600,235.45393371582030
2017-12-19,268.48001098632810,268.52999877929690,267.08999633789060,267.17001342773440,82382900,234.54963684082030
2017-12-20,268.26998901367190,268.32998657226560,266.69000244140625,267.02999877929690,76751500,234.42675781250000
2017-12-21,267.73999023437500,268.39001464843750,267.29998779296875,267.57998657226560,67032300,234.90962219238280
2017-12-22,267.60000610351560,267.64001464843750,266.89999389648440,267.51000976562500,78720900,234.84817504882812
2017-12-26,267.04998779296875,267.44000244140625,266.89001464843750,267.19000244140625,45244400,234.56719970703125
2017-12-27,267.38000488281250,267.73001098632810,267.01000976562500,267.32000732421875,57751000,234.68136596679688
2017-12-28,267.89001464843750,267.92001342773440,267.45001220703125,267.86999511718750,45116100,235.16410827636720
2017-12-29,268.52999877929690,268.54998779296875,266.64001464843750,266.85998535156250,96007400,234.27748107910156
2018-01-02,267.83999633789060,268.80999755859375,267.39999389648440,268.76998901367190,86655700,235.95431518554688
2018-01-03,268.95999145507810,270.64001464843750,268.95999145507810,270.47000122070310,90070400,237.44671630859375
2018-01-04,271.20001220703125,272.16000366210940,270.54000854492190,271.60998535156250,80636400,238.44755554199220
2018-01-05,272.51000976562500,273.55999755859375,271.95001220703125,273.42001342773440,83524000,240.03662109375000
2018-01-08,273.30999755859375,274.10000610351560,272.98001098632810,273.92001342773440,57319200,240.47554016113280
2018-01-09,274.39999389648440,275.25000000000000,274.07998657226560,274.54000854492190,57254000,241.01985168457030
2018-01-10,273.67999267578125,274.42001342773440,272.92001342773440,274.11999511718750,69574300,240.65113830566406
2018-01-11,274.75000000000000,276.11999511718750,274.55999755859375,276.11999511718750,62361500,242.40693664550780
2018-01-12,276.42001342773440,278.10998535156250,276.07998657226560,277.92001342773440,90816100,243.98707580566406
2018-01-16,279.35000610351560,280.08999633789060,276.17999267578125,276.97000122070310,106555100,243.15315246582030
2018-01-17,278.02999877929690,280.04998779296875,276.97000122070310,279.60998535156250,113258800,245.47073364257812
2018-01-18,279.48001098632810,279.95999145507810,278.57998657226560,279.14001464843750,100728000,245.05815124511720
2018-01-19,279.79998779296875,280.41000366210940,279.14001464843750,280.41000366210940,140920100,246.17308044433594
2018-01-22,280.17001342773440,282.69000244140625,280.10998535156250,282.69000244140625,91322400,248.17474365234375
2018-01-23,282.73999023437500,283.61999511718750,282.36999511718750,283.29000854492190,97084700,248.70144653320312
2018-01-24,284.01998901367190,284.70001220703125,281.83999633789060,283.17999267578125,134816100,248.60488891601562
2018-01-25,284.16000366210940,284.26998901367190,282.39999389648440,283.29998779296875,84587300,248.71023559570312
2018-01-26,284.25000000000000,286.63000488281250,283.95999145507810,286.57998657226560,107743100,251.58976745605470
2018-01-29,285.92999267578125,286.42999267578125,284.50000000000000,284.67999267578125,90118300,249.92169189453125
2018-01-30,282.60000610351560,284.73999023437500,281.22000122070310,281.76000976562500,131796400,247.35827636718750
2018-01-31,282.73001098632810,283.29998779296875,280.67999267578125,281.89999389648440,108364800,247.48114013671875
2018-02-01,281.07000732421875,283.05999755859375,280.67999267578125,281.57998657226560,90102500,247.20024108886720
2018-02-02,280.07998657226560,280.23001098632810,275.41000366210940,275.45001220703125,173174800,241.81874084472656
2018-02-05,273.45001220703125,275.85000610351560,263.30999755859375,263.92999267578125,294681800,231.70526123046875
2018-02-06,259.94000244140625,269.70001220703125,258.70001220703125,269.13000488281250,355026800,236.27035522460938
2018-02-07,268.50000000000000,272.35998535156250,267.57998657226560,267.67001342773440,167376100,234.98857116699220
2018-02-08,268.01000976562500,268.17001342773440,257.58999633789060,257.63000488281250,246449500,226.17439270019530
2018-02-09,260.79998779296875,263.60998535156250,252.91999816894530,261.50000000000000,283565300,229.57192993164062
2018-02-12,263.82998657226560,267.01000976562500,261.66000366210940,265.33999633789060,143736000,232.94311523437500
2018-02-13,263.97000122070310,266.61999511718750,263.30999755859375,266.00000000000000,81223600,233.52247619628906
2018-02-14,264.30999755859375,270.00000000000000,264.29998779296875,269.58999633789060,120735700,236.67419433593750
2018-02-15,271.57000732421875,273.04000854492190,268.76998901367190,273.02999877929690,111200300,239.69418334960938
2018-02-16,272.32000732421875,275.32000732421875,272.26998901367190,273.10998535156250,160420100,239.76437377929688
2018-02-20,272.02999877929690,273.67001342773440,270.50000000000000,271.39999389648440,86369700,238.26316833496094
2018-02-21,271.89999389648440,274.72000122070310,269.94000244140625,270.04998779296875,98883700,237.07801818847656
2018-02-22,271.10000610351560,273.04998779296875,269.64001464843750,270.39999389648440,110511300,237.38528442382812
2018-02-23,271.79000854492190,274.70999145507810,271.25000000000000,274.70999145507810,92766400,241.16906738281250
2018-02-26,275.92999267578125,278.01000976562500,275.26000976562500,277.89999389648440,86491400,243.96957397460938
2018-02-27,278.10998535156250,278.92001342773440,274.35998535156250,274.42999267578125,99099200,240.92324829101562
2018-02-28,275.67999267578125,276.19000244140625,271.29000854492190,271.64999389648440,121907800,238.48266601562500
2018-03-01,271.41000366210940,273.17001342773440,266.00000000000000,267.70001220703125,176855100,235.01493835449220
2018-03-02,265.79998779296875,269.72000122070310,264.82000732421875,269.07998657226560,139083200,236.22644042968750
2018-03-05,267.73001098632810,272.89001464843750,267.60998535156250,272.19000244140625,97307400,238.95666503906250
2018-03-06,273.29998779296875,273.39001464843750,271.17999267578125,272.88000488281250,79213200,239.56246948242188
2018-03-07,270.42001342773440,273.17999267578125,270.20001220703125,272.77999877929690,87063500,239.47468566894530
2018-03-08,273.54998779296875,274.23999023437500,272.42001342773440,274.10000610351560,66901200,240.63351440429688
2018-03-09,275.70001220703125,278.86999511718750,275.33999633789060,278.86999511718750,113625300,244.82118225097656
2018-03-12,279.20001220703125,279.91000366210940,278.07998657226560,278.51998901367190,71924800,244.51393127441406
2018-03-13,279.83999633789060,280.41000366210940,276.02999877929690,276.72000122070310,91968900,242.93365478515625
2018-03-14,277.80999755859375,278.01998901367190,274.67001342773440,275.29998779296875,105895100,241.68696594238280
2018-03-15,275.88000488281250,276.60998535156250,274.42999267578125,275.00000000000000,83433000,241.42352294921875
2018-03-16,274.50000000000000,275.39001464843750,274.14001464843750,274.20001220703125,100343700,241.68545532226562
2018-03-19,273.35000610351560,274.39999389648440,268.61999511718750,270.48999023437500,109208400,238.41542053222656
2018-03-20,270.94000244140625,271.67001342773440,270.17999267578125,270.95001220703125,59757300,238.82078552246094
2018-03-21,270.89999389648440,273.26998901367190,270.19000244140625,270.42999267578125,78709600,238.36247253417970
2018-03-22,267.91000366210940,268.86999511718750,263.35998535156250,263.67001342773440,148785900,232.40408325195312
2018-03-23,264.17001342773440,264.54000854492190,257.82998657226560,258.04998779296875,183534800,227.45048522949220
2018-03-26,262.13000488281250,265.42999267578125,259.41000366210940,265.10998535156250,141956100,233.67329406738280
2018-03-27,266.17001342773440,266.76998901367190,258.83999633789060,260.60000610351560,129941400,229.69815063476562
2018-03-28,260.75000000000000,262.64001464843750,258.57998657226560,259.82998657226560,146452300,229.01945495605470
2018-03-29,261.11999511718750,265.26000976562500,259.83999633789060,263.14999389648440,111601600,231.94573974609375
2018-04-02,262.54998779296875,263.13000488281250,254.66999816894530,257.47000122070310,186286300,226.93922424316406
2018-04-03,258.86999511718750,261.30999755859375,256.83999633789060,260.76998901367190,119956900,229.84794616699220
2018-04-04,256.75000000000000,264.35998535156250,256.60000610351560,263.55999755859375,123715300,232.30709838867188
2018-04-05,265.54998779296875,266.64001464843750,264.32000732421875,265.64001464843750,82652600,234.14044189453125
2018-04-06,263.42001342773440,265.10998535156250,258.00000000000000,259.72000122070310,179521200,228.92247009277344
2018-04-09,261.36999511718750,264.83999633789060,259.94000244140625,261.00000000000000,105442900,230.05065917968750
2018-04-10,264.26998901367190,266.04000854492190,262.98001098632810,265.14999389648440,103529000,233.70855712890625
2018-04-11,263.47000122070310,265.64001464843750,263.39001464843750,263.76000976562500,91140200,232.48336791992188
2018-04-12,265.26000976562500,267.00000000000000,265.05999755859375,265.92999267578125,68890500,234.39611816406250
2018-04-13,267.41000366210940,267.54000854492190,264.01000976562500,265.14999389648440,85079200,233.70855712890625
2018-04-16,267.00000000000000,268.20001220703125,266.07000732421875,267.32998657226560,63405300,235.63002014160156
2018-04-17,269.32998657226560,270.86999511718750,268.75000000000000,270.19000244140625,64682000,238.15095520019530
2018-04-18,270.69000244140625,271.29998779296875,269.86999511718750,270.39001464843750,57303900,238.32716369628906
2018-04-19,269.64999389648440,269.88000488281250,267.72000122070310,268.89001464843750,77655900,237.00508117675780
2018-04-20,268.80999755859375,269.05999755859375,265.60998535156250,266.60998535156250,99953100,234.99543762207030
2018-04-23,267.26000976562500,267.89001464843750,265.35000610351560,266.57000732421875,65558000,234.96022033691406
2018-04-24,267.73001098632810,267.98001098632810,261.27999877929690,262.98001098632810,112885500,231.79588317871094
2018-04-25,262.91000366210940,264.13000488281250,260.85000610351560,263.63000488281250,103840900,232.36878967285156
2018-04-26,264.79000854492190,267.25000000000000,264.29000854492190,266.30999755859375,67731900,234.73106384277344
2018-04-27,267.00000000000000,267.33999633789060,265.50000000000000,266.55999755859375,57053600,234.95135498046875
2018-04-30,267.26000976562500,267.89001464843750,264.42999267578125,264.51000976562500,82182300,233.14447021484375
2018-05-01,263.86999511718750,265.10000610351560,262.10998535156250,264.98001098632810,74203400,233.55874633789062
2018-05-02,264.76000976562500,265.67999267578125,262.76000976562500,263.20001220703125,86368900,231.98982238769530
2018-05-03,262.26000976562500,263.35998535156250,259.04998779296875,262.61999511718750,136311500,231.47854614257812
2018-05-04,261.51998901367190,266.79000854492190,261.14999389648440,266.01998901367190,91222100,234.47538757324220
2018-05-07,266.89001464843750,268.01998901367190,266.10998535156250,266.92001342773440,55304900,235.26869201660156
2018-05-08,266.50000000000000,267.32998657226560,265.14999389648440,266.92001342773440,67499200,235.26869201660156
2018-05-09,267.67999267578125,269.86999511718750,267.08999633789060,269.50000000000000,59666100,237.54280090332030
2018-05-10,270.33999633789060,272.39001464843750,270.22000122070310,272.01998901367190,72063900,239.76400756835938
2018-05-11,272.16000366210940,273.14999389648440,271.57998657226560,272.85000610351560,59871500,240.49545288085938
2018-05-14,273.33999633789060,274.07998657226560,272.35998535156250,272.98001098632810,54790600,240.61015319824220
2018-05-15,271.58999633789060,271.60998535156250,270.02999877929690,271.10000610351560,87036100,238.95301818847656
2018-05-16,271.14001464843750,272.76000976562500,271.10998535156250,272.23999023437500,53942600,239.95790100097656
2018-05-17,271.94000244140625,273.23001098632810,271.13000488281250,272.01000976562500,56536400,239.75517272949220
2018-05-18,271.61999511718750,272.02999877929690,270.92999267578125,271.32998657226560,64368000,239.15567016601562
2018-05-21,273.01000976562500,273.98001098632810,272.57000732421875,273.36999511718750,58025900,240.95384216308594
2018-05-22,273.95999145507810,274.25000000000000,272.23999023437500,272.60998535156250,52966400,240.28390502929688
2018-05-23,271.17001342773440,273.39001464843750,270.98999023437500,273.35998535156250,64694200,240.94500732421875
2018-05-24,272.91000366210940,273.22000122070310,270.77999877929690,272.79998779296875,76043800,240.45141601562500
2018-05-25,272.14999389648440,272.85998535156250,271.57998657226560,272.14999389648440,56374800,239.87844848632812
2018-05-29,270.30999755859375,271.17001342773440,267.76000976562500,269.01998901367190,115908600,237.11961364746094
2018-05-30,270.50000000000000,273.10998535156250,270.42001342773440,272.60998535156250,69678400,240.28390502929688
2018-05-31,272.14999389648440,272.48999023437500,270.26000976562500,270.94000244140625,93519900,238.81198120117188
2018-06-01,272.41000366210940,273.94000244140625,272.32998657226560,273.60000610351560,71258400,241.15655517578125
2018-06-04,274.52999877929690,275.19000244140625,274.26000976562500,274.89999389648440,45385200,242.30238342285156
2018-06-05,275.04998779296875,275.52999877929690,274.17999267578125,275.10000610351560,51135000,242.47869873046875
2018-06-06,275.79000854492190,277.51998901367190,275.08999633789060,277.39999389648440,62732200,244.50596618652344
2018-06-07,277.95001220703125,278.27999877929690,276.33999633789060,277.36999511718750,72969400,244.47952270507812
2018-06-08,276.85000610351560,278.25000000000000,276.66000366210940,278.19000244140625,72139700,245.20234680175780
2018-06-11,278.44000244140625,279.36999511718750,278.30999755859375,278.55999755859375,58892500,245.52841186523438
2018-06-12,279.02999877929690,279.32998657226560,278.19000244140625,278.92001342773440,72329000,245.84564208984375
2018-06-13,279.19000244140625,279.48001098632810,277.79998779296875,278.02999877929690,79070600,245.06118774414062
2018-06-14,279.01000976562500,279.32998657226560,278.05999755859375,278.73001098632810,77097600,245.67829895019530
2018-06-15,276.60000610351560,277.51000976562500,275.35000610351560,277.13000488281250,120041600,245.36485290527344
2018-06-18,275.48999023437500,276.70001220703125,274.95001220703125,276.55999755859375,52917600,244.86021423339844
2018-06-19,274.00000000000000,275.75000000000000,273.52999877929690,275.50000000000000,97531500,243.92166137695312
2018-06-20,276.26998901367190,276.72000122070310,275.58999633789060,275.97000122070310,53785500,244.33779907226562
2018-06-21,275.95999145507810,275.98001098632810,273.67999267578125,274.23999023437500,71061400,242.80609130859375
2018-06-22,275.66000366210940,275.79000854492190,274.48999023437500,274.73999023437500,54898500,243.24880981445312
2018-06-25,273.44000244140625,273.61999511718750,269.10000610351560,271.00000000000000,137854200,239.93748474121094
2018-06-26,271.64001464843750,272.55999755859375,270.79000854492190,271.60000610351560,68547400,240.46868896484375
2018-06-27,272.26000976562500,273.86999511718750,269.17999267578125,269.35000610351560,105110700,238.47657775878906
2018-06-28,269.29000854492190,271.75000000000000,268.48999023437500,270.89001464843750,76650500,239.84010314941406
2018-06-29,272.11999511718750,273.66000366210940,271.14999389648440,271.27999877929690,97592500,240.18537902832030
2018-07-02,269.51000976562500,272.04000854492190,269.23999023437500,271.85998535156250,63554800,240.69886779785156
2018-07-03,272.86999511718750,272.98001098632810,270.42001342773440,270.89999389648440,42187100,239.84895324707030
2018-07-05,272.17001342773440,273.17999267578125,270.95999145507810,273.10998535156250,56925900,241.80560302734375
2018-07-06,273.14001464843750,275.83999633789060,272.70999145507810,275.42001342773440,66493700,243.85081481933594
2018-07-09,276.54998779296875,277.95999145507810,276.50000000000000,277.89999389648440,50550400,246.04655456542970
2018-07-10,278.41000366210940,279.01000976562500,278.07998657226560,278.89999389648440,51966800,246.93199157714844
2018-07-11,277.14999389648440,278.04000854492190,276.51998901367190,276.85998535156250,77054700,245.12579345703125
2018-07-12,278.27999877929690,279.42999267578125,277.60000610351560,279.36999511718750,60124700,247.34812927246094
2018-07-13,279.17001342773440,279.92999267578125,278.66000366210940,279.58999633789060,48216000,247.54289245605470
2018-07-16,279.64001464843750,279.79998779296875,278.83999633789060,279.33999633789060,48201000,247.32156372070312
2018-07-17,278.47000122070310,280.91000366210940,278.41000366210940,280.47000122070310,52315500,248.32202148437500
2018-07-18,280.55999755859375,281.17999267578125,280.05999755859375,281.05999755859375,44593500,248.84432983398438
2018-07-19,280.30999755859375,280.73999023437500,279.45999145507810,280.00000000000000,61412100,247.90588378906250
2018-07-20,279.76998901367190,280.48001098632810,279.50000000000000,279.67999267578125,82337700,247.62252807617188
2018-07-23,279.45001220703125,280.42999267578125,279.05999755859375,280.20001220703125,47047600,248.08300781250000
2018-07-24,281.79000854492190,282.55999755859375,280.63000488281250,281.60998535156250,68026900,249.33135986328125
2018-07-25,281.32998657226560,284.36999511718750,281.27999877929690,284.01000976562500,78882900,251.45629882812500
2018-07-26,283.20001220703125,284.10998535156250,283.08999633789060,283.33999633789060,57919500,250.86299133300780
2018-07-27,283.70999145507810,283.82000732421875,280.38000488281250,281.42001342773440,76768700,249.16313171386720
2018-07-30,281.51000976562500,281.69000244140625,279.35998535156250,279.95001220703125,63742500,247.86158752441406
2018-07-31,280.80999755859375,282.01998901367190,280.38000488281250,281.32998657226560,68570500,249.08338928222656
2018-08-01,281.55999755859375,282.13000488281250,280.13000488281250,280.85998535156250,53853300,248.66732788085938
2018-08-02,279.39001464843750,282.57998657226560,279.16000366210940,282.39001464843750,63426400,250.02197265625000
2018-08-03,282.52999877929690,283.66000366210940,282.32998657226560,283.60000610351560,53935400,251.09323120117188
2018-08-06,283.64001464843750,284.98999023437500,283.20001220703125,284.64001464843750,39400900,252.01405334472656
2018-08-07,285.39001464843750,286.01000976562500,285.23999023437500,285.57998657226560,43196600,252.84619140625000
2018-08-08,285.39001464843750,285.91000366210940,284.94000244140625,285.45999145507810,42114600,252.74005126953125
2018-08-09,285.52999877929690,285.97000122070310,284.92001342773440,285.07000732421875,35717000,252.39480590820312
2018-08-10,283.45001220703125,284.05999755859375,282.35998535156250,283.16000366210940,77076000,250.70368957519530
2018-08-13,283.47000122070310,284.16000366210940,281.76998901367190,282.10000610351560,65732900,249.76518249511720
2018-08-14,282.92001342773440,284.17001342773440,282.48001098632810,283.89999389648440,43842000,251.35887145996094
2018-08-15,282.38000488281250,282.54000854492190,280.16000366210940,281.77999877929690,102925400,249.48184204101562
2018-08-16,283.39999389648440,285.04000854492190,283.35998535156250,284.05999755859375,69967900,251.50044250488280
2018-08-17,283.82998657226560,285.55999755859375,283.36999511718750,285.05999755859375,65618500,252.38587951660156
2018-08-20,285.57000732421875,285.97000122070310,285.05999755859375,285.67001342773440,39807500,252.92593383789062
2018-08-21,286.25000000000000,287.30999755859375,285.70999145507810,286.33999633789060,67272000,253.51916503906250
2018-08-22,285.88000488281250,286.76000976562500,285.57998657226560,286.17001342773440,44993300,253.36866760253906
2018-08-23,285.97000122070310,286.94000244140625,285.42999267578125,285.79000854492190,49204900,253.03216552734375
2018-08-24,286.44000244140625,287.67001342773440,286.38000488281250,287.51000976562500,57487400,254.55516052246094
2018-08-27,288.85998535156250,289.89999389648440,288.67999267578125,289.77999877929690,57072400,256.56494140625000
2018-08-28,290.29998779296875,290.42001342773440,289.39999389648440,289.92001342773440,46943500,256.68878173828125
2018-08-29,290.16000366210940,291.73999023437500,289.89001464843750,291.48001098632810,61485500,258.07006835937500
2018-08-30,290.94000244140625,291.35998535156250,289.63000488281250,290.29998779296875,61229500,257.02532958984375
2018-08-31,289.83999633789060,290.80999755859375,289.29000854492190,290.30999755859375,66140800,257.03414916992190
2018-09-04,289.83999633789060,290.20999145507810,288.67999267578125,289.80999755859375,57594400,256.59143066406250
2018-09-05,289.41000366210940,289.64001464843750,287.89001464843750,289.02999877929690,72452400,255.90077209472656
2018-09-06,289.14999389648440,289.48999023437500,287.00000000000000,288.16000366210940,65909900,255.13061523437500
2018-09-07,286.98001098632810,288.70001220703125,286.70999145507810,287.60000610351560,73524800,254.63475036621094
2018-09-10,288.73999023437500,289.04000854492190,287.88000488281250,288.10000610351560,50210900,255.07736206054688
2018-09-11,287.36999511718750,289.54998779296875,286.98001098632810,289.04998779296875,50530500,255.91854858398438
2018-09-12,289.05999755859375,289.79998779296875,288.23001098632810,289.11999511718750,59810800,255.98060607910156
2018-09-13,290.32000732421875,291.04000854492190,290.00000000000000,290.82998657226560,51034200,257.49444580078125
2018-09-14,291.05999755859375,291.26998901367190,290.00000000000000,290.88000488281250,55079900,257.53884887695310
2018-09-17,290.82000732421875,290.85998535156250,289.02999877929690,289.33999633789060,68244000,256.17532348632810
2018-09-18,289.57998657226560,291.57998657226560,289.54998779296875,290.91000366210940,61930400,257.56533813476560
2018-09-19,290.97000122070310,291.69000244140625,290.82998657226560,291.22000122070310,49080600,257.83987426757810
2018-09-20,292.64001464843750,293.94000244140625,291.23999023437500,293.57998657226560,100360600,259.92926025390625
2018-09-21,293.08999633789060,293.22000122070310,291.80999755859375,291.98999023437500,105479700,259.69180297851560
2018-09-24,291.33999633789060,291.50000000000000,290.36999511718750,291.01998901367190,53409600,258.82907104492190
2018-09-25,291.52999877929690,291.64999389648440,290.48001098632810,290.75000000000000,44370000,258.58901977539060
2018-09-26,290.91000366210940,292.23999023437500,289.41000366210940,289.88000488281250,79739700,257.81518554687500
2018-09-27,290.41000366210940,291.91000366210940,290.10000610351560,290.69000244140625,59249500,258.53558349609375
2018-09-28,289.98999023437500,291.27999877929690,289.95001220703125,290.72000122070310,70091400,258.56225585937500
2018-10-01,292.10998535156250,292.92999267578125,290.98001098632810,291.73001098632810,62078900,259.46057128906250
2018-10-02,291.55999755859375,292.35998535156250,291.14001464843750,291.55999755859375,47258200,259.30938720703125
2018-10-03,292.73999023437500,293.20999145507810,291.32000732421875,291.72000122070310,64694600,259.45166015625000
2018-10-04,291.17999267578125,291.23999023437500,287.66000366210940,289.44000244140625,111545900,257.42391967773440
2018-10-05,289.69000244140625,290.26998901367190,286.22000122070310,287.82000732421875,105951700,255.98315429687500
2018-10-08,287.04998779296875,288.22000122070310,285.50000000000000,287.82000732421875,87742200,255.98315429687500
2018-10-09,287.39001464843750,288.85998535156250,286.76998901367190,287.39999389648440,74339000,255.60942077636720
2018-10-10,286.82998657226560,286.91000366210940,277.88000488281250,278.29998779296875,214731000,247.51615905761720
2018-10-11,277.07998657226560,278.89999389648440,270.35998535156250,272.17001342773440,274840500,242.06416320800780
2018-10-12,276.76998901367190,277.08999633789060,272.36999511718750,275.95001220703125,183186500,245.42616271972656
2018-10-15,275.54998779296875,277.04000854492190,274.29998779296875,274.39999389648440,102263700,244.04753112792970
2018-10-16,276.60000610351560,280.82000732421875,276.07000732421875,280.39999389648440,118255800,249.38388061523438
2018-10-17,280.44000244140625,281.14999389648440,277.55999755859375,280.45001220703125,110626000,249.42840576171875
2018-10-18,279.39999389648440,280.07000732421875,274.97000122070310,276.39999389648440,134557500,245.82633972167970
2018-10-19,277.13000488281250,279.29998779296875,275.47000122070310,276.25000000000000,139901600,245.69290161132812
2018-10-22,277.00000000000000,277.35998535156250,274.41000366210940,275.01000976562500,82415800,244.59008789062500
2018-10-23,270.95001220703125,274.86999511718750,268.60998535156250,273.60998535156250,146352700,243.34487915039062
2018-10-24,273.32998657226560,273.76000976562500,264.70001220703125,265.32000732421875,177806700,235.97196960449220
2018-10-25,267.38000488281250,271.80999755859375,266.23001098632810,270.07998657226560,138061500,240.20544433593750
2018-10-26,265.92001342773440,271.00000000000000,262.29000854492190,265.32998657226560,201574600,235.98080444335938
2018-10-29,268.79998779296875,270.25000000000000,259.85000610351560,263.85998535156250,160749100,234.67341613769530
2018-10-30,263.67001342773440,268.11999511718750,263.11999511718750,267.76998901367190,157116000,238.15087890625000
2018-10-31,270.64999389648440,273.23001098632810,270.11999511718750,270.63000488281250,128296300,240.69453430175780
2018-11-01,271.60000610351560,273.73001098632810,270.38000488281250,273.51000976562500,99495000,243.25601196289062
2018-11-02,274.75000000000000,275.23001098632810,269.58999633789060,271.89001464843750,122634100,241.81523132324220
2018-11-05,272.44000244140625,274.01000976562500,271.35000610351560,273.39001464843750,65622500,243.14926147460938
2018-11-06,273.32000732421875,275.29998779296875,273.25000000000000,275.11999511718750,60085900,244.68786621093750
2018-11-07,277.55999755859375,281.10000610351560,277.07998657226560,281.01000976562500,102752100,249.92639160156250
2018-11-08,280.10998535156250,281.22000122070310,279.22000122070310,280.50000000000000,65584900,249.47283935546875
2018-11-09,279.02999877929690,279.23999023437500,276.17999267578125,277.76000976562500,98812600,247.03587341308594
2018-11-12,277.19000244140625,277.45999145507810,271.98999023437500,272.57000732421875,99673600,242.41989135742188
2018-11-13,273.08999633789060,275.32998657226560,271.25000000000000,272.05999755859375,98176600,241.96632385253906
2018-11-14,274.16000366210940,274.60998535156250,268.45001220703125,270.20001220703125,125335900,240.31214904785156
2018-11-15,268.77999877929690,273.54000854492190,267.01000976562500,273.01998901367190,135101400,242.82023620605470
2018-11-16,271.79000854492190,274.75000000000000,271.20999145507810,273.73001098632810,126668000,243.45161437988280
2018-11-19,273.04998779296875,273.38000488281250,268.07000732421875,269.10000610351560,103061700,239.33381652832030
2018-11-20,265.35998535156250,267.00000000000000,263.14999389648440,264.11999511718750,136021300,234.90464782714844
2018-11-21,265.85998535156250,267.14999389648440,265.01000976562500,265.01998901367190,75563700,235.70506286621094
2018-11-23,263.17999267578125,264.82000732421875,263.07000732421875,263.25000000000000,42807900,234.13088989257812
2018-11-26,265.77999877929690,267.75000000000000,265.33999633789060,267.50000000000000,79981400,237.91075134277344
2018-11-27,266.33999633789060,268.39999389648440,265.66000366210940,268.39999389648440,75502400,238.71124267578125
2018-11-28,269.60000610351560,274.57998657226560,268.32998657226560,274.57998657226560,127629600,244.20761108398438
2018-11-29,273.70999145507810,275.54998779296875,272.42999267578125,273.98001098632810,82346400,243.67402648925780
2018-11-30,273.80999755859375,276.27999877929690,273.45001220703125,275.64999389648440,98204200,245.15924072265625
2018-12-03,280.27999877929690,280.39999389648440,277.51000976562500,279.29998779296875,103176300,248.40559387207030
2018-12-04,278.36999511718750,278.85000610351560,269.89999389648440,270.25000000000000,177986000,240.35649108886720
2018-12-06,265.92001342773440,269.97000122070310,262.44000244140625,269.83999633789060,204185400,239.99197387695312
2018-12-07,269.45999145507810,271.22000122070310,262.63000488281250,263.57000732421875,161018900,234.41545104980470
2018-12-10,263.36999511718750,265.16000366210940,258.61999511718750,264.07000732421875,151445900,234.86012268066406
2018-12-11,267.66000366210940,267.86999511718750,262.48001098632810,264.13000488281250,121504400,234.91352844238280
2018-12-12,267.47000122070310,269.00000000000000,265.36999511718750,265.45999145507810,97976700,236.09642028808594
2018-12-13,266.51998901367190,267.48999023437500,264.11999511718750,265.36999511718750,96662700,236.01635742187500
2018-12-14,262.95999145507810,264.02999877929690,259.85000610351560,260.47000122070310,116961100,231.65837097167970
2018-12-17,259.39999389648440,260.64999389648440,253.52999877929688,255.36000061035156,165492300,227.11358642578125
2018-12-18,257.20001220703125,257.95001220703125,253.27999877929688,255.08000183105470,134515100,226.86460876464844
2018-12-19,255.16999816894530,259.39999389648440,249.35000610351562,251.25999450683594,214992800,223.46711730957030
2018-12-20,249.86000061035156,251.61999511718750,244.64999389648438,247.16999816894530,252053400,219.82952880859375
2018-12-21,246.74000549316406,249.71000671386720,239.97999572753906,240.69999694824220,255345600,215.32530212402344
2018-12-24,239.03999328613280,240.83999633789062,234.27000427246094,234.33999633789062,147311600,209.63581848144530
2018-12-26,235.97000122070312,246.17999267578125,233.75999450683594,246.17999267578125,218485400,220.22763061523438
2018-12-27,242.57000732421875,248.28999328613280,238.96000671386720,248.07000732421875,186267300,221.91841125488280
2018-12-28,249.58000183105470,251.39999389648438,246.44999694824220,247.75000000000000,153100200,221.63209533691406
2018-12-31,249.55999755859375,250.19000244140625,247.47000122070312,249.91999816894530,144299400,223.57336425781250
2019-01-02,245.97999572753906,251.21000671386720,245.94999694824220,250.17999267578125,126925200,223.80595397949220
2019-01-03,248.22999572753906,248.57000732421875,243.66999816894530,244.21000671386720,144140700,218.46531677246094
2019-01-04,247.58999633789062,253.11000061035156,247.16999816894530,252.38999938964844,142628800,225.78298950195312
2019-01-07,252.69000244140625,255.94999694824220,251.69000244140625,254.38000488281250,103139100,227.56317138671875
2019-01-08,256.82000732421875,257.30999755859375,254.00000000000000,256.76998901367190,102512600,229.70123291015625
2019-01-09,257.55999755859375,258.91000366210940,256.19000244140625,257.97000122070310,95006600,230.77471923828125
2019-01-10,256.26000976562500,259.16000366210940,255.50000000000000,258.88000488281250,96823900,231.58879089355470
2019-01-11,257.67999267578125,259.01000976562500,257.02999877929690,258.98001098632810,73858100,231.67825317382812
2019-01-14,256.85998535156250,258.29998779296875,256.41000366210940,257.39999389648440,70908200,230.26484680175780
2019-01-15,257.82000732421875,260.70001220703125,257.80999755859375,260.35000610351560,85208300,232.90380859375000
2019-01-16,260.82998657226560,261.97000122070310,260.60000610351560,260.98001098632810,77636700,233.46739196777344
2019-01-17,260.01000976562500,263.92001342773440,259.95999145507810,262.95999145507810,96118400,235.23869323730470
2019-01-18,264.98001098632810,266.98001098632810,263.00000000000000,266.45999145507810,127900300,238.36972045898438
2019-01-22,264.82000732421875,265.05999755859375,261.05999755859375,262.85998535156250,115531200,235.14921569824220
2019-01-23,264.01000976562500,264.79000854492190,260.66000366210940,263.41000366210940,86030300,235.64122009277344
2019-01-24,263.20999145507810,264.20001220703125,262.07998657226560,263.54998779296875,59204100,235.76649475097656
2019-01-25,265.60998535156250,266.70001220703125,263.66000366210940,265.77999877929690,96883400,237.76144409179688
2019-01-28,263.39001464843750,263.82998657226560,261.79000854492190,263.76000976562500,85613700,235.95434570312500
2019-01-29,263.92001342773440,264.54998779296875,262.48001098632810,263.41000366210940,66136300,235.64122009277344
2019-01-30,265.10000610351560,268.51998901367190,264.25000000000000,267.57998657226560,92473700,239.37165832519530
2019-01-31,267.51000976562500,270.47000122070310,267.26998901367190,269.92999267578125,104012100,241.47390747070312
2019-02-01,270.14999389648440,271.20001220703125,269.17999267578125,270.05999755859375,85782500,241.59020996093750
2019-02-04,270.10998535156250,272.02999877929690,269.35998535156250,271.95999145507810,60744800,243.28991699218750
2019-02-05,272.44000244140625,273.44000244140625,271.88000488281250,273.10000610351560,79552800,244.30969238281250
2019-02-06,272.79000854492190,273.33999633789060,271.92001342773440,272.73999023437500,58347800,243.98768615722656
2019-02-07,270.94000244140625,271.54998779296875,268.29000854492190,270.14001464843750,95482000,241.66178894042970
2019-02-08,268.75000000000000,270.57998657226560,267.82998657226560,270.47000122070310,75788900,241.95703125000000
2019-02-11,271.20001220703125,271.48999023437500,270.02999877929690,270.61999511718750,68021400,242.09117126464844
2019-02-12,272.42001342773440,274.51998901367190,272.33999633789060,274.10000610351560,72270200,245.20434570312500
2019-02-13,275.02999877929690,275.92999267578125,274.55999755859375,274.98999023437500,65277200,246.00041198730470
2019-02-14,273.77999877929690,275.64001464843750,272.86999511718750,274.38000488281250,83234400,245.45471191406250
2019-02-15,276.35998535156250,277.41000366210940,276.13000488281250,277.36999511718750,97088700,248.12956237792970
2019-02-19,276.48001098632810,278.57998657226560,276.47000122070310,277.85000610351560,59120800,248.55895996093750
2019-02-20,277.80999755859375,278.92001342773440,277.25000000000000,278.41000366210940,76610800,249.05993652343750
2019-02-21,277.70001220703125,278.10000610351560,276.35000610351560,277.42001342773440,64214700,248.17424011230470
2019-02-22,278.10998535156250,279.35998535156250,277.39999389648440,279.14001464843750,78114600,249.71301269531250
2019-02-25,280.73001098632810,281.30999755859375,279.42999267578125,279.51998901367190,69030700,250.05288696289062
2019-02-26,279.13000488281250,280.29998779296875,278.89999389648440,279.32000732421875,56844100,249.87396240234375
2019-02-27,278.51998901367190,279.58999633789060,277.48001098632810,279.20001220703125,56921600,249.76657104492188
2019-02-28,278.95999145507810,279.45001220703125,278.32000732421875,278.67999267578125,69268300,249.30151367187500
2019-03-01,280.44000244140625,280.88000488281250,278.82000732421875,280.42001342773440,78880500,250.85800170898438
2019-03-04,281.60000610351560,281.86999511718750,276.83999633789060,279.39999389648440,106494600,249.94554138183594
2019-03-05,279.54000854492190,279.76000976562500,278.41000366210940,279.01998901367190,59114600,249.60563659667970
2019-03-06,279.14999389648440,279.16000366210940,276.97000122070310,277.32998657226560,75039800,248.09384155273438
2019-03-07,276.82998657226560,276.98999023437500,274.07000732421875,275.01000976562500,94885100,246.01840209960938
2019-03-08,272.94000244140625,274.64999389648440,272.42001342773440,274.45999145507810,85795800,245.52635192871094
2019-03-11,275.26000976562500,278.61999511718750,275.23001098632810,278.44000244140625,65098900,249.08679199218750
2019-03-12,279.05999755859375,280.07000732421875,278.85000610351560,279.48999023437500,79667500,250.02607727050780
2019-03-13,280.48001098632810,282.38000488281250,280.29998779296875,281.33999633789060,80639200,251.68103027343750
2019-03-14,281.36999511718750,281.83999633789060,280.67001342773440,281.16000366210940,67518400,251.52011108398438
2019-03-15,280.54000854492190,282.20999145507810,280.32998657226560,281.30999755859375,81309000,252.76271057128906
2019-03-18,281.54998779296875,282.66000366210940,281.29998779296875,282.32998657226560,62199800,253.67916870117188
2019-03-19,283.51000976562500,284.35998535156250,281.41000366210940,282.39999389648440,90268100,253.74212646484375
2019-03-20,282.16000366210940,283.50000000000000,280.32000732421875,281.54998779296875,84609200,252.97833251953125
2019-03-21,280.64001464843750,285.17999267578125,280.58999633789060,284.73001098632810,79550400,255.83570861816406
2019-03-22,283.22000122070310,283.79998779296875,279.17999267578125,279.25000000000000,122659300,250.91172790527344
2019-03-25,278.86999511718750,280.19000244140625,277.64001464843750,279.04000854492190,85575200,250.72308349609375
2019-03-26,280.98999023437500,282.17999267578125,279.55999755859375,281.11999511718750,68125900,252.59207153320312
2019-03-27,281.10998535156250,281.76000976562500,277.92999267578125,279.64999389648440,72224700,251.27113342285156
2019-03-28,280.35000610351560,281.20999145507810,279.07000732421875,280.70999145507810,56238500,252.22351074218750
2019-03-29,282.39001464843750,282.83999633789060,281.14001464843750,282.48001098632810,82186800,253.81394958496094
2019-04-01,284.70001220703125,286.16000366210940,284.39999389648440,285.82998657226560,77617900,256.82403564453125
2019-04-02,286.04000854492190,286.23001098632810,285.08999633789060,285.97000122070310,40070400,256.94976806640625
2019-04-03,287.32000732421875,287.76000976562500,285.75000000000000,286.42001342773440,68243200,257.35415649414060
2019-04-04,286.77999877929690,287.45999145507810,286.01000976562500,287.17999267578125,48997500,258.03707885742190
2019-04-05,287.92001342773440,288.63000488281250,287.60000610351560,288.57000732421875,58621700,259.28601074218750
2019-04-08,288.10000610351560,288.91000366210940,287.36999511718750,288.79000854492190,53566300,259.48352050781250
2019-04-09,287.72000122070310,288.07998657226560,286.70001220703125,287.30999755859375,66142300,258.15383911132810
2019-04-10,287.76998901367190,288.39001464843750,287.30999755859375,288.29000854492190,52601500,259.03430175781250
2019-04-11,288.82998657226560,288.83999633789060,287.57998657226560,288.20999145507810,55093100,258.96246337890625
2019-04-12,290.00000000000000,290.47000122070310,288.26000976562500,290.16000366210940,69727800,260.71466064453125
2019-04-15,290.23999023437500,290.35000610351560,289.07998657226560,289.97000122070310,49596700,260.54385375976560
2019-04-16,290.95001220703125,291.01000976562500,289.50000000000000,290.16000366210940,52153200,260.71466064453125
2019-04-17,291.39999389648440,291.42999267578125,288.98999023437500,289.45001220703125,58268300,260.07662963867190
2019-04-18,290.10000610351560,290.32000732421875,288.66000366210940,290.01998901367190,68708500,260.58874511718750
2019-04-22,289.17001342773440,290.44000244140625,289.07000732421875,290.26998901367190,40160100,260.81344604492190
2019-04-23,290.67999267578125,293.14001464843750,290.42001342773440,292.88000488281250,52246600,263.15856933593750
2019-04-24,292.79000854492190,293.16000366210940,292.07000732421875,292.23001098632810,50392900,262.57452392578125
2019-04-25,292.11999511718750,292.77999877929690,290.73001098632810,292.04998779296875,57770900,262.41284179687500
2019-04-26,292.10000610351560,293.48999023437500,291.23999023437500,293.41000366210940,50916400,263.63476562500000
2019-04-29,293.51000976562500,294.45001220703125,293.41000366210940,293.86999511718750,57197700,264.04815673828125
2019-04-30,293.48999023437500,294.33999633789060,291.92001342773440,294.01998901367190,81111700,264.18292236328125
2019-05-01,294.72000122070310,294.95001220703125,291.79998779296875,291.80999755859375,71671900,262.19717407226560
2019-05-02,291.67999267578125,292.70001220703125,289.51998901367190,291.17999267578125,65030200,261.63113403320310
2019-05-03,292.82000732421875,294.33999633789060,291.29998779296875,294.02999877929690,56543700,264.19180297851560
2019-05-06,289.25000000000000,293.30999755859375,288.89999389648440,292.82000732421875,107198100,263.10470581054690
2019-05-07,290.14999389648440,290.80999755859375,285.80999755859375,287.92999267578125,144729900,258.71087646484375
2019-05-08,287.52999877929690,289.42999267578125,286.86999511718750,287.52999877929690,91568300,258.35147094726560
2019-05-09,285.23001098632810,287.32998657226560,283.29998779296875,286.66000366210940,103471100,257.56982421875000
2019-05-10,285.61999511718750,288.94000244140625,282.29998779296875,288.10000610351560,112429300,258.86358642578125
2019-05-13,282.42001342773440,283.48999023437500,279.92999267578125,280.85998535156250,127290500,252.35842895507812
2019-05-14,281.98999023437500,285.10000610351560,281.85000610351560,283.39999389648440,77003200,254.64056396484375
2019-05-15,281.58999633789060,285.76998901367190,281.35998535156250,285.05999755859375,73956400,256.13211059570310
2019-05-16,285.83999633789060,289.20999145507810,285.76000976562500,287.70001220703125,76749600,258.50424194335940
2019-05-17,285.14001464843750,288.60000610351560,285.11999511718750,285.83999633789060,100353000,256.83300781250000
2019-05-20,284.05999755859375,285.95999145507810,283.11999511718750,283.95001220703125,62877600,255.13475036621094
2019-05-21,285.82998657226560,286.92999267578125,285.54998779296875,286.51000976562500,46847100,257.43496704101560
2019-05-22,285.45001220703125,286.69000244140625,285.10000610351560,285.63000488281250,49482500,256.64428710937500
2019-05-23,283.16000366210940,283.20999145507810,280.57000732421875,282.14001464843750,98733800,253.50837707519530
2019-05-24,283.73999023437500,284.20001220703125,282.08999633789060,282.77999877929690,55268100,254.08348083496094
2019-05-28,283.08999633789060,284.14999389648440,280.13000488281250,280.14999389648440,70029400,251.72041320800780
2019-05-29,278.91000366210940,279.35998535156250,276.70999145507810,278.26998901367190,104972900,250.03120422363280
2019-05-30,279.10998535156250,280.04000854492190,277.80999755859375,279.02999877929690,62523800,250.71397399902344
2019-05-31,276.20001220703125,277.11999511718750,275.23999023437500,275.26998901367190,86862800,247.33561706542970
2019-06-03,275.30999755859375,276.54998779296875,273.08999633789060,274.57000732421875,96428000,246.70668029785156
2019-06-04,277.11999511718750,280.67999267578125,276.61999511718750,280.52999877929690,77231900,252.06188964843750
2019-06-05,282.32998657226560,282.98999023437500,280.32000732421875,282.95999145507810,71169700,254.24530029296875
2019-06-06,283.29000854492190,285.54998779296875,282.57000732421875,284.79998779296875,69430400,255.89843750000000
2019-06-07,285.92999267578125,288.85000610351560,285.73999023437500,287.64999389648440,74272200,258.45925903320310
2019-06-10,289.36999511718750,290.82000732421875,288.86999511718750,288.97000122070310,60799100,259.64541625976560
2019-06-11,290.98999023437500,291.39999389648440,288.17999267578125,288.89999389648440,58641300,259.58245849609375
2019-06-12,288.64001464843750,289.26000976562500,287.82000732421875,288.39001464843750,47096300,259.12417602539060
2019-06-13,289.39999389648440,289.98001098632810,288.61999511718750,289.57998657226560,48945200,260.19348144531250
2019-06-14,289.26000976562500,289.92999267578125,288.41000366210940,289.26000976562500,52324700,259.90594482421875
2019-06-17,289.51998901367190,290.22000122070310,289.17999267578125,289.36999511718750,39205700,260.00479125976560
2019-06-18,291.39001464843750,293.57000732421875,290.98999023437500,292.39999389648440,85434800,262.72732543945310
2019-06-19,292.54998779296875,293.64999389648440,291.47000122070310,293.05999755859375,78674400,263.32031250000000
2019-06-20,296.04000854492190,296.30999755859375,293.13000488281250,295.85998535156250,116570000,265.83615112304690
2019-06-21,294.13000488281250,295.51998901367190,293.76000976562500,294.00000000000000,83309500,265.44976806640625
2019-06-24,294.23001098632810,294.57998657226560,293.47000122070310,293.64001464843750,47582700,265.12469482421875
2019-06-25,293.70001220703125,293.73001098632810,290.64001464843750,290.76000976562500,82028700,262.52435302734375
2019-06-26,291.75000000000000,292.30999755859375,290.35000610351560,290.47000122070310,51584900,262.26257324218750
2019-06-27,291.30999755859375,292.05999755859375,290.89001464843750,291.50000000000000,40355200,263.19253540039060
2019-06-28,292.57998657226560,293.54998779296875,292.01000976562500,293.00000000000000,59350900,264.54681396484375
2019-07-01,296.67999267578125,296.92001342773440,294.32998657226560,295.66000366210940,78705600,266.94851684570310
2019-07-02,295.60998535156250,296.48999023437500,294.67999267578125,296.42999267578125,61504500,267.64370727539060
2019-07-03,297.17999267578125,298.82000732421875,297.01998901367190,298.79998779296875,40898900,269.78369140625000
2019-07-05,297.44000244140625,298.64001464843750,296.01000976562500,298.45999145507810,51677300,269.47668457031250
2019-07-08,297.01000976562500,298.26000976562500,296.22000122070310,296.82000732421875,45841800,267.99588012695310
2019-07-09,295.54000854492190,297.51998901367190,295.48001098632810,297.19000244140625,41101300,268.32998657226560
2019-07-10,298.36999511718750,299.66000366210940,297.77999877929690,298.60998535156250,58448500,269.61212158203125
2019-07-11,299.32000732421875,299.57998657226560,298.20001220703125,299.30999755859375,50826100,270.24407958984375
2019-07-12,299.85000610351560,300.73001098632810,299.51000976562500,300.64999389648440,40326000,271.45397949218750
2019-07-15,301.13000488281250,301.13000488281250,300.19000244140625,300.75000000000000,33900000,271.54428100585940
2019-07-16,300.64999389648440,300.88000488281250,299.44000244140625,299.77999877929690,36650100,270.66842651367190
2019-07-17,299.75000000000000,299.92999267578125,297.73999023437500,297.73999023437500,36036300,268.82650756835940
2019-07-18,297.19000244140625,299.25000000000000,296.70001220703125,298.82998657226560,51392600,269.81066894531250
2019-07-19,300.04000854492190,300.07000732421875,296.98001098632810,297.17001342773440,58678600,268.31182861328125
2019-07-22,297.60998535156250,298.50000000000000,297.04000854492190,297.89999389648440,43638100,268.97094726562500
2019-07-23,299.14001464843750,300.02999877929690,298.22000122070310,300.02999877929690,44564500,270.89416503906250
2019-07-24,299.19000244140625,301.44000244140625,299.08999633789060,301.44000244140625,47213200,272.16726684570310
2019-07-25,300.94000244140625,301.00000000000000,299.10998535156250,300.00000000000000,55394100,270.86709594726560
2019-07-26,300.76000976562500,302.23001098632810,300.61999511718750,302.01000976562500,45084100,272.68182373046875
2019-07-29,301.88000488281250,302.01000976562500,300.85000610351560,301.45999145507810,38126500,272.18524169921875
2019-07-30,299.91000366210940,301.17001342773440,299.48999023437500,300.72000122070310,45849000,271.51708984375000
2019-07-31,300.98999023437500,301.20001220703125,295.20001220703125,297.42999267578125,104245200,268.54669189453125
2019-08-01,297.60000610351560,300.86999511718750,293.95999145507810,294.83999633789060,142646600,266.20819091796875
2019-08-02,293.85000610351560,294.11999511718750,290.89999389648440,292.61999511718750,116749700,264.20373535156250
2019-08-05,288.08999633789060,288.20999145507810,281.72000122070310,283.82000732421875,178745400,256.25827026367190
2019-08-06,285.91000366210940,288.04000854492190,284.27999877929690,287.79998779296875,120711700,259.85180664062500
2019-08-07,284.39999389648440,288.82000732421875,282.04000854492190,287.97000122070310,140572300,260.00531005859375
2019-08-08,289.61999511718750,293.61999511718750,289.01000976562500,293.61999511718750,87713900,265.10662841796875
2019-08-09,292.57998657226560,293.23999023437500,289.64999389648440,291.61999511718750,93730000,263.30087280273440
2019-08-12,289.95999145507810,291.60998535156250,287.01998901367190,288.07000732421875,65527600,260.09558105468750
2019-08-13,287.73999023437500,294.14999389648440,287.35998535156250,292.54998779296875,94299800,264.14059448242190
2019-08-14,288.07000732421875,288.73999023437500,283.76000976562500,283.89999389648440,135622100,256.33053588867190
2019-08-15,284.88000488281250,285.64001464843750,282.39001464843750,284.64999389648440,99556600,257.00765991210940
2019-08-16,286.48001098632810,289.32998657226560,284.70999145507810,288.85000610351560,83018300,260.79983520507810
2019-08-19,292.19000244140625,293.07998657226560,291.44000244140625,292.32998657226560,53571800,263.94189453125000
2019-08-20,291.76998901367190,292.35998535156250,289.95001220703125,290.08999633789060,51596400,261.91940307617190
2019-08-21,292.48001098632810,292.85998535156250,291.72000122070310,292.45001220703125,49524700,264.05032348632810
2019-08-22,293.23001098632810,293.92999267578125,290.39999389648440,292.35998535156250,51666400,263.96899414062500
2019-08-23,290.92001342773440,292.76000976562500,283.47000122070310,284.85000610351560,149161500,257.18826293945310
2019-08-26,287.26998901367190,288.00000000000000,285.57998657226560,288.00000000000000,72423800,260.03240966796875
2019-08-27,289.54000854492190,289.95001220703125,286.02999877929690,286.86999511718750,66668900,259.01211547851560
2019-08-28,286.14001464843750,289.07000732421875,285.25000000000000,288.89001464843750,59696700,260.83599853515625
2019-08-29,291.72000122070310,293.16000366210940,290.60998535156250,292.57998657226560,57899400,264.16754150390625
2019-08-30,294.22000122070310,294.23999023437500,291.42001342773440,292.45001220703125,62901200,264.05032348632810
2019-09-03,290.57000732421875,291.57998657226560,289.26998901367190,290.73999023437500,69101400,262.50634765625000
2019-09-04,293.14001464843750,294.05999755859375,292.30999755859375,294.04000854492190,46887300,265.48583984375000
2019-09-05,296.79000854492190,298.82998657226560,294.00000000000000,297.82000732421875,83258100,268.89883422851560
2019-09-06,298.17001342773440,298.76000976562500,297.42001342773440,298.04998779296875,49584300,269.10644531250000
2019-09-09,299.14001464843750,299.23999023437500,297.16000366210940,298.20001220703125,51260300,269.24191284179690
2019-09-10,297.35998535156250,298.20001220703125,295.97000122070310,298.13000488281250,57947100,269.17864990234375
2019-09-11,298.47000122070310,300.33999633789060,297.75000000000000,300.25000000000000,68821100,271.09283447265625
2019-09-12,301.25000000000000,302.45999145507810,300.41000366210940,301.29000854492190,72908700,272.03170776367190
2019-09-13,301.77999877929690,302.17001342773440,300.67999267578125,301.08999633789060,62104800,271.85116577148440
2019-09-16,299.83999633789060,301.14001464843750,299.45001220703125,300.16000366210940,58191200,271.01159667968750
2019-09-17,299.94000244140625,301.01998901367190,299.75000000000000,300.92001342773440,41475500,271.69775390625000
2019-09-18,300.48999023437500,301.22000122070310,298.23999023437500,301.10000610351560,73375800,271.86026000976560
2019-09-19,301.52999877929690,302.63000488281250,300.70999145507810,301.07998657226560,76560500,271.84213256835940
2019-09-20,300.35998535156250,300.67001342773440,297.41000366210940,298.27999877929690,89565000,270.55770874023440
2019-09-23,297.54998779296875,299.00000000000000,297.26998901367190,298.20999145507810,43476800,270.49426269531250
2019-09-24,299.41000366210940,299.83999633789060,294.80999755859375,295.86999511718750,94869400,268.37173461914060
2019-09-25,295.95999145507810,298.10998535156250,294.32998657226560,297.61999511718750,71854000,269.95913696289060
2019-09-26,297.63000488281250,297.85998535156250,295.45001220703125,297.00000000000000,56179700,269.39675903320310
2019-09-27,297.82998657226560,297.95001220703125,293.69000244140625,295.39999389648440,84746600,267.94543457031250
2019-09-30,295.97000122070310,297.54998779296875,295.92001342773440,296.76998901367190,51662400,269.18807983398440
2019-10-01,297.73999023437500,298.45999145507810,293.00000000000000,293.23999023437500,88242400,265.98614501953125
2019-10-02,291.50000000000000,291.51000976562500,286.64001464843750,288.05999755859375,122539500,261.28762817382810
2019-10-03,287.80999755859375,290.45001220703125,284.82000732421875,290.42001342773440,85278800,263.42825317382810
2019-10-04,291.14001464843750,294.63000488281250,291.07998657226560,294.35000610351560,65091200,266.99313354492190
2019-10-07,293.47000122070310,295.26000976562500,292.76998901367190,293.07998657226560,59610500,265.84118652343750
2019-10-08,291.04000854492190,291.85000610351560,288.48999023437500,288.52999877929690,95708100,261.71395874023440
2019-10-09,290.75000000000000,292.29998779296875,290.05999755859375,291.26998901367190,62359400,264.19931030273440
2019-10-10,291.17999267578125,294.20999145507810,291.00000000000000,293.23999023437500,55296300,265.98614501953125
2019-10-11,296.26998901367190,298.73999023437500,296.14001464843750,296.27999877929690,98720400,268.74362182617190
2019-10-14,295.92999267578125,296.67001342773440,295.57000732421875,295.95001220703125,40394800,268.44433593750000
2019-10-15,297.10000610351560,299.70001220703125,296.97000122070310,298.88000488281250,46754500,271.10195922851560
2019-10-16,298.36999511718750,299.16000366210940,297.92001342773440,298.39999389648440,48928200,270.66656494140625
2019-10-17,299.67999267578125,300.23999023437500,298.51998901367190,299.27999877929690,45736600,271.46484375000000
2019-10-18,298.69000244140625,299.39999389648440,297.02999877929690,297.97000122070310,64304000,270.27664184570310
2019-10-21,299.42001342773440,300.20999145507810,298.94000244140625,299.98999023437500,39048600,272.10879516601560
2019-10-22,300.57998657226560,300.89999389648440,298.91000366210940,299.01000976562500,48594700,271.21994018554690
2019-10-23,298.73001098632810,299.94000244140625,298.50000000000000,299.88000488281250,34352200,272.00912475585940
2019-10-24,300.91000366210940,301.07000732421875,299.45999145507810,300.36999511718750,35453100,272.45358276367190
2019-10-25,299.73999023437500,302.20001220703125,299.67999267578125,301.60000610351560,45205400,273.56924438476560
2019-10-28,302.94000244140625,303.85000610351560,302.91000366210940,303.29998779296875,42147000,275.11123657226560
2019-10-29,303.00000000000000,304.23001098632810,302.85998535156250,303.20999145507810,44284900,275.02954101562500
2019-10-30,303.42999267578125,304.54998779296875,301.98999023437500,304.14001464843750,49643900,275.87316894531250
2019-10-31,304.13000488281250,304.13000488281250,301.73001098632810,303.32998657226560,69053800,275.13839721679690
2019-11-01,304.92001342773440,306.19000244140625,304.73999023437500,306.14001464843750,71141500,277.68725585937500
2019-11-04,307.85000610351560,308.00000000000000,306.95999145507810,307.36999511718750,60606900,278.80291748046875
2019-11-05,307.58999633789060,307.92001342773440,306.70999145507810,307.02999877929690,42933200,278.49450683593750
2019-11-06,307.02999877929690,307.39999389648440,306.05999755859375,307.10000610351560,46487100,278.55813598632810
2019-11-07,308.57000732421875,309.64999389648440,307.66000366210940,308.17999267578125,54272300,279.53765869140625
2019-11-08,307.79998779296875,309.00000000000000,307.02999877929690,308.94000244140625,49032100,280.22708129882810
2019-11-11,307.42001342773440,308.54000854492190,307.26998901367190,308.35000610351560,35797300,279.69189453125000
2019-11-12,308.75000000000000,309.98999023437500,308.14999389648440,309.00000000000000,46484600,280.28152465820310
2019-11-13,307.91000366210940,309.54000854492190,307.66000366210940,309.10000610351560,53917700,280.37210083007810
2019-11-14,308.79000854492190,309.64001464843750,308.08999633789060,309.54998779296875,51219900,280.78033447265625
2019-11-15,311.01998901367190,311.83999633789060,310.26000976562500,311.79000854492190,62023600,282.81216430664060
2019-11-18,311.52999877929690,312.27999877929690,311.02999877929690,312.01998901367190,49228000,283.02072143554690
2019-11-19,312.67999267578125,312.69000244140625,311.22000122070310,311.92999267578125,67804700,282.93917846679690
2019-11-20,311.27999877929690,311.85000610351560,309.05999755859375,310.76998901367190,79406200,281.88696289062500
2019-11-21,310.89001464843750,311.01000976562500,309.39001464843750,310.26998901367190,54664700,281.43341064453125
2019-11-22,311.08999633789060,311.23999023437500,309.85000610351560,310.95999145507810,44850200,282.05929565429690
2019-11-25,311.98001098632810,313.36999511718750,311.98001098632810,313.36999511718750,48647200,284.24536132812500
2019-11-26,313.41000366210940,314.27999877929690,313.05999755859375,314.07998657226560,37569000,284.88928222656250
2019-11-27,314.60998535156250,315.48001098632810,314.36999511718750,315.48001098632810,44444600,286.15924072265625
2019-11-29,314.85998535156250,315.13000488281250,314.05999755859375,314.30999755859375,36592700,285.09790039062500
2019-12-02,314.58999633789060,314.66000366210940,311.17001342773440,311.64001464843750,75767800,282.67608642578125
2019-12-03,308.64999389648440,309.64001464843750,307.13000488281250,309.54998779296875,73941700,280.78033447265625
2019-12-04,310.70001220703125,312.11999511718750,310.32000732421875,311.45999145507810,49080000,282.51284790039060
2019-12-05,312.23001098632810,312.25000000000000,310.57998657226560,312.01998901367190,40709000,283.02072143554690
2019-12-06,314.11999511718750,315.30999755859375,314.10998535156250,314.86999511718750,48927000,285.60586547851560
2019-12-09,314.44000244140625,315.17999267578125,313.79998779296875,313.88000488281250,34838500,284.70788574218750
2019-12-10,313.82000732421875,314.54998779296875,312.80999755859375,313.52999877929690,52649800,284.39047241210940
2019-12-11,314.02999877929690,314.70001220703125,313.44000244140625,314.42001342773440,53429100,285.19772338867190
2019-12-12,314.42999267578125,317.98999023437500,314.17001342773440,317.13000488281250,96389600,287.65591430664060
2019-12-13,316.86999511718750,318.67001342773440,316.01998901367190,317.32000732421875,81503900,287.82824707031250
2019-12-16,319.22000122070310,320.14999389648440,317.25000000000000,319.50000000000000,82749700,289.80554199218750
2019-12-17,319.92001342773440,320.25000000000000,319.48001098632810,319.57000732421875,61097700,289.86911010742190
2019-12-18,320.00000000000000,320.25000000000000,319.52999877929690,319.58999633789060,48133000,289.88723754882810
2019-12-19,319.79998779296875,320.98001098632810,319.51998901367190,320.89999389648440,85310500,291.07543945312500
2019-12-20,320.45999145507810,321.97000122070310,319.39001464843750,320.73001098632810,147142100,292.35156250000000
2019-12-23,321.58999633789060,321.64999389648440,321.05999755859375,321.22000122070310,52990000,292.79824829101560
2019-12-24,321.47000122070310,321.51998901367190,320.89999389648440,321.23001098632810,20270000,292.80743408203125
2019-12-26,321.64999389648440,322.95001220703125,321.64001464843750,322.94000244140625,30911200,294.36608886718750
2019-12-27,323.73999023437500,323.79998779296875,322.27999877929690,322.85998535156250,42528800,294.29306030273440
2019-12-30,322.95001220703125,323.10000610351560,320.54998779296875,321.07998657226560,49729100,292.67059326171875
2019-12-31,320.52999877929690,322.13000488281250,320.14999389648440,321.85998535156250,57077300,293.38162231445310
2020-01-02,323.54000854492190,324.89001464843750,322.52999877929690,324.86999511718750,59151200,296.12521362304690
2020-01-03,321.16000366210940,323.64001464843750,321.10000610351560,322.41000366210940,77709700,293.88302612304690
2020-01-06,320.48999023437500,323.73001098632810,320.35998535156250,323.64001464843750,55653900,295.00405883789060
2020-01-07,323.01998901367190,323.54000854492190,322.23999023437500,322.73001098632810,40496400,294.17465209960940
2020-01-08,322.94000244140625,325.77999877929690,322.67001342773440,324.45001220703125,68296000,295.74243164062500
2020-01-09,326.16000366210940,326.73001098632810,325.51998901367190,326.64999389648440,48473300,297.74774169921875
2020-01-10,327.29000854492190,327.45999145507810,325.20001220703125,325.70999145507810,53029300,296.89089965820310
2020-01-13,326.39001464843750,327.95999145507810,325.92001342773440,327.95001220703125,47086800,298.93276977539060
2020-01-14,327.47000122070310,328.61999511718750,326.83999633789060,327.45001220703125,62832800,298.47702026367190
2020-01-15,327.35000610351560,329.01998901367190,327.26000976562500,328.19000244140625,72056600,299.15155029296875
2020-01-16,329.70001220703125,330.92001342773440,329.45001220703125,330.92001342773440,54050300,301.64001464843750
2020-01-17,331.70001220703125,332.17999267578125,330.85000610351560,331.95001220703125,95846000,302.57885742187500
2020-01-21,330.89999389648440,332.17999267578125,330.82000732421875,331.29998779296875,77742400,301.98635864257810
2020-01-22,332.23999023437500,332.95001220703125,331.17001342773440,331.33999633789060,48914900,302.02279663085940
2020-01-23,330.63000488281250,332.17001342773440,329.41000366210940,331.72000122070310,51963000,302.36926269531250
2020-01-24,332.44000244140625,332.52999877929690,327.35998535156250,328.76998901367190,87578400,299.68017578125000
2020-01-27,323.02999877929690,325.11999511718750,322.66000366210940,323.50000000000000,84062500,294.87643432617190
2020-01-28,325.05999755859375,327.85000610351560,323.60000610351560,326.89001464843750,63834000,297.96667480468750
2020-01-29,328.38000488281250,328.63000488281250,326.39999389648440,326.61999511718750,53888900,297.72033691406250
2020-01-30,324.35998535156250,327.91000366210940,323.54000854492190,327.67999267578125,75491800,298.68667602539060
2020-01-31,327.00000000000000,327.17001342773440,320.73001098632810,321.73001098632810,113845600,293.26312255859375
2020-02-03,323.35000610351560,326.16000366210940,323.22000122070310,324.11999511718750,69083000,295.44171142578125
2020-02-04,328.07000732421875,330.01000976562500,327.72000122070310,329.05999755859375,62573200,299.94454956054690
2020-02-05,332.26998901367190,333.08999633789060,330.67001342773440,332.85998535156250,65951100,303.40826416015625
2020-02-06,333.91000366210940,334.19000244140625,332.79998779296875,333.98001098632810,50359700,304.42919921875000
2020-02-07,332.82000732421875,333.98999023437500,331.60000610351560,332.20001220703125,64139400,302.80673217773440
2020-02-10,331.23001098632810,334.75000000000000,331.19000244140625,334.67999267578125,42070000,305.06726074218750
2020-02-11,336.16000366210940,337.01998901367190,334.67999267578125,335.26000976562500,54864500,305.59594726562500
2020-02-12,336.82998657226560,337.64999389648440,336.42999267578125,337.42001342773440,43992700,307.56481933593750
2020-02-13,335.85998535156250,338.11999511718750,335.55999755859375,337.05999755859375,54501900,307.23666381835940
2020-02-14,337.51000976562500,337.73001098632810,336.20001220703125,337.60000610351560,64582200,307.72891235351560
2020-02-18,336.51000976562500,337.67001342773440,335.20999145507810,336.73001098632810,57226200,306.93591308593750
2020-02-19,337.79000854492190,339.07998657226560,337.48001098632810,338.33999633789060,48814700,308.40347290039060
2020-02-20,337.73999023437500,338.64001464843750,333.67999267578125,336.95001220703125,74163400,307.13644409179690
2020-02-21,335.47000122070310,335.80999755859375,332.57998657226560,333.48001098632810,113788200,303.97348022460940
2020-02-24,323.14001464843750,333.55999755859375,321.23999023437500,322.42001342773440,161088400,293.89208984375000
2020-02-25,323.94000244140625,324.60998535156250,311.69000244140625,312.64999389648440,218913200,284.98645019531250
2020-02-26,314.17999267578125,318.10998535156250,310.70001220703125,311.50000000000000,194773800,283.93835449218750
2020-02-27,305.45999145507810,311.55999755859375,297.51000976562500,297.51000976562500,284353500,271.18606567382810
2020-02-28,288.70001220703125,297.89001464843750,285.54000854492190,296.26000976562500,384975800,270.04669189453125
2020-03-02,298.20999145507810,309.16000366210940,294.45999145507810,309.08999633789060,238703600,281.74148559570310
2020-03-03,309.50000000000000,313.83999633789060,297.57000732421875,300.23999023437500,300139100,273.67459106445310
2020-03-04,306.11999511718750,313.10000610351560,303.32998657226560,312.85998535156250,176613400,285.17794799804690
2020-03-05,304.98001098632810,308.47000122070310,300.01000976562500,302.45999145507810,186366800,275.69812011718750
2020-03-06,293.14999389648440,298.77999877929690,290.23001098632810,297.45999145507810,228667200,271.14056396484375
2020-03-09,275.29998779296875,284.19000244140625,273.45001220703125,274.23001098632810,309417300,249.96592712402344
2020-03-10,284.64001464843750,288.51998901367190,273.50000000000000,288.42001342773440,276444100,262.90036010742190
2020-03-11,280.70001220703125,281.94000244140625,270.88000488281250,274.35998535156250,255316300,250.08448791503906
2020-03-12,256.00000000000000,266.66000366210940,247.67999267578125,248.11000061035156,392220700,226.15705871582030
2020-03-13,263.08999633789060,271.48001098632810,248.52000427246094,269.32000732421875,329566100,245.49034118652344
2020-03-16,241.17999267578125,256.89999389648440,237.36000061035156,239.85000610351562,297240000,218.62792968750000
2020-03-17,245.03999328613280,256.17001342773440,237.07000732421875,252.80000305175780,262070500,230.43209838867188
2020-03-18,236.25000000000000,248.36999511718750,228.02000427246094,240.00000000000000,327597100,218.76463317871094
2020-03-19,239.25000000000000,247.38000488281250,232.22000122070312,240.50999450683594,289322000,219.22950744628906
2020-03-20,242.52999877929688,244.47000122070312,228.50000000000000,228.80000305175780,347158800,209.78198242187500
2020-03-23,228.19000244140625,229.67999267578125,218.25999450683594,222.94999694824220,326025200,204.41824340820312
2020-03-24,234.41999816894530,244.10000610351562,233.80000305175780,243.14999389648438,235494500,222.93923950195312
2020-03-25,244.86999511718750,256.35000610351560,239.75000000000000,246.78999328613280,299430300,226.27664184570312
2020-03-26,249.52000427246094,262.79998779296875,249.05000305175780,261.20001220703125,257632800,239.48889160156250
2020-03-27,253.27000427246094,260.80999755859375,251.05000305175780,253.41999816894530,224341200,232.35556030273438
2020-03-30,255.69999694824220,262.42999267578125,253.52999877929688,261.64999389648440,171369500,239.90147399902344
2020-03-31,260.55999755859375,263.32998657226560,256.22000122070310,257.75000000000000,194881100,236.32565307617188
2020-04-01,247.97999572753906,257.66000366210940,243.89999389648438,246.14999389648438,189554600,225.68983459472656
2020-04-02,245.19000244140625,252.67999267578125,244.58999633789062,251.83000183105470,177660400,230.89773559570312
2020-04-03,250.75999450683594,253.32000732421875,245.22000122070312,248.19000244140625,135561200,227.56025695800780
2020-04-06,257.83999633789060,267.00000000000000,248.16999816894530,264.85998535156250,188061200,242.84465026855470
2020-04-07,274.20999145507810,275.02999877929690,264.89001464843750,265.13000488281250,201427200,243.09223937988280
2020-04-08,267.95999145507810,276.00000000000000,265.25000000000000,274.02999877929690,153774500,251.25244140625000
2020-04-09,277.57998657226560,281.20001220703125,275.47000122070310,278.20001220703125,189999200,255.07582092285156
2020-04-13,277.14001464843750,277.51000976562500,271.41000366210940,275.66000366210940,114839100,252.74696350097656
2020-04-14,280.98001098632810,284.89999389648440,275.51000976562500,283.79000854492190,134143400,260.20117187500000
2020-04-15,277.57000732421875,283.94000244140625,275.45999145507810,277.76000976562500,121775000,254.67240905761720
2020-04-16,279.14999389648440,280.02999877929690,275.76000976562500,279.10000610351560,131798300,255.90107727050780
2020-04-17,285.38000488281250,287.29998779296875,282.39999389648440,286.64001464843750,146684800,262.81430053710940
2020-04-20,282.60998535156250,286.79000854492190,281.35000610351560,281.58999633789060,100109300,258.18399047851560
2020-04-21,276.73001098632810,278.04000854492190,272.01998901367190,273.04000854492190,126385700,250.34475708007812
2020-04-22,278.35000610351560,281.00000000000000,276.91000366210940,279.10000610351560,92951600,255.90107727050780
2020-04-23,280.48999023437500,283.94000244140625,278.75000000000000,279.07998657226560,104709700,255.88262939453125
2020-04-24,280.73001098632810,283.70001220703125,278.50000000000000,282.97000122070310,85063200,259.44937133789060
2020-04-27,285.11999511718750,288.26998901367190,284.61999511718750,287.04998779296875,77896600,263.19024658203125
2020-04-28,291.01998901367190,291.39999389648440,285.39999389648440,285.73001098632810,105270000,261.97998046875000
2020-04-29,291.52999877929690,294.88000488281250,290.41000366210940,293.20999145507810,118745600,268.83816528320310
2020-04-30,291.70999145507810,293.32000732421875,288.58999633789060,290.48001098632810,122901700,266.33514404296875
2020-05-01,285.30999755859375,290.66000366210940,281.51998901367190,282.79000854492190,125180000,259.28433227539060
2020-05-04,280.73999023437500,283.89999389648440,279.13000488281250,283.57000732421875,80873200,259.99951171875000
2020-05-05,286.64001464843750,289.25000000000000,283.70999145507810,286.19000244140625,79569900,262.40170288085940
2020-05-06,288.04000854492190,288.45999145507810,283.77999877929690,284.25000000000000,73632600,260.62295532226560
2020-05-07,287.75000000000000,289.77999877929690,287.13000488281250,287.67999267578125,75250400,263.76782226562500
2020-05-08,291.08999633789060,292.95001220703125,289.85998535156250,292.44000244140625,76452400,268.13223266601560
2020-05-11,290.33999633789060,294.00000000000000,289.88000488281250,292.50000000000000,79514200,268.18713378906250
2020-05-12,293.79000854492190,294.23999023437500,286.51998901367190,286.67001342773440,95870800,262.84182739257810
2020-05-13,286.05999755859375,287.19000244140625,278.95999145507810,281.60000610351560,144721100,258.19326782226560
2020-05-14,278.95001220703125,285.10998535156250,272.98999023437500,284.97000122070310,121977900,261.28305053710940
2020-05-15,282.36999511718750,286.32998657226560,281.33999633789060,286.27999877929690,111146300,262.48419189453125
2020-05-18,293.04998779296875,296.75000000000000,292.70001220703125,295.00000000000000,119703800,270.47943115234375
2020-05-19,294.35000610351560,296.20999145507810,291.95001220703125,291.97000122070310,95189300,267.70129394531250
2020-05-20,295.82000732421875,297.86999511718750,295.57000732421875,296.92999267578125,85861700,272.24899291992190
2020-05-21,296.79000854492190,297.67001342773440,293.69000244140625,294.88000488281250,78293900,270.36938476562500
2020-05-22,294.57000732421875,295.63000488281250,293.22000122070310,295.44000244140625,63958200,270.88272094726560
2020-05-26,301.92999267578125,302.19000244140625,295.45999145507810,299.07998657226560,88951400,274.22024536132810
2020-05-27,302.11999511718750,303.57000732421875,296.86999511718750,303.52999877929690,104817400,278.30038452148440
2020-05-28,304.64999389648440,306.83999633789060,302.23999023437500,302.97000122070310,90405200,277.78692626953125
2020-05-29,302.45999145507810,304.95999145507810,299.47000122070310,304.32000732421875,119090800,279.02471923828125
2020-06-01,303.61999511718750,306.20999145507810,303.05999755859375,305.54998779296875,55758300,280.15246582031250
2020-06-02,306.54998779296875,308.13000488281250,305.10000610351560,308.07998657226560,74267200,282.47213745117190
2020-06-03,310.23999023437500,313.22000122070310,309.94000244140625,312.17999267578125,92567600,286.23138427734375
2020-06-04,311.10998535156250,313.00000000000000,309.07998657226560,311.35998535156250,75794400,285.47952270507810
2020-06-05,317.23001098632810,321.26998901367190,317.16000366210940,319.33999633789060,150524700,292.79620361328125
2020-06-08,320.22000122070310,323.41000366210940,319.63000488281250,323.20001220703125,73641200,296.33541870117190
2020-06-09,320.29998779296875,323.27999877929690,319.35998535156250,320.79000854492190,77479200,294.12570190429690
2020-06-10,321.42001342773440,322.39001464843750,318.22000122070310,319.00000000000000,95000800,292.48449707031250
2020-06-11,311.45999145507810,312.14999389648440,300.01000976562500,300.60998535156250,209243600,275.62310791015625
2020-06-12,308.23999023437500,309.07998657226560,298.60000610351560,304.20999145507810,194678900,278.92385864257810
2020-06-15,298.01998901367190,308.27999877929690,296.73999023437500,307.04998779296875,135782700,281.52774047851560
2020-06-16,315.48001098632810,315.64001464843750,307.67001342773440,312.95999145507810,137627500,286.94653320312500
2020-06-17,314.07000732421875,314.39001464843750,310.85998535156250,311.66000366210940,83398900,285.75463867187500
2020-06-18,310.01000976562500,312.29998779296875,309.51000976562500,311.77999877929690,80828700,285.86465454101560
2020-06-19,314.17001342773440,314.38000488281250,306.52999877929690,308.64001464843750,135549600,284.23098754882810
2020-06-22,307.98999023437500,311.04998779296875,306.75000000000000,310.61999511718750,74649400,286.05435180664060
2020-06-23,313.48999023437500,314.50000000000000,311.60998535156250,312.04998779296875,68471200,287.37121582031250
2020-06-24,309.83999633789060,310.51000976562500,302.10000610351560,304.08999633789060,132813500,280.04074096679690
2020-06-25,303.47000122070310,307.64001464843750,301.27999877929690,307.35000610351560,89468000,283.04299926757810
2020-06-26,306.16000366210940,306.39001464843750,299.42001342773440,300.04998779296875,127961000,276.32028198242190
2020-06-29,301.41000366210940,304.60998535156250,298.92999267578125,304.45999145507810,79773300,280.38146972656250
2020-06-30,303.98999023437500,310.20001220703125,303.82000732421875,308.35998535156250,113394800,283.97311401367190
2020-07-01,309.57000732421875,311.89001464843750,309.07000732421875,310.51998901367190,72396500,285.96224975585940
2020-07-02,314.23999023437500,315.70001220703125,311.51000976562500,312.23001098632810,69344200,287.53704833984375
2020-07-06,316.36999511718750,317.67999267578125,315.55999755859375,317.04998779296875,61713800,291.97583007812500
2020-07-07,315.38000488281250,317.51998901367190,313.36999511718750,313.77999877929690,82910000,288.96447753906250
2020-07-08,314.60998535156250,316.29998779296875,312.70001220703125,316.17999267578125,54638600,291.17465209960940
2020-07-09,316.83999633789060,317.10000610351560,310.67999267578125,314.38000488281250,83354200,289.51690673828125
2020-07-10,314.30999755859375,317.88000488281250,312.76000976562500,317.58999633789060,57550400,292.47311401367190
2020-07-13,320.13000488281250,322.70999145507810,314.13000488281250,314.83999633789060,102997500,289.94058227539060
2020-07-14,313.29998779296875,319.76000976562500,312.00000000000000,318.92001342773440,93657000,293.69796752929690
2020-07-15,322.41000366210940,323.04000854492190,319.26998901367190,321.85000610351560,87196500,296.39627075195310
2020-07-16,319.79000854492190,321.27999877929690,319.08999633789060,320.79000854492190,54622500,295.42001342773440
2020-07-17,321.88000488281250,322.57000732421875,319.73999023437500,321.72000122070310,62774900,296.27655029296875
2020-07-20,321.42999267578125,325.13000488281250,320.61999511718750,324.32000732421875,56308800,298.67080688476560
2020-07-21,326.45001220703125,326.92999267578125,323.94000244140625,325.01000976562500,57292200,299.30636596679690
2020-07-22,324.61999511718750,327.20001220703125,324.50000000000000,326.85998535156250,57792900,301.00997924804690
2020-07-23,326.47000122070310,327.23001098632810,321.48001098632810,322.95999145507810,75738000,297.41845703125000
2020-07-24,320.95001220703125,321.98999023437500,319.25000000000000,320.88000488281250,73766600,295.50292968750000
2020-07-27,321.63000488281250,323.41000366210940,320.76998901367190,323.22000122070310,48293000,297.65786743164060
2020-07-28,322.42999267578125,323.64001464843750,320.85000610351560,321.17001342773440,57495000,295.76995849609375
2020-07-29,322.11999511718750,325.73001098632810,322.07998657226560,325.11999511718750,48454200,299.40762329101560
2020-07-30,321.89999389648440,324.41000366210940,319.64001464843750,323.95999145507810,61861700,298.33932495117190
2020-07-31,325.89999389648440,326.63000488281250,321.32998657226560,326.51998901367190,84986800,300.69692993164060
2020-08-03,328.32000732421875,329.61999511718750,327.73001098632810,328.79000854492190,53077900,302.78741455078125
2020-08-04,327.85998535156250,330.05999755859375,327.85998535156250,330.05999755859375,41917900,303.95690917968750
2020-08-05,331.47000122070310,332.39001464843750,331.17999267578125,332.10998535156250,42697700,305.84481811523440
2020-08-06,331.48001098632810,334.45999145507810,331.13000488281250,334.32998657226560,43679400,307.88928222656250
2020-08-07,333.27999877929690,334.88000488281250,332.29998779296875,334.57000732421875,57308300,308.11029052734375
2020-08-10,335.05999755859375,335.76998901367190,332.95999145507810,335.57000732421875,44282100,309.03118896484375
2020-08-11,336.85000610351560,337.54000854492190,332.01000976562500,332.79998779296875,69601100,306.48022460937500
2020-08-12,335.44000244140625,338.27999877929690,335.41000366210940,337.44000244140625,53774400,310.75329589843750
2020-08-13,336.60998535156250,338.25000000000000,335.82998657226560,336.82998657226560,41816100,310.19152832031250
2020-08-14,336.41000366210940,337.42001342773440,335.61999511718750,336.83999633789060,47260400,310.20071411132810
2020-08-17,337.94000244140625,338.33999633789060,336.85000610351560,337.91000366210940,35481000,311.18606567382810
2020-08-18,338.33999633789060,339.10000610351560,336.60998535156250,338.64001464843750,38733900,311.85839843750000
2020-08-19,339.04998779296875,339.60998535156250,336.61999511718750,337.23001098632810,68054200,310.55993652343750
2020-08-20,335.35998535156250,338.79998779296875,335.22000122070310,338.27999877929690,42207800,311.52682495117190
2020-08-21,337.92001342773440,339.72000122070310,337.54998779296875,339.48001098632810,55106600,312.63201904296875
2020-08-24,342.11999511718750,343.00000000000000,339.45001220703125,342.92001342773440,48588700,315.79995727539060
2020-08-25,343.52999877929690,344.20999145507810,342.26998901367190,344.11999511718750,38463400,316.90499877929690
2020-08-26,344.76000976562500,347.85998535156250,344.17001342773440,347.57000732421875,50790200,320.08206176757810
2020-08-27,348.51000976562500,349.89999389648440,346.52999877929690,348.32998657226560,58034100,320.78192138671875
2020-08-28,349.44000244140625,350.72000122070310,348.14999389648440,350.57998657226560,48588900,322.85412597656250
2020-08-31,350.35000610351560,351.29998779296875,349.05999755859375,349.30999755859375,66099200,321.68444824218750
2020-09-01,350.20999145507810,352.70999145507810,349.23999023437500,352.60000610351560,54908700,324.71435546875000
2020-09-02,354.67001342773440,358.75000000000000,353.42999267578125,357.70001220703125,69540000,329.41104125976560
2020-09-03,355.86999511718750,356.38000488281250,342.58999633789060,345.39001464843750,148011100,318.07461547851560
2020-09-04,346.13000488281250,347.82998657226560,334.86999511718750,342.57000732421875,139156300,315.47756958007810
2020-09-08,336.70999145507810,342.64001464843750,332.88000488281250,333.20999145507810,114465300,306.85781860351560
2020-09-09,337.54998779296875,342.45999145507810,336.60998535156250,339.79000854492190,91462300,312.91735839843750
2020-09-10,341.82000732421875,342.52999877929690,332.85000610351560,333.89001464843750,90569500,307.48406982421875
2020-09-11,335.82000732421875,336.97000122070310,331.00000000000000,334.05999755859375,84680200,307.64053344726560
2020-09-14,337.48999023437500,340.38000488281250,334.22000122070310,338.45999145507810,65605700,311.69259643554690
2020-09-15,341.11999511718750,342.01998901367190,338.47000122070310,340.17001342773440,52920900,313.26736450195310
2020-09-16,341.51000976562500,343.05999755859375,338.51998901367190,338.82000732421875,82096000,312.02423095703125
2020-09-17,333.55999755859375,337.70001220703125,332.98999023437500,335.83999633789060,91523300,309.27987670898440
2020-09-18,335.36999511718750,335.48999023437500,327.97000122070310,330.64999389648440,105877900,305.71917724609375
2020-09-21,325.70001220703125,327.13000488281250,321.73001098632810,326.97000122070310,99450800,302.31668090820310
2020-09-22,328.57000732421875,330.89999389648440,325.85998535156250,330.29998779296875,63612100,305.39553833007810
2020-09-23,330.89999389648440,331.20001220703125,322.10000610351560,322.64001464843750,93112200,298.31314086914060
2020-09-24,321.22000122070310,326.79998779296875,319.79998779296875,323.50000000000000,76681300,299.10821533203125
2020-09-25,322.57998657226560,329.57998657226560,321.64001464843750,328.73001098632810,71069400,303.94390869140625
2020-09-28,333.22000122070310,334.95999145507810,332.14999389648440,334.19000244140625,64584600,308.99218750000000
2020-09-29,333.97000122070310,334.76998901367190,331.61999511718750,332.36999511718750,51304000,307.30944824218750
2020-09-30,333.08999633789060,338.29000854492190,332.88000488281250,334.89001464843750,104081100,309.63949584960940
2020-10-01,337.69000244140625,338.73999023437500,335.01000976562500,337.04000854492190,88698700,311.62734985351560
2020-10-02,331.70001220703125,337.01000976562500,331.19000244140625,333.83999633789060,89431100,308.66867065429690
2020-10-05,336.05999755859375,339.95999145507810,336.01000976562500,339.76000976562500,45713100,314.14227294921875
2020-10-06,339.91000366210940,342.17001342773440,334.38000488281250,334.92999267578125,90128900,309.67654418945310
2020-10-07,338.11999511718750,341.63000488281250,338.08999633789060,340.76000976562500,56999600,315.06692504882810
2020-10-08,342.85000610351560,343.85000610351560,341.85998535156250,343.77999877929690,45242500,317.85916137695310
2020-10-09,345.55999755859375,347.35000610351560,344.89001464843750,346.85000610351560,59528600,320.69769287109375
2020-10-12,349.58999633789060,354.01998901367190,349.05999755859375,352.42999267578125,80388500,325.85696411132810
2020-10-13,352.27999877929690,352.47000122070310,349.08999633789060,350.13000488281250,73255500,323.73031616210940
2020-10-14,350.75000000000000,351.92999267578125,347.14001464843750,347.92999267578125,57727900,321.69628906250000
2020-10-15,343.70999145507810,348.01998901367190,343.13000488281250,347.50000000000000,60357700,321.29867553710940
2020-10-16,348.95999145507810,350.75000000000000,347.10000610351560,347.29000854492190,89501900,321.10449218750000
2020-10-19,348.64999389648440,349.32998657226560,341.04000854492190,342.01000976562500,68425600,316.22268676757810
2020-10-20,343.45999145507810,346.88000488281250,342.64001464843750,343.38000488281250,60051900,317.48925781250000
2020-10-21,343.32998657226560,345.67001342773440,342.39999389648440,342.73001098632810,63575000,316.88833618164060
2020-10-22,342.95999145507810,345.23999023437500,340.64999389648440,344.60998535156250,55399300,318.62658691406250
2020-10-23,345.92999267578125,345.98999023437500,343.13000488281250,345.77999877929690,49143900,319.70837402343750
2020-10-26,342.13000488281250,342.98001098632810,335.61999511718750,339.39001464843750,91473000,313.80017089843750
2020-10-27,339.76000976562500,340.11999511718750,337.98999023437500,338.22000122070310,65994100,312.71835327148440
2020-10-28,332.10000610351560,338.25000000000000,326.13000488281250,326.66000366210940,127094300,302.02996826171875
2020-10-29,326.91000366210940,333.39999389648440,325.08999633789060,329.98001098632810,90597700,305.09973144531250
2020-10-30,328.27999877929690,329.69000244140625,322.60000610351560,326.54000854492190,120287300,301.91909790039060
2020-11-02,330.20001220703125,332.35998535156250,327.23999023437500,330.20001220703125,86068300,305.30313110351560
2020-11-03,333.69000244140625,338.25000000000000,330.29000854492190,336.02999877929690,93294200,310.69348144531250
2020-11-04,340.85998535156250,347.94000244140625,339.58999633789060,343.54000854492190,126959700,317.63729858398440
2020-11-05,349.23999023437500,352.19000244140625,348.85998535156250,350.23999023437500,82039700,323.83212280273440
2020-11-06,349.92999267578125,351.51000976562500,347.64999389648440,350.16000366210940,74973000,323.75808715820310
2020-11-09,363.97000122070310,364.38000488281250,354.05999755859375,354.55999755859375,172304200,327.82635498046875
2020-11-10,353.48999023437500,355.17999267578125,350.51000976562500,354.04000854492190,85552000,327.34558105468750
2020-11-11,356.39999389648440,357.55999755859375,355.05999755859375,356.67001342773440,58649000,329.77728271484375
2020-11-12,355.57998657226560,356.72000122070310,351.26000976562500,353.20999145507810,67546200,326.57815551757810
2020-11-13,355.26998901367190,358.89999389648440,354.70999145507810,358.10000610351560,62892200,331.09942626953125
2020-11-16,360.98001098632810,362.77999877929690,359.58999633789060,362.57000732421875,74541100,335.23242187500000
2020-11-17,359.97000122070310,361.92001342773440,358.33999633789060,360.61999511718750,66111000,333.42938232421875
2020-11-18,360.91000366210940,361.50000000000000,356.23999023437500,356.27999877929690,70591300,329.41662597656250
2020-11-19,355.60000610351560,358.17999267578125,354.14999389648440,357.77999877929690,59940900,330.80358886718750
2020-11-20,357.50000000000000,357.72000122070310,355.25000000000000,355.32998657226560,70417300,328.53839111328125
2020-11-23,357.27999877929690,358.82000732421875,354.86999511718750,357.45999145507810,63230600,330.50769042968750
2020-11-24,360.20999145507810,363.80999755859375,359.29000854492190,363.22000122070310,62415900,335.83337402343750
2020-11-25,363.13000488281250,363.16000366210940,361.48001098632810,362.66000366210940,45330900,335.31567382812500
2020-11-27,363.83999633789060,364.17999267578125,362.57998657226560,363.67001342773440,28514100,336.24954223632810
2020-11-30,362.82998657226560,363.11999511718750,359.17001342773440,362.05999755859375,83872700,334.76083374023440
2020-12-01,365.57000732421875,367.67999267578125,364.92999267578125,366.01998901367190,74231400,338.42227172851560
2020-12-02,364.82000732421875,366.95999145507810,364.20001220703125,366.79000854492190,45927000,339.13421630859375
2020-12-03,366.67999267578125,368.19000244140625,365.50000000000000,366.69000244140625,62882000,339.04183959960940
2020-12-04,367.32000732421875,369.85000610351560,367.22000122070310,369.85000610351560,50749900,341.96356201171875
2020-12-07,369.01998901367190,369.61999511718750,367.72000122070310,369.08999633789060,48944300,341.26080322265625
2020-12-08,367.72000122070310,370.77999877929690,367.67001342773440,370.17001342773440,42458900,342.25933837890625
2020-12-09,370.88000488281250,371.04998779296875,365.95001220703125,366.85000610351560,74098300,339.18972778320310
2020-12-10,365.36999511718750,367.85998535156250,364.42999267578125,366.73001098632810,57735400,339.07882690429690
2020-12-11,364.89999389648440,366.73999023437500,363.26000976562500,366.29998779296875,57698600,338.68109130859375
2020-12-14,368.64001464843750,369.79998779296875,364.47000122070310,364.66000366210940,69216200,337.16479492187500
2020-12-15,367.39999389648440,369.58999633789060,365.92001342773440,369.58999633789060,63865300,341.72305297851560
2020-12-16,369.82000732421875,371.16000366210940,368.86999511718750,370.17001342773440,58420500,342.25933837890625
2020-12-17,371.94000244140625,372.45999145507810,371.04998779296875,372.23999023437500,64119500,344.17337036132810
2020-12-18,370.97000122070310,371.14999389648440,367.01998901367190,369.17999267578125,136542300,342.79907226562500
2020-12-21,364.97000122070310,378.45999145507810,362.02999877929690,367.85998535156250,96386700,341.57342529296875
2020-12-22,368.20999145507810,368.32998657226560,366.02999877929690,367.23999023437500,47949000,340.99761962890625
2020-12-23,368.27999877929690,369.61999511718750,367.22000122070310,367.57000732421875,46201400,341.30410766601560
2020-12-24,368.07998657226560,369.02999877929690,367.45001220703125,369.00000000000000,26457900,342.63192749023440
2020-12-28,371.73999023437500,372.58999633789060,371.07000732421875,372.17001342773440,39000400,345.57543945312500
2020-12-29,373.80999755859375,374.00000000000000,370.82998657226560,371.45999145507810,53680500,344.91613769531250
2020-12-30,372.33999633789060,373.10000610351560,371.57000732421875,371.98999023437500,49455300,345.40820312500000
2020-12-31,371.77999877929690,374.66000366210940,371.23001098632810,373.88000488281250,78520700,347.16329956054690
2021-01-04,375.30999755859375,375.45001220703125,364.82000732421875,368.79000854492190,110210800,342.43692016601560
2021-01-05,368.10000610351560,372.50000000000000,368.04998779296875,371.32998657226560,66426200,344.79541015625000
2021-01-06,369.70999145507810,376.98001098632810,369.11999511718750,373.54998779296875,107997700,346.85684204101560
2021-01-07,376.10000610351560,379.89999389648440,375.91000366210940,379.10000610351560,68766800,352.01022338867190
2021-01-08,380.58999633789060,381.48999023437500,377.10000610351560,381.26000976562500,71677200,354.01580810546875
2021-01-11,377.85000610351560,380.57998657226560,377.72000122070310,378.69000244140625,51034700,351.62954711914060
2021-01-12,378.89001464843750,379.85998535156250,376.35998535156250,378.76998901367190,52547700,351.70379638671875
2021-01-13,378.69000244140625,380.85998535156250,377.85000610351560,379.79000854492190,45303600,352.65087890625000
2021-01-14,380.58999633789060,381.13000488281250,378.10000610351560,378.45999145507810,49989100,351.41598510742190
2021-01-15,376.72000122070310,377.57998657226560,373.70001220703125,375.70001220703125,107160000,348.85321044921875
2021-01-19,378.33999633789060,379.23001098632810,376.75000000000000,378.64999389648440,51233300,351.59228515625000
2021-01-20,381.10998535156250,384.79000854492190,380.69000244140625,383.89001464843750,61836100,356.45785522460940
2021-01-21,384.48999023437500,384.95001220703125,383.25000000000000,384.23999023437500,47840100,356.78286743164060
2021-01-22,382.25000000000000,384.13000488281250,381.83999633789060,382.88000488281250,52860500,355.52008056640625
2021-01-25,383.67001342773440,384.76998901367190,378.45999145507810,384.39001464843750,70402000,356.92221069335940
2021-01-26,385.41000366210940,385.85000610351560,383.54000854492190,383.79000854492190,42665300,356.36508178710940
2021-01-27,380.22000122070310,380.32000732421875,372.01000976562500,374.41000366210940,123351100,347.65530395507810
2021-01-28,376.35998535156250,381.92999267578125,375.89001464843750,377.63000488281250,94198100,350.64523315429690
2021-01-29,375.63000488281250,376.67001342773440,368.26998901367190,370.07000732421875,126765100,343.62545776367190
2021-02-01,373.72000122070310,377.33999633789060,370.38000488281250,376.23001098632810,75817600,349.34527587890625
2021-02-02,379.64999389648440,383.22000122070310,376.32000732421875,381.54998779296875,64450700,354.28509521484375
2021-02-03,382.44000244140625,383.70001220703125,380.48001098632810,381.85000610351560,52427100,354.56375122070310
2021-02-04,382.95999145507810,386.23999023437500,381.97000122070310,386.19000244140625,47142600,358.59359741210940
2021-02-05,388.20001220703125,388.47000122070310,386.14001464843750,387.70999145507810,48669800,360.00488281250000
2021-02-08,389.26998901367190,390.55999755859375,388.35000610351560,390.51000976562500,38365200,362.60488891601560
2021-02-09,389.60998535156250,390.89001464843750,389.17001342773440,390.25000000000000,35551100,362.36337280273440
2021-02-10,392.11999511718750,392.27999877929690,387.50000000000000,390.07998657226560,59154400,362.20559692382810
2021-02-11,391.23999023437500,391.69000244140625,388.10000610351560,390.70999145507810,42913300,362.79061889648440
2021-02-12,389.85000610351560,392.89999389648440,389.76998901367190,392.64001464843750,50593300,364.58267211914060
2021-02-16,393.95999145507810,394.17001342773440,391.52999877929690,392.29998779296875,50972400,364.26684570312500
2021-02-17,390.42001342773440,392.66000366210940,389.32998657226560,392.39001464843750,52290600,364.35061645507810
2021-02-18,389.58999633789060,391.51998901367190,387.73999023437500,390.72000122070310,59712800,362.79989624023440
2021-02-19,392.07000732421875,392.38000488281250,389.54998779296875,390.02999877929690,83241000,362.15914916992190
2021-02-22,387.05999755859375,389.61999511718750,386.73999023437500,387.02999877929690,67414200,359.37356567382810
2021-02-23,384.66000366210940,388.95001220703125,380.20001220703125,387.50000000000000,107284100,359.80999755859375
2021-02-24,386.32998657226560,392.23001098632810,385.26998901367190,391.76998901367190,72433900,363.77484130859375
2021-02-25,390.41000366210940,391.88000488281250,380.77999877929690,382.32998657226560,146670500,355.00946044921875
2021-02-26,384.35000610351560,385.57998657226560,378.23001098632810,380.35998535156250,152701600,353.18014526367190
2021-03-01,385.58999633789060,390.92001342773440,380.57000732421875,389.57998657226560,105348800,361.74127197265625
2021-03-02,389.82000732421875,390.07000732421875,386.00000000000000,386.54000854492190,79595300,358.91854858398440
2021-03-03,385.79000854492190,386.82998657226560,381.30999755859375,381.42001342773440,119940200,354.16445922851560
2021-03-04,381.22000122070310,384.00000000000000,371.88000488281250,376.70001220703125,183433000,349.78176879882810
2021-03-05,380.45999145507810,384.76000976562500,372.64001464843750,383.63000488281250,152039600,356.21652221679690
2021-03-08,384.66000366210940,387.67999267578125,381.42001342773440,381.72000122070310,123149200,354.44305419921875
2021-03-09,385.85000610351560,389.91000366210940,385.30999755859375,387.17001342773440,113633600,359.50347900390625
2021-03-10,389.69000244140625,391.39999389648440,388.17001342773440,389.57998657226560,109899400,361.74127197265625
2021-03-11,392.23001098632810,395.64999389648440,391.73999023437500,393.52999877929690,86245000,365.40902709960940
2021-03-12,392.07000732421875,394.20999145507810,391.20001220703125,394.05999755859375,64653600,365.90115356445310
2021-03-15,394.32998657226560,396.69000244140625,392.02999877929690,396.41000366210940,73427200,368.08328247070310
2021-03-16,397.07000732421875,397.82998657226560,395.07998657226560,395.91000366210940,73722500,367.61892700195310
2021-03-17,394.52999877929690,398.11999511718750,393.29998779296875,397.26000976562500,97959300,368.87246704101560
2021-03-18,394.48001098632810,396.72000122070310,390.75000000000000,391.48001098632810,115349100,363.50552368164060
2021-03-19,389.88000488281250,391.57000732421875,387.14999389648440,389.48001098632810,113624500,362.83291625976560
2021-03-22,390.02999877929690,394.07000732421875,389.97000122070310,392.58999633789060,73778600,365.73019409179690
2021-03-23,391.91000366210940,393.45999145507810,388.66000366210940,389.50000000000000,90686600,362.85159301757810
2021-03-24,391.00000000000000,392.75000000000000,387.47000122070310,387.51998901367190,97588600,361.00701904296875
2021-03-25,385.98001098632810,390.54998779296875,383.89999389648440,389.70001220703125,116128600,363.03796386718750
2021-03-26,390.92999267578125,396.41000366210940,390.29000854492190,395.98001098632810,114409100,368.88821411132810
2021-03-29,394.39999389648440,396.75000000000000,392.80999755859375,395.77999877929690,108107600,368.70190429687500
2021-03-30,394.42001342773440,395.45001220703125,393.01998901367190,394.73001098632810,76262200,367.72381591796875
2021-03-31,395.33999633789060,398.00000000000000,395.30999755859375,396.32998657226560,112734200,369.21432495117190
2021-04-01,398.39999389648440,400.67001342773440,398.17999267578125,400.60998535156250,99682900,373.20141601562500
2021-04-05,403.45999145507810,406.94000244140625,403.38000488281250,406.35998535156250,91684800,378.55795288085940
2021-04-06,405.76000976562500,407.23999023437500,405.39999389648440,406.11999511718750,62021000,378.33444213867190
2021-04-07,405.94000244140625,406.95999145507810,405.45001220703125,406.58999633789060,55836300,378.77233886718750
2021-04-08,407.92999267578125,408.57998657226560,406.92999267578125,408.51998901367190,57863100,380.57022094726560
2021-04-09,408.39001464843750,411.67001342773440,408.26000976562500,411.48999023437500,61104600,383.33709716796875
2021-04-12,410.85000610351560,411.92999267578125,410.20001220703125,411.64001464843750,56704900,383.47683715820310
2021-04-13,411.52999877929690,413.52999877929690,411.11999511718750,412.85998535156250,56551000,384.61331176757810
2021-04-14,412.82998657226560,413.95999145507810,410.86999511718750,411.45001220703125,61659900,383.29977416992190
2021-04-15,413.73999023437500,416.16000366210940,413.69000244140625,415.86999511718750,60229800,387.41744995117190
2021-04-16,417.25000000000000,417.91000366210940,415.73001098632810,417.26000976562500,82037300,388.71231079101560
2021-04-19,416.26000976562500,416.73999023437500,413.79000854492190,415.20999145507810,78498500,386.80255126953125
2021-04-20,413.91000366210940,415.08999633789060,410.58999633789060,412.17001342773440,81851800,383.97061157226560
2021-04-21,411.51000976562500,416.29000854492190,411.35998535156250,416.07000732421875,66793000,387.60372924804690
2021-04-22,415.89001464843750,416.77999877929690,411.13000488281250,412.26998901367190,97582800,384.06372070312500
2021-04-23,412.86999511718750,418.25000000000000,412.79000854492190,416.73999023437500,73209200,388.22793579101560
2021-04-26,417.44000244140625,418.22000122070310,416.80999755859375,417.60998535156250,52182400,389.03833007812500
2021-04-27,417.92999267578125,418.14001464843750,416.29998779296875,417.51998901367190,51303100,388.95446777343750
2021-04-28,417.80999755859375,419.01000976562500,416.89999389648440,417.39999389648440,51238900,388.84277343750000
2021-04-29,420.32000732421875,420.72000122070310,416.44000244140625,420.05999755859375,78544300,391.32070922851560
2021-04-30,417.63000488281250,418.54000854492190,416.33999633789060,417.29998779296875,85527000,388.74963378906250
2021-05-03,419.42999267578125,419.83999633789060,417.67001342773440,418.20001220703125,68128300,389.58804321289060
2021-05-04,416.07000732421875,416.60000610351560,411.67001342773440,415.61999511718750,101591200,387.18450927734375
2021-05-05,417.38000488281250,417.63000488281250,415.14999389648440,415.75000000000000,60162200,387.30563354492190
2021-05-06,415.82998657226560,419.20999145507810,413.67999267578125,419.07000732421875,74321400,390.39849853515625
2021-05-07,419.89001464843750,422.82000732421875,419.16000366210940,422.11999511718750,67733800,393.23980712890625
2021-05-10,422.50000000000000,422.73999023437500,417.80999755859375,417.94000244140625,81852400,389.34576416015625
2021-05-11,413.10000610351560,415.26998901367190,410.05999755859375,414.20999145507810,116888000,385.87091064453125
2021-05-12,411.23001098632810,412.58999633789060,404.00000000000000,405.41000366210940,134811000,377.67309570312500
2021-05-13,407.07000732421875,412.35000610351560,407.01998901367190,410.27999877929690,106394000,382.20980834960940
2021-05-14,413.20999145507810,417.48999023437500,413.17999267578125,416.57998657226560,82201600,388.07879638671875
2021-05-17,415.39001464843750,416.39001464843750,413.35998535156250,415.51998901367190,65129200,387.09133911132810
2021-05-18,415.79998779296875,416.05999755859375,411.76998901367190,411.94000244140625,59810200,383.75625610351560
2021-05-19,406.92001342773440,411.04998779296875,405.32998657226560,410.85998535156250,106467100,382.75021362304690
2021-05-20,411.79998779296875,416.63000488281250,411.67001342773440,415.27999877929690,78022200,386.86782836914060
2021-05-21,416.86999511718750,418.20001220703125,414.45001220703125,414.94000244140625,76578700,386.55105590820310
2021-05-24,417.33999633789060,420.32000732421875,417.07998657226560,419.17001342773440,51376700,390.49172973632810
2021-05-25,420.32998657226560,420.70999145507810,417.61999511718750,418.23999023437500,57451400,389.62521362304690
2021-05-26,418.86999511718750,419.60998535156250,417.76000976562500,419.07000732421875,43088600,390.39849853515625
2021-05-27,420.17001342773440,420.72000122070310,418.98999023437500,419.29000854492190,56707700,390.60342407226560
2021-05-28,420.97000122070310,421.25000000000000,419.79000854492190,420.04000854492190,58520200,391.30209350585940
2021-06-01,422.57000732421875,422.72000122070310,419.20001220703125,419.67001342773440,54216600,390.95742797851560
2021-06-02,420.36999511718750,421.23001098632810,419.29000854492190,420.32998657226560,49097100,391.57223510742190
2021-06-03,417.85000610351560,419.98999023437500,416.27999877929690,418.76998901367190,58138800,390.11901855468750
2021-06-04,420.75000000000000,422.92001342773440,418.83999633789060,422.60000610351560,55938800,393.68692016601560
2021-06-07,422.58999633789060,422.77999877929690,421.19000244140625,422.19000244140625,51555000,393.30508422851560
2021-06-08,423.10998535156250,423.20999145507810,420.32000732421875,422.27999877929690,47134300,393.38888549804690
2021-06-09,423.17999267578125,423.26000976562500,421.41000366210940,421.64999389648440,48436300,392.80197143554690
2021-06-10,422.95999145507810,424.63000488281250,421.54998779296875,423.60998535156250,51020100,394.62786865234375
2021-06-11,424.20001220703125,424.42999267578125,422.82000732421875,424.30999755859375,45570800,395.27999877929690
2021-06-14,424.42999267578125,425.36999511718750,423.10000610351560,425.26000976562500,42358500,396.16491699218750
2021-06-15,425.42001342773440,425.45999145507810,423.54000854492190,424.48001098632810,51508500,395.43838500976560
2021-06-16,424.63000488281250,424.86999511718750,419.92001342773440,422.10998535156250,80386100,393.23043823242190
2021-06-17,421.67001342773440,423.01998901367190,419.32000732421875,421.97000122070310,90949700,393.10009765625000
2021-06-18,417.08999633789060,417.82998657226560,414.70001220703125,414.92001342773440,118676300,387.79693603515625
2021-06-21,416.79998779296875,421.05999755859375,415.92999267578125,420.85998535156250,72822000,393.34866333007810
2021-06-22,420.85000610351560,424.00000000000000,420.07998657226560,423.10998535156250,57700300,395.45153808593750
2021-06-23,423.19000244140625,424.04998779296875,422.51000976562500,422.60000610351560,49445400,394.97488403320310
2021-06-24,424.89001464843750,425.54998779296875,424.61999511718750,425.10000610351560,45110300,397.31158447265625
2021-06-25,425.89999389648440,427.08999633789060,425.54998779296875,426.60998535156250,58129500,398.72274780273440
2021-06-28,427.17001342773440,427.64999389648440,425.89001464843750,427.47000122070310,53159600,399.52655029296875
2021-06-29,427.88000488281250,428.55999755859375,427.13000488281250,427.70001220703125,35970500,399.74154663085940
2021-06-30,427.20999145507810,428.77999877929690,427.17999267578125,428.05999755859375,64827900,400.07797241210940
2021-07-01,428.86999511718750,430.60000610351560,428.79998779296875,430.42999267578125,53441000,402.29306030273440
2021-07-02,431.67001342773440,434.10000610351560,430.51998901367190,433.72000122070310,57697700,405.36798095703125
2021-07-06,433.77999877929690,434.01000976562500,430.01000976562500,432.92999267578125,68710400,404.62969970703125
2021-07-07,433.66000366210940,434.76000976562500,431.51000976562500,434.45999145507810,63549500,406.05963134765625
2021-07-08,428.77999877929690,431.73001098632810,427.51998901367190,430.92001342773440,97595200,402.75100708007810
2021-07-09,432.52999877929690,435.83999633789060,430.70999145507810,435.51998901367190,76238600,407.05032348632810
2021-07-12,435.42999267578125,437.35000610351560,434.97000122070310,437.07998657226560,52889600,408.50839233398440
2021-07-13,436.23999023437500,437.83999633789060,435.30999755859375,435.58999633789060,52911300,407.11581420898440
2021-07-14,437.39999389648440,437.92001342773440,434.91000366210940,436.23999023437500,64130400,407.72329711914060
2021-07-15,434.80999755859375,435.52999877929690,432.72000122070310,434.75000000000000,55126400,406.33068847656250
2021-07-16,436.01000976562500,436.05999755859375,430.92001342773440,431.33999633789060,75874700,403.14370727539060
2021-07-19,426.19000244140625,431.41000366210940,421.97000122070310,424.97000122070310,147987000,397.19009399414060
2021-07-20,425.67999267578125,432.42001342773440,424.82998657226560,431.05999755859375,99608200,402.88195800781250
2021-07-21,432.33999633789060,434.70001220703125,431.01000976562500,434.54998779296875,64724400,406.14379882812500
2021-07-22,434.73999023437500,435.72000122070310,433.69000244140625,435.45999145507810,47878500,406.99432373046875
2021-07-23,437.51998901367190,440.29998779296875,436.79000854492190,439.94000244140625,63766600,411.18148803710940
2021-07-26,439.30999755859375,441.02999877929690,439.26000976562500,441.01998901367190,43719200,412.19082641601560
2021-07-27,439.91000366210940,439.94000244140625,435.98999023437500,439.01000976562500,67397100,410.31225585937500
2021-07-28,439.67999267578125,440.29998779296875,437.30999755859375,438.82998657226560,52472400,410.14398193359375
2021-07-29,439.82000732421875,441.79998779296875,439.80999755859375,440.64999389648440,47435300,411.84503173828125
2021-07-30,437.91000366210940,440.05999755859375,437.76998901367190,438.51000976562500,68951200,409.84497070312500
2021-08-02,440.33999633789060,440.92999267578125,437.20999145507810,437.58999633789060,58783300,408.98513793945310
2021-08-03,438.44000244140625,441.27999877929690,436.10000610351560,441.14999389648440,58053900,412.31234741210940
2021-08-04,439.77999877929690,441.11999511718750,438.73001098632810,438.98001098632810,46732200,410.28421020507810
2021-08-05,440.22000122070310,441.85000610351560,439.88000488281250,441.76000976562500,38969700,412.88244628906250
2021-08-06,442.10000610351560,442.94000244140625,441.79998779296875,442.48999023437500,46930000,413.56469726562500
2021-08-09,442.45999145507810,442.79998779296875,441.30999755859375,442.13000488281250,41222600,413.22833251953125
2021-08-10,442.60998535156250,443.44000244140625,441.88000488281250,442.67999267578125,43339300,413.74237060546875
2021-08-11,443.82000732421875,443.88000488281250,442.61999511718750,443.77999877929690,44034300,414.77041625976560
2021-08-12,443.61999511718750,445.26000976562500,442.66000366210940,445.10998535156250,38909400,416.01345825195310
2021-08-13,445.58999633789060,445.94000244140625,445.07000732421875,445.92001342773440,39470300,416.77056884765625
2021-08-16,444.52999877929690,447.10998535156250,442.86999511718750,446.97000122070310,73740000,417.75189208984375
2021-08-17,444.23999023437500,444.95999145507810,440.85000610351560,444.04000854492190,92673900,415.01348876953125
2021-08-18,442.95999145507810,444.63000488281250,438.92001342773440,439.17999267578125,89351900,410.47113037109375
2021-08-19,436.26998901367190,441.14001464843750,436.11999511718750,439.85998535156250,92812200,411.10671997070310
2021-08-20,440.23001098632810,443.70999145507810,439.70999145507810,443.35998535156250,72008700,414.37789916992190
2021-08-23,445.16000366210940,448.23001098632810,443.44000244140625,447.26000976562500,54973000,418.02297973632810
2021-08-24,447.97000122070310,448.54000854492190,447.42001342773440,447.97000122070310,38744700,418.68658447265625
2021-08-25,448.17001342773440,449.45999145507810,447.76998901367190,448.91000366210940,40529700,419.56509399414060
2021-08-26,448.60998535156250,448.85998535156250,446.16000366210940,446.26000976562500,57829600,417.08831787109375
2021-08-27,447.11999511718750,450.64999389648440,447.05999755859375,450.25000000000000,77235100,420.81747436523440
2021-08-30,450.97000122070310,453.07000732421875,450.70999145507810,452.23001098632810,48357400,422.66809082031250
2021-08-31,452.13000488281250,452.48999023437500,450.92001342773440,451.55999755859375,59300200,422.04183959960940
2021-09-01,452.55999755859375,453.10998535156250,451.54998779296875,451.79998779296875,48721400,422.26611328125000
2021-09-02,453.32000732421875,454.04998779296875,451.91000366210940,453.19000244140625,42501000,423.56530761718750
2021-09-03,451.98001098632810,453.63000488281250,451.54998779296875,453.07998657226560,47170500,423.46240234375000
2021-09-07,452.70999145507810,452.80999755859375,450.73999023437500,451.45999145507810,51671500,421.94842529296875
2021-09-08,450.89001464843750,451.67001342773440,448.85998535156250,450.91000366210940,56181900,421.43438720703125
2021-09-09,450.70001220703125,452.57000732421875,448.72000122070310,448.98001098632810,57970400,419.63058471679690
2021-09-10,451.04000854492190,451.48999023437500,445.30999755859375,445.44000244140625,89948200,416.32196044921875
2021-09-13,448.64001464843750,448.92001342773440,444.10998535156250,446.57998657226560,83738600,417.38745117187500
2021-09-14,448.11999511718750,448.33999633789060,443.22000122070310,444.17001342773440,78197100,415.13494873046875
2021-09-15,444.61999511718750,448.41000366210940,443.44000244140625,447.88000488281250,78792200,418.60238647460940
2021-09-16,447.32000732421875,448.35998535156250,444.01998901367190,447.17001342773440,77786700,417.93887329101560
2021-09-17,444.92001342773440,445.36999511718750,441.01998901367190,441.39999389648440,118425000,413.86767578125000
2021-09-20,434.88000488281250,436.55999755859375,428.85998535156250,434.04000854492190,166445500,406.96679687500000
2021-09-21,436.52999877929690,437.91000366210940,433.07000732421875,433.63000488281250,92526100,406.58227539062500
2021-09-22,436.04998779296875,440.02999877929690,433.75000000000000,437.85998535156250,102350100,410.54846191406250
2021-09-23,439.85000610351560,444.89001464843750,439.60000610351560,443.17999267578125,76396000,415.53656005859375
2021-09-24,441.44000244140625,444.67001342773440,441.20999145507810,443.91000366210940,62094800,416.22113037109375
2021-09-27,442.80999755859375,444.04998779296875,441.89999389648440,442.64001464843750,61371100,415.03030395507810
2021-09-28,439.69000244140625,440.04000854492190,432.94000244140625,433.72000122070310,130436300,406.66668701171875
2021-09-29,435.19000244140625,437.04000854492190,433.85000610351560,434.45001220703125,82329200,407.35122680664060
2021-09-30,436.01998901367190,436.76998901367190,428.77999877929690,429.14001464843750,140506000,402.37243652343750
2021-10-01,430.98001098632810,436.02999877929690,427.23001098632810,434.23999023437500,129240100,407.15426635742190
2021-10-04,433.00000000000000,433.95999145507810,426.35998535156250,428.64001464843750,128570000,401.90362548828125
2021-10-05,430.23999023437500,435.48999023437500,429.39001464843750,433.10000610351560,90682500,406.08538818359375
2021-10-06,429.26998901367190,435.11999511718750,427.54000854492190,434.89999389648440,113032200,407.77316284179690
2021-10-07,438.39001464843750,441.67999267578125,438.20001220703125,438.66000366210940,72437500,411.29858398437500
2021-10-08,439.48001098632810,439.89001464843750,437.19000244140625,437.85998535156250,74557400,410.54846191406250
2021-10-11,437.16000366210940,440.26000976562500,434.61999511718750,434.69000244140625,65233300,407.57626342773440
2021-10-12,435.67001342773440,436.10000610351560,432.77999877929690,433.61999511718750,71181200,406.57299804687500
2021-10-13,434.70999145507810,436.04998779296875,431.54000854492190,435.17999267578125,72974000,408.03561401367190
2021-10-14,439.07998657226560,442.66000366210940,438.57998657226560,442.50000000000000,70236800,414.89901733398440
2021-10-15,444.75000000000000,446.26000976562500,444.08999633789060,445.86999511718750,66260200,418.05883789062500
2021-10-18,443.97000122070310,447.54998779296875,443.26998901367190,447.19000244140625,62213200,419.29647827148440
2021-10-19,448.92001342773440,450.70999145507810,448.26998901367190,450.64001464843750,46996800,422.53131103515625
2021-10-20,451.13000488281250,452.73001098632810,451.01000976562500,452.41000366210940,49571600,424.19094848632810
2021-10-21,451.76998901367190,453.82998657226560,451.30999755859375,453.58999633789060,41305400,425.29727172851560
2021-10-22,453.13000488281250,454.67001342773440,451.04998779296875,453.11999511718750,58845100,424.85665893554690
2021-10-25,454.27999877929690,455.89999389648440,452.39001464843750,455.54998779296875,45214500,427.13500976562500
2021-10-26,457.20001220703125,458.48999023437500,455.55999755859375,455.95999145507810,56075100,427.51947021484375
2021-10-27,456.45001220703125,457.16000366210940,453.85998535156250,453.94000244140625,72438000,425.62548828125000
2021-10-28,455.45999145507810,458.39999389648440,455.45001220703125,458.32000732421875,51437900,429.73229980468750
2021-10-29,455.86999511718750,459.55999755859375,455.55999755859375,459.25000000000000,70162400,430.60424804687500
2021-11-01,460.29998779296875,460.70001220703125,458.20001220703125,460.04000854492190,48433600,431.34497070312500
2021-11-02,460.22000122070310,462.23001098632810,460.07998657226560,461.89999389648440,48908400,433.08901977539060
2021-11-03,461.29998779296875,465.14999389648440,460.82998657226560,464.72000122070310,52509800,435.73312377929690
2021-11-04,465.35998535156250,467.00000000000000,464.98999023437500,466.91000366210940,52847100,437.78649902343750
2021-11-05,469.27999877929690,470.64999389648440,466.92001342773440,468.52999877929690,66390600,439.30541992187500
2021-11-08,469.70001220703125,470.23001098632810,468.20001220703125,468.92999267578125,50405200,439.68051147460940
2021-11-09,469.32000732421875,469.57000732421875,465.88000488281250,467.38000488281250,51149100,438.22720336914060
2021-11-10,465.57998657226560,467.38000488281250,462.04000854492190,463.61999511718750,69429700,434.70172119140625
2021-11-11,465.20999145507810,465.29000854492190,463.75000000000000,463.76998901367190,34848500,434.84231567382810
2021-11-12,465.11999511718750,467.85998535156250,464.10998535156250,467.26998901367190,53466700,438.12402343750000
2021-11-15,468.64001464843750,468.80999755859375,466.23001098632810,467.42999267578125,46980500,438.27407836914060
2021-11-16,467.14999389648440,470.48999023437500,467.07000732421875,469.27999877929690,48857500,440.00866699218750
2021-11-17,469.00000000000000,469.19000244140625,467.48001098632810,468.14001464843750,47858300,438.93981933593750
2021-11-18,469.23999023437500,470.01000976562500,466.33999633789060,469.73001098632810,50625600,440.43057250976560
2021-11-19,469.60998535156250,470.94000244140625,468.50000000000000,468.89001464843750,57315600,439.64300537109375
2021-11-22,470.89001464843750,473.54000854492190,467.35000610351560,467.57000732421875,72762000,438.40536499023440
2021-11-23,467.22000122070310,469.10000610351560,464.45001220703125,468.19000244140625,73206500,438.98663330078125
2021-11-24,466.05999755859375,469.57000732421875,465.19000244140625,469.44000244140625,61858800,440.15866088867190
2021-11-26,462.33999633789060,463.89999389648440,457.76998901367190,458.97000122070310,112669600,430.34170532226560
2021-11-29,464.07000732421875,466.55999755859375,461.73001098632810,464.60000610351560,86268800,435.62054443359375
2021-11-30,462.00000000000000,464.02999877929690,455.29998779296875,455.55999755859375,148559600,427.14443969726560
2021-12-01,461.64001464843750,464.67001342773440,450.29000854492190,450.50000000000000,131939200,422.40005493164060
2021-12-02,450.73001098632810,459.07000732421875,450.30999755859375,457.39999389648440,127637800,428.86962890625000
2021-12-03,459.17001342773440,460.29998779296875,448.92001342773440,453.42001342773440,137331600,425.13790893554690
2021-12-06,456.13000488281250,460.79000854492190,453.55999755859375,458.79000854492190,98977500,430.17303466796875
2021-12-07,464.41000366210940,468.88000488281250,458.64999389648440,468.27999877929690,95484700,439.07104492187500
2021-12-08,468.70001220703125,470.00000000000000,466.82998657226560,469.51998901367190,72238800,440.23370361328125
2021-12-09,468.14999389648440,469.63000488281250,466.14001464843750,466.35000610351560,61272600,437.26144409179690
2021-12-10,469.23001098632810,470.89999389648440,466.51000976562500,470.73999023437500,77159800,441.37756347656250
2021-12-13,470.19000244140625,470.55999755859375,466.26998901367190,466.57000732421875,87724700,437.46768188476560
2021-12-14,463.08999633789060,465.73999023437500,460.25000000000000,463.35998535156250,97264100,434.45788574218750
2021-12-15,463.42001342773440,470.85998535156250,460.73999023437500,470.60000610351560,116899300,441.24630737304690
2021-12-16,472.57000732421875,472.86999511718750,464.79998779296875,466.45001220703125,116568600,437.35516357421875
2021-12-17,461.54998779296875,464.73999023437500,458.05999755859375,459.86999511718750,135511600,432.70043945312500
2021-12-20,454.48001098632810,455.39999389648440,451.14001464843750,454.98001098632810,107134800,428.09936523437500
2021-12-21,458.60998535156250,463.20999145507810,456.30999755859375,463.05999755859375,69806300,435.70196533203125
2021-12-22,462.79000854492190,467.80999755859375,462.57998657226560,467.69000244140625,58890200,440.05841064453125
2021-12-23,468.75000000000000,472.19000244140625,468.64001464843750,470.60000610351560,56439700,442.79653930664060
2021-12-27,472.05999755859375,477.30999755859375,472.01000976562500,477.26000976562500,56808600,449.06304931640625
2021-12-28,477.72000122070310,478.80999755859375,476.05999755859375,476.86999511718750,47274600,448.69607543945310
2021-12-29,476.98001098632810,478.55999755859375,475.92001342773440,477.48001098632810,54503000,449.27008056640625
2021-12-30,477.92999267578125,479.00000000000000,475.67001342773440,476.16000366210940,55329000,448.02798461914060
2021-12-31,475.64001464843750,476.85998535156250,474.67001342773440,474.95999145507810,65237400,446.89886474609375
2022-01-03,476.29998779296875,477.85000610351560,473.85000610351560,477.70999145507810,72668200,449.48645019531250
2022-01-04,479.22000122070310,479.98001098632810,475.57998657226560,477.54998779296875,71178700,449.33590698242190
2022-01-05,477.16000366210940,477.98001098632810,468.27999877929690,468.38000488281250,104538900,440.70767211914060
2022-01-06,467.89001464843750,470.82000732421875,465.42999267578125,467.94000244140625,86858900,440.29367065429690
2022-01-07,467.95001220703125,469.20001220703125,464.64999389648440,466.08999633789060,85111600,438.55288696289060
2022-01-10,462.70001220703125,465.73999023437500,456.60000610351560,465.51000976562500,119362000,438.00726318359375
2022-01-11,465.23001098632810,469.85000610351560,462.04998779296875,469.75000000000000,74303100,441.99679565429690
2022-01-12,471.58999633789060,473.20001220703125,468.94000244140625,471.01998901367190,67605400,443.19168090820310
2022-01-13,472.19000244140625,472.88000488281250,463.44000244140625,464.52999877929690,91173100,437.08508300781250
2022-01-14,461.19000244140625,465.08999633789060,459.89999389648440,464.72000122070310,95890900,437.26394653320310
2022-01-18,459.73999023437500,459.95999145507810,455.30999755859375,456.48999023437500,109709100,429.52011108398440
2022-01-19,458.13000488281250,459.60998535156250,451.45999145507810,451.75000000000000,109357600,425.06015014648440
2022-01-20,453.75000000000000,458.73999023437500,444.50000000000000,446.75000000000000,122379700,420.35559082031250
2022-01-21,445.55999755859375,448.05999755859375,437.95001220703125,437.98001098632810,202271200,412.10375976562500
2022-01-24,432.02999877929690,440.38000488281250,420.76000976562500,439.83999633789060,251783900,413.85388183593750
2022-01-25,433.05999755859375,439.72000122070310,427.14999389648440,434.47000122070310,167997300,408.80111694335940
2022-01-26,440.72000122070310,444.04000854492190,428.85998535156250,433.38000488281250,186391100,407.77551269531250
2022-01-27,438.26000976562500,441.58999633789060,429.45001220703125,431.23999023437500,149878300,405.76193237304690
2022-01-28,432.67999267578125,442.00000000000000,427.82000732421875,441.95001220703125,164457400,415.83920288085940
2022-01-31,441.23999023437500,450.27999877929690,439.80999755859375,449.91000366210940,152251400,423.32891845703125
2022-02-01,450.67999267578125,453.63000488281250,446.94000244140625,452.95001220703125,123155400,426.18930053710940
2022-02-02,455.50000000000000,458.11999511718750,453.04998779296875,457.35000610351560,117361000,430.32931518554690
2022-02-03,450.95001220703125,452.97000122070310,445.70999145507810,446.60000610351560,118024400,420.21444702148440
2022-02-04,446.35000610351560,452.77999877929690,443.82998657226560,448.70001220703125,118454400,422.19039916992190
2022-02-07,449.51000976562500,450.98999023437500,445.85000610351560,447.26000976562500,84472900,420.83551025390625
2022-02-08,446.73001098632810,451.92001342773440,445.22000122070310,450.94000244140625,81012000,424.29806518554690
2022-02-09,455.22000122070310,457.88000488281250,455.01000976562500,457.54000854492190,92589900,430.50808715820310
2022-02-10,451.33999633789060,457.70999145507810,447.20001220703125,449.32000732421875,140103700,422.77386474609375
2022-02-11,449.41000366210940,451.60998535156250,438.94000244140625,440.45999145507810,153214600,414.43716430664060
2022-02-14,439.92001342773440,441.60000610351560,435.33999633789060,439.01998901367190,123006300,413.08233642578125
2022-02-15,443.73001098632810,446.27999877929690,443.17999267578125,446.10000610351560,88482700,419.74401855468750
2022-02-16,443.92999267578125,448.05999755859375,441.94000244140625,446.60000610351560,84863600,420.21444702148440
2022-02-17,443.22000122070310,446.57000732421875,436.42001342773440,437.05999755859375,102259100,411.23809814453125
2022-02-18,437.32998657226560,438.66000366210940,431.82000732421875,434.23001098632810,132642900,408.57528686523440
2022-02-22,431.89001464843750,435.50000000000000,425.85998535156250,429.57000732421875,124391800,404.19061279296875
2022-02-23,432.66000366210940,433.26000976562500,421.35000610351560,421.95001220703125,132578000,397.02081298828125
2022-02-24,411.01998901367190,428.76000976562500,410.64001464843750,428.29998779296875,213942900,402.99566650390625
2022-02-25,429.60998535156250,437.83999633789060,427.85998535156250,437.75000000000000,121804500,411.88729858398440
2022-02-28,432.02999877929690,438.20001220703125,430.70001220703125,436.63000488281250,145615000,410.83346557617190
2022-03-01,435.04000854492190,437.17001342773440,427.10998535156250,429.98001098632810,137785900,404.57632446289060
2022-03-02,432.36999511718750,439.72000122070310,431.57000732421875,437.89001464843750,117726500,412.01907348632810
2022-03-03,440.47000122070310,441.10998535156250,433.79998779296875,435.70999145507810,105501700,409.96783447265625
2022-03-04,431.75000000000000,433.36999511718750,427.88000488281250,432.17001342773440,113978200,406.63699340820310
2022-03-07,431.54998779296875,432.29998779296875,419.35998535156250,419.42999267578125,137896600,394.64965820312500
2022-03-08,419.61999511718750,427.20999145507810,415.11999511718750,416.25000000000000,164772700,391.65759277343750
2022-03-09,425.14001464843750,429.51000976562500,422.82000732421875,427.41000366210940,116990800,402.15823364257810
2022-03-10,422.51998901367190,426.42999267578125,420.44000244140625,425.48001098632810,93972700,400.34225463867190
2022-03-11,428.11999511718750,428.76998901367190,419.52999877929690,420.07000732421875,95636300,395.25186157226560
2022-03-14,420.89001464843750,424.54998779296875,415.79000854492190,417.00000000000000,95729200,392.36328125000000
2022-03-15,419.76998901367190,426.83999633789060,418.42001342773440,426.17001342773440,106219100,400.99157714843750
2022-03-16,429.89001464843750,435.67999267578125,424.79998779296875,435.61999511718750,144954800,409.88314819335940
2022-03-17,433.58999633789060,441.07000732421875,433.19000244140625,441.07000732421875,102676900,415.01116943359375
2022-03-18,438.00000000000000,444.85998535156250,437.22000122070310,444.51998901367190,106345500,419.55673217773440
2022-03-21,444.33999633789060,446.45999145507810,440.67999267578125,444.39001464843750,88349800,419.43399047851560
2022-03-22,445.85998535156250,450.57998657226560,445.85998535156250,449.58999633789060,74650400,424.34207153320310
2022-03-23,446.91000366210940,448.48999023437500,443.70999145507810,443.79998779296875,79426100,418.87713623046875
2022-03-24,445.94000244140625,450.50000000000000,444.76000976562500,450.48999023437500,64736900,425.19146728515625
2022-03-25,451.16000366210940,452.98001098632810,448.42999267578125,452.69000244140625,77101300,427.26791381835940
2022-03-28,452.05999755859375,455.91000366210940,450.05999755859375,455.91000366210940,68529800,430.30706787109375
2022-03-29,460.01998901367190,462.07000732421875,457.17999267578125,461.54998779296875,86581500,435.63034057617190
2022-03-30,460.33999633789060,461.20001220703125,456.47000122070310,458.70001220703125,79666900,432.94046020507810
2022-03-31,457.89001464843750,458.76000976562500,451.16000366210940,451.64001464843750,121699900,426.27688598632810
2022-04-01,453.30999755859375,453.45999145507810,449.14001464843750,452.92001342773440,89048800,427.48498535156250
2022-04-04,453.13000488281250,456.91000366210940,452.26000976562500,456.79998779296875,59601000,431.14712524414060
2022-04-05,455.22000122070310,457.82998657226560,449.82000732421875,451.02999877929690,74214500,425.70111083984375
2022-04-06,446.89001464843750,448.92999267578125,443.47000122070310,446.51998901367190,106898000,421.44442749023440
2022-04-07,445.58999633789060,450.69000244140625,443.52999877929690,448.76998901367190,78097200,423.56802368164060
2022-04-08,447.97000122070310,450.63000488281250,445.94000244140625,447.57000732421875,79272700,422.43542480468750
2022-04-11,444.10998535156250,445.00000000000000,439.39001464843750,439.92001342773440,89770500,415.21499633789060
2022-04-12,443.07998657226560,445.75000000000000,436.64999389648440,438.29000854492190,84363600,413.67660522460940
2022-04-13,438.02999877929690,444.10998535156250,437.83999633789060,443.30999755859375,74070400,418.41467285156250
2022-04-14,443.54998779296875,444.73001098632810,437.67999267578125,437.79000854492190,97869500,413.20465087890625
2022-04-18,436.80999755859375,439.75000000000000,435.60998535156250,437.97000122070310,66002500,413.37454223632810
2022-04-19,437.85998535156250,445.79998779296875,437.67999267578125,445.04000854492190,77821000,420.04757690429690
2022-04-20,446.92001342773440,447.57000732421875,443.48001098632810,444.70999145507810,65224400,419.73605346679690
2022-04-21,448.54000854492190,450.01000976562500,437.10000610351560,438.05999755859375,85417300,413.45947265625000
2022-04-22,436.91000366210940,438.07998657226560,425.44000244140625,426.04000854492190,132471800,402.11450195312500
2022-04-25,423.67001342773440,428.69000244140625,418.83999633789060,428.51000976562500,119647700,404.44583129882810
2022-04-26,425.82998657226560,426.04000854492190,416.07000732421875,416.10000610351560,103996300,392.73272705078125
2022-04-27,417.23999023437500,422.92001342773440,415.01000976562500,417.26998901367190,122030000,393.83697509765625
2022-04-28,422.29000854492190,429.64001464843750,417.60000610351560,427.80999755859375,105449100,403.78512573242190
2022-04-29,423.58999633789060,425.86999511718750,411.20999145507810,412.00000000000000,145491100,388.86294555664060
2022-05-02,412.07000732421875,415.92001342773440,405.01998901367190,414.48001098632810,158312500,391.20367431640625
2022-05-03,415.01000976562500,418.92999267578125,413.35998535156250,416.38000488281250,100028200,392.99697875976560
2022-05-04,417.07998657226560,429.66000366210940,413.70999145507810,429.05999755859375,144247900,404.96496582031250
2022-05-05,424.54998779296875,425.00000000000000,409.44000244140625,413.80999755859375,172929100,390.57135009765625
2022-05-06,411.10000610351560,414.79998779296875,405.73001098632810,411.33999633789060,151770800,388.24005126953125
2022-05-09,405.10000610351560,406.41000366210940,396.50000000000000,398.17001342773440,155586100,375.80969238281250
2022-05-10,404.48999023437500,406.07998657226560,394.82000732421875,399.08999633789060,132497200,376.67794799804690
2022-05-11,398.07000732421875,404.04000854492190,391.95999145507810,392.75000000000000,142361000,370.69403076171875
2022-05-12,389.36999511718750,395.79998779296875,385.14999389648440,392.33999633789060,125090800,370.30706787109375
2022-05-13,396.70999145507810,403.17999267578125,395.60998535156250,401.72000122070310,104174400,379.16030883789060
2022-05-16,399.98001098632810,403.97000122070310,397.60000610351560,400.08999633789060,78622400,377.62176513671875
2022-05-17,406.52999877929690,408.57000732421875,402.57998657226560,408.32000732421875,83029700,385.38961791992190
2022-05-18,403.50000000000000,403.79998779296875,390.54998779296875,391.85998535156250,117674500,369.85397338867190
2022-05-19,388.61999511718750,394.14001464843750,387.10998535156250,389.45999145507810,98510700,367.58877563476560
2022-05-20,393.25000000000000,397.02999877929690,380.54000854492190,389.63000488281250,131432200,367.74917602539060
2022-05-23,392.82998657226560,397.73001098632810,390.38000488281250,396.92001342773440,76414900,374.62988281250000
2022-05-24,392.55999755859375,395.14999389648440,386.95999145507810,393.89001464843750,91448800,371.77005004882810
2022-05-25,392.30999755859375,399.45001220703125,391.89001464843750,397.36999511718750,91472900,375.05459594726560
2022-05-26,398.67001342773440,407.04000854492190,398.45001220703125,405.30999755859375,82168300,382.54867553710940
2022-05-27,407.91000366210940,415.38000488281250,407.70001220703125,415.26000976562500,84768700,391.93991088867190
2022-05-31,413.54998779296875,416.45999145507810,410.02999877929690,412.92999267578125,95937000,389.74072265625000
2022-06-01,415.17001342773440,416.23999023437500,406.92999267578125,409.58999633789060,86585800,386.58828735351560
2022-06-02,409.42001342773440,417.44000244140625,407.04000854492190,417.39001464843750,79609600,393.95031738281250
2022-06-03,412.39999389648440,414.04000854492190,409.51000976562500,410.54000854492190,71874300,387.48498535156250
2022-06-06,414.77999877929690,416.60998535156250,410.54998779296875,411.79000854492190,57508900,388.66482543945310
2022-06-07,408.10000610351560,416.22000122070310,407.60998535156250,415.73999023437500,59272400,392.39294433593750
2022-06-08,413.92999267578125,415.82000732421875,410.38000488281250,411.22000122070310,64350000,388.12677001953125
2022-06-09,409.33999633789060,411.73999023437500,401.44000244140625,401.44000244140625,86289800,378.89599609375000
2022-06-10,394.88000488281250,395.77999877929690,389.75000000000000,389.79998779296875,132893900,367.90966796875000
2022-06-13,379.85000610351560,381.80999755859375,373.29998779296875,375.00000000000000,170004900,353.94076538085940
2022-06-14,376.85000610351560,377.94000244140625,370.58999633789060,373.86999511718750,104011800,352.87426757812500
2022-06-15,377.35998535156250,383.89999389648440,372.11999511718750,379.20001220703125,125666800,357.90496826171875
2022-06-16,370.51000976562500,370.94000244140625,364.07998657226560,366.64999389648440,134473300,346.05972290039060
2022-06-17,365.51000976562500,369.38000488281250,362.17001342773440,365.85998535156250,111113900,346.80575561523440
2022-06-21,371.89001464843750,376.52999877929690,371.80999755859375,375.07000732421875,76811900,355.53610229492190
2022-06-22,370.61999511718750,378.72000122070310,370.17999267578125,374.39001464843750,90059400,354.89151000976560
2022-06-23,376.64001464843750,378.82998657226560,372.89001464843750,378.05999755859375,79292100,358.37036132812500
2022-06-24,381.39999389648440,390.08999633789060,381.36999511718750,390.07998657226560,98050300,369.76431274414060
2022-06-27,391.04998779296875,391.35998535156250,387.44000244140625,388.58999633789060,66009600,368.35195922851560
2022-06-28,390.23001098632810,393.16000366210940,380.52999877929690,380.64999389648440,86548900,360.82540893554690
2022-06-29,381.23001098632810,382.26998901367190,378.42001342773440,380.33999633789060,65676000,360.53164672851560
2022-06-30,376.23999023437500,380.66000366210940,372.55999755859375,377.25000000000000,112508300,357.60256958007810
2022-07-01,376.55999755859375,381.70001220703125,373.79998779296875,381.23999023437500,74839700,361.38476562500000
2022-07-05,375.88000488281250,381.98001098632810,372.89999389648440,381.95999145507810,81438000,362.06723022460940
2022-07-06,382.10998535156250,385.86999511718750,379.60000610351560,383.25000000000000,70426200,363.29013061523440
2022-07-07,385.11999511718750,389.82998657226560,383.26998901367190,388.98999023437500,64525900,368.73114013671875
2022-07-08,387.26998901367190,390.64001464843750,385.66000366210940,388.67001342773440,72397800,368.42785644531250
2022-07-11,385.85000610351560,386.86999511718750,383.50000000000000,384.23001098632810,58366900,364.21911621093750
2022-07-12,383.64999389648440,386.16000366210940,378.98999023437500,380.82998657226560,62219200,360.99609375000000
2022-07-13,375.10000610351560,381.92001342773440,374.66000366210940,378.82998657226560,84224600,359.10025024414060
2022-07-14,373.60998535156250,379.04998779296875,371.04000854492190,377.91000366210940,89704800,358.22817993164060
2022-07-15,382.54998779296875,385.25000000000000,380.54000854492190,385.13000488281250,79060400,365.07214355468750
2022-07-18,388.38000488281250,389.08999633789060,380.66000366210940,381.95001220703125,63203600,362.05786132812500
2022-07-19,386.07998657226560,392.86999511718750,385.39001464843750,392.26998901367190,78506000,371.84027099609375
2022-07-20,392.47000122070310,396.26000976562500,391.02999877929690,394.76998901367190,71843800,374.21005249023440
2022-07-21,394.16000366210940,398.83999633789060,391.63000488281250,398.79000854492190,64903900,378.02075195312500
2022-07-22,398.92001342773440,400.17999267578125,392.75000000000000,395.08999633789060,72197300,374.51342773437500
2022-07-25,395.75000000000000,396.47000122070310,393.20999145507810,395.57000732421875,53631500,374.96847534179690
2022-07-26,393.83999633789060,394.05999755859375,389.95001220703125,390.89001464843750,52946400,370.53216552734375
2022-07-27,394.35998535156250,402.88000488281250,394.04998779296875,401.04000854492190,82342100,380.15356445312500
2022-07-28,401.89001464843750,406.79998779296875,398.14999389648440,406.07000732421875,73966600,384.92160034179690
2022-07-29,407.57998657226560,413.02999877929690,406.76998901367190,411.98999023437500,87003700,390.53329467773440
2022-08-01,409.14999389648440,413.41000366210940,408.39999389648440,410.76998901367190,69997500,389.37673950195310
2022-08-02,409.11999511718750,413.00000000000000,406.82000732421875,408.05999755859375,63435400,386.80798339843750
2022-08-03,410.29998779296875,415.67999267578125,410.00000000000000,414.45001220703125,67820600,392.86511230468750
2022-08-04,414.36999511718750,415.08999633789060,412.44000244140625,414.17001342773440,45656600,392.59970092773440
2022-08-05,409.66000366210940,414.14999389648440,409.60000610351560,413.47000122070310,56814900,391.93615722656250
2022-08-08,415.25000000000000,417.61999511718750,411.82998657226560,412.98999023437500,53886100,391.48123168945310
2022-08-09,412.22000122070310,412.75000000000000,410.22000122070310,411.35000610351560,44931800,389.92666625976560
2022-08-10,418.77999877929690,420.14001464843750,416.72000122070310,419.98999023437500,68665700,398.11660766601560
2022-08-11,422.98999023437500,424.95001220703125,419.20999145507810,419.98999023437500,59489700,398.11660766601560
2022-08-12,422.02999877929690,427.20999145507810,421.02999877929690,427.10000610351560,61694500,404.85632324218750
2022-08-15,424.76998901367190,429.41000366210940,424.70999145507810,428.85998535156250,54048300,406.52468872070310
2022-08-16,427.73001098632810,431.73001098632810,426.88000488281250,429.70001220703125,59289000,407.32089233398440
2022-08-17,425.91000366210940,429.50000000000000,424.54000854492190,426.64999389648440,63563400,404.42977905273440
2022-08-18,426.85998535156250,428.60998535156250,425.50000000000000,427.89001464843750,49023200,405.60516357421875
2022-08-19,424.98001098632810,425.26000976562500,421.22000122070310,422.14001464843750,68016900,400.15469360351560
2022-08-22,417.04998779296875,417.23001098632810,412.39999389648440,413.35000610351560,77695600,391.82250976562500
2022-08-23,412.89999389648440,415.42001342773440,411.76998901367190,412.35000610351560,49105200,390.87454223632810
2022-08-24,412.10998535156250,415.10998535156250,411.39001464843750,413.67001342773440,49177800,392.12576293945310
2022-08-25,415.23999023437500,419.55999755859375,414.08999633789060,419.51000976562500,50942300,397.66168212890625
2022-08-26,419.39001464843750,419.95999145507810,405.25000000000000,405.30999755859375,103087000,384.20117187500000
2022-08-29,402.20001220703125,405.83999633789060,401.20001220703125,402.63000488281250,65370800,381.66079711914060
2022-08-30,403.85000610351560,404.10000610351560,396.00000000000000,398.20999145507810,85652400,377.47094726562500
2022-08-31,399.92999267578125,401.23999023437500,395.04000854492190,395.17999267578125,76029700,374.59869384765625
2022-09-01,392.89001464843750,396.77999877929690,390.04000854492190,396.42001342773440,78740100,375.77416992187500
2022-09-02,400.27999877929690,401.55999755859375,390.32998657226560,392.23999023437500,99632100,371.81188964843750
2022-09-06,393.13000488281250,394.11999511718750,388.42001342773440,390.76000976562500,76637400,370.40893554687500
2022-09-07,390.42999267578125,398.58999633789060,390.20001220703125,397.77999877929690,70964200,377.06335449218750
2022-09-08,395.39001464843750,400.85998535156250,394.11999511718750,400.38000488281250,80821700,379.52795410156250
2022-09-09,402.73999023437500,407.51000976562500,402.45999145507810,406.60000610351560,76706900,385.42401123046875
2022-09-12,408.77999877929690,411.73001098632810,408.45999145507810,410.97000122070310,69256300,389.56640625000000
2022-09-13,401.82998657226560,403.10000610351560,391.92001342773440,393.10000610351560,122947100,372.62710571289060
2022-09-14,394.47000122070310,396.20001220703125,391.11999511718750,394.60000610351560,85023700,374.04898071289060
2022-09-15,392.95999145507810,395.95999145507810,388.77999877929690,390.11999511718750,87633800,369.80230712890625
2022-09-16,384.14001464843750,386.25000000000000,382.10998535156250,385.55999755859375,103084800,366.98107910156250
2022-09-19,382.26000976562500,388.54998779296875,382.17999267578125,388.54998779296875,73278500,369.82699584960940
2022-09-20,385.05999755859375,386.11999511718750,381.20001220703125,384.08999633789060,77274900,365.58190917968750
2022-09-21,386.10998535156250,389.30999755859375,377.38000488281250,377.39001464843750,106746600,359.20480346679690
2022-09-22,376.57998657226560,378.29998779296875,373.44000244140625,374.22000122070310,89472600,356.18753051757810
2022-09-23,370.57998657226560,370.61999511718750,363.29000854492190,367.95001220703125,122346900,350.21960449218750
2022-09-26,366.41000366210940,370.20999145507810,363.02999877929690,364.30999755859375,92581200,346.75506591796875
2022-09-27,368.01998901367190,370.39999389648440,360.86999511718750,363.38000488281250,108294100,345.86987304687500
2022-09-28,364.38000488281250,372.29998779296875,362.60000610351560,370.52999877929690,110802200,352.67535400390625
2022-09-29,366.80999755859375,367.10998535156250,359.70001220703125,362.79000854492190,112952300,345.30831909179690
2022-09-30,361.79998779296875,365.91000366210940,357.04000854492190,357.17999267578125,153711200,339.96859741210940
2022-10-03,361.07998657226560,368.54998779296875,359.20999145507810,366.60998535156250,89756500,348.94415283203125
2022-10-04,372.39999389648440,378.00000000000000,366.57000732421875,377.97000122070310,103602800,359.75680541992190
2022-10-05,373.39001464843750,379.45999145507810,370.95001220703125,377.08999633789060,88065700,358.91928100585940
2022-10-06,375.61999511718750,378.72000122070310,372.67999267578125,373.20001220703125,82333500,355.21670532226560
2022-10-07,368.97000122070310,373.29000854492190,360.94000244140625,362.79000854492190,107789500,345.30831909179690
2022-10-10,363.95999145507810,364.20999145507810,357.67001342773440,360.01998901367190,76042800,342.67184448242190
2022-10-11,358.23999023437500,363.02999877929690,355.70999145507810,357.73999023437500,92482800,340.50161743164060
2022-10-12,358.17001342773440,359.82000732421875,356.29998779296875,356.55999755859375,76991800,339.37850952148440
2022-10-13,349.20999145507810,367.51000976562500,348.10998535156250,365.97000122070310,147254500,348.33508300781250
2022-10-14,368.54998779296875,370.26000976562500,356.95999145507810,357.63000488281250,123737000,340.39694213867190
2022-10-17,364.01000976562500,367.98001098632810,357.27999877929690,366.82000732421875,93168200,349.14413452148440
2022-10-18,375.13000488281250,375.45001220703125,367.51998901367190,371.13000488281250,97162900,353.24639892578125
2022-10-19,368.98999023437500,371.85000610351560,365.54998779296875,368.50000000000000,79746900,350.74310302734375
2022-10-20,368.02999877929690,372.67001342773440,364.60998535156250,365.41000366210940,88283100,347.80209350585940
2022-10-21,365.11999511718750,374.79998779296875,363.54000854492190,374.29000854492190,131038400,356.25415039062500
2022-10-24,375.89001464843750,380.05999755859375,373.10998535156250,378.86999511718750,85436900,360.61346435546875
2022-10-25,378.79000854492190,385.25000000000000,378.67001342773440,384.92001342773440,78846300,366.37197875976560
2022-10-26,381.61999511718750,387.57998657226560,381.35000610351560,382.01998901367190,104087300,363.61169433593750
2022-10-27,383.07000732421875,385.00000000000000,379.32998657226560,379.98001098632810,81971800,361.66998291015625
2022-10-28,379.86999511718750,389.51998901367190,379.67999267578125,389.01998901367190,100302000,370.27432250976560
2022-10-31,386.44000244140625,388.39999389648440,385.26000976562500,386.20999145507810,96631300,367.59976196289060
2022-11-01,390.14001464843750,390.39001464843750,383.29000854492190,384.51998901367190,85407600,365.99114990234375
2022-11-02,383.89999389648440,388.63000488281250,374.76000976562500,374.86999511718750,126990400,356.80624389648440
2022-11-03,371.47000122070310,374.20001220703125,368.79000854492190,371.01000976562500,87100100,353.13226318359375
2022-11-04,377.00000000000000,378.86999511718750,370.00000000000000,376.35000610351560,103505200,358.21487426757810
2022-11-07,377.70999145507810,380.57000732421875,375.52999877929690,379.95001220703125,68286900,361.64141845703125
2022-11-08,381.10998535156250,385.11999511718750,377.72000122070310,382.00000000000000,84641100,363.59265136718750
2022-11-09,379.92999267578125,381.14001464843750,373.60998535156250,374.13000488281250,78495500,356.10189819335940
2022-11-10,388.04998779296875,395.04000854492190,385.64001464843750,394.69000244140625,141455800,375.67114257812500
2022-11-11,395.58999633789060,399.35000610351560,393.60998535156250,398.51000976562500,93839900,379.30709838867190
2022-11-14,396.66000366210940,400.17999267578125,394.82998657226560,395.11999511718750,71903500,376.08041381835940
2022-11-15,401.14999389648440,402.30999755859375,394.48999023437500,398.48999023437500,93194500,379.28805541992190
2022-11-16,396.77999877929690,397.77999877929690,394.79000854492190,395.45001220703125,68508500,376.39456176757810
2022-11-17,390.45999145507810,394.95001220703125,390.14001464843750,394.23999023437500,74496300,375.24288940429690
2022-11-18,397.73999023437500,397.80999755859375,393.04000854492190,396.02999877929690,92922500,376.94653320312500
2022-11-21,394.64001464843750,395.82000732421875,392.66000366210940,394.58999633789060,51243200,375.57595825195310
2022-11-22,396.63000488281250,400.07000732421875,395.14999389648440,399.89999389648440,60429000,380.63009643554690
2022-11-23,399.54998779296875,402.92999267578125,399.30999755859375,402.42001342773440,68261600,383.02871704101560
2022-11-25,401.82998657226560,402.91000366210940,401.54000854492190,402.32998657226560,30545400,382.94296264648440
2022-11-28,399.08999633789060,400.80999755859375,395.10998535156250,395.91000366210940,67881600,376.83236694335940
2022-11-29,396.04998779296875,397.29998779296875,393.29998779296875,395.23001098632810,52310000,376.18521118164060
2022-11-30,395.48999023437500,407.67999267578125,393.48001098632810,407.67999267578125,144566700,388.03515625000000
2022-12-01,408.76998901367190,410.00000000000000,404.75000000000000,407.38000488281250,76398200,387.74966430664060
2022-12-02,402.25000000000000,407.85998535156250,402.14001464843750,406.91000366210940,85342700,387.30230712890625
2022-12-05,403.95001220703125,404.92999267578125,398.17001342773440,399.58999633789060,77289800,380.33505249023440
2022-12-06,399.42001342773440,399.98999023437500,391.64001464843750,393.82998657226560,77972200,374.85256958007810
2022-12-07,392.94000244140625,395.64001464843750,391.97000122070310,393.16000366210940,65927900,374.21487426757810
2022-12-08,395.14001464843750,397.35998535156250,393.26998901367190,396.23999023437500,60737900,377.14645385742190
2022-12-09,394.94000244140625,397.61999511718750,393.14999389648440,393.27999877929690,81447700,374.32913208007810
2022-12-12,394.10998535156250,398.95001220703125,393.41000366210940,398.95001220703125,75405800,379.72586059570310
2022-12-13,410.22000122070310,410.48999023437500,399.07000732421875,401.97000122070310,123782500,382.60037231445310
2022-12-14,401.60998535156250,405.50000000000000,396.30999755859375,399.39999389648440,108111300,380.15420532226560
2022-12-15,394.29998779296875,395.25000000000000,387.89001464843750,389.63000488281250,117705900,370.85494995117190
2022-12-16,385.17999267578125,386.57998657226560,381.04000854492190,383.26998901367190,119858000,366.47662353515625
2022-12-19,383.47000122070310,383.82000732421875,378.27999877929690,380.01998901367190,79878100,363.36901855468750
2022-12-20,379.23001098632810,382.23001098632810,377.85000610351560,380.54000854492190,74427200,363.86627197265625
2022-12-21,383.25000000000000,387.41000366210940,382.69000244140625,386.23001098632810,78167400,369.30697631835940
2022-12-22,383.04998779296875,386.20999145507810,374.76998901367190,380.72000122070310,100120900,364.03826904296875
2022-12-23,379.64999389648440,383.05999755859375,378.02999877929690,382.91000366210940,59857300,366.13238525390625
2022-12-27,382.79000854492190,383.14999389648440,379.64999389648440,381.39999389648440,51638200,364.68856811523440
2022-12-28,381.32998657226560,383.39001464843750,376.42001342773440,376.66000366210940,70911500,360.15625000000000
2022-12-29,379.63000488281250,384.35000610351560,379.07998657226560,383.44000244140625,66970900,366.63916015625000
2022-12-30,380.64001464843750,382.57998657226560,378.42999267578125,382.42999267578125,84022200,365.67346191406250
2023-01-03,384.36999511718750,386.42999267578125,377.82998657226560,380.82000732421875,74850700,364.13394165039060
2023-01-04,383.17999267578125,385.88000488281250,380.00000000000000,383.76000976562500,85934100,366.94519042968750
2023-01-05,381.72000122070310,381.83999633789060,378.76000976562500,379.38000488281250,76970500,362.75708007812500
2023-01-06,382.60998535156250,389.25000000000000,379.41000366210940,388.07998657226560,104189600,371.07589721679690
2023-01-09,390.36999511718750,393.70001220703125,387.67001342773440,387.85998535156250,73978100,370.86550903320310
2023-01-10,387.25000000000000,390.64999389648440,386.26998901367190,390.57998657226560,65358100,373.46627807617190
2023-01-11,392.23001098632810,395.60000610351560,391.38000488281250,395.51998901367190,68881100,378.18981933593750
2023-01-12,396.67001342773440,398.48999023437500,392.42001342773440,396.95999145507810,90157700,379.56674194335940
2023-01-13,393.61999511718750,399.10000610351560,393.33999633789060,398.50000000000000,63903900,381.03927612304690
2023-01-17,398.48001098632810,400.23001098632810,397.05999755859375,397.76998901367190,62677300,380.34127807617190
2023-01-18,399.01000976562500,400.11999511718750,391.27999877929690,391.48999023437500,99632300,374.33639526367190
2023-01-19,389.35998535156250,391.07998657226560,387.26000976562500,388.64001464843750,86958900,371.61135864257810
2023-01-20,390.10000610351560,396.04000854492190,388.38000488281250,395.88000488281250,91806400,378.53405761718750
2023-01-23,396.72000122070310,402.64999389648440,395.72000122070310,400.63000488281250,84178800,383.07598876953125
2023-01-24,398.88000488281250,401.14999389648440,397.64001464843750,400.20001220703125,59524900,382.66482543945310
2023-01-25,395.95001220703125,400.70001220703125,393.55999755859375,400.35000610351560,84800300,382.80828857421875
2023-01-26,403.13000488281250,404.92001342773440,400.02999877929690,404.75000000000000,72287400,387.01541137695310
2023-01-27,403.66000366210940,408.16000366210940,403.44000244140625,405.67999267578125,68346200,387.90469360351560
2023-01-30,402.79998779296875,405.13000488281250,400.27999877929690,400.58999633789060,74202000,383.03768920898440
2023-01-31,401.13000488281250,406.52999877929690,400.76998901367190,406.48001098632810,86811800,388.66958618164060
2023-02-01,405.20999145507810,413.67001342773440,402.35000610351560,410.79998779296875,101459200,392.80035400390625
2023-02-02,414.85998535156250,418.30999755859375,412.88000488281250,416.77999877929690,101654500,398.51831054687500
2023-02-03,411.58999633789060,416.97000122070310,411.08999633789060,412.35000610351560,94736800,394.28244018554690
2023-02-06,409.79000854492190,411.29000854492190,408.10000610351560,409.82998657226560,60295300,391.87283325195310
2023-02-07,408.86999511718750,416.48999023437500,407.57000732421875,415.19000244140625,90990700,396.99795532226560
2023-02-08,413.13000488281250,414.52999877929690,409.92999267578125,410.64999389648440,76227500,392.65692138671875
2023-02-09,414.41000366210940,414.57000732421875,405.80999755859375,407.08999633789060,78694900,389.25292968750000
2023-02-10,405.85998535156250,408.44000244140625,405.01000976562500,408.04000854492190,70769700,390.16128540039060
2023-02-13,408.72000122070310,412.97000122070310,408.23999023437500,412.82998657226560,64913500,394.74136352539060
2023-02-14,411.23999023437500,415.04998779296875,408.51000976562500,412.64001464843750,88389300,394.55972290039060
2023-02-15,410.35000610351560,414.05999755859375,409.47000122070310,413.98001098632810,61555700,395.84100341796875
2023-02-16,408.79000854492190,412.91000366210940,408.14001464843750,408.27999877929690,76431500,390.39074707031250
2023-02-17,406.05999755859375,407.51000976562500,404.04998779296875,407.26000976562500,89257800,389.41546630859375
2023-02-21,403.05999755859375,404.16000366210940,398.82000732421875,399.08999633789060,82655900,381.60348510742190
2023-02-22,399.51998901367190,401.13000488281250,397.01998901367190,398.54000854492190,83742300,381.07757568359375
2023-02-23,401.55999755859375,402.20001220703125,396.25000000000000,400.66000366210940,96242400,383.10467529296875
2023-02-24,395.42001342773440,397.25000000000000,393.64001464843750,396.38000488281250,108194400,379.01217651367190
2023-02-27,399.86999511718750,401.29000854492190,396.75000000000000,397.73001098632810,80444700,380.30300903320310
2023-02-28,397.23001098632810,399.27999877929690,396.14999389648440,396.26000976562500,96438600,378.89749145507810
2023-03-01,395.41000366210940,396.69000244140625,393.38000488281250,394.73999023437500,99706800,377.44409179687500
2023-03-02,392.67999267578125,398.69000244140625,392.32998657226560,397.80999755859375,85127800,380.37954711914060
2023-03-03,399.70999145507810,404.45001220703125,399.02999877929690,404.19000244140625,90120000,386.47998046875000
2023-03-06,405.04998779296875,407.45001220703125,404.01000976562500,404.47000122070310,72795900,386.74771118164060
2023-03-07,404.42001342773440,404.67001342773440,397.63000488281250,398.26998901367190,108310600,380.81936645507810
2023-03-08,398.39001464843750,399.70999145507810,396.58999633789060,398.92001342773440,74746600,381.44088745117190
2023-03-09,399.73999023437500,401.48001098632810,390.52999877929690,391.55999755859375,111945300,374.40344238281250
2023-03-10,390.98999023437500,393.16000366210940,384.32000732421875,385.91000366210940,189253000,369.00091552734375
2023-03-13,381.80999755859375,390.39001464843750,380.64999389648440,385.35998535156250,157790000,368.47500610351560
2023-03-14,390.50000000000000,393.45001220703125,387.04998779296875,391.73001098632810,149752400,374.56594848632810
2023-03-15,385.89001464843750,389.48999023437500,383.70999145507810,389.27999877929690,172996900,372.22329711914060
2023-03-16,386.82000732421875,396.47000122070310,386.29000854492190,396.10998535156250,143254200,378.75396728515625
2023-03-17,393.22000122070310,394.39999389648440,388.54998779296875,389.98999023437500,140553400,374.32531738281250
2023-03-20,390.79998779296875,394.17001342773440,390.07000732421875,393.73999023437500,93055800,377.92468261718750
2023-03-21,397.23999023437500,399.41000366210940,395.57998657226560,398.91000366210940,91524200,382.88705444335940
2023-03-22,398.73001098632810,402.48999023437500,392.07000732421875,392.10998535156250,111746600,376.36019897460940
2023-03-23,395.08999633789060,399.29000854492190,390.35000610351560,393.17001342773440,119351300,377.37762451171875
2023-03-24,391.83999633789060,395.83999633789060,389.39999389648440,395.75000000000000,107682400,379.85394287109375
2023-03-27,398.11999511718750,398.92001342773440,395.55999755859375,396.48999023437500,74010400,380.56420898437500
2023-03-28,395.76998901367190,396.48999023437500,393.69000244140625,395.60000610351560,62871700,379.71002197265625
2023-03-29,399.92999267578125,401.60000610351560,398.67999267578125,401.35000610351560,77497900,385.22900390625000
2023-03-30,404.08999633789060,404.35000610351560,401.76000976562500,403.70001220703125,69840000,387.48464965820310
2023-03-31,404.66000366210940,409.70001220703125,404.54998779296875,409.39001464843750,112062600,392.94607543945310
2023-04-03,408.85000610351560,411.36999511718750,408.44000244140625,410.95001220703125,67391100,394.44348144531250
2023-04-04,411.61999511718750,411.92001342773440,407.23999023437500,408.67001342773440,66601500,392.25509643554690
2023-04-05,407.91000366210940,408.70001220703125,405.88000488281250,407.60000610351560,65200200,391.22802734375000
2023-04-06,406.76998901367190,409.48001098632810,405.67999267578125,409.19000244140625,63743300,392.75411987304690
2023-04-10,406.60998535156250,409.69000244140625,405.97000122070310,409.60998535156250,63681000,393.15725708007810
2023-04-11,410.26000976562500,411.17999267578125,408.92001342773440,409.72000122070310,59297900,393.26284790039060
2023-04-12,411.86999511718750,412.17001342773440,407.44000244140625,408.04998779296875,86420400,391.65988159179690
2023-04-13,409.17999267578125,413.83999633789060,407.98999023437500,413.47000122070310,85814800,396.86227416992190
2023-04-14,412.80999755859375,415.08999633789060,410.05999755859375,412.45999145507810,78161500,395.89279174804690
2023-04-17,412.36999511718750,413.95999145507810,411.08999633789060,413.94000244140625,66436400,397.31335449218750
2023-04-18,415.57998657226560,415.72000122070310,412.77999877929690,414.20999145507810,63560000,397.57254028320310
2023-04-19,412.22000122070310,415.07998657226560,412.16000366210940,414.14001464843750,55227300,397.50531005859375
2023-04-20,411.20999145507810,413.70001220703125,410.26998901367190,411.88000488281250,75840400,395.33609008789060
2023-04-21,412.19000244140625,412.67999267578125,410.17001342773440,412.20001220703125,73457400,395.64324951171875
2023-04-24,411.98999023437500,413.07000732421875,410.60000610351560,412.63000488281250,64332100,396.05590820312500
2023-04-25,410.57998657226560,411.16000366210940,406.01998901367190,406.07998657226560,97766700,389.76907348632810
2023-04-26,406.72000122070310,407.83999633789060,403.77999877929690,404.35998535156250,80447000,388.11816406250000
2023-04-27,407.00000000000000,412.69000244140625,406.73999023437500,412.41000366210940,92968400,395.84481811523440
2023-04-28,411.48999023437500,415.94000244140625,411.42999267578125,415.92999267578125,89433100,399.22344970703125
2023-05-01,415.47000122070310,417.61999511718750,415.26998901367190,415.51000976562500,62122300,398.82031250000000
2023-05-02,414.76998901367190,414.82000732421875,407.82000732421875,410.83999633789060,103998500,394.33789062500000
2023-05-03,411.35998535156250,413.86999511718750,407.76998901367190,408.01998901367190,91531800,391.63110351562500
2023-05-04,406.92999267578125,407.26998901367190,403.73999023437500,405.13000488281250,94901900,388.85723876953125
2023-05-05,408.91000366210940,413.72000122070310,408.64001464843750,412.63000488281250,87891800,396.05590820312500
2023-05-08,412.97000122070310,413.23999023437500,411.27999877929690,412.73999023437500,50046800,396.16156005859375
2023-05-09,411.13000488281250,412.08999633789060,410.69000244140625,410.92999267578125,49220100,394.42425537109375
2023-05-10,413.88000488281250,414.54000854492190,408.86999511718750,412.85000610351560,96142900,396.26708984375000
2023-05-11,411.95001220703125,412.42999267578125,409.97000122070310,412.13000488281250,70157100,395.57604980468750
2023-05-12,413.42001342773440,413.64001464843750,409.07000732421875,411.58999633789060,70481500,395.05783081054690
2023-05-15,412.22000122070310,413.42999267578125,410.23001098632810,413.01000976562500,54289400,396.42074584960940
2023-05-16,411.85998535156250,412.82000732421875,410.23999023437500,410.25000000000000,57705500,393.77160644531250
2023-05-17,412.35000610351560,415.85998535156250,410.64001464843750,415.23001098632810,87287000,398.55160522460940
2023-05-18,414.89999389648440,419.67001342773440,414.67001342773440,419.23001098632810,97177200,402.39089965820310
2023-05-19,420.17001342773440,420.72000122070310,417.35000610351560,418.61999511718750,103793300,401.80532836914060
2023-05-22,418.64001464843750,420.39001464843750,417.35000610351560,418.79000854492190,60745400,401.96853637695310
2023-05-23,417.07998657226560,418.72000122070310,413.67999267578125,414.08999633789060,86383500,397.45730590820310
2023-05-24,412.42001342773440,412.82000732421875,409.88000488281250,411.08999633789060,89213700,394.57785034179690
2023-05-25,414.73999023437500,416.16000366210940,412.41000366210940,414.64999389648440,90961600,397.99484252929690
2023-05-26,415.32998657226560,420.76998901367190,415.25000000000000,420.01998901367190,93830000,403.14910888671875
2023-05-30,422.02999877929690,422.57998657226560,418.73999023437500,420.17999267578125,72216000,403.30273437500000
2023-05-31,418.27999877929690,419.22000122070310,416.22000122070310,417.85000610351560,110811800,401.06628417968750
2023-06-01,418.08999633789060,422.92001342773440,416.79000854492190,421.82000732421875,88865000,404.87683105468750
2023-06-02,424.50000000000000,428.73999023437500,423.95001220703125,427.92001342773440,91426200,410.73181152343750
2023-06-05,428.27999877929690,429.61999511718750,426.36999511718750,427.10000610351560,65460200,409.94479370117190
2023-06-06,426.67001342773440,428.57998657226560,425.98999023437500,428.02999877929690,64022200,410.83743286132810
2023-06-07,428.44000244140625,429.61999511718750,426.10998535156250,426.54998779296875,85373300,409.41680908203125
2023-06-08,426.61999511718750,429.60000610351560,425.82000732421875,429.13000488281250,61952800,411.89324951171875
2023-06-09,429.95999145507810,431.98999023437500,428.86999511718750,429.89999389648440,85742800,412.63232421875000
2023-06-12,430.92001342773440,433.88000488281250,430.17001342773440,433.79998779296875,76104300,416.37564086914060
2023-06-13,435.32000732421875,437.32998657226560,434.63000488281250,436.66000366210940,95899700,419.12075805664060
2023-06-14,437.01000976562500,439.05999755859375,433.58999633789060,437.17999267578125,100612100,419.61987304687500
2023-06-15,436.32998657226560,443.89999389648440,436.23001098632810,442.60000610351560,110303100,424.82217407226560
2023-06-16,443.01998901367190,443.60998535156250,438.97000122070310,439.45999145507810,114165800,423.37512207031250
2023-06-20,437.45001220703125,438.36999511718750,435.02999877929690,437.17999267578125,76160400,421.17858886718750
2023-06-21,436.16000366210940,436.98999023437500,434.32998657226560,434.94000244140625,76982300,419.02059936523440
2023-06-22,433.95001220703125,436.61999511718750,433.60000610351560,436.51000976562500,70637200,420.53317260742190
2023-06-23,432.92999267578125,435.05999755859375,432.47000122070310,433.20999145507810,92074500,417.35385131835940
2023-06-26,432.61999511718750,434.60998535156250,431.19000244140625,431.44000244140625,72823600,415.64868164062500
2023-06-27,432.35000610351560,436.80999755859375,431.88000488281250,436.17001342773440,72813700,420.20553588867190
2023-06-28,435.04998779296875,437.44000244140625,434.41000366210940,436.39001464843750,75636000,420.41751098632810
2023-06-29,435.95999145507810,438.27999877929690,435.54000854492190,438.10998535156250,67882300,422.07455444335940
2023-06-30,441.44000244140625,444.29998779296875,441.10998535156250,443.27999877929690,104964000,427.05529785156250
2023-07-03,442.92001342773440,444.07998657226560,442.63000488281250,443.79000854492190,32793400,427.54669189453125
2023-07-05,441.91000366210940,443.89001464843750,441.89999389648440,443.13000488281250,58418400,426.91079711914060
2023-07-06,439.42001342773440,440.10000610351560,437.05999755859375,439.66000366210940,80658300,423.56784057617190
2023-07-07,438.63000488281250,442.64001464843750,438.29998779296875,438.54998779296875,86134200,422.49844360351560
2023-07-10,438.17999267578125,439.83999633789060,437.58999633789060,439.66000366210940,62443500,423.56784057617190
2023-07-11,440.45001220703125,442.97000122070310,439.44000244140625,442.45999145507810,64463800,426.26538085937500
2023-07-12,446.39001464843750,447.48001098632810,444.91000366210940,446.01998901367190,91924500,429.69500732421875
2023-07-13,447.89999389648440,450.38000488281250,447.45001220703125,449.55999755859375,72425200,433.10543823242190
2023-07-14,450.48001098632810,451.35998535156250,448.48999023437500,449.27999877929690,69815800,432.83572387695310
2023-07-17,449.13000488281250,451.92999267578125,449.07998657226560,450.83999633789060,52680200,434.33856201171875
2023-07-18,450.50000000000000,454.85998535156250,450.04998779296875,454.19000244140625,80668200,437.56604003906250
2023-07-19,455.01000976562500,456.42999267578125,454.10998535156250,455.20001220703125,65891700,438.53906250000000
2023-07-20,454.17001342773440,455.10000610351560,451.44000244140625,452.17999267578125,70591600,435.62954711914060
2023-07-21,453.95999145507810,454.17001342773440,452.17001342773440,452.17999267578125,71275600,435.62954711914060
2023-07-24,453.36999511718750,455.04000854492190,452.29998779296875,454.20001220703125,54023400,437.57562255859375
2023-07-25,453.92001342773440,456.73999023437500,453.86999511718750,455.44000244140625,55191200,438.77023315429690
2023-07-26,454.47000122070310,456.98999023437500,453.38000488281250,455.51000976562500,71052900,438.83770751953125
2023-07-27,459.01998901367190,459.44000244140625,451.54998779296875,452.48999023437500,92194400,435.92822265625000
2023-07-28,455.88000488281250,457.77999877929690,452.48999023437500,456.92001342773440,80011800,440.19607543945310
2023-07-31,457.41000366210940,458.16000366210940,456.04998779296875,457.79000854492190,62040400,441.03427124023440
2023-08-01,456.26998901367190,457.25000000000000,455.48999023437500,456.48001098632810,55291500,439.77212524414060
2023-08-02,453.25000000000000,453.51998901367190,449.35000610351560,450.13000488281250,93933400,433.65463256835940
2023-08-03,448.04000854492190,450.79000854492190,447.36999511718750,448.83999633789060,64276100,432.41183471679690
2023-08-04,450.72000122070310,452.89999389648440,446.26998901367190,446.80999755859375,100128900,430.45605468750000
2023-08-07,448.70999145507810,450.86999511718750,447.98999023437500,450.70999145507810,58357500,434.21337890625000
2023-08-08,448.07998657226560,450.70001220703125,445.26998901367190,448.75000000000000,71361300,432.32513427734375
2023-08-09,449.02999877929690,449.20001220703125,444.95999145507810,445.75000000000000,78789600,429.43496704101560
2023-08-10,448.19000244140625,451.70001220703125,444.70001220703125,445.91000366210940,93005500,429.58908081054690
2023-08-11,443.97000122070310,446.70001220703125,443.35000610351560,445.64999389648440,68690900,429.33859252929690
2023-08-14,444.70001220703125,448.10998535156250,444.38000488281250,448.10998535156250,47867400,431.70849609375000
2023-08-15,446.26998901367190,446.64001464843750,442.29998779296875,442.89001464843750,75707500,426.67962646484375
2023-08-16,442.45999145507810,444.17999267578125,439.52999877929690,439.64001464843750,80107200,423.54855346679690
2023-08-17,441.16000366210940,441.42999267578125,435.75000000000000,436.29000854492190,95711300,420.32116699218750
2023-08-18,433.36999511718750,437.57000732421875,433.01000976562500,436.50000000000000,98852000,420.52349853515625
2023-08-21,437.54998779296875,440.10998535156250,435.32000732421875,439.33999633789060,68719000,423.25952148437500
2023-08-22,441.17999267578125,441.17999267578125,437.57000732421875,438.14999389648440,64994200,422.11306762695310
2023-08-23,439.25000000000000,443.67001342773440,439.10000610351560,443.02999877929690,68441000,426.81451416015625
2023-08-24,444.69000244140625,445.22000122070310,436.85998535156250,436.89001464843750,88517300,420.89923095703125
2023-08-25,438.67999267578125,441.29998779296875,435.00000000000000,439.97000122070310,102325100,423.86648559570310
2023-08-28,442.23999023437500,443.39999389648440,439.97000122070310,442.76000976562500,61595400,426.55441284179690
2023-08-29,442.64999389648440,449.45001220703125,442.45999145507810,449.16000366210940,83081900,432.72012329101560
2023-08-30,449.51000976562500,451.67001342773440,448.77999877929690,451.01000976562500,69053900,434.50250244140625
2023-08-31,451.64999389648440,452.82998657226560,450.16000366210940,450.35000610351560,66084600,433.86657714843750
2023-09-01,453.17001342773440,453.67001342773440,449.67999267578125,451.19000244140625,58944100,434.67584228515625
2023-09-05,450.73001098632810,451.05999755859375,449.17001342773440,449.23999023437500,55166200,432.79708862304690
2023-09-06,448.39999389648440,448.51000976562500,443.80999755859375,446.22000122070310,70758500,429.88772583007810
2023-09-07,443.10998535156250,445.54998779296875,442.75000000000000,444.85000610351560,70355400,428.56784057617190
2023-09-08,444.89999389648440,447.10998535156250,444.52999877929690,445.51998901367190,61659700,429.21331787109375
2023-09-11,448.23999023437500,448.76998901367190,446.47000122070310,448.45001220703125,60180100,432.03610229492190
2023-09-12,446.95001220703125,448.52999877929690,445.39001464843750,445.98999023437500,67565400,429.66616821289060
2023-09-13,446.22000122070310,447.70999145507810,445.07998657226560,446.51000976562500,60199300,430.16714477539060
2023-09-14,449.07000732421875,451.07998657226560,447.72000122070310,450.35998535156250,83430800,433.87619018554690
2023-09-15,447.14001464843750,447.48001098632810,442.92001342773440,443.36999511718750,111848900,428.64874267578125
2023-09-18,443.04998779296875,444.97000122070310,442.55999755859375,443.63000488281250,55752200,428.90005493164060
2023-09-19,442.67999267578125,443.29000854492190,439.94000244140625,442.70999145507810,66514600,428.01055908203125
2023-09-20,444.01000976562500,444.44000244140625,438.42999267578125,438.64001464843750,82562600,424.07580566406250
2023-09-21,435.70001220703125,435.97000122070310,431.23001098632810,431.39001464843750,104095800,417.06646728515625
2023-09-22,432.45001220703125,434.10000610351560,429.98999023437500,430.42001342773440,100829700,416.12872314453125
2023-09-25,429.17001342773440,432.26998901367190,428.72000122070310,432.23001098632810,70874500,417.87863159179690
2023-09-26,429.08999633789060,429.82000732421875,425.01998901367190,425.88000488281250,96168400,411.73941040039060
2023-09-27,427.08999633789060,427.67001342773440,422.29000854492190,426.04998779296875,104705800,411.90371704101560
2023-09-28,425.48001098632810,430.25000000000000,424.86999511718750,428.51998901367190,92258300,414.29180908203125
2023-09-29,431.67001342773440,431.85000610351560,425.91000366210940,427.48001098632810,115111300,413.28631591796875
2023-10-02,426.61999511718750,428.60000610351560,424.45999145507810,427.30999755859375,83798600,413.12194824218750
2023-10-03,425.05999755859375,427.36999511718750,420.17999267578125,421.58999633789060,103760600,407.59191894531250
2023-10-04,422.07000732421875,425.42999267578125,420.55999755859375,424.66000366210940,87453000,410.55996704101560
2023-10-05,424.35998535156250,425.36999511718750,421.17001342773440,424.50000000000000,70142700,410.40530395507810
2023-10-06,421.97000122070310,431.13000488281250,420.60000610351560,429.54000854492190,113273300,415.27792358398440
2023-10-09,427.57998657226560,432.88000488281250,427.01000976562500,432.29000854492190,80374400,417.93664550781250
2023-10-10,432.94000244140625,437.22000122070310,432.52999877929690,434.54000854492190,78607300,420.11187744140625
2023-10-11,435.64001464843750,436.57998657226560,433.17999267578125,436.32000732421875,62451700,421.83276367187500
2023-10-12,436.95001220703125,437.33999633789060,431.23001098632810,433.66000366210940,81154200,419.26110839843750
2023-10-13,435.20999145507810,436.45001220703125,429.88000488281250,431.50000000000000,95143100,417.17288208007810
2023-10-16,433.82000732421875,437.14001464843750,433.57000732421875,436.04000854492190,75433200,421.56210327148440
2023-10-17,432.80999755859375,438.14001464843750,432.45001220703125,436.01998901367190,75324700,421.54272460937500
2023-10-18,434.19000244140625,435.17999267578125,429.08999633789060,430.20999145507810,93559800,415.92568969726560
2023-10-19,430.95001220703125,432.82000732421875,425.73001098632810,426.42999267578125,121323000,412.27114868164060
2023-10-20,425.98001098632810,426.54000854492190,421.07998657226560,421.19000244140625,123919900,407.20510864257810
2023-10-23,419.60998535156250,424.45001220703125,417.79998779296875,420.45999145507810,92035100,406.49942016601560
2023-10-24,422.64999389648440,424.82000732421875,420.73999023437500,423.63000488281250,78564200,409.56414794921875
2023-10-25,421.89001464843750,421.92001342773440,417.01998901367190,417.54998779296875,94223200,403.68603515625000
2023-10-26,416.45001220703125,417.32998657226560,411.60000610351560,412.54998779296875,115156800,398.85202026367190
2023-10-27,414.19000244140625,414.60000610351560,409.20999145507810,410.67999267578125,107367700,397.04412841796875
2023-10-30,413.55999755859375,416.67999267578125,412.22000122070310,415.58999633789060,86562700,401.79110717773440
2023-10-31,416.17999267578125,418.52999877929690,414.20999145507810,418.20001220703125,79665200,404.31445312500000
2023-11-01,419.20001220703125,423.50000000000000,418.64999389648440,422.66000366210940,98068100,408.62637329101560
2023-11-02,426.57998657226560,430.92001342773440,426.55999755859375,430.76000976562500,94938900,416.45742797851560
2023-11-03,433.14001464843750,436.29000854492190,433.01000976562500,434.69000244140625,100167800,420.25695800781250
2023-11-06,435.47000122070310,436.14999389648440,433.67999267578125,435.69000244140625,67831700,421.22372436523440
2023-11-07,435.69000244140625,437.58999633789060,434.51000976562500,436.92999267578125,64256100,422.42254638671875
2023-11-08,437.54998779296875,438.08999633789060,434.86999511718750,437.25000000000000,61746000,422.73193359375000
2023-11-09,438.42999267578125,438.47000122070310,433.39999389648440,433.83999633789060,83174400,419.43508911132810
2023-11-10,435.98001098632810,440.92999267578125,433.82998657226560,440.60998535156250,89462200,425.98037719726560
2023-11-13,439.23001098632810,441.32998657226560,438.42001342773440,440.19000244140625,52236100,425.57431030273440
2023-11-14,446.32000732421875,450.05999755859375,446.08999633789060,448.73001098632810,97176900,433.83071899414060
2023-11-15,450.10998535156250,451.38000488281250,448.79998779296875,449.67999267578125,77327600,434.74917602539060
2023-11-16,449.22000122070310,450.55999755859375,448.11999511718750,450.23001098632810,66665800,435.28094482421875
2023-11-17,450.23999023437500,451.42001342773440,449.29000854492190,450.79000854492190,83133200,435.82235717773440
2023-11-20,450.52999877929690,455.13000488281250,450.51998901367190,454.26000976562500,69936200,439.17715454101560
2023-11-21,453.17999267578125,454.13000488281250,451.95999145507810,453.26998901367190,49244600,438.21997070312500
2023-11-22,454.98001098632810,456.38000488281250,453.89001464843750,455.01998901367190,59394900,439.91192626953125
2023-11-24,455.07000732421875,455.50000000000000,454.73001098632810,455.29998779296875,29737400,440.18261718750000
2023-11-27,454.64999389648440,455.48999023437500,454.07998657226560,454.48001098632810,50506000,439.38986206054690
2023-11-28,454.07998657226560,456.26998901367190,453.50000000000000,454.92999267578125,62115000,439.82492065429690
2023-11-29,457.14999389648440,458.32000732421875,454.20001220703125,454.60998535156250,63146000,439.51547241210940
2023-11-30,455.48001098632810,456.76000976562500,453.33999633789060,456.39999389648440,79752700,441.24603271484375
2023-12-01,455.76998901367190,459.64999389648440,455.16000366210940,459.10000610351560,89183400,443.85647583007810
2023-12-04,455.60000610351560,459.11999511718750,454.33999633789060,456.69000244140625,72430900,441.52645874023440
2023-12-05,455.26000976562500,457.58999633789060,454.86999511718750,456.60000610351560,69793500,441.43939208984375
2023-12-06,458.80999755859375,458.83999633789060,454.30999755859375,454.76000976562500,69124700,439.66058349609375
2023-12-07,456.91000366210940,458.89999389648440,456.29000854492190,458.23001098632810,66995400,443.01535034179690
2023-12-08,457.45999145507810,460.75000000000000,457.20999145507810,460.20001220703125,83194400,444.91992187500000
2023-12-11,459.69000244140625,462.17001342773440,459.47000122070310,461.98999023437500,65002200,446.65051269531250
2023-12-12,461.63000488281250,464.20001220703125,460.60000610351560,464.10000610351560,68327600,448.69039916992190
2023-12-13,464.48999023437500,470.76000976562500,464.11999511718750,470.50000000000000,93278000,454.87789916992190
2023-12-14,472.50000000000000,473.73001098632810,469.25000000000000,472.01000976562500,119026000,456.33776855468750
2023-12-15,469.48999023437500,470.70001220703125,467.42999267578125,469.32998657226560,141553700,455.58639526367190
2023-12-18,470.98001098632810,472.98001098632810,469.89001464843750,471.97000122070310,70375300,458.14913940429690
2023-12-19,472.52999877929690,474.92001342773440,472.45001220703125,474.83999633789060,55761800,460.93505859375000
2023-12-20,473.95999145507810,475.89999389648440,467.82000732421875,468.26000976562500,102921000,454.54776000976560
2023-12-21,471.32998657226560,472.98001098632810,468.83999633789060,472.70001220703125,86667500,458.85781860351560
2023-12-22,473.85998535156250,475.38000488281250,471.70001220703125,473.64999389648440,67160400,459.77993774414060
2023-12-26,474.07000732421875,476.57998657226560,473.98999023437500,475.64999389648440,55387000,461.72134399414060
2023-12-27,475.44000244140625,476.66000366210940,474.89001464843750,476.51000976562500,68000300,462.55618286132810
2023-12-28,476.88000488281250,477.54998779296875,476.26000976562500,476.69000244140625,77158100,462.73092651367190
2023-12-29,476.48999023437500,477.02999877929690,473.29998779296875,475.30999755859375,122283100,461.39135742187500
2024-01-02,472.16000366210940,473.67001342773440,470.48999023437500,472.64999389648440,123623700,458.80920410156250
2024-01-03,470.42999267578125,471.19000244140625,468.17001342773440,468.79000854492190,103585900,455.06222534179690
2024-01-04,468.29998779296875,470.95999145507810,467.04998779296875,467.27999877929690,84232200,453.59646606445310
2024-01-05,467.48999023437500,470.44000244140625,466.42999267578125,467.92001342773440,86118900,454.21768188476560
2024-01-08,468.42999267578125,474.75000000000000,468.29998779296875,474.60000610351560,74879100,460.70211791992190
2024-01-09,471.86999511718750,474.92999267578125,471.35000610351560,473.88000488281250,65931400,460.00317382812500
2024-01-10,474.16000366210940,477.45001220703125,473.86999511718750,476.55999755859375,67310600,462.60464477539060
2024-01-11,477.58999633789060,478.11999511718750,472.26000976562500,476.35000610351560,77940700,462.40090942382810
2024-01-12,477.83999633789060,478.60000610351560,475.23001098632810,476.67999267578125,58026400,462.72119140625000
2024-01-16,475.26000976562500,476.60998535156250,473.05999755859375,474.92999267578125,85014900,461.02243041992190
2024-01-17,471.82000732421875,472.79000854492190,469.86999511718750,472.29000854492190,68843900,458.45974731445310
2024-01-18,474.01000976562500,477.05999755859375,472.42001342773440,476.48999023437500,91856200,462.53671264648440
2024-01-19,477.64999389648440,482.72000122070310,476.54000854492190,482.42999267578125,110834500,468.30285644531250
2024-01-22,484.01000976562500,485.22000122070310,482.77999877929690,483.45001220703125,75844900,469.29299926757810
2024-01-23,484.01000976562500,485.10998535156250,482.89001464843750,484.85998535156250,49945300,470.66162109375000
2024-01-24,487.80999755859375,488.76998901367190,484.88000488281250,485.39001464843750,81765000,471.17617797851560
2024-01-25,487.57998657226560,488.30999755859375,485.39001464843750,488.02999877929690,72525000,473.73880004882810
2024-01-26,487.58999633789060,489.11999511718750,486.54000854492190,487.41000366210940,76641600,473.13696289062500
2024-01-29,487.73001098632810,491.42001342773440,487.17001342773440,491.26998901367190,61322800,476.88391113281250
2024-01-30,490.55999755859375,491.61999511718750,490.10998535156250,490.89001464843750,58618400,476.51507568359375
2024-01-31,488.61999511718750,489.07998657226560,482.85998535156250,482.88000488281250,126011100,468.73965454101560
2024-02-01,484.63000488281250,489.23001098632810,483.79998779296875,489.20001220703125,91891600,474.87463378906250
2024-02-02,489.64999389648440,496.04998779296875,489.29998779296875,494.35000610351560,99228200,479.87380981445310
2024-02-05,493.70001220703125,494.38000488281250,490.23001098632810,492.54998779296875,75757100,478.12646484375000
2024-02-06,493.51998901367190,494.32000732421875,492.04998779296875,493.98001098632810,55918600,479.51464843750000
2024-02-07,496.29000854492190,498.52999877929690,495.35998535156250,498.10000610351560,70556500,483.51397705078125
2024-02-08,498.10000610351560,498.70999145507810,497.26000976562500,498.32000732421875,52343600,483.72750854492190
2024-02-09,498.83999633789060,501.64999389648440,498.48999023437500,501.20001220703125,63979400,486.52316284179690
2024-02-12,501.17001342773440,503.50000000000000,500.23999023437500,500.98001098632810,56502300,486.30960083007810
2024-02-13,494.52999877929690,497.08999633789060,490.72000122070310,494.07998657226560,113099200,479.61166381835940
2024-02-14,496.79000854492190,499.07000732421875,494.39999389648440,498.57000732421875,68387800,483.97021484375000
2024-02-15,499.29000854492190,502.20001220703125,498.79998779296875,502.01000976562500,61683000,487.30947875976560
2024-02-16,501.70001220703125,502.86999511718750,498.75000000000000,499.51000976562500,75532900,484.88265991210940
2024-02-20,497.72000122070310,498.41000366210940,494.45001220703125,496.76000976562500,71736700,482.21319580078125
2024-02-21,495.42001342773440,497.36999511718750,493.55999755859375,497.20999145507810,59293400,482.65005493164060
2024-02-22,504.01000976562500,508.48999023437500,503.01998901367190,507.50000000000000,76402500,492.63870239257810
2024-02-23,509.26998901367190,510.13000488281250,507.10000610351560,507.85000610351560,61321800,492.97839355468750
2024-02-26,508.29998779296875,508.75000000000000,505.85998535156250,505.98999023437500,50386700,491.17288208007810
2024-02-27,506.70001220703125,507.16000366210940,504.75000000000000,506.92999267578125,48854500,492.08535766601560
2024-02-28,505.32998657226560,506.85998535156250,504.95999145507810,506.26000976562500,56506600,491.43502807617190
2024-02-29,508.07000732421875,509.73999023437500,505.35000610351560,508.07998657226560,83924800,493.20172119140625
2024-03-01,508.98001098632810,513.28997802734380,508.55999755859375,512.84997558593750,76844800,497.83203125000000
2024-03-04,512.03002929687500,514.20001220703120,512.00000000000000,512.29998779296880,49799300,497.29806518554690
2024-03-05,510.23999023437500,510.70001220703125,504.91000366210940,507.17999267578125,72855600,492.32806396484375
2024-03-06,510.54998779296875,512.07000732421880,508.42001342773440,509.75000000000000,68382400,494.82278442382810
2024-03-07,513.14001464843750,515.89001464843750,509.80999755859375,514.80999755859380,58652100,499.73458862304690
2024-03-08,515.46002197265620,518.21997070312500,511.13000488281250,511.72000122070310,86532500,496.73513793945310
2024-03-11,510.48001098632810,511.88000488281250,508.50000000000000,511.27999877929690,62557200,496.30798339843750
2024-03-12,513.45001220703120,517.38000488281250,510.85998535156250,516.78002929687500,73114400,501.64697265625000
2024-03-13,517.10998535156250,517.28997802734380,514.48999023437500,515.96997070312500,55104100,500.86062622070310
2024-03-14,516.96997070312500,517.13000488281250,511.82000732421875,514.95001220703120,110171800,499.87054443359375
2024-03-15,510.20999145507810,511.70001220703125,508.11999511718750,509.82998657226560,107646300,496.43817138671875
2024-03-18,514.00000000000000,515.47998046875000,512.44000244140620,512.85998535156250,88893300,499.38848876953125
2024-03-19,512.15002441406250,516.00000000000000,511.11999511718750,515.71002197265620,60755300,502.16366577148440
2024-03-20,515.77001953125000,520.61999511718750,515.08001708984380,520.47998046875000,69594600,506.80828857421875
2024-03-21,523.39001464843750,524.10998535156250,521.90997314453120,522.20001220703120,60256100,508.48318481445310
2024-03-22,522.10998535156250,522.60998535156250,520.96997070312500,521.21002197265620,79070800,507.51919555664060
2024-03-25,519.79998779296880,520.95001220703120,519.60998535156250,519.77001953125000,48512100,506.11706542968750
2024-03-26,521.22998046875000,521.58001708984380,518.40002441406250,518.80999755859380,65463700,505.18225097656250
2024-03-27,521.71002197265620,523.21002197265620,519.48999023437500,523.16998291015620,82999800,509.42770385742190
2024-03-28,523.21002197265620,524.60998535156250,522.78002929687500,523.07000732421880,96294900,509.33035278320310
2024-04-01,523.83001708984380,524.38000488281250,520.96997070312500,522.15997314453120,62477500,508.44418334960940
2024-04-02,518.23999023437500,518.97998046875000,516.47998046875000,518.84002685546880,74230300,505.21154785156250
2024-04-03,517.71997070312500,520.95001220703120,517.66998291015620,519.40997314453120,59155800,505.76638793945310
2024-04-04,523.52001953125000,523.86999511718750,512.76000976562500,513.07000732421880,96858100,499.59301757812500
2024-04-05,514.46002197265620,520.44000244140620,514.01000976562500,518.42999267578120,74546500,504.81219482421875
2024-04-08,519.15002441406250,520.17999267578120,517.89001464843750,518.71997070312500,48401800,505.09460449218750
2024-04-09,520.50000000000000,520.75000000000000,514.34997558593750,519.32000732421880,68049200,505.67886352539060
2024-04-10,513.47998046875000,516.15997314453120,512.09002685546880,514.11999511718750,82652800,500.61544799804690
2024-04-11,515.67999267578120,519.47998046875000,512.08001708984380,518.00000000000000,70099000,504.39352416992190
2024-04-12,514.36999511718750,515.82000732421880,509.07998657226560,510.85000610351560,92561100,497.43130493164060
2024-04-15,515.13000488281250,515.29998779296880,503.57998657226560,504.45001220703125,92101400,491.19946289062500
2024-04-16,504.94000244140625,506.50000000000000,502.20999145507810,503.52999877929690,73484000,490.30358886718750
2024-04-17,506.04998779296875,506.22000122070310,499.11999511718750,500.54998779296875,75910300,487.40185546875000
2024-04-18,501.98001098632810,504.13000488281250,498.55999755859375,499.51998901367190,74548100,486.39892578125000
2024-04-19,499.44000244140625,500.45999145507810,493.85998535156250,495.16000366210940,102212600,482.15347290039060
2024-04-22,497.82998657226560,502.38000488281250,495.42999267578125,499.72000122070310,67961000,486.59371948242190
2024-04-23,501.77999877929690,506.08999633789060,499.52999877929690,505.64999389648440,64633600,492.36791992187500
2024-04-24,506.55999755859375,507.36999511718750,503.13000488281250,505.41000366210940,55928100,492.13424682617190
2024-04-25,499.17999267578125,504.26998901367190,497.48999023437500,503.48999023437500,69122400,490.26464843750000
2024-04-26,506.35000610351560,509.88000488281250,505.70001220703125,508.26000976562500,64306100,494.90933227539060
2024-04-29,510.08999633789060,510.75000000000000,507.25000000000000,510.05999755859375,46415400,496.66210937500000
2024-04-30,508.55999755859375,509.55999755859375,501.98001098632810,501.98001098632810,77483600,488.79434204101560
2024-05-01,501.38000488281250,508.19000244140625,499.86999511718750,500.35000610351560,80242800,487.20715332031250
2024-05-02,504.14999389648440,505.89001464843750,499.54998779296875,505.02999877929690,62550200,491.76422119140625
2024-05-03,511.16000366210940,512.54998779296880,508.55999755859375,511.29000854492190,72756700,497.85980224609375
2024-05-06,513.75000000000000,516.60998535156250,513.29998779296880,516.57000732421880,47264700,503.00106811523440
2024-05-07,517.55999755859380,518.57000732421880,516.45001220703120,517.14001464843750,52561300,503.55612182617190
2024-05-08,515.26000976562500,517.73999023437500,515.14001464843750,517.19000244140620,42047200,503.60479736328125
2024-05-09,517.38000488281250,520.21002197265620,516.71002197265620,520.16998291015620,43643700,506.50650024414060
2024-05-10,521.80999755859380,522.64001464843750,519.59002685546880,520.84002685546880,52233200,507.15887451171875
2024-05-13,522.55999755859380,522.66998291015620,519.73999023437500,520.90997314453120,36716400,507.22711181640625
2024-05-14,521.10998535156250,523.83001708984380,520.55999755859380,523.29998779296880,57535900,509.55429077148440
2024-05-15,525.83001708984380,530.08001708984380,525.17999267578120,529.78002929687500,59504900,515.86407470703120
2024-05-16,529.88000488281250,531.52001953125000,528.53997802734380,528.69000244140620,50244800,514.80273437500000
2024-05-17,528.80999755859380,529.52001953125000,527.32000732421880,529.45001220703120,59187600,515.54284667968750
2024-05-20,529.57000732421880,531.55999755859380,529.16998291015620,530.05999755859380,37764200,516.13677978515620
2024-05-21,529.28002929687500,531.52001953125000,529.07000732421880,531.35998535156250,33437000,517.40258789062500
2024-05-22,530.65002441406250,531.38000488281250,527.59997558593750,529.83001708984380,48390000,515.91284179687500
2024-05-23,532.96002197265620,533.07000732421880,524.71997070312500,525.96002197265620,57211200,512.14447021484380
2024-05-24,527.84997558593750,530.27001953125000,526.88000488281250,529.44000244140620,41291100,515.53302001953120
2024-05-28,530.27001953125000,530.51000976562500,527.10998535156250,529.80999755859380,36269600,515.89337158203120
2024-05-29,525.67999267578120,527.30999755859380,525.36999511718750,526.09997558593750,45190300,512.28076171875000
2024-05-30,524.52001953125000,525.20001220703120,521.33001708984380,522.60998535156250,46377600,508.88241577148440
2024-05-31,523.59002685546880,527.50000000000000,518.35998535156250,527.36999511718750,90785800,513.51745605468750
2024-06-03,529.02001953125000,529.30999755859380,522.59997558593750,527.79998779296880,46835700,513.93609619140620
2024-06-04,526.46002197265620,529.15002441406250,524.96002197265620,528.39001464843750,34632700,514.51062011718750
2024-06-05,530.77001953125000,534.69000244140620,528.72998046875000,534.66998291015620,47610400,520.62561035156250
2024-06-06,534.97998046875000,535.41998291015620,532.67999267578120,534.65997314453120,30808500,520.61584472656250
2024-06-07,533.65997314453120,536.89001464843750,532.53997802734380,534.01000976562500,43224500,519.98303222656250
2024-06-10,533.17999267578120,535.98999023437500,532.57000732421880,535.65997314453120,35686100,521.58972167968750
2024-06-11,534.07000732421880,537.01000976562500,532.04998779296880,536.95001220703120,36383400,522.84570312500000
2024-06-12,541.63000488281250,544.11999511718750,540.29998779296880,541.35998535156250,63251300,527.13995361328120
2024-06-13,543.15002441406250,543.33001708984380,539.59002685546880,542.45001220703120,44760900,528.20135498046880
2024-06-14,540.88000488281250,542.80999755859380,539.84997558593750,542.78002929687500,40089900,528.52264404296880
2024-06-17,542.08001708984380,548.53002929687500,541.60998535156250,547.09997558593750,55839500,532.72906494140620
2024-06-18,547.15997314453120,548.61999511718750,546.72998046875000,548.48999023437500,41376400,534.08264160156250
2024-06-20,549.44000244140620,550.11999511718750,545.17999267578120,547.00000000000000,70328200,532.63177490234380
2024-06-21,544.40002441406250,545.65002441406250,543.02001953125000,544.51000976562500,64338600,531.91772460937500
2024-06-24,544.33001708984380,546.95001220703120,542.61999511718750,542.73999023437500,45528700,530.18865966796880
2024-06-25,543.98999023437500,545.20001220703120,542.44000244140620,544.83001708984380,37936200,532.23028564453120
2024-06-26,543.69000244140620,546.23999023437500,543.03002929687500,545.51000976562500,38550600,532.89459228515620
2024-06-27,545.36999511718750,546.96002197265620,544.60998535156250,546.36999511718750,35041500,533.73468017578120
2024-06-28,547.15997314453120,550.28002929687500,542.95001220703120,544.21997070312500,76144500,531.63439941406250
2024-07-01,545.63000488281250,545.88000488281250,542.52001953125000,545.34002685546880,40297800,532.72839355468750
2024-07-02,543.70001220703120,549.01000976562500,543.65002441406250,549.01000976562500,40434800,536.31365966796880
2024-07-03,548.69000244140620,551.83001708984380,548.65002441406250,551.46002197265620,32789900,538.70703125000000
2024-07-05,551.77001953125000,555.04998779296880,551.11999511718750,554.64001464843750,41488400,541.81341552734380
2024-07-08,555.44000244140620,556.25000000000000,554.19000244140620,555.28002929687500,36110500,542.43865966796880
2024-07-09,556.26000976562500,557.17999267578120,555.52001953125000,555.82000732421880,27289700,542.96618652343750
2024-07-10,557.07000732421880,561.66998291015620,556.77001953125000,561.32000732421880,38701200,548.33892822265620
2024-07-11,561.44000244140620,562.33001708984380,555.83001708984380,556.47998046875000,53054200,543.61083984375000
2024-07-12,557.63000488281250,563.66998291015620,557.15002441406250,559.98999023437500,53084400,547.03967285156250
2024-07-15,562.03002929687500,564.84002685546880,559.63000488281250,561.53002929687500,40584300,548.54406738281250
2024-07-16,562.86999511718750,565.15997314453120,562.09997558593750,564.85998535156250,36475300,551.79705810546880
2024-07-17,558.79998779296880,560.51000976562500,556.60998535156250,556.94000244140620,57119000,544.06018066406250
2024-07-18,558.51000976562500,559.52001953125000,550.42999267578120,552.65997314453120,56270400,539.87921142578120
2024-07-19,552.41998291015620,554.08001708984380,547.90997314453120,548.98999023437500,65509100,536.29412841796880
2024-07-22,553.00000000000000,555.27001953125000,551.02001953125000,554.65002441406250,43346700,541.82324218750000
2024-07-23,554.53997802734380,556.73999023437500,553.28002929687500,553.78002929687500,34439600,540.97332763671880
2024-07-24,548.85998535156250,549.16998291015620,540.28997802734380,541.22998046875000,74515300,528.71350097656250
2024-07-25,541.34997558593750,547.46002197265620,537.45001220703120,538.40997314453120,61158300,525.95880126953120
2024-07-26,542.28002929687500,547.19000244140620,541.48999023437500,544.44000244140620,53763800,531.84930419921880
2024-07-29,546.02001953125000,547.04998779296880,542.71997070312500,544.76000976562500,39515800,532.16192626953120
2024-07-30,546.26000976562500,547.34002685546880,538.52001953125000,542.00000000000000,46853600,529.46569824218750
2024-07-31,548.97998046875000,553.50000000000000,547.58001708984380,550.80999755859380,65663400,538.07208251953120
2024-08-01,552.57000732421880,554.86999511718750,539.42999267578120,543.01000976562500,76428700,530.45239257812500
2024-08-02,535.75000000000000,536.98999023437500,528.59997558593750,532.90002441406250,82789100,520.57623291015620
2024-08-05,511.64001464843750,523.58001708984380,510.26998901367190,517.38000488281250,146267400,505.41513061523440
2024-08-06,519.21997070312500,529.75000000000000,517.86999511718750,522.15002441406250,84826300,510.07479858398440
2024-08-07,528.46997070312500,531.59002685546880,518.04998779296880,518.65997314453120,70698300,506.66537475585940
2024-08-08,523.90997314453120,531.28997802734380,521.84002685546880,530.65002441406250,63276600,518.37829589843750
2024-08-09,529.80999755859380,534.51000976562500,528.55999755859380,532.98999023437500,45619600,520.66406250000000
2024-08-12,534.21002197265620,535.72998046875000,530.95001220703120,533.27001953125000,42542100,520.93768310546880
2024-08-13,536.53002929687500,542.28002929687500,536.28002929687500,542.03997802734380,52333100,529.50476074218750
2024-08-14,542.84997558593750,544.96002197265620,540.11999511718750,543.75000000000000,42446900,531.17529296875000
2024-08-15,549.50000000000000,553.35998535156250,548.88000488281250,553.07000732421880,60846800,540.27978515625000
2024-08-16,551.41998291015620,555.02001953125000,551.26000976562500,554.30999755859380,44430700,541.49102783203120
2024-08-19,554.72998046875000,559.60998535156250,553.85998535156250,559.60998535156250,39121800,546.66851806640620
2024-08-20,559.15002441406250,560.84002685546880,557.33001708984380,558.70001220703120,33732300,545.77954101562500
2024-08-21,559.77001953125000,562.10998535156250,554.72998046875000,560.61999511718750,41514600,547.65515136718750
2024-08-22,562.55999755859380,563.17999267578120,554.97998046875000,556.21997070312500,56121500,543.35687255859380
2024-08-23,559.53002929687500,563.09002685546880,557.28997802734380,562.13000488281250,50639400,549.13012695312500
2024-08-26,563.17999267578120,563.90997314453120,559.04998779296880,560.78997802734380,35788600,547.82116699218750
2024-08-27,559.48999023437500,562.05999755859380,558.32000732421880,561.55999755859380,32693900,548.57342529296880
2024-08-28,561.21002197265620,561.65002441406250,555.03997802734380,558.29998779296880,41066000,545.38873291015620
2024-08-29,560.30999755859380,563.67999267578120,557.17999267578120,558.34997558593750,38715200,545.43756103515620
2024-08-30,560.77001953125000,564.20001220703120,557.14001464843750,563.67999267578120,62700100,550.64440917968750
2024-09-03,560.46997070312500,560.80999755859380,549.51000976562500,552.08001708984380,60600100,539.31262207031250
2024-09-04,550.20001220703120,554.42999267578120,549.46002197265620,550.95001220703120,47224900,538.20874023437500
2024-09-05,550.89001464843750,553.79998779296880,547.09997558593750,549.60998535156250,44264300,536.89978027343750
2024-09-06,549.94000244140620,551.59997558593750,539.44000244140620,540.35998535156250,68493800,527.86358642578120
2024-09-09,544.65002441406250,547.71002197265620,542.67999267578120,546.40997314453120,40445800,533.77374267578120
2024-09-10,548.35998535156250,549.15002441406250,543.38000488281250,548.78997802734380,36394600,536.09869384765620
2024-09-11,548.70001220703120,555.35998535156250,539.96002197265620,554.41998291015620,75248600,541.59844970703120
2024-09-12,555.01000976562500,559.40002441406250,552.73999023437500,559.09002685546880,51819600,546.16052246093750
2024-09-13,559.71002197265620,563.03002929687500,559.45001220703120,562.01000976562500,39310500,549.01306152343750
2024-09-16,561.73999023437500,563.10998535156250,559.90002441406250,562.84002685546880,36656100,549.82373046875000
2024-09-17,565.09997558593750,566.58001708984380,560.78997802734380,563.07000732421880,49321000,550.04852294921880
2024-09-18,563.73999023437500,568.69000244140620,560.83001708984380,561.40002441406250,59044900,548.41711425781250
2024-09-19,571.01000976562500,572.88000488281250,568.08001708984380,570.97998046875000,75315500,557.77545166015620
2024-09-20,567.84002685546880,569.30999755859380,565.16998291015620,568.25000000000000,77503100,556.81140136718750
2024-09-23,569.34002685546880,570.33001708984380,568.09997558593750,569.66998291015620,44116900,558.20275878906250
2024-09-24,570.47998046875000,571.35998535156250,567.59997558593750,571.29998779296880,46805700,559.79992675781250
2024-09-25,571.14001464843750,571.89001464843750,568.90997314453120,570.03997802734380,38428600,558.56524658203120
2024-09-26,574.38000488281250,574.71002197265620,569.90002441406250,572.29998779296880,48336000,560.77984619140620
2024-09-27,573.39001464843750,574.21997070312500,570.41998291015620,571.46997070312500,42100900,559.96649169921880
2024-09-30,570.41998291015620,574.38000488281250,568.08001708984380,573.76000976562500,63557400,562.21044921875000
2024-10-01,573.40002441406250,574.05999755859380,566.00000000000000,568.61999511718750,72668800,557.17395019531250
2024-10-02,567.71002197265620,569.90002441406250,565.27001953125000,568.85998535156250,38097800,557.40905761718750
2024-10-03,567.35998535156250,569.79998779296880,565.48999023437500,567.82000732421880,40846500,556.39001464843750
2024-10-04,572.34997558593750,573.35998535156250,568.09997558593750,572.97998046875000,42939100,561.44610595703120
2024-10-07,571.29998779296880,571.96002197265620,566.63000488281250,567.79998779296880,49964700,556.37036132812500
2024-10-08,570.41998291015620,573.78002929687500,569.53002929687500,573.16998291015620,37398700,561.63226318359380
2024-10-09,573.15997314453120,577.71002197265620,572.54998779296880,577.14001464843750,37912200,565.52252197265620
2024-10-10,575.77001953125000,577.58001708984380,574.48999023437500,576.13000488281250,44138100,564.53277587890620
2024-10-11,576.04998779296880,580.33001708984380,575.90997314453120,579.58001708984380,42268000,567.91320800781250
2024-10-14,581.21997070312500,585.27001953125000,580.72998046875000,584.32000732421880,36217200,572.55786132812500
2024-10-15,584.59002685546880,584.90002441406250,578.53997802734380,579.78002929687500,54203600,568.10931396484380
2024-10-16,579.78002929687500,582.83001708984380,578.96002197265620,582.29998779296880,30725400,570.57855224609380
2024-10-17,585.90997314453120,586.11999511718750,582.15997314453120,582.34997558593750,34393700,570.62744140625000
2024-10-18,584.07000732421880,585.39001464843750,582.58001708984380,584.59002685546880,37416800,572.82244873046880
2024-10-21,583.84997558593750,584.84997558593750,580.59997558593750,583.63000488281250,36439000,571.88171386718750
2024-10-22,581.04998779296880,584.50000000000000,580.38000488281250,583.32000732421880,34183800,571.57800292968750
2024-10-23,581.26000976562500,581.71002197265620,574.41998291015620,577.98999023437500,49314600,566.35528564453120
2024-10-24,579.97998046875000,580.05999755859380,576.57000732421880,579.23999023437500,34979900,567.58013916015620
2024-10-25,581.51000976562500,584.46002197265620,578.08001708984380,579.03997802734380,47268200,567.38409423828120
2024-10-28,582.58001708984380,582.71002197265620,580.52001953125000,580.83001708984380,30174700,569.13806152343750
2024-10-29,579.84997558593750,582.90997314453120,578.42999267578120,581.77001953125000,42899700,570.05914306640620
2024-10-30,581.28997802734380,583.32000732421880,579.28997802734380,580.01000976562500,41435800,568.33459472656250
2024-10-31,575.55999755859380,575.63000488281250,568.44000244140620,568.64001464843750,60182500,557.19354248046880
2024-11-01,571.32000732421880,575.54998779296880,570.61999511718750,571.03997802734380,45667500,559.54510498046880
2024-11-04,571.17999267578120,572.50000000000000,567.89001464843750,569.80999755859380,38217000,558.33990478515620
2024-11-05,570.73999023437500,576.73999023437500,570.52001953125000,576.70001220703120,39478300,565.09130859375000
2024-11-06,589.20001220703120,591.92999267578120,585.39001464843750,591.03997802734380,68182000,579.14270019531250
2024-11-07,593.08001708984380,596.65002441406250,593.00000000000000,595.60998535156250,47233200,583.62060546875000
2024-11-08,596.16998291015620,599.64001464843750,596.16998291015620,598.19000244140620,46444900,586.14874267578120
2024-11-11,599.80999755859380,600.16998291015620,597.00000000000000,598.76000976562500,37586800,586.70721435546880
2024-11-12,598.67999267578120,599.28997802734380,594.36999511718750,596.90002441406250,43006100,584.88470458984380
2024-11-13,597.36999511718750,599.22998046875000,594.96002197265620,597.19000244140620,47388600,585.16888427734380
2024-11-14,597.32000732421880,597.80999755859380,592.65002441406250,593.34997558593750,38904100,581.40600585937500
2024-11-15,589.71997070312500,590.20001220703120,583.85998535156250,585.75000000000000,75988800,573.95904541015620
2024-11-18,586.21997070312500,589.48999023437500,585.34002685546880,588.15002441406250,37001700,576.31079101562500
2024-11-19,584.71002197265620,591.03997802734380,584.03002929687500,590.29998779296880,49412000,578.41748046875000
2024-11-20,590.38000488281250,590.78997802734380,584.63000488281250,590.50000000000000,50032600,578.61346435546880
2024-11-21,593.40002441406250,595.11999511718750,587.45001220703120,593.66998291015620,46750300,581.71960449218750
2024-11-22,593.65997314453120,596.15002441406250,593.15002441406250,595.51000976562500,38226400,583.52270507812500
2024-11-25,599.52001953125000,600.85998535156250,595.20001220703120,597.53002929687500,42441400,585.50195312500000
2024-11-26,598.79998779296880,601.33001708984380,598.07000732421880,600.65002441406250,45621300,588.55914306640620
2024-11-27,600.46002197265620,600.84997558593750,597.28002929687500,598.83001708984380,34000200,586.77575683593750
2024-11-29,599.65997314453120,603.34997558593750,599.38000488281250,602.54998779296880,30177400,590.42095947265620
2024-12-02,602.96997070312500,604.32000732421880,602.46997070312500,603.63000488281250,31746000,591.47918701171880
2024-12-03,603.39001464843750,604.15997314453120,602.34002685546880,603.90997314453120,26906600,591.75347900390620
2024-12-04,605.63000488281250,607.90997314453120,604.95001220703120,607.65997314453120,42787600,595.42803955078120
2024-12-05,607.65997314453120,608.47998046875000,606.29998779296880,606.65997314453120,28762200,594.44818115234380
2024-12-06,607.44000244140620,609.07000732421880,607.02001953125000,607.80999755859380,31241500,595.57501220703120
2024-12-09,607.69000244140620,607.85998535156250,604.08001708984380,604.67999267578120,34742700,592.50799560546880
2024-12-10,605.36999511718750,605.79998779296880,602.13000488281250,602.79998779296880,37234500,590.66589355468750
2024-12-11,605.78002929687500,608.42999267578120,605.50000000000000,607.46002197265620,28677700,595.23205566406250
2024-12-12,606.58001708984380,607.15997314453120,604.33001708984380,604.33001708984380,31543800,592.16503906250000
2024-12-13,606.40002441406250,607.13000488281250,602.80999755859380,604.21002197265620,35904700,592.04754638671880
2024-12-16,606.00000000000000,607.78002929687500,605.21002197265620,606.78997802734380,43695200,594.57562255859380
2024-12-17,604.19000244140620,605.16998291015620,602.89001464843750,604.28997802734380,55773500,592.12585449218750
2024-12-18,603.97998046875000,606.40997314453120,585.89001464843750,586.28002929687500,108248700,574.47845458984380
2024-12-19,591.35998535156250,593.00000000000000,585.84997558593750,586.09997558593750,85919500,574.30200195312500
2024-12-20,581.77001953125000,595.75000000000000,580.90997314453120,591.15002441406250,125716700,581.19995117187500
2024-12-23,590.89001464843750,595.29998779296880,587.65997314453120,594.69000244140620,57635800,584.68035888671880
2024-12-24,596.05999755859380,601.34002685546880,595.46997070312500,601.29998779296880,33160100,591.17907714843750
2024-12-26,599.50000000000000,602.47998046875000,598.08001708984380,601.34002685546880,41219100,591.21844482421880
2024-12-27,597.53997802734380,597.78002929687500,590.76000976562500,595.01000976562500,64969300,584.99493408203120
2024-12-30,587.89001464843750,591.73999023437500,584.40997314453120,588.21997070312500,56578800,578.31921386718750
2024-12-31,589.90997314453120,590.64001464843750,584.41998291015620,586.08001708984380,57052700,576.21533203125000
2025-01-02,589.39001464843750,591.13000488281250,580.50000000000000,584.64001464843750,50204000,574.79949951171880
2025-01-03,587.53002929687500,592.59997558593750,586.42999267578120,591.95001220703120,37888500,581.98651123046880
2025-01-06,596.27001953125000,599.70001220703120,593.59997558593750,595.35998535156250,47679400,585.33905029296880
2025-01-07,597.41998291015620,597.75000000000000,586.78002929687500,588.63000488281250,60393100,578.72235107421880
2025-01-08,588.70001220703120,590.58001708984380,585.20001220703120,589.48999023437500,47304700,579.56787109375000
2025-01-10,585.88000488281250,585.95001220703120,578.54998779296880,580.48999023437500,73105000,570.71929931640620
2025-01-13,575.77001953125000,581.75000000000000,575.34997558593750,581.39001464843750,47910100,571.60424804687500
2025-01-14,584.35998535156250,585.00000000000000,578.34997558593750,582.19000244140620,48420600,572.39068603515620
2025-01-15,590.33001708984380,593.94000244140620,589.20001220703120,592.78002929687500,56900200,582.80242919921880
2025-01-16,594.16998291015620,594.34997558593750,590.92999267578120,591.64001464843750,43319700,581.68176269531250
2025-01-17,596.96002197265620,599.35998535156250,595.60998535156250,597.58001708984380,58070600,587.52172851562500
2025-01-21,600.66998291015620,603.05999755859380,598.66998291015620,603.04998779296880,42532900,592.89953613281250
2025-01-22,605.91998291015620,607.82000732421880,605.35998535156250,606.44000244140620,48196000,596.23260498046880
2025-01-23,605.79998779296880,609.75000000000000,605.52001953125000,609.75000000000000,41152100,599.48687744140620
2025-01-24,609.80999755859380,610.78002929687500,606.79998779296880,607.96997070312500,34604700,597.73669433593750
2025-01-27,594.80999755859380,599.69000244140620,594.64001464843750,599.36999511718750,70361100,589.28167724609380
2025-01-28,600.61999511718750,605.36999511718750,597.25000000000000,604.52001953125000,44433300,594.34490966796880
2025-01-29,603.71997070312500,604.13000488281250,599.21997070312500,601.80999755859380,37177400,591.68054199218750
2025-01-30,603.96002197265620,606.59997558593750,600.71997070312500,605.03997802734380,39281300,594.85620117187500
2025-01-31,607.50000000000000,609.96002197265620,601.04998779296880,601.82000732421880,66566900,591.69036865234380
2025-02-03,592.66998291015620,600.28997802734380,590.48999023437500,597.77001953125000,65857200,587.70849609375000
2025-02-04,597.83001708984380,602.29998779296880,597.28002929687500,601.78002929687500,33457800,591.65093994140620
2025-02-05,600.64001464843750,604.36999511718750,598.58001708984380,604.21997070312500,30653100,594.04992675781250
2025-02-06,605.98999023437500,606.45001220703120,602.63000488281250,606.32000732421880,35771500,596.11462402343750
2025-02-07,606.89001464843750,608.13000488281250,600.04998779296880,600.77001953125000,50788500,590.65808105468750
2025-02-10,604.03002929687500,605.50000000000000,602.73999023437500,604.84997558593750,26048700,594.66937255859380
2025-02-11,602.54998779296880,605.85998535156250,602.42999267578120,605.30999755859380,30056700,595.12164306640620
2025-02-12,599.20001220703120,604.54998779296880,598.51000976562500,603.35998535156250,45076100,593.20434570312500
2025-02-13,604.47998046875000,609.94000244140620,603.20001220703120,609.72998046875000,40921300,599.46716308593750
2025-02-14,609.94000244140620,610.98999023437500,609.07000732421880,609.70001220703120,26910400,599.43768310546880
2025-02-18,610.88000488281250,611.48999023437500,608.38000488281250,611.48999023437500,26749000,601.19750976562500
2025-02-19,610.08001708984380,613.22998046875000,609.55999755859380,612.92999267578120,31011100,602.61334228515620
2025-02-20,611.53997802734380,611.67999267578120,607.02001953125000,610.38000488281250,36554000,600.10626220703120
2025-02-21,610.15997314453120,610.29998779296880,599.46997070312500,599.94000244140620,76519800,589.84204101562500
2025-02-24,602.02001953125000,603.03002929687500,596.48999023437500,597.21002197265620,50737200,587.15802001953120
2025-02-25,597.15002441406250,597.89001464843750,589.55999755859380,594.23999023437500,58266500,584.23791503906250
2025-02-26,595.92999267578120,599.58001708984380,591.85998535156250,594.53997802734380,43321600,584.53283691406250
2025-02-27,596.84997558593750,598.02001953125000,584.65002441406250,585.04998779296880,74196700,575.20251464843750
2025-02-28,585.55999755859380,594.71997070312500,582.44000244140620,594.17999267578120,88744100,584.17895507812500
2025-03-03,596.17999267578120,597.34002685546880,579.90002441406250,583.77001953125000,74249200,573.94415283203120
2025-03-04,579.71002197265620,585.39001464843750,572.25000000000000,576.85998535156250,109648200,567.15045166015620
2025-03-05,576.69000244140620,584.88000488281250,573.08001708984380,583.05999755859380,71230500,573.24615478515620
2025-03-06,575.47998046875000,580.16998291015620,570.11999511718750,572.71002197265620,80094900,563.07031250000000
2025-03-07,570.90002441406250,577.39001464843750,565.63000488281250,575.91998291015620,81158800,566.22619628906250
2025-03-10,567.59002685546880,569.53997802734380,555.59002685546880,560.58001708984380,99326600,551.14453125000000
2025-03-11,559.40002441406250,564.02001953125000,552.02001953125000,555.91998291015620,88102100,546.56286621093750
2025-03-12,562.16998291015620,563.10998535156250,553.69000244140620,558.86999511718750,69588200,549.46331787109380
2025-03-13,558.48999023437500,559.10998535156250,549.67999267578120,551.41998291015620,74079400,542.13867187500000
2025-03-14,556.10998535156250,563.83001708984380,551.48999023437500,562.80999755859380,62660300,553.33691406250000
2025-03-17,562.78997802734380,569.71002197265620,562.34997558593750,567.15002441406250,49008700,557.60394287109380
2025-03-18,564.79998779296880,565.02001953125000,559.05999755859380,561.02001953125000,66041400,551.57702636718750
2025-03-19,562.83001708984380,570.95001220703120,561.63000488281250,567.13000488281250,66556000,557.58428955078120
2025-03-20,563.33001708984380,570.57000732421880,562.59997558593750,565.48999023437500,62958200,555.97186279296880
2025-03-21,559.28002929687500,564.89001464843750,558.03002929687500,563.97998046875000,83763000,556.15527343750000
2025-03-24,570.79998779296880,575.15002441406250,570.20001220703120,574.08001708984380,58766800,566.11517333984380
2025-03-25,575.29998779296880,576.40997314453120,573.69000244140620,575.46002197265620,38355700,567.47595214843750
2025-03-26,575.19000244140620,576.33001708984380,567.19000244140620,568.59002685546880,51848300,560.70135498046880
2025-03-27,567.17999267578120,570.90002441406250,564.94000244140620,567.08001708984380,42164200,559.21228027343750
2025-03-28,565.53002929687500,566.27001953125000,555.07000732421880,555.65997314453120,71662700,547.95074462890620
2025-03-31,549.83001708984380,560.71002197265620,546.86999511718750,559.39001464843750,95328200,551.62896728515620
2025-04-01,557.45001220703120,562.94000244140620,553.67999267578120,560.96997070312500,54609600,553.18707275390620
2025-04-02,555.04998779296880,567.41998291015620,554.80999755859380,564.52001953125000,76014500,556.68786621093750
2025-04-03,545.10998535156250,547.96997070312500,536.70001220703120,536.70001220703120,125986000,529.25384521484380
2025-04-04,523.66998291015620,525.86999511718750,505.05999755859375,505.27999877929690,217965100,498.26968383789060
2025-04-07,489.19000244140625,523.16998291015620,481.79998779296875,504.38000488281250,256611400,497.38217163085940
2025-04-08,521.85998535156250,524.97998046875000,489.16000366210940,496.48001098632810,165816600,489.59182739257810
2025-04-09,493.44000244140625,548.61999511718750,493.04998779296875,548.61999511718750,241867300,541.00842285156250
2025-04-10,532.16998291015620,533.50000000000000,509.32000732421875,524.58001708984380,162331200,517.30187988281250
2025-04-11,523.01000976562500,536.42999267578120,520.07000732421880,533.94000244140620,97866300,526.53204345703120
2025-04-14,544.04998779296880,544.28002929687500,533.85998535156250,539.11999511718750,68034000,531.64019775390620
2025-04-15,539.66998291015620,543.22998046875000,536.80999755859380,537.60998535156250,56892900,530.15112304687500
2025-04-16,531.67999267578120,537.89001464843750,520.28997802734380,525.65997314453120,83484800,518.36688232421880
2025-04-17,527.64001464843750,531.16998291015620,523.90997314453120,526.40997314453120,79868100,519.10650634765620
2025-04-21,521.15997314453120,521.70001220703120,508.45999145507810,513.88000488281250,69368100,506.75036621093750
2025-04-22,520.14001464843750,529.29998779296880,519.19000244140620,527.25000000000000,75948100,519.93487548828120
2025-04-23,540.42999267578120,545.42999267578120,533.88000488281250,535.41998291015620,90590700,527.99145507812500
2025-04-24,536.71997070312500,547.42999267578120,535.45001220703120,546.69000244140620,64150400,539.10522460937500
2025-04-25,546.65002441406250,551.04998779296880,543.69000244140620,550.64001464843750,61119600,543.00036621093750
2025-04-28,551.39001464843750,553.54998779296880,545.02001953125000,550.84997558593750,47613800,543.20751953125000
2025-04-29,548.90997314453120,555.45001220703120,548.54998779296880,554.32000732421880,47775100,546.62927246093750
2025-04-30,547.57000732421880,556.52001953125000,541.52001953125000,554.53997802734380,93101500,546.84619140625000
2025-05-01,560.36999511718750,564.07000732421880,557.85998535156250,558.46997070312500,63186100,550.72174072265620
2025-05-02,564.72998046875000,568.38000488281250,562.38000488281250,566.76000976562500,60717300,558.89672851562500
2025-05-05,562.57000732421880,566.65002441406250,561.70001220703120,563.51000976562500,38659200,555.69177246093750
2025-05-06,557.92999267578120,563.34997558593750,556.96002197265620,558.79998779296880,48264700,551.04718017578120
2025-05-07,560.15002441406250,563.82000732421880,556.03997802734380,561.15002441406250,55588000,553.36456298828120
2025-05-08,565.23999023437500,570.30999755859380,561.70001220703120,565.05999755859380,65130800,557.22033691406250
2025-05-09,566.47998046875000,567.50000000000000,562.76000976562500,564.34002685546880,37603400,556.51025390625000
2025-05-12,581.46997070312500,583.00000000000000,577.03997802734380,582.98999023437500,78993600,574.90155029296880
2025-05-13,583.40997314453120,589.08001708984380,582.84002685546880,586.84002685546880,67947200,578.69812011718750
2025-05-14,587.80999755859380,588.97998046875000,585.53997802734380,587.59002685546880,66283500,579.43768310546880
2025-05-15,585.55999755859380,590.96997070312500,585.09997558593750,590.46002197265620,71268100,582.26788330078120
2025-05-16,591.25000000000000,594.50000000000000,589.28002929687500,594.20001220703120,76052100,585.95593261718750
2025-05-19,588.09997558593750,595.53997802734380,588.09997558593750,594.84997558593750,68168500,586.59692382812500
2025-05-20,593.09002685546880,594.04998779296880,589.59997558593750,592.84997558593750,60614500,584.62475585937500
2025-05-21,588.44000244140620,592.58001708984380,581.82000732421880,582.85998535156250,95197700,574.77331542968750
2025-05-22,582.65997314453120,586.61999511718750,581.40997314453120,583.09002685546880,70860400,575.00018310546880
2025-05-23,575.97998046875000,581.80999755859380,575.59997558593750,579.10998535156250,76029000,571.07525634765620
2025-05-27,586.07000732421880,591.30999755859380,578.42999267578120,591.15002441406250,72588500,582.94836425781250
2025-05-28,591.55999755859380,592.77001953125000,586.98999023437500,587.72998046875000,68445500,579.57580566406250
2025-05-29,593.05999755859380,593.20001220703120,586.07000732421880,590.04998779296880,69973300,581.86352539062500
2025-05-30,588.92999267578120,591.13000488281250,583.23999023437500,589.39001464843750,90601200,581.21282958984380
2025-06-02,587.76000976562500,592.78997802734380,585.05999755859380,592.71002197265620,61630500,584.48669433593750
2025-06-03,592.34002685546880,597.08001708984380,591.84997558593750,596.09002685546880,63606200,587.81976318359380
2025-06-04,596.96002197265620,597.95001220703120,595.48999023437500,595.92999267578120,57314200,587.66198730468750
2025-06-05,597.63000488281250,599.00000000000000,591.04998779296880,593.04998779296880,92278700,584.82196044921880
2025-06-06,598.65997314453120,600.83001708984380,596.85998535156250,599.14001464843750,66588700,590.82745361328120
2025-06-09,599.71997070312500,601.25000000000000,598.48999023437500,599.67999267578120,53016400,591.35992431640620
2025-06-10,600.21997070312500,603.46997070312500,599.09002685546880,603.08001708984380,66247000,594.71282958984380
2025-06-11,604.19000244140620,605.05999755859380,599.27001953125000,601.35998535156250,73658200,593.01666259765620
2025-06-12,600.01000976562500,603.75000000000000,599.52001953125000,603.75000000000000,64129000,595.37347412109380
2025-06-13,598.50000000000000,601.84997558593750,595.47998046875000,597.00000000000000,89506000,588.71710205078120
2025-06-16,600.40002441406250,604.45001220703120,600.21997070312500,602.67999267578120,79984100,594.31835937500000
2025-06-17,600.21002197265620,601.75000000000000,596.76000976562500,597.53002929687500,82209400,589.23986816406250
2025-06-18,598.44000244140620,601.21997070312500,596.46997070312500,597.44000244140620,76605000,589.15106201171880
2025-06-20,598.38000488281250,599.46002197265620,592.85998535156250,594.28002929687500,94051400,587.76745605468750
2025-06-23,595.03997802734380,600.53997802734380,591.89001464843750,600.15002441406250,87426000,593.57305908203120
2025-06-24,604.33001708984380,607.84997558593750,603.40997314453120,606.78002929687500,67735300,600.13037109375000
2025-06-25,607.90997314453120,608.60998535156250,605.53997802734380,607.11999511718750,62114800,600.46667480468750
2025-06-26,608.98999023437500,612.30999755859380,608.36999511718750,611.86999511718750,78548400,605.16461181640620
2025-06-27,612.88000488281250,616.39001464843750,610.83001708984380,614.90997314453120,86258400,608.17126464843750
2025-06-30,617.38000488281250,619.21997070312500,615.03997802734380,617.84997558593750,92502500,611.07904052734380
2025-07-01,616.35998535156250,618.83001708984380,615.52001953125000,617.65002441406250,70030100,610.88128662109380
2025-07-02,617.23999023437500,620.48999023437500,616.60998535156250,620.45001220703120,66510400,613.65063476562500
2025-07-03,622.45001220703120,626.28002929687500,622.42999267578120,625.34002685546880,51065800,618.48706054687500
2025-07-07,623.35998535156250,624.03002929687500,617.86999511718750,620.67999267578120,74814500,613.87799072265620
2025-07-08,621.34997558593750,622.10998535156250,619.52001953125000,620.34002685546880,59024600,613.54180908203120
2025-07-09,622.77001953125000,624.71997070312500,620.90997314453120,624.05999755859380,66113300,617.22100830078120
2025-07-10,624.20001220703120,626.86999511718750,623.01000976562500,625.82000732421880,57529000,618.96166992187500
2025-07-11,622.73999023437500,624.85998535156250,621.53002929687500,623.61999511718750,63670200,616.78588867187500
2025-07-14,623.15997314453120,625.15997314453120,621.79998779296880,624.80999755859380,51898500,617.96276855468750
2025-07-15,627.52001953125000,627.85998535156250,622.05999755859380,622.14001464843750,74317300,615.32208251953120
2025-07-16,623.73999023437500,624.72998046875000,618.04998779296880,624.21997070312500,88987500,617.37921142578120
2025-07-17,624.40002441406250,628.40002441406250,624.17999267578120,628.03997802734380,68885700,621.15740966796880
2025-07-18,629.29998779296880,629.46997070312500,626.46002197265620,627.58001708984380,65621600,620.70245361328120
2025-07-21,628.77001953125000,631.53997802734380,628.34002685546880,628.77001953125000,63375000,621.87939453125000
2025-07-22,629.09997558593750,629.72998046875000,626.19000244140620,628.85998535156250,60046300,621.96838378906250
2025-07-23,631.54998779296880,634.21002197265620,629.72998046875000,634.21002197265620,70511000,627.25976562500000
2025-07-24,634.59997558593750,636.15002441406250,633.98999023437500,634.41998291015620,71307100,627.46746826171880
2025-07-25,635.09002685546880,637.58001708984380,634.84002685546880,637.09997558593750,56865400,630.11810302734380
2025-07-28,637.47998046875000,638.03997802734380,635.53997802734380,636.94000244140620,54917100,629.95989990234380
2025-07-29,638.34997558593750,638.66998291015620,634.34002685546880,635.26000976562500,60556300,628.29827880859380
2025-07-30,635.91998291015620,637.67999267578120,631.53997802734380,634.46002197265620,80418900,627.50708007812500
2025-07-31,639.46002197265620,639.84997558593750,630.77001953125000,632.08001708984380,103385200,625.15313720703120
2025-08-01,626.29998779296880,626.34002685546880,619.28997802734380,621.71997070312500,140103600,614.90655517578120
2025-08-04,625.66998291015620,631.21997070312500,625.58001708984380,631.16998291015620,73218000,624.25311279296880
2025-08-05,631.78997802734380,632.60998535156250,627.03997802734380,627.96997070312500,68051400,621.08813476562500
2025-08-06,629.04998779296880,633.44000244140620,628.13000488281250,632.78002929687500,64357500,625.84545898437500
2025-08-07,636.23999023437500,636.97998046875000,629.10998535156250,632.25000000000000,74205800,625.32128906250000
2025-08-08,634.05999755859380,637.65002441406250,633.73999023437500,637.17999267578120,64051600,630.19720458984380
2025-08-11,637.46002197265620,638.95001220703120,634.65997314453120,635.91998291015620,58742300,628.95104980468750
2025-08-12,638.28997802734380,642.84997558593750,636.78997802734380,642.69000244140620,64730800,635.64685058593750
2025-08-13,644.90997314453120,646.19000244140620,642.67999267578120,644.89001464843750,60092800,637.82275390625000
2025-08-14,642.78997802734380,645.61999511718750,642.34002685546880,644.95001220703120,59327500,637.88208007812500
2025-08-15,645.98999023437500,646.09002685546880,642.52001953125000,643.44000244140620,68592500,636.38861083984380
2025-08-18,642.85998535156250,644.00000000000000,642.17999267578120,643.29998779296880,43804900,636.25018310546880
2025-08-19,643.11999511718750,644.10998535156250,638.47998046875000,639.80999755859380,69750700,632.79840087890620
2025-08-20,639.40002441406250,639.65997314453120,632.95001220703120,638.10998535156250,88890300,631.11700439453120
2025-08-21,636.28002929687500,637.96997070312500,633.80999755859380,635.54998779296880,54805800,628.58514404296880
2025-08-22,637.76000976562500,646.50000000000000,637.25000000000000,645.30999755859380,84083200,638.23822021484380
2025-08-25,644.03997802734380,645.28997802734380,642.34997558593750,642.46997070312500,51274300,635.42926025390620
2025-08-26,642.20001220703120,645.51000976562500,641.57000732421880,645.15997314453120,51581600,638.08978271484380
2025-08-27,644.57000732421880,647.36999511718750,644.41998291015620,646.63000488281250,48341100,639.54364013671880
2025-08-28,647.23999023437500,649.47998046875000,645.34002685546880,648.91998291015620,61519500,641.80853271484380
2025-08-29,647.46997070312500,647.84002685546880,643.14001464843750,645.04998779296880,74522200,637.98095703125000
2025-09-02,637.50000000000000,640.48999023437500,634.91998291015620,640.27001953125000,81983500,633.25341796875000
2025-09-03,642.66998291015620,644.21002197265620,640.46002197265620,643.73999023437500,70820900,636.68530273437500
2025-09-04,644.41998291015620,649.15002441406250,643.51000976562500,649.11999511718750,65219200,642.00640869140620
2025-09-05,651.47998046875000,652.21002197265620,643.33001708984380,647.23999023437500,85178900,640.14697265625000
2025-09-08,648.61999511718750,649.84002685546880,647.22998046875000,648.83001708984380,63133100,641.71960449218750
2025-09-09,648.96997070312500,650.85998535156250,647.21997070312500,650.33001708984380,66133900,643.20312500000000
2025-09-10,653.61999511718750,654.54998779296880,650.63000488281250,652.21002197265620,78034500,645.06250000000000
2025-09-11,654.17999267578120,658.33001708984380,653.59002685546880,657.63000488281250,69934400,650.42315673828120
2025-09-12,657.59997558593750,659.10998535156250,656.90002441406250,657.40997314453120,72780100,650.20544433593750
2025-09-15,659.64001464843750,661.03997802734380,659.34002685546880,660.90997314453120,63772400,653.66711425781250
2025-09-16,661.46997070312500,661.78002929687500,659.21002197265620,660.00000000000000,61169000,652.76715087890620
2025-09-17,660.01000976562500,661.71997070312500,654.29998779296880,659.17999267578120,101952200,651.95617675781250
2025-09-18,661.89001464843750,664.89001464843750,660.27001953125000,662.26000976562500,90459200,655.00231933593750
2025-09-19,662.33001708984380,664.54998779296880,660.36999511718750,663.70001220703120,97945600,658.24652099609380
2025-09-22,662.20001220703120,667.28997802734380,662.16998291015620,666.84002685546880,69452200,661.36071777343750
2025-09-23,666.71997070312500,667.34002685546880,661.97998046875000,663.21002197265620,81708900,657.76062011718750
2025-09-24,664.51000976562500,664.60998535156250,659.66998291015620,661.09997558593750,68082200,655.66784667968750
2025-09-25,657.94000244140620,659.40997314453120,654.40997314453120,658.04998779296880,89622100,652.64294433593750
2025-09-26,659.51000976562500,662.36999511718750,657.88000488281250,661.82000732421880,69179200,656.38201904296880
2025-09-29,664.35998535156250,665.28002929687500,661.85998535156250,663.67999267578120,73499000,658.22668457031250
2025-09-30,662.92999267578120,666.65002441406250,661.60998535156250,666.17999267578120,86288000,660.70611572265620
2025-10-01,663.16998291015620,669.36999511718750,663.05999755859380,668.45001220703120,72545400,662.95751953125000
2025-10-02,670.45001220703120,670.57000732421880,666.78002929687500,669.21997070312500,56896000,663.72106933593750
2025-10-03,669.98999023437500,672.67999267578120,668.15997314453120,669.21002197265620,70494400,663.71124267578120
2025-10-06,671.61999511718750,672.51000976562500,669.46002197265620,671.60998535156250,54623300,666.09149169921880
2025-10-07,672.53997802734380,672.98999023437500,667.66998291015620,669.11999511718750,72020100,663.62194824218750
2025-10-08,670.25000000000000,673.21002197265620,669.41998291015620,673.10998535156250,60702200,667.57916259765620
2025-10-09,673.53002929687500,673.94000244140620,669.21002197265620,671.15997314453120,66501900,665.64520263671880
2025-10-10,672.13000488281250,673.95001220703120,652.84002685546880,653.02001953125000,159422600,647.65423583984380
2025-10-13,660.65002441406250,665.13000488281250,659.77001953125000,663.03997802734380,79560500,657.59191894531250
2025-10-14,657.16998291015620,665.83001708984380,653.16998291015620,662.22998046875000,88779600,656.78857421875000
2025-10-15,666.82000732421880,670.22998046875000,658.92999267578120,665.16998291015620,81702600,659.70446777343750
2025-10-16,666.82000732421880,668.71002197265620,657.10998535156250,660.64001464843750,110563300,655.21166992187500
2025-10-17,659.50000000000000,665.76000976562500,658.14001464843750,664.39001464843750,96500900,658.93084716796880
2025-10-20,667.32000732421880,672.21002197265620,667.27001953125000,671.29998779296880,60493400,665.78405761718750
2025-10-21,671.44000244140620,672.98999023437500,669.97998046875000,671.28997802734380,56249000,665.77404785156250
2025-10-22,672.00000000000000,672.00000000000000,663.29998779296880,667.79998779296880,80564000,662.31280517578120
2025-10-23,668.11999511718750,672.71002197265620,667.79998779296880,671.76000976562500,65604500,666.24029541015620
2025-10-24,676.46002197265620,678.46997070312500,675.65002441406250,677.25000000000000,74356500,671.68518066406250
2025-10-27,682.72998046875000,685.53997802734380,682.11999511718750,685.23999023437500,63339800,679.60949707031250
2025-10-28,687.04998779296880,688.90997314453120,684.83001708984380,687.05999755859380,61738100,681.41455078125000
2025-10-29,688.71997070312500,689.70001220703120,682.86999511718750,687.39001464843750,85657100,681.74182128906250
2025-10-30,683.90002441406250,685.94000244140620,679.83001708984380,679.83001708984380,76335800,674.24395751953120
2025-10-31,685.03997802734380,685.08001708984380,679.23999023437500,682.05999755859380,87164100,676.45562744140620
2025-11-03,685.66998291015620,685.79998779296880,679.94000244140620,683.34002685546880,57315000,677.72515869140620
2025-11-04,676.10998535156250,679.96002197265620,674.58001708984380,675.23999023437500,78427000,669.69171142578120
2025-11-05,674.97998046875000,680.85998535156250,674.16998291015620,677.58001708984380,74402400,672.01245117187500
2025-11-06,676.46997070312500,677.38000488281250,668.71997070312500,670.30999755859380,85035300,664.80218505859380
2025-11-07,667.90997314453120,671.08001708984380,661.21002197265620,670.96997070312500,100592400,665.45672607421880
2025-11-10,677.23999023437500,682.17999267578120,675.03002929687500,681.44000244140620,75842900,675.84075927734380
2025-11-11,679.95001220703120,683.57000732421880,678.72998046875000,683.00000000000000,58953400,677.38787841796880
2025-11-12,684.78997802734380,684.96002197265620,680.95001220703120,683.38000488281250,62312500,677.76477050781250
2025-11-13,680.50000000000000,680.85998535156250,670.52001953125000,672.03997802734380,103457800,666.51794433593750
2025-11-14,665.38000488281250,675.65997314453120,663.27001953125000,671.92999267578120,96846700,666.40893554687500
2025-11-17,669.70001220703120,673.71002197265620,662.16998291015620,665.66998291015620,90456100,660.20031738281250
2025-11-18,662.09997558593750,665.11999511718750,655.85998535156250,660.08001708984380,114467500,654.65631103515620
2025-11-19,660.78002929687500,667.34002685546880,658.75000000000000,662.63000488281250,94703000,657.18536376953120
2025-11-20,672.90997314453120,675.55999755859380,651.89001464843750,652.53002929687500,165293500,647.16833496093750
2025-11-21,655.04998779296880,664.54998779296880,650.84997558593750,659.03002929687500,123956200,653.61492919921880
2025-11-24,662.69000244140620,670.05999755859380,661.59002685546880,668.72998046875000,80437900,663.23510742187500
2025-11-25,668.63000488281250,676.21002197265620,664.47998046875000,675.02001953125000,81077100,669.47344970703120
2025-11-26,677.63000488281250,681.70001220703120,676.71997070312500,679.67999267578120,71879600,674.09521484375000
2025-11-28,680.85998535156250,683.66998291015620,680.50000000000000,683.39001464843750,49212000,677.77471923828120
2025-12-01,678.80999755859380,682.98999023437500,678.73999023437500,680.27001953125000,61201200,674.68035888671880
2025-12-02,681.91998291015620,683.82000732421880,679.33001708984380,681.53002929687500,62953800,675.93005371093750
2025-12-03,680.57000732421880,684.90997314453120,679.69000244140620,683.89001464843750,57238500,678.27062988281250
2025-12-04,685.29998779296880,685.36999511718750,681.34002685546880,684.39001464843750,61970300,678.76647949218750
2025-12-05,685.46997070312500,688.39001464843750,684.58001708984380,685.69000244140620,79241000,680.05578613281250
2025-12-08,686.59002685546880,686.64001464843750,681.57000732421880,683.63000488281250,55231500,678.01275634765620
2025-12-09,683.15002441406250,685.39001464843750,682.59002685546880,683.03997802734380,58310100,677.42749023437500
2025-12-10,682.55999755859380,688.96997070312500,681.30999755859380,687.57000732421880,85671300,681.92041015625000
2025-12-11,685.14001464843750,689.25000000000000,682.16998291015620,689.16998291015620,86173700,683.50720214843750
2025-12-12,688.16998291015620,688.88000488281250,679.16998291015620,681.76000976562500,113160300,676.15808105468750
2025-12-15,685.73999023437500,685.76000976562500,679.25000000000000,680.72998046875000,90811000,675.13653564453120
2025-12-16,679.22998046875000,681.08001708984380,674.97998046875000,678.86999511718750,122030600,673.29187011718750
2025-12-17,679.89001464843750,680.44000244140620,671.20001220703120,671.40002441406250,110625200,665.88323974609380
2025-12-18,677.59997558593750,680.73999023437500,674.90002441406250,676.46997070312500,108650100,670.91149902343750
2025-12-19,676.59002685546880,681.09002685546880,676.46997070312500,680.59002685546880,103599500,676.99230957031250
2025-12-22,683.94000244140620,685.35998535156250,680.59002685546880,684.83001708984380,69556700,681.20989990234380
2025-12-23,683.91998291015620,688.20001220703120,683.86999511718750,687.96002197265620,64840000,684.32330322265620
2025-12-24,687.95001220703120,690.83001708984380,687.79998779296880,690.38000488281250,39445600,686.73052978515620
2025-12-26,690.64001464843750,691.65997314453120,689.27001953125000,690.30999755859380,41613300,686.66088867187500
2025-12-29,687.53997802734380,689.20001220703120,686.07000732421880,687.84997558593750,62559500,684.21386718750000
2025-12-30,687.45001220703120,688.55999755859380,686.58001708984380,687.01000976562500,47160700,683.37835693359380
2025-12-31,687.14001464843750,687.35998535156250,681.71002197265620,681.91998291015620,74144800,678.31524658203120
2026-01-02,685.71002197265620,686.86999511718750,679.82000732421880,683.16998291015620,89377200,679.55859375000000
2026-01-05,686.53997802734380,689.42999267578120,686.38000488281250,687.71997070312500,71927200,684.08453369140620
2026-01-06,687.92999267578120,692.32000732421880,687.78002929687500,691.80999755859380,69273800,688.15295410156250
2026-01-07,692.19000244140620,693.96002197265620,689.32000732421880,689.58001708984380,75588300,685.93475341796880
2026-01-08,688.82000732421880,690.61999511718750,687.48999023437500,689.51000976562500,64019200,685.86511230468750
2026-01-09,690.63000488281250,695.30999755859380,689.17999267578120,694.07000732421880,80125500,690.40100097656250
2026-01-12,690.67999267578120,696.09002685546880,690.63000488281250,695.15997314453120,63976000,691.48522949218750
2026-01-13,695.48999023437500,696.09002685546880,691.34997558593750,693.77001953125000,78309700,690.10260009765620
2026-01-14,691.00000000000000,691.71997070312500,686.03997802734380,690.35998535156250,94676700,686.71063232421880
2026-01-15,694.57000732421880,695.45001220703120,691.25000000000000,692.23999023437500,77862000,688.58068847656250
2026-01-16,693.65997314453120,694.25000000000000,690.09997558593750,691.65997314453120,79289200,688.00372314453120
2026-01-20,681.48999023437500,684.77001953125000,676.57000732421880,677.58001708984380,111623300,673.99816894531250
2026-01-21,679.65002441406250,688.73999023437500,678.13000488281250,685.40002441406250,127844500,681.77685546875000
2026-01-22,689.84997558593750,691.13000488281250,686.91998291015620,688.97998046875000,77112200,685.33795166015620
2026-01-23,688.15002441406250,690.96002197265620,687.15997314453120,689.22998046875000,63059600,685.58654785156250
2026-01-26,690.48999023437500,694.13000488281250,689.91998291015620,692.72998046875000,60473800,689.06805419921880
2026-01-27,694.17999267578120,696.53002929687500,693.57000732421880,695.48999023437500,55506100,691.81347656250000
2026-01-28,697.04998779296880,697.84002685546880,693.94000244140620,695.41998291015620,61172200,691.74383544921880
2026-01-29,696.39001464843750,697.05999755859380,684.83001708984380,694.03997802734380,97486200,690.37115478515620
2026-01-30,691.78997802734380,694.21002197265620,687.11999511718750,691.96997070312500,101835100,688.31207275390620
2026-02-02,689.58001708984380,696.92999267578120,689.41998291015620,695.40997314453120,79286500,691.73394775390620
2026-02-03,696.21002197265620,696.96002197265620,684.03002929687500,689.53002929687500,107904600,685.88500976562500
2026-02-04,690.34997558593750,691.45001220703120,681.76000976562500,686.19000244140620,105204600,682.56268310546880
2026-02-05,680.94000244140620,683.69000244140620,675.78997802734380,677.61999511718750,113610800,674.03796386718750
2026-02-06,681.46002197265620,692.30999755859380,680.84997558593750,690.61999511718750,89127600,686.96923828125000
2026-02-09,689.41998291015620,695.86999511718750,688.34002685546880,693.95001220703120,73885200,690.28167724609380
2026-02-10,694.95001220703120,696.53997802734380,691.65997314453120,692.11999511718750,65185700,688.46130371093750
2026-02-11,696.39001464843750,697.14001464843750,689.17999267578120,691.96002197265620,76353900,688.30218505859380
2026-02-12,694.23999023437500,695.34997558593750,680.36999511718750,681.27001953125000,118829000,677.66870117187500
2026-02-13,681.69000244140620,686.28002929687500,677.52001953125000,681.75000000000000,96267500,678.14611816406250
2026-02-17,680.14001464843750,684.94000244140620,675.78002929687500,682.84997558593750,81354700,679.24029541015620
2026-02-18,684.02001953125000,689.15002441406250,682.83001708984380,686.28997802734380,73570300,682.66210937500000
2026-02-19,683.84002685546880,686.17999267578120,681.54998779296880,684.47998046875000,58649400,680.86163330078120
2026-02-20,682.32000732421880,690.05999755859380,681.72998046875000,689.42999267578120,100034000,685.78558349609380
2026-02-23,687.83001708984380,690.00000000000000,680.36999511718750,682.39001464843750,90558100,678.78277587890620
2026-02-24,681.90002441406250,688.34997558593750,680.00000000000000,687.34997558593750,73798700,683.71649169921880
2026-02-25,690.17999267578120,693.67999267578120,690.09997558593750,693.15002441406250,56369500,689.48590087890620
2026-02-26,693.28002929687500,693.29998779296880,684.34997558593750,689.29998779296880,71671000,685.65618896484380
2026-02-27,683.09002685546880,686.85998535156250,681.64001464843750,685.98999023437500,83308900,682.36370849609380
2026-03-02,678.70001220703120,688.61999511718750,678.02001953125000,686.38000488281250,87477200,682.75170898437500
2026-03-03,675.05999755859380,682.60998535156250,669.65997314453120,680.33001708984380,105003100,676.73370361328120
2026-03-04,681.63000488281250,687.09002685546880,679.61999511718750,685.13000488281250,79182200,681.50823974609380
2026-03-05,682.08001708984380,685.53002929687500,675.60998535156250,681.30999755859380,106606500,677.70849609375000
2026-03-06,673.40997314453120,676.10998535156250,669.76000976562500,672.38000488281250,100687000,668.82568359375000
2026-03-09,666.39001464843750,679.91998291015620,662.39001464843750,678.27001953125000,102667700,674.68457031250000
2026-03-10,677.71997070312500,683.35998535156250,674.76000976562500,677.17999267578120,81505300,673.60028076171880
2026-03-11,677.58001708984380,680.08001708984380,673.34002685546880,676.33001708984380,68441700,672.75482177734380
2026-03-12,671.15997314453120,671.65002441406250,665.86999511718750,666.05999755859380,108882200,662.53906250000000
2026-03-13,669.27001953125000,672.34002685546880,661.35998535156250,662.28997802734380,97200200,658.78900146484380
2026-03-16,668.38000488281250,672.07000732421880,667.11999511718750,669.03002929687500,82023100,665.49340820312500
2026-03-17,672.39001464843750,674.44000244140620,669.70001220703120,670.78997802734380,87128000,667.24401855468750
2026-03-18,668.35998535156250,669.71997070312500,661.19000244140620,661.42999267578120,82062600,657.93353271484380
2026-03-19,656.96997070312500,662.97998046875000,655.16998291015620,659.79998779296880,111272500,656.31219482421880
2026-03-20,656.51000976562500,656.69000244140620,644.71997070312500,648.57000732421880,163617500,646.90344238281250
2026-03-23,658.07000732421880,662.61999511718750,653.94000244140620,655.38000488281250,134802700,653.69592285156250
2026-03-24,651.32000732421880,657.03002929687500,649.88000488281250,653.17999267578120,96457500,651.50158691406250
2026-03-25,658.66998291015620,660.89001464843750,654.23999023437500,656.82000732421880,90653800,655.13220214843750
2026-03-26,652.05999755859380,654.84997558593750,644.82000732421880,645.09002685546880,96494400,643.43237304687500
2026-03-27,642.50000000000000,642.65997314453120,633.10998535156250,634.09002685546880,103649400,632.46063232421880
2026-03-30,640.10998535156250,640.36999511718750,629.28002929687500,631.96997070312500,99275900,630.34606933593750
2026-03-31,638.94000244140620,651.53997802734380,637.97998046875000,650.34002685546880,152534100,648.66888427734380
2026-04-01,653.90002441406250,658.52001953125000,653.00000000000000,655.23999023437500,97841500,653.55627441406250
2026-04-02,646.41998291015620,658.20001220703120,645.10998535156250,655.83001708984380,68358700,654.14477539062500
2026-04-06,655.85998535156250,659.71997070312500,655.52001953125000,658.92999267578120,39105800,657.23681640625000
2026-04-07,656.65002441406250,659.60998535156250,651.05999755859380,659.21997070312500,69980400,657.52600097656250
2026-04-08,676.39001464843750,677.08001708984380,671.46002197265620,676.01000976562500,93606100,674.27294921875000
2026-04-09,674.84002685546880,681.15997314453120,673.77001953125000,679.90997314453120,57134400,678.16284179687500
2026-04-10,681.32000732421880,682.03002929687500,678.45001220703120,679.46002197265620,42253500,677.71405029296880
2026-04-13,677.40997314453120,686.29998779296880,676.58001708984380,686.09997558593750,54185800,684.33697509765620
2026-04-14,687.69000244140620,694.58001708984380,687.65997314453120,694.46002197265620,63480500,692.67553710937500
2026-04-15,695.26000976562500,700.28002929687500,694.20001220703120,699.94000244140620,58240400,698.14141845703120
2026-04-16,701.05999755859380,702.78002929687500,698.53002929687500,701.65997314453120,49972400,699.85699462890620
2026-04-17,706.14001464843750,712.39001464843750,705.76000976562500,710.14001464843750,70661900,708.31524658203120
2026-04-20,708.78002929687500,709.90997314453120,706.14001464843750,708.71997070312500,43546800,706.89880371093750
2026-04-21,710.28002929687500,711.28002929687500,702.64001464843750,704.08001708984380,58941400,702.27081298828120
2026-04-22,709.15002441406250,711.45001220703120,708.21997070312500,711.21002197265620,42518500,709.38250732421880
2026-04-23,709.50000000000000,712.35998535156250,702.28002929687500,708.45001220703120,56174000,706.62957763671880
2026-04-24,710.75000000000000,714.46997070312500,709.01000976562500,713.94000244140620,45182000,712.10546875000000
2026-04-27,713.16998291015620,715.63000488281250,712.29998779296880,715.16998291015620,33135900,713.33227539062500
2026-04-28,711.82000732421880,712.88000488281250,709.25000000000000,711.69000244140620,43117400,709.86120605468750
2026-04-29,711.00000000000000,712.20001220703120,708.36999511718750,711.58001708984380,41859200,709.75152587890620
2026-04-30,714.63000488281250,719.78997802734380,710.45001220703120,718.65997314453120,67240900,716.81329345703120
2026-05-01,721.25000000000000,724.86999511718750,720.46997070312500,720.65002441406250,43049800,718.79821777343750
2026-05-04,720.07000732421880,722.11999511718750,714.98999023437500,718.01000976562500,51950600,716.16497802734380
2026-05-05,721.77001953125000,725.03997802734380,721.48999023437500,723.77001953125000,36933200,721.91021728515620
2026-05-06,728.15997314453120,734.59002685546880,727.82000732421880,733.83001708984380,53288900,731.94433593750000
2026-05-07,735.04998779296880,736.13000488281250,729.75000000000000,731.58001708984380,51724600,729.70013427734380
2026-05-08,734.92999267578120,738.08001708984380,734.57000732421880,737.61999511718750,47227100,735.72460937500000
2026-05-11,736.45001220703120,740.78997802734380,736.45001220703120,739.29998779296880,44024000,737.40026855468750
2026-05-12,736.89001464843750,738.84002685546880,731.83001708984380,738.17999267578120,54185300,736.28314208984380
2026-05-13,738.46997070312500,743.90997314453120,735.46997070312500,742.30999755859380,44200200,740.40252685546880
2026-05-14,743.65002441406250,749.53002929687500,743.55999755859380,748.16998291015620,45307600,746.24749755859380
2026-05-15,741.78997802734380,743.46002197265620,737.96002197265620,739.16998291015620,60410800,737.27062988281250
2026-05-18,739.83001708984380,741.41998291015620,733.39001464843750,738.65002441406250,47843900,736.75195312500000
2026-05-19,734.78002929687500,737.65002441406250,731.53002929687500,733.72998046875000,54255900,731.84460449218750
2026-05-20,735.71002197265620,741.86999511718750,733.89001464843750,741.25000000000000,45768000,739.34527587890620
2026-05-21,738.64001464843750,744.86999511718750,737.03002929687500,742.71997070312500,43332200,740.81146240234380
2026-05-22,746.23999023437500,748.94000244140620,744.47998046875000,745.64001464843750,41762000,743.72399902343750
2026-05-26,750.01000976562500,752.13000488281250,748.36999511718750,750.59002685546880,41123600,748.66131591796880
2026-05-27,750.88000488281250,751.38000488281250,748.21997070312500,750.46002197265620,42106300,748.53161621093750
2026-05-28,750.25000000000000,755.15002441406250,749.22998046875000,754.59997558593750,41562600,752.66094970703120
2026-05-29,755.90002441406250,758.08001708984380,754.69000244140620,756.47998046875000,55075700,754.53613281250000
2026-06-01,755.35998535156250,760.28002929687500,754.69000244140620,758.53997802734380,43634900,756.59082031250000
2026-06-02,757.03002929687500,760.40002441406250,756.75000000000000,759.57000732421880,31581900,757.61822509765620
2026-06-03,758.15002441406250,758.79998779296880,753.57000732421880,754.23999023437500,51402500,752.30187988281250
2026-06-04,752.09997558593750,758.30999755859380,751.46997070312500,757.09002685546880,49923000,755.14459228515620
2026-06-05,752.30999755859380,752.82000732421880,735.53002929687500,737.54998779296880,93989400,735.65478515625000
2026-06-08,743.35998535156250,745.34002685546880,738.19000244140620,739.21997070312500,49319100,737.32043457031250
2026-06-09,743.63000488281250,746.90002441406250,722.59002685546880,737.04998779296880,87683500,735.15606689453120
2026-06-10,733.39001464843750,738.38000488281250,725.33001708984380,725.42999267578120,60341300,723.56591796875000
2026-06-11,728.76000976562500,740.00000000000000,724.40997314453120,737.76000976562500,86330500,735.86425781250000
2026-06-12,740.71002197265620,744.44000244140620,735.03002929687500,741.75000000000000,57079500,739.84399414062500
2026-06-15,751.84997558593750,756.67999267578120,751.76000976562500,754.83001708984380,60176400,752.89038085937500
2026-06-16,754.54998779296880,755.44000244140620,749.88000488281250,750.33001708984380,67093100,748.40197753906250
2026-06-17,751.28997802734380,752.15002441406250,739.21997070312500,740.96002197265620,85945200,739.05603027343750
2026-06-18,747.76000976562500,748.22998046875000,743.85998535156250,746.73999023437500,80875700,746.73999023437500
2026-06-22,747.70001220703120,750.17999267578120,743.13000488281250,744.39001464843750,46628100,744.39001464843750
2026-06-23,733.80999755859380,739.63000488281250,732.29998779296880,733.58001708984380,66846800,733.58001708984380
2026-06-24,735.16998291015620,739.95001220703120,730.84002685546880,733.23999023437500,57439500,733.23999023437500
2026-06-25,738.90997314453120,739.36999511718750,729.59997558593750,734.29998779296880,53934400,734.29998779296880
2026-06-26,728.95001220703120,736.53002929687500,716.58001708984380,728.98999023437500,71034000,728.98999023437500
2026-06-29,736.53002929687500,741.55999755859380,732.09002685546880,741.00000000000000,58035200,741.00000000000000
2026-06-30,741.28997802734380,748.02001953125000,740.89001464843750,746.77001953125000,55626000,746.77001953125000
2026-07-01,745.00000000000000,749.44000244140620,742.38000488281250,745.76000976562500,47100900,745.76000976562500
2026-07-02,747.40002441406250,751.30999755859380,740.03002929687500,744.78002929687500,57447800,744.78002929687500
2026-07-06,748.73999023437500,752.40997314453120,747.40997314453120,751.28002929687500,50673300,751.28002929687500
2026-07-07,750.21997070312500,750.96002197265620,745.21002197265620,747.71002197265620,43721500,747.71002197265620
2026-07-08,743.15997314453120,746.15002441406250,739.51000976562500,745.40002441406250,43767400,745.40002441406250
2026-07-09,747.34997558593750,751.96997070312500,745.59002685546880,751.71002197265620,41441700,751.71002197265620
2026-07-10,752.04998779296880,755.41998291015620,748.09997558593750,754.95001220703120,42191300,754.95001220703120
2026-07-13,752.46997070312500,753.90997314453120,748.00000000000000,749.16998291015620,44013600,749.16998291015620
2026-07-14,750.90997314453120,753.34002685546880,748.65997314453120,751.83001708984380,35143100,751.83001708984380
2026-07-15,754.23999023437500,755.58001708984380,750.20001220703120,754.80999755859380,43844800,754.80999755859380
2026-07-16,752.76000976562500,754.57000732421880,747.88000488281250,750.71997070312500,46409800,750.71997070312500
2026-07-17,742.08001708984380,747.28997802734380,740.79998779296880,743.28997802734380,62651000,743.28997802734380
2026-07-20,747.05999755859380,748.72998046875000,741.51000976562500,742.09002685546880,50422300,742.09002685546880
2026-07-21,746.28997802734380,749.03997802734380,744.17999267578120,748.28002929687500,34324300,748.28002929687500
2026-07-22,746.61999511718750,750.02001953125000,746.36999511718750,747.40997314453120,32836200,747.40997314453120
2026-07-23,739.36999511718750,742.55999755859380,735.21002197265620,738.17999267578120,55437300,738.17999267578120
2026-07-24,738.51000976562500,743.71997070312500,737.28997802734380,738.92999267578120,44782000,738.92999267578120
2026-07-27,744.90997314453120,745.53002929687500,735.86999511718750,739.09002685546880,41461200,739.09002685546880
2026-07-28,739.19000244140620,742.78997802734380,735.97998046875000,740.85998535156250,47322200,740.85998535156250
2026-07-29,739.96997070312500,742.67999267578120,729.09997558593750,729.46002197265620,70697200,729.46002197265620
2026-07-30,736.04998779296880,742.45001220703120,734.59002685546880,741.69000244140620,66811300,741.69000244140620
2026-07-31,744.67999267578120,748.90002441406250,737.67999267578120,747.03002929687500,62445900,747.03002929687500
2026-08-03,749.44000244140620,758.58001708984380,748.79998779296880,757.66998291015620,59927500,757.66998291015620
2026-08-04,760.63000488281250,773.40997314453120,760.52001953125000,771.33001708984380,69154800,771.33001708984380
2026-08-05,775.84997558593750,776.84997558593750,769.51000976562500,769.78997802734380,44689100,769.78997802734380
2026-08-06,770.21002197265620,771.82000732421880,767.46002197265620,768.55999755859380,38416900,768.55999755859380
2026-08-07,771.02001953125000,773.91998291015620,769.60998535156250,773.26000976562500,43586300,773.26000976562500
2026-08-10,772.59997558593750,775.04998779296880,771.61999511718750,773.03002929687500,39249500,773.03002929687500
2026-08-11,774.53002929687500,774.60998535156250,769.20001220703120,770.55999755859380,36740600,770.55999755859380
2026-08-12,774.71002197265620,774.90002441406250,771.28002929687500,772.48999023437500,33179100,772.48999023437500
2026-08-13,774.86999511718750,779.36999511718750,774.10998535156250,777.88000488281250,35634500,777.88000488281250
2026-08-14,778.53997802734380,778.79998779296880,775.42999267578120,776.34002685546880,31367900,776.34002685546880
2026-08-17,776.17999267578120,776.78002929687500,772.51000976562500,772.66998291015620,34356600,772.66998291015620
2026-08-18,768.70001220703120,769.50000000000000,766.91998291015620,767.45001220703120,43920900,767.45001220703120
2026-08-19,770.35998535156250,772.46997070312500,768.09997558593750,769.05999755859380,40306000,769.05999755859380
2026-08-20,765.96002197265620,768.15002441406250,762.03997802734380,762.59997558593750,45520300,762.59997558593750
2026-08-21,766.04998779296880,767.84997558593750,764.16998291015620,765.71997070312500,39188700,765.71997070312500
2026-08-24,764.78002929687500,765.21997070312500,762.08001708984380,763.46997070312500,32430900,763.46997070312500
